id,plume_id,gas,scene_id,scene_timestamp,instrument,mission_phase,platform,emission_auto,emission_uncertainty_auto,emission_cmf_type,gsd,sensitivity_mode,off_nadir,plume_quality,wind_speed_avg_auto,wind_direction_avg_auto,emission_version,processing_software,is_offshore,collection,cmf_type,sector,status,hide_emission,published_at,modified,longitude,latitude,plume_west,plume_south,plume_east,plume_north,publication_sources_count,publication_sources_json,has_plume_png,plume_png_base_url,has_plume_rgb_png,plume_rgb_png_base_url,has_plume_tif,plume_tif_base_url,has_con_tif,con_tif_base_url,has_rgb_png,rgb_png_base_url,publication_lag_days,sector_label,sector_is_specific,quantification_status,relative_uncertainty_percent,country,country_iso3,is_asean_land_point,original_emission_kg_hr,original_uncertainty_kg_hr,original_hidden_emission,original_scene_timestamp,analysis_timestamp,analysis_timestamp_source,publication_lag_days_analysis_timestamp,absolute_off_nadir_degrees,off_nadir_bin,wind_speed_bin,plumes_in_same_scene,scene_plume_count_bin,offshore_label,analysis_year,cm_source_id
08b85ccb-7242-4eb2-b242-a846592aa587,tan20250522t033150c40s4001-A,CH4,fd7ea60d-178a-4783-a6ae-6ce48a2fbabc,2025-05-22 03:31:50.400000+00:00,tan,production,Tanager,1537.2917571700646,218.83687711879526,mfa,39.450456058988784,standard_sensitivity,29.75329862579636,,2.8981481481481475,231.6683322396841,v3,3.17.0,False,l2c-ch4-v0,mfa,6A,published,False,2025-06-21 04:21:06.743000+00:00,2025-06-21 04:21:06.741000+00:00,114.17153225373187,22.54592851247503,114.15555856124502,22.532926448481735,114.18917037428771,22.563968826681936,0,[],True,https://catalog.carbonmapper.org/l3a,True,https://catalog.carbonmapper.org/l3a,True,https://catalog.carbonmapper.org/l3a,True,https://catalog.carbonmapper.org/l3a,True,https://catalog.carbonmapper.org/l3a,30.03421693287037,Solid waste / landfill,True,Public rate + uncertainty,14.235220874510043,Hong Kong,HKG,False,1537.2917571700646,218.8368771187953,False,2025-05-22 03:31:50.400000+00:00,2025-05-22 03:31:50.400000+00:00,Live API scene_timestamp,30.03421693287037,29.75329862579636,>15-30°,>2-4 m/s,1,1 plume,Not flagged offshore,2025,CM500-3ecae5a435
0163108a-d430-479a-82b5-2366904ba9b6,tan20250525t031347c58s4001-A,CH4,bb18aae6-a2fc-4ecb-be29-76321a1207d1,2025-05-25 03:13:47.580000+00:00,tan,production,Tanager,,,mfa,35.93232396512405,standard_sensitivity,29.32073351231051,,1.7037037037037035,83.51963964820703,v3c,3.53.1,False,l2c-ch4-v0,mfa,6A,published,True,2026-02-04 17:28:28.845000+00:00,2026-02-04 17:28:28.896000+00:00,115.22120237677098,-8.722543543358768,115.19970796602702,-8.736386118681304,115.23088937888961,-8.705565211833262,0,[],True,https://catalog.carbonmapper.org/l3a,True,https://catalog.carbonmapper.org/l3a,True,https://catalog.carbonmapper.org/l3a,True,https://catalog.carbonmapper.org/l3a,True,https://catalog.carbonmapper.org/l3a,255.59353315972223,Solid waste / landfill,True,Hidden / unavailable rate,,Indonesia,IDN,True,,,True,2025-05-25 03:13:47.580000+00:00,2025-05-25 03:13:47.580000+00:00,Live API scene_timestamp,255.59353315972223,29.32073351231051,>15-30°,0-2 m/s,1,1 plume,Not flagged offshore,2025,CM500-703a0f1a8e
d4d079ff-cc3d-462e-ab32-6efd380efcc0,tan20250604t041710c58s4001-A,CH4,60dd5017-707f-41d3-a45d-0b58a2ec22a1,2025-06-04 04:17:10.580000+00:00,tan,production,Tanager,,,mfa,36.28938430470247,standard_sensitivity,26.866635409377526,,1.5925925925925926,342.12201285566687,v3,3.18.1,False,l2c-ch4-v0,mfa,6A,published,True,2025-07-04 04:21:45.516000+00:00,2025-07-04 04:21:45.515000+00:00,100.6242659503846,5.414510530952796,100.60759403358087,5.398777879478387,100.63855694620003,5.429332268678029,0,[],True,https://catalog.carbonmapper.org/l3a,True,https://catalog.carbonmapper.org/l3a,True,https://catalog.carbonmapper.org/l3a,True,https://catalog.carbonmapper.org/l3a,True,https://catalog.carbonmapper.org/l3a,30.003182129629632,Solid waste / landfill,True,Hidden / unavailable rate,,Malaysia,MYS,True,,,True,2025-06-04 04:17:10.580000+00:00,2025-06-04 04:17:10.580000+00:00,Live API scene_timestamp,30.003182129629632,26.866635409377526,>15-30°,0-2 m/s,1,1 plume,Not flagged offshore,2025,CM500-53e7301000
0d722765-715c-4b2d-9a03-a9558272edef,tan20250606t030011c58s4001-B,CH4,6679fec8-f283-424a-a437-d046c8ad1355,2025-06-06 03:00:11.580000+00:00,tan,production,Tanager,87.5026496913698,58.474361146910674,mfa,33.90663451290288,standard_sensitivity,15.266853795834852,,0.5277777777777778,179.59633656070412,v3,3.19.2,False,l2c-ch4-v0,mfa,6A,published,False,2025-07-06 03:21:40.300000+00:00,2025-07-06 03:21:40.299000+00:00,119.58029688455207,-5.070996522101865,119.56308644330966,-5.084030353180225,119.59401217881684,-5.053495774310154,0,[],True,https://catalog.carbonmapper.org/l3a,True,https://catalog.carbonmapper.org/l3a,True,https://catalog.carbonmapper.org/l3a,True,https://catalog.carbonmapper.org/l3a,True,https://catalog.carbonmapper.org/l3a,30.014915740740744,Solid waste / landfill,True,Public rate + uncertainty,66.82581767884211,Indonesia,IDN,True,87.5026496913698,58.474361146910674,False,2025-06-06 03:00:11.580000+00:00,2025-06-06 03:00:11.580000+00:00,Live API scene_timestamp,30.014915740740744,15.266853795834852,>15-30°,0-2 m/s,2,2-3 plumes,Not flagged offshore,2025,CM500-b84f3c053c
a61d30bc-d89c-44c1-922a-c580f7735d8e,tan20250606t030011c58s4001-A,CH4,6679fec8-f283-424a-a437-d046c8ad1355,2025-06-06 03:00:11.580000+00:00,tan,production,Tanager,300.02328114076096,217.54101347721198,mfa,33.90663451290288,standard_sensitivity,15.266853795834852,,0.5833333333333334,316.60644450306023,v3,3.19.2,False,l2c-ch4-v0,mfa,6A,published,False,2025-07-06 03:21:40.032000+00:00,2025-07-06 03:21:40.030000+00:00,119.49061481135465,-5.175560681871886,119.47508168800493,-5.191479009542761,119.50601467545927,-5.160942404371607,0,[],True,https://catalog.carbonmapper.org/l3a,True,https://catalog.carbonmapper.org/l3a,True,https://catalog.carbonmapper.org/l3a,True,https://catalog.carbonmapper.org/l3a,True,https://catalog.carbonmapper.org/l3a,30.01491263888889,Solid waste / landfill,True,Public rate + uncertainty,72.50804425912166,Indonesia,IDN,True,300.02328114076096,217.541013477212,False,2025-06-06 03:00:11.580000+00:00,2025-06-06 03:00:11.580000+00:00,Live API scene_timestamp,30.01491263888889,15.266853795834852,>15-30°,0-2 m/s,2,2-3 plumes,Not flagged offshore,2025,CM500-6403356d12
db34377f-6cec-4fa3-95ae-5839d751d2b7,tan20250607t034604c36s4001-F,CH4,65159e13-a624-4ce7-b690-9f9a837a3208,2025-06-07 03:46:04.360000+00:00,tan,production,Tanager,872.5301150370526,311.20267162644785,mfa,37.5127726867839,maximum_sensitivity,18.267376968031037,,1.9907407407407405,229.08739251537645,v3,3.19.2,False,l2c-ch4-v0,mfa,6A,published,False,2025-07-07 04:21:41.607000+00:00,2025-07-07 04:21:41.605000+00:00,113.93313526954792,22.410876761650503,113.90871649177011,22.40181703367653,113.98670182596985,22.47389840711644,0,[],True,https://catalog.carbonmapper.org/l3a,True,https://catalog.carbonmapper.org/l3a,True,https://catalog.carbonmapper.org/l3a,True,https://catalog.carbonmapper.org/l3a,True,https://catalog.carbonmapper.org/l3a,30.024736655092592,Solid waste / landfill,True,Public rate + uncertainty,35.666696915467774,Hong Kong,HKG,False,872.5301150370526,311.20267162644785,False,2025-06-07 03:46:04.360000+00:00,2025-06-07 03:46:04.360000+00:00,Live API scene_timestamp,30.024736655092592,18.267376968031037,>15-30°,0-2 m/s,2,2-3 plumes,Not flagged offshore,2025,CM500-35a6d3e878
a12b1003-5e92-40b3-8598-4ca387aff948,tan20250607t034604c36s4001-A,CH4,65159e13-a624-4ce7-b690-9f9a837a3208,2025-06-07 03:46:04.360000+00:00,tan,production,Tanager,2619.001055757204,724.2297285263102,mfa,37.5127726867839,maximum_sensitivity,18.267376968031037,,1.9907407407407405,229.08739251537645,v3,3.19.2,False,l2c-ch4-v0,mfa,6A,published,False,2025-07-07 04:21:41.298000+00:00,2025-07-07 04:21:41.288000+00:00,113.93444761543104,22.417892927821296,113.90871649177011,22.40181703367653,113.98670182596985,22.47389840711644,0,[],True,https://catalog.carbonmapper.org/l3a,True,https://catalog.carbonmapper.org/l3a,True,https://catalog.carbonmapper.org/l3a,True,https://catalog.carbonmapper.org/l3a,True,https://catalog.carbonmapper.org/l3a,30.024733078703704,Solid waste / landfill,True,Public rate + uncertainty,27.65289944936358,Hong Kong,HKG,False,2619.001055757204,724.2297285263102,False,2025-06-07 03:46:04.360000+00:00,2025-06-07 03:46:04.360000+00:00,Live API scene_timestamp,30.024733078703704,18.267376968031037,>15-30°,0-2 m/s,2,2-3 plumes,Not flagged offshore,2025,CM500-35a6d3e878
ca758a17-8fc3-4c9d-8ae8-6607952d1068,tan20250609t040529c58s4001-B,CH4,803b5ecc-862f-4c81-b98b-56a219acd681,2025-06-09 04:05:29.580000+00:00,tan,production,Tanager,,,mfa,35.19828883590168,standard_sensitivity,20.93346132596207,,1.8333333333333333,214.66500913598082,v3,3.19.2,False,l2c-ch4-v0,mfa,6A,published,True,2025-07-09 04:21:42.252000+00:00,2025-07-09 04:21:42.242000+00:00,103.71655916142731,1.660062936625124,103.71039714073198,1.6426567729448929,103.75720260192081,1.6894424464434854,0,[],True,https://catalog.carbonmapper.org/l3a,True,https://catalog.carbonmapper.org/l3a,True,https://catalog.carbonmapper.org/l3a,True,https://catalog.carbonmapper.org/l3a,True,https://catalog.carbonmapper.org/l3a,30.011257777777775,Solid waste / landfill,True,Hidden / unavailable rate,,Malaysia,MYS,True,,,True,2025-06-09 04:05:29.580000+00:00,2025-06-09 04:05:29.580000+00:00,Live API scene_timestamp,30.011257777777775,20.93346132596207,>15-30°,0-2 m/s,2,2-3 plumes,Not flagged offshore,2025,CM500-8b3c9b95fb
b3c81a1c-7924-4e30-8f22-b0cc886a8ae8,tan20250609t040529c58s4001-A,CH4,803b5ecc-862f-4c81-b98b-56a219acd681,2025-06-09 04:05:29.580000+00:00,tan,production,Tanager,1393.5842657089233,346.0561733641194,mfa,35.19828883590168,standard_sensitivity,20.93346132596207,,1.8333333333333333,214.66500913598082,v3,3.19.2,False,l2c-ch4-v0,mfa,6A,published,False,2025-07-09 04:21:42.441000+00:00,2025-07-09 04:21:42.440000+00:00,103.71899028905602,1.659685803961608,103.71039714073198,1.6426567729448929,103.75720260192081,1.6894424464434854,0,[],True,https://catalog.carbonmapper.org/l3a,True,https://catalog.carbonmapper.org/l3a,True,https://catalog.carbonmapper.org/l3a,True,https://catalog.carbonmapper.org/l3a,True,https://catalog.carbonmapper.org/l3a,30.011259965277777,Solid waste / landfill,True,Public rate + uncertainty,24.83209532995688,Malaysia,MYS,True,1393.584265708923,346.0561733641194,False,2025-06-09 04:05:29.580000+00:00,2025-06-09 04:05:29.580000+00:00,Live API scene_timestamp,30.011259965277777,20.93346132596207,>15-30°,0-2 m/s,2,2-3 plumes,Not flagged offshore,2025,CM500-8b3c9b95fb
7e41efa9-62a5-47a2-a674-2696dc3f885d,tan20250609t040707c04s4001-A,CH4,b9d5a2f2-e022-4d7b-a1fd-0b7fcca5bd6e,2025-06-09 04:07:07.040000+00:00,tan,production,Tanager,679.7086504733924,86.3786601752664,mfa,34.75686994742671,standard_sensitivity,19.133303087546505,,2.064814814814815,170.88951669438805,v3,3.19.2,False,l2c-ch4-v0,mfa,other,published,False,2025-07-09 04:21:42.583000+00:00,2025-07-09 04:21:42.582000+00:00,105.22624529370069,-5.106540626487757,105.21065899222448,-5.116340273381606,105.24134650902832,-5.085774297161078,0,[],True,https://catalog.carbonmapper.org/l3a,True,https://catalog.carbonmapper.org/l3a,True,https://catalog.carbonmapper.org/l3a,True,https://catalog.carbonmapper.org/l3a,True,https://catalog.carbonmapper.org/l3a,30.01013359953704,Other / unclassified,False,Public rate + uncertainty,12.708189032919737,Indonesia,IDN,True,679.7086504733924,86.3786601752664,False,2025-06-09 04:07:07.040000+00:00,2025-06-09 04:07:07.040000+00:00,Live API scene_timestamp,30.01013359953704,19.133303087546505,>15-30°,>2-4 m/s,1,1 plume,Not flagged offshore,2025,CM500-9e8a331871
6ff6dd53-44d3-4a6f-984b-0b7be2995ee9,tan20250610t032801c58s4001-A,CH4,e13b6316-71f0-4ec3-9f25-22cf831b69c2,2025-06-10 03:28:01.580000+00:00,tan,production,Tanager,,,mfa,33.173266669104514,standard_sensitivity,9.600136655945912,,1.138888888888889,49.455416716423095,v3,3.19.2,False,l2c-ch4-v0,mfa,other,published,True,2025-07-10 04:21:06.171000+00:00,2025-07-10 04:21:06.168000+00:00,112.71176021226455,-7.527374171069482,112.69473230715758,-7.54270486195993,112.72582170579045,-7.511883374434279,0,[],True,https://catalog.carbonmapper.org/l3a,True,https://catalog.carbonmapper.org/l3a,True,https://catalog.carbonmapper.org/l3a,True,https://catalog.carbonmapper.org/l3a,True,https://catalog.carbonmapper.org/l3a,30.03685869212963,Other / unclassified,False,Hidden / unavailable rate,,Indonesia,IDN,True,,,True,2025-06-10 03:28:01.580000+00:00,2025-06-10 03:28:01.580000+00:00,Live API scene_timestamp,30.03685869212963,9.600136655945912,>5-15°,0-2 m/s,1,1 plume,Not flagged offshore,2025,CM500-07bf199048
c9183773-be7d-4dfa-b4cc-78b234cc40db,tan20250611t041831c36s4001-D,CH4,5fc67b85-d434-4a84-9ab2-d2e4be3bccef,2025-06-11 04:18:31.360000+00:00,tan,production,Tanager,,,mfa,33.990905471345286,maximum_sensitivity,12.618666655162126,,1.712962962962963,161.25663475157333,v3,3.26.0,False,l2c-ch4-v0,mfa,6A,published,True,2025-07-11 04:21:42.577000+00:00,2025-07-11 04:21:42.576000+00:00,101.60635639676526,2.731821789495657,101.58894992527897,2.7261649857127925,101.63331869655562,2.770212497355757,0,[],True,https://catalog.carbonmapper.org/l3a,True,https://catalog.carbonmapper.org/l3a,True,https://catalog.carbonmapper.org/l3a,True,https://catalog.carbonmapper.org/l3a,True,https://catalog.carbonmapper.org/l3a,30.002213159722224,Solid waste / landfill,True,Hidden / unavailable rate,,Malaysia,MYS,True,,,True,2025-06-11 04:18:31.360000+00:00,2025-06-11 04:18:31.360000+00:00,Live API scene_timestamp,30.002213159722224,12.618666655162126,>5-15°,0-2 m/s,4,4+ plumes,Not flagged offshore,2025,CM500-384aaa17c4
26ab1f26-6edd-4bbc-8355-fa79d436c994,tan20250611t041831c36s4001-C,CH4,5fc67b85-d434-4a84-9ab2-d2e4be3bccef,2025-06-11 04:18:31.360000+00:00,tan,production,Tanager,,,mfa,33.990905471345286,maximum_sensitivity,12.618666655162126,,1.712962962962963,161.25663475157333,v3,3.19.2,False,l2c-ch4-v0,mfa,6A,published,True,2025-07-11 04:21:42.280000+00:00,2025-07-11 04:21:42.278000+00:00,101.6017762507137,2.733458570279034,101.58975939272587,2.7264289221914546,101.63250489699222,2.7688550534087724,0,[],True,https://catalog.carbonmapper.org/l3a,True,https://catalog.carbonmapper.org/l3a,True,https://catalog.carbonmapper.org/l3a,True,https://catalog.carbonmapper.org/l3a,True,https://catalog.carbonmapper.org/l3a,30.002209722222222,Solid waste / landfill,True,Hidden / unavailable rate,,Malaysia,MYS,True,,,True,2025-06-11 04:18:31.360000+00:00,2025-06-11 04:18:31.360000+00:00,Live API scene_timestamp,30.002209722222222,12.618666655162126,>5-15°,0-2 m/s,4,4+ plumes,Not flagged offshore,2025,CM500-384aaa17c4
589df740-3959-4776-a12b-dad87dcd0d04,tan20250611t041831c36s4001-B,CH4,5fc67b85-d434-4a84-9ab2-d2e4be3bccef,2025-06-11 04:18:31.360000+00:00,tan,production,Tanager,4026.2633234483224,933.5067185468473,mfa,33.990905471345286,maximum_sensitivity,12.618666655162126,,1.712962962962963,161.25663475157333,v3,3.19.2,False,l2c-ch4-v0,mfa,6A,published,False,2025-07-11 04:21:42.183000+00:00,2025-07-11 04:21:42.181000+00:00,101.60339109131152,2.73209938776278,101.58894992527897,2.7261649857127925,101.63331869655562,2.770212497355757,0,[],True,https://catalog.carbonmapper.org/l3a,True,https://catalog.carbonmapper.org/l3a,True,https://catalog.carbonmapper.org/l3a,True,https://catalog.carbonmapper.org/l3a,True,https://catalog.carbonmapper.org/l3a,30.002208599537035,Solid waste / landfill,True,Public rate + uncertainty,23.185436310393595,Malaysia,MYS,True,4026.2633234483214,933.5067185468472,False,2025-06-11 04:18:31.360000+00:00,2025-06-11 04:18:31.360000+00:00,Live API scene_timestamp,30.002208599537035,12.618666655162126,>5-15°,0-2 m/s,4,4+ plumes,Not flagged offshore,2025,CM500-384aaa17c4
350d7c29-9c7a-43a4-b9eb-b165728b2648,tan20250611t041831c36s4001-A,CH4,5fc67b85-d434-4a84-9ab2-d2e4be3bccef,2025-06-11 04:18:31.360000+00:00,tan,production,Tanager,607.7548519139568,271.12168257796117,mfa,33.990905471345286,maximum_sensitivity,12.618666655162126,,1.0740740740740742,59.96082234149636,v3,3.19.2,False,l2c-ch4-v0,mfa,6A,published,False,2025-07-11 04:21:41.979000+00:00,2025-07-11 04:21:41.977000+00:00,101.64441318318956,2.869739923381553,101.63103338511894,2.8567134555612337,101.66187747662549,2.8872485834996966,0,[],True,https://catalog.carbonmapper.org/l3a,True,https://catalog.carbonmapper.org/l3a,True,https://catalog.carbonmapper.org/l3a,True,https://catalog.carbonmapper.org/l3a,True,https://catalog.carbonmapper.org/l3a,30.002206238425924,Solid waste / landfill,True,Public rate + uncertainty,44.61036908617644,Malaysia,MYS,True,607.7548519139568,271.1216825779612,False,2025-06-11 04:18:31.360000+00:00,2025-06-11 04:18:31.360000+00:00,Live API scene_timestamp,30.002206238425924,12.618666655162126,>5-15°,0-2 m/s,4,4+ plumes,Not flagged offshore,2025,CM500-20419996ff
f1cc3682-da93-46ce-a2a3-0074be203b10,tan20250612t034129c58s4001-A,CH4,8c0a0f2a-0116-4324-a03b-83c80238ae8e,2025-06-12 03:41:29.580000+00:00,tan,production,Tanager,,,mfa,32.75023135754412,standard_sensitivity,2.899355092867012,,3.8055555555555554,105.66795819615595,v3,3.19.2,False,l2c-ch4-v0,mfa,6A,published,True,2025-07-12 04:21:43.273000+00:00,2025-07-12 04:21:43.271000+00:00,110.3571252383253,-7.024238008133935,110.33567974726171,-7.038977502718799,110.36620150658084,-7.008684798078263,0,[],True,https://catalog.carbonmapper.org/l3a,True,https://catalog.carbonmapper.org/l3a,True,https://catalog.carbonmapper.org/l3a,True,https://catalog.carbonmapper.org/l3a,True,https://catalog.carbonmapper.org/l3a,30.027936261574073,Solid waste / landfill,True,Hidden / unavailable rate,,Indonesia,IDN,True,,,True,2025-06-12 03:41:29.580000+00:00,2025-06-12 03:41:29.580000+00:00,Live API scene_timestamp,30.027936261574073,2.899355092867012,0-5°,>2-4 m/s,1,1 plume,Not flagged offshore,2025,CM500-0a6e6d83f2
5735843c-4b4d-407d-8509-d37115b0b29b,tan20250614t035459c18s4001-G,CH4,b01e3c6f-8aa3-41f1-b4b6-ffeb95653a1e,2025-06-14 03:54:59.180000+00:00,tan,production,Tanager,1265.0054083788184,570.9793916130145,mfa,32.93445722945958,standard_sensitivity,3.281514662227252,,3.1203703703703702,68.67230796817603,v3c,3.56.0,False,l2c-ch4-v0,mfa,6A,published,False,2026-03-03 12:38:45.943000+00:00,2026-03-03 12:38:46.123000+00:00,106.99276915098545,-6.34916557775199,106.96218732720546,-6.372018714628985,107.00081030185402,-6.333903243076144,0,[],True,https://catalog.carbonmapper.org/l3a,True,https://catalog.carbonmapper.org/l3a,True,https://catalog.carbonmapper.org/l3a,True,https://catalog.carbonmapper.org/l3a,True,https://catalog.carbonmapper.org/l3a,262.36373568287036,Solid waste / landfill,True,Public rate + uncertainty,45.13651782285733,Indonesia,IDN,True,1265.0054083788184,570.9793916130145,False,2025-06-14 03:54:59.180000+00:00,2025-06-14 03:54:59.180000+00:00,Live API scene_timestamp,262.36373568287036,3.281514662227252,0-5°,>2-4 m/s,5,4+ plumes,Not flagged offshore,2025,CM500-6ba45e438c
05962a77-308f-4a53-8605-ccf0ec9686fb,tan20250614t035459c18s4001-F,CH4,b01e3c6f-8aa3-41f1-b4b6-ffeb95653a1e,2025-06-14 03:54:59.180000+00:00,tan,production,Tanager,,,mfa,32.93445722945958,standard_sensitivity,3.281514662227252,,3.1203703703703702,68.67230796817603,v3,3.25.1,False,l2c-ch4-v0,mfa,6A,published,True,2025-08-19 19:29:03.640000+00:00,2025-08-19 19:29:04.148000+00:00,106.99629323084054,-6.356290093657151,106.97740308464687,-6.373638793013113,107.00813836469231,-6.342822248014667,0,[],True,https://catalog.carbonmapper.org/l3a,True,https://catalog.carbonmapper.org/l3a,True,https://catalog.carbonmapper.org/l3a,True,https://catalog.carbonmapper.org/l3a,True,https://catalog.carbonmapper.org/l3a,66.64866273148148,Solid waste / landfill,True,Hidden / unavailable rate,,Indonesia,IDN,True,,,True,2025-06-14 03:54:59.180000+00:00,2025-06-14 03:54:59.180000+00:00,Live API scene_timestamp,66.64866273148148,3.281514662227252,0-5°,>2-4 m/s,5,4+ plumes,Not flagged offshore,2025,CM500-17f5d3eb36
446d0db1-d598-4c9a-9206-6f36d3f7a85f,tan20250614t035459c18s4001-E,CH4,b01e3c6f-8aa3-41f1-b4b6-ffeb95653a1e,2025-06-14 03:54:59.180000+00:00,tan,production,Tanager,331.60417117454386,179.45650315978457,mfa,32.93445722945958,standard_sensitivity,3.281514662227252,,3.2037037037037037,64.01225560136244,v3,3.25.1,False,l2c-ch4-v0,mfa,6A,published,False,2025-08-19 19:29:03.640000+00:00,2025-08-19 19:29:03.884000+00:00,107.01854618517575,-6.350829746320485,107.00258710836933,-6.366217235339102,107.03332046457548,-6.3356724903661386,0,[],True,https://catalog.carbonmapper.org/l3a,True,https://catalog.carbonmapper.org/l3a,True,https://catalog.carbonmapper.org/l3a,True,https://catalog.carbonmapper.org/l3a,True,https://catalog.carbonmapper.org/l3a,66.64866273148148,Solid waste / landfill,True,Public rate + uncertainty,54.117685710691944,Indonesia,IDN,True,331.60417117454386,179.45650315978455,False,2025-06-14 03:54:59.180000+00:00,2025-06-14 03:54:59.180000+00:00,Live API scene_timestamp,66.64866273148148,3.281514662227252,0-5°,>2-4 m/s,5,4+ plumes,Not flagged offshore,2025,CM500-ee9394adc5
c9ba5c05-1c78-4ef3-b100-35b90576e832,tan20250614t035459c18s4001-C,CH4,b01e3c6f-8aa3-41f1-b4b6-ffeb95653a1e,2025-06-14 03:54:59.180000+00:00,tan,production,Tanager,,,mfa,32.93445722945958,standard_sensitivity,3.281514662227252,,3.1203703703703702,68.67230796817603,v3,3.19.2,False,l2c-ch4-v0,mfa,6A,published,True,2025-07-14 04:21:35.248000+00:00,2025-07-14 04:21:35.245000+00:00,106.99606381124892,-6.349491234280279,106.96137611019113,-6.373911715512572,107.0010871450797,-6.334174303441536,0,[],True,https://catalog.carbonmapper.org/l3a,True,https://catalog.carbonmapper.org/l3a,True,https://catalog.carbonmapper.org/l3a,True,https://catalog.carbonmapper.org/l3a,True,https://catalog.carbonmapper.org/l3a,30.01847300925926,Solid waste / landfill,True,Hidden / unavailable rate,,Indonesia,IDN,True,,,True,2025-06-14 03:54:59.180000+00:00,2025-06-14 03:54:59.180000+00:00,Live API scene_timestamp,30.01847300925926,3.281514662227252,0-5°,>2-4 m/s,5,4+ plumes,Not flagged offshore,2025,CM500-6ba45e438c
f75e6cea-564f-44f4-8d4b-4306e8387f7d,tan20250614t035459c18s4001-A,CH4,b01e3c6f-8aa3-41f1-b4b6-ffeb95653a1e,2025-06-14 03:54:59.180000+00:00,tan,production,Tanager,6417.817250471267,1957.9483675450228,mfa,32.93445722945958,standard_sensitivity,3.281514662227252,,3.1203703703703702,68.67230796817603,v3,3.19.2,False,l2c-ch4-v0,mfa,6A,published,False,2025-07-14 04:21:35.482000+00:00,2025-07-14 04:21:35.480000+00:00,106.99636877757729,-6.345251079779729,106.96137605431092,-6.373912680435727,107.00108810901946,-6.3344445877326665,0,[],True,https://catalog.carbonmapper.org/l3a,True,https://catalog.carbonmapper.org/l3a,True,https://catalog.carbonmapper.org/l3a,True,https://catalog.carbonmapper.org/l3a,True,https://catalog.carbonmapper.org/l3a,30.018475717592594,Solid waste / landfill,True,Public rate + uncertainty,30.508010607520006,Indonesia,IDN,True,6417.817250471267,1957.9483675450228,False,2025-06-14 03:54:59.180000+00:00,2025-06-14 03:54:59.180000+00:00,Live API scene_timestamp,30.018475717592594,3.281514662227252,0-5°,>2-4 m/s,5,4+ plumes,Not flagged offshore,2025,CM500-6ba45e438c
6e2ce6a3-e229-4b1f-9975-1d6950bf38c9,tan20250618t024529c58s4001-A,CH4,25ece1ef-ae58-48b5-910a-0826ff7d193e,2025-06-18 02:45:29.580000+00:00,tan,production,Tanager,751.3393582034315,165.13695420462327,mfa,32.98428545814837,standard_sensitivity,8.799620510398546,,3.2962962962962963,6.621073428768718,v3,3.21.0,False,l2c-ch4-v0,mfa,6A,published,False,2025-07-18 03:22:01.556000+00:00,2025-07-18 03:22:01.554000+00:00,125.55314990665045,7.148937624424065,125.53714493174887,7.131615730956146,125.56819320371606,7.162422762787541,0,[],True,https://catalog.carbonmapper.org/l3a,True,https://catalog.carbonmapper.org/l3a,True,https://catalog.carbonmapper.org/l3a,True,https://catalog.carbonmapper.org/l3a,True,https://catalog.carbonmapper.org/l3a,30.025370092592592,Solid waste / landfill,True,Public rate + uncertainty,21.9790102037901,Philippines,PHL,True,751.3393582034315,165.1369542046233,False,2025-06-18 02:45:29.580000+00:00,2025-06-18 02:45:29.580000+00:00,Live API scene_timestamp,30.025370092592592,8.799620510398546,>5-15°,>2-4 m/s,1,1 plume,Not flagged offshore,2025,CM500-ac1926fef7
9c30559a-0e06-4f7b-8d52-2be3a8ec8701,tan20250621t035600c58s4001-G,CH4,b48e8902-6e06-4c14-bbed-ff817e126224,2025-06-21 03:56:00.580000+00:00,tan,production,Tanager,,,mfa,32.66815818750306,standard_sensitivity,3.7214529089023864,,1.6481481481481481,61.74686195328641,v3,3.21.0,False,l2c-ch4-v0,mfa,6A,published,True,2025-07-21 15:25:11.451000+00:00,2025-07-21 15:25:11.881000+00:00,107.00220025114044,-6.347235539266805,106.9561461543582,-6.370014815976878,107.0135352749916,-6.313247186085658,0,[],True,https://catalog.carbonmapper.org/l3a,True,https://catalog.carbonmapper.org/l3a,True,https://catalog.carbonmapper.org/l3a,True,https://catalog.carbonmapper.org/l3a,True,https://catalog.carbonmapper.org/l3a,30.478598043981478,Solid waste / landfill,True,Hidden / unavailable rate,,Indonesia,IDN,True,,,True,2025-06-21 03:56:00.580000+00:00,2025-06-21 03:56:00.580000+00:00,Live API scene_timestamp,30.478598043981478,3.7214529089023864,0-5°,0-2 m/s,5,4+ plumes,Not flagged offshore,2025,CM500-6ba45e438c
15a74205-430e-4433-892a-bd15c71f0dbf,tan20250621t035600c58s4001-E,CH4,b48e8902-6e06-4c14-bbed-ff817e126224,2025-06-21 03:56:00.580000+00:00,tan,production,Tanager,,,mfa,32.66815818750306,standard_sensitivity,3.7214529089023864,,1.6481481481481481,61.74686195328641,v3,3.21.0,False,l2c-ch4-v0,mfa,6A,published,True,2025-07-21 15:25:11.451000+00:00,2025-07-21 15:25:11.812000+00:00,106.99779786596514,-6.345824685708621,106.95560694275676,-6.369483339564722,107.01136419223347,-6.313796951856163,0,[],True,https://catalog.carbonmapper.org/l3a,True,https://catalog.carbonmapper.org/l3a,True,https://catalog.carbonmapper.org/l3a,True,https://catalog.carbonmapper.org/l3a,True,https://catalog.carbonmapper.org/l3a,30.478598043981478,Solid waste / landfill,True,Hidden / unavailable rate,,Indonesia,IDN,True,,,True,2025-06-21 03:56:00.580000+00:00,2025-06-21 03:56:00.580000+00:00,Live API scene_timestamp,30.478598043981478,3.7214529089023864,0-5°,0-2 m/s,5,4+ plumes,Not flagged offshore,2025,CM500-6ba45e438c
ac95b48a-9360-41c2-a8cf-46d8fa8eb298,tan20250621t035600c58s4001-D,CH4,b48e8902-6e06-4c14-bbed-ff817e126224,2025-06-21 03:56:00.580000+00:00,tan,production,Tanager,,,mfa,32.66815818750306,standard_sensitivity,3.7214529089023864,,1.472222222222222,65.68482334410143,v3,3.21.0,False,l2c-ch4-v0,mfa,6A,published,True,2025-07-21 15:25:11.451000+00:00,2025-07-21 15:25:11.511000+00:00,106.99582274052,-6.345597327230138,106.95806700363106,-6.3678932323713,107.00702378926523,-6.319236199279469,0,[],True,https://catalog.carbonmapper.org/l3a,True,https://catalog.carbonmapper.org/l3a,True,https://catalog.carbonmapper.org/l3a,True,https://catalog.carbonmapper.org/l3a,True,https://catalog.carbonmapper.org/l3a,30.478598043981478,Solid waste / landfill,True,Hidden / unavailable rate,,Indonesia,IDN,True,,,True,2025-06-21 03:56:00.580000+00:00,2025-06-21 03:56:00.580000+00:00,Live API scene_timestamp,30.478598043981478,3.7214529089023864,0-5°,0-2 m/s,5,4+ plumes,Not flagged offshore,2025,CM500-6ba45e438c
56996dd8-4a87-452b-b9cf-41c61695c412,tan20250621t035600c58s4001-B,CH4,b48e8902-6e06-4c14-bbed-ff817e126224,2025-06-21 03:56:00.580000+00:00,tan,production,Tanager,997.7144283277017,156.67049936953393,mfa,32.66815818750306,standard_sensitivity,3.7214529089023864,,1.6481481481481481,61.74686195328641,v3,3.21.0,False,l2c-ch4-v0,mfa,6A,published,False,2025-07-21 15:25:23.712000+00:00,2025-07-21 15:25:23.776000+00:00,107.01904597563055,-6.351251994119309,106.94901758354374,-6.378246013942428,107.03632364532433,-6.291473050804756,0,[],True,https://catalog.carbonmapper.org/l3a,True,https://catalog.carbonmapper.org/l3a,True,https://catalog.carbonmapper.org/l3a,True,https://catalog.carbonmapper.org/l3a,True,https://catalog.carbonmapper.org/l3a,30.478739953703705,Solid waste / landfill,True,Public rate + uncertainty,15.702940132091097,Indonesia,IDN,True,997.7144283277016,156.67049936953393,False,2025-06-21 03:56:00.580000+00:00,2025-06-21 03:56:00.580000+00:00,Live API scene_timestamp,30.478739953703705,3.7214529089023864,0-5°,0-2 m/s,5,4+ plumes,Not flagged offshore,2025,CM500-ee9394adc5
2568ee42-2af5-4d8b-8696-27e72efdc497,tan20250621t035600c58s4001-I,CH4,b48e8902-6e06-4c14-bbed-ff817e126224,2025-06-21 03:56:00.580000+00:00,tan,production,Tanager,,,mfa,32.66815818750306,standard_sensitivity,3.7214529089023864,,1.472222222222222,65.68482334410143,v3,3.25.1,False,l2c-ch4-v0,mfa,6A,published,True,2025-08-19 19:29:03.640000+00:00,2025-08-19 19:29:04.057000+00:00,106.99500581391965,-6.356807835901279,106.95587405759849,-6.369745691890876,107.0129911619335,-6.3127077251524915,0,[],True,https://catalog.carbonmapper.org/l3a,True,https://catalog.carbonmapper.org/l3a,True,https://catalog.carbonmapper.org/l3a,True,https://catalog.carbonmapper.org/l3a,True,https://catalog.carbonmapper.org/l3a,59.64795208333333,Solid waste / landfill,True,Hidden / unavailable rate,,Indonesia,IDN,True,,,True,2025-06-21 03:56:00.580000+00:00,2025-06-21 03:56:00.580000+00:00,Live API scene_timestamp,59.64795208333333,3.7214529089023864,0-5°,0-2 m/s,5,4+ plumes,Not flagged offshore,2025,CM500-17f5d3eb36
570647e6-de43-45a7-bec8-24c8bef5108e,tan20250623t040354c58s4001-A,CH4,51c70251-7c3a-4c35-acc0-5b535342a3f2,2025-06-23 04:03:54.580000+00:00,tan,production,Tanager,800.5158475869232,215.84273169973443,mfa,32.66338247133702,standard_sensitivity,2.701255530359487,,0.7685185185185185,66.41414235119981,v3,3.21.0,False,l2c-ch4-v0,mfa,6A,published,False,2025-07-23 04:21:45.604000+00:00,2025-07-23 04:21:45.590000+00:00,108.14318796918059,16.039543710989804,108.12602305914508,16.023943373008265,108.1577733351206,16.05472771939395,0,[],True,https://catalog.carbonmapper.org/l3a,True,https://catalog.carbonmapper.org/l3a,True,https://catalog.carbonmapper.org/l3a,True,https://catalog.carbonmapper.org/l3a,True,https://catalog.carbonmapper.org/l3a,30.012396111111112,Solid waste / landfill,True,Public rate + uncertainty,26.96295549305754,Vietnam,VNM,True,800.5158475869232,215.84273169973443,False,2025-06-23 04:03:54.580000+00:00,2025-06-23 04:03:54.580000+00:00,Live API scene_timestamp,30.012396111111112,2.701255530359487,0-5°,0-2 m/s,1,1 plume,Not flagged offshore,2025,CM500-edabf81d6a
d4a74c71-8aeb-4335-ad36-13e75af96c3a,tan20250629t031759c58s4001-B,CH4,e472b6bc-83e6-4a13-b9c3-6faef99cd41c,2025-06-29 03:17:59.580000+00:00,tan,production,Tanager,,,mfa,35.07010282550317,standard_sensitivity,16.333440622549016,,5.064814814814815,108.0,v3c,3.53.1,False,l2c-ch4-v0,mfa,6A,published,True,2026-02-04 17:28:28.845000+00:00,2026-02-04 17:28:29.185000+00:00,115.21929953818483,-8.722823698616267,115.1860842327305,-8.735213545405848,115.22410077510622,-8.697636076373689,0,[],True,https://catalog.carbonmapper.org/l3a,True,https://catalog.carbonmapper.org/l3a,True,https://catalog.carbonmapper.org/l3a,True,https://catalog.carbonmapper.org/l3a,True,https://catalog.carbonmapper.org/l3a,220.59061649305556,Solid waste / landfill,True,Hidden / unavailable rate,,Indonesia,IDN,True,,,True,2025-06-29 03:17:59.580000+00:00,2025-06-29 03:17:59.580000+00:00,Live API scene_timestamp,220.59061649305556,16.333440622549016,>15-30°,>4-6 m/s,2,2-3 plumes,Not flagged offshore,2025,CM500-703a0f1a8e
fe7ce020-15b7-4dc4-a0a8-b7f1d25415a7,tan20250629t031759c58s4001-A,CH4,e472b6bc-83e6-4a13-b9c3-6faef99cd41c,2025-06-29 03:17:59.580000+00:00,tan,production,Tanager,,,mfa,35.07010282550317,standard_sensitivity,16.333440622549016,,5.064814814814815,108.0,v3c,3.53.1,False,l2c-ch4-v0,mfa,6A,published,True,2026-02-04 17:28:28.845000+00:00,2026-02-04 17:28:29.092000+00:00,115.21977615260982,-8.72118799407535,115.1860842327305,-8.735213545405848,115.22410077510622,-8.697636076373689,0,[],True,https://catalog.carbonmapper.org/l3a,True,https://catalog.carbonmapper.org/l3a,True,https://catalog.carbonmapper.org/l3a,True,https://catalog.carbonmapper.org/l3a,True,https://catalog.carbonmapper.org/l3a,220.59061649305556,Solid waste / landfill,True,Hidden / unavailable rate,,Indonesia,IDN,True,,,True,2025-06-29 03:17:59.580000+00:00,2025-06-29 03:17:59.580000+00:00,Live API scene_timestamp,220.59061649305556,16.333440622549016,>15-30°,>4-6 m/s,2,2-3 plumes,Not flagged offshore,2025,CM500-703a0f1a8e
a176809c-4a41-4621-b73b-344c04c62ba8,tan20250630t040558c33s4001-B,CH4,badb9b30-0be2-4f8d-8629-540d82c8a3be,2025-06-30 04:05:58.330000+00:00,tan,production,Tanager,2106.7563086748123,303.6331272683616,mfa,39.8237950300441,maximum_sensitivity,28.84311639112245,,5.4444444444444455,275.0,v3,3.26.0,False,l2c-ch4-v0,mfa,6A,published,False,2025-07-30 04:22:03.049000+00:00,2025-07-30 04:22:03.048000+00:00,104.88607357794268,11.484507700353644,104.8721710517331,11.469276512777268,104.9030790539295,11.499565701682455,0,[],True,https://catalog.carbonmapper.org/l3a,True,https://catalog.carbonmapper.org/l3a,True,https://catalog.carbonmapper.org/l3a,True,https://catalog.carbonmapper.org/l3a,True,https://catalog.carbonmapper.org/l3a,30.011165729166667,Solid waste / landfill,True,Public rate + uncertainty,14.412351633557101,Cambodia,KHM,True,2106.7563086748123,303.6331272683616,False,2025-06-30 04:05:58.330000+00:00,2025-06-30 04:05:58.330000+00:00,Live API scene_timestamp,30.011165729166667,28.84311639112245,>15-30°,>4-6 m/s,2,2-3 plumes,Not flagged offshore,2025,CM500-007e566671
959a76af-7536-45fc-8556-c60942d1286c,tan20250630t040558c33s4001-A,CH4,badb9b30-0be2-4f8d-8629-540d82c8a3be,2025-06-30 04:05:58.330000+00:00,tan,production,Tanager,1014.4992825984957,367.31223582709663,mfa,39.8237950300441,maximum_sensitivity,28.84311639112245,,5.4444444444444455,275.0,v3,3.26.0,False,l2c-ch4-v0,mfa,6A,published,False,2025-07-30 04:22:02.529000+00:00,2025-07-30 04:22:02.527000+00:00,104.8896514316187,11.479625478331313,104.88482609954788,11.454665616763087,104.92621844437616,11.495501015126344,0,[],True,https://catalog.carbonmapper.org/l3a,True,https://catalog.carbonmapper.org/l3a,True,https://catalog.carbonmapper.org/l3a,True,https://catalog.carbonmapper.org/l3a,True,https://catalog.carbonmapper.org/l3a,30.011159710648148,Solid waste / landfill,True,Public rate + uncertainty,36.206258804469385,Cambodia,KHM,True,1014.4992825984956,367.31223582709663,False,2025-06-30 04:05:58.330000+00:00,2025-06-30 04:05:58.330000+00:00,Live API scene_timestamp,30.011159710648148,28.84311639112245,>15-30°,>4-6 m/s,2,2-3 plumes,Not flagged offshore,2025,CM500-007e566671
0ba7eca9-1cdf-499a-b94d-9502f9ded02d,tan20250702t024744c58s4001-A,CH4,19da7c59-36b8-4682-a8ed-d3c27f3cda36,2025-07-02 02:47:44.580000+00:00,tan,production,Tanager,453.97296971114224,89.45876766210614,mfa,33.239708563794366,standard_sensitivity,7.133107670784768,,1.9259259259259258,113.0,v3,3.24.0,False,l2c-ch4-v0,mfa,6A,published,False,2025-08-01 03:22:12.659000+00:00,2025-08-01 03:22:12.658000+00:00,125.55351607726897,7.148974893437568,125.53146148598196,7.134629335132665,125.56250906392562,7.165165254887836,0,[],True,https://catalog.carbonmapper.org/l3a,True,https://catalog.carbonmapper.org/l3a,True,https://catalog.carbonmapper.org/l3a,True,https://catalog.carbonmapper.org/l3a,True,https://catalog.carbonmapper.org/l3a,30.023936099537035,Solid waste / landfill,True,Public rate + uncertainty,19.70574761731469,Philippines,PHL,True,453.97296971114224,89.45876766210614,False,2025-07-02 02:47:44.580000+00:00,2025-07-02 02:47:44.580000+00:00,Live API scene_timestamp,30.023936099537035,7.133107670784768,>5-15°,0-2 m/s,1,1 plume,Not flagged offshore,2025,CM500-ac1926fef7
bcc01be7-c7f8-4a9b-8924-ac35da41190d,tan20250705t035023c33s4001-C,CH4,a127fdde-1c3f-4637-a7a5-882928155aa7,2025-07-05 03:50:23.330000+00:00,tan,production,Tanager,268.0786145278831,95.93251539492663,mfa,32.791205012305454,maximum_sensitivity,14.413614136985593,,1.3703703703703702,341.0064297614647,v3,3.25.1,False,l2c-ch4-v0,mfa,6A,published,False,2025-09-02 16:06:32.932000+00:00,2025-09-02 16:06:33.418000+00:00,113.48078464944103,23.262379440911232,113.46541534323359,23.24599671630113,113.49921864092963,23.27705220401186,0,[],True,https://catalog.carbonmapper.org/l3a,True,https://catalog.carbonmapper.org/l3a,True,https://catalog.carbonmapper.org/l3a,True,https://catalog.carbonmapper.org/l3a,True,https://catalog.carbonmapper.org/l3a,59.51122224537037,Solid waste / landfill,True,Public rate + uncertainty,35.785217542949,People's Republic of China,CHN,False,268.0786145278831,95.93251539492664,False,2025-07-05 03:50:23.330000+00:00,2025-07-05 03:50:23.330000+00:00,Live API scene_timestamp,59.51122224537037,14.413614136985593,>5-15°,0-2 m/s,3,2-3 plumes,Not flagged offshore,2025,CM500-3ab0dedc8a
54f666ab-0eb1-4014-8b1b-66209c772b95,tan20250705t035023c33s4001-B,CH4,a127fdde-1c3f-4637-a7a5-882928155aa7,2025-07-05 03:50:23.330000+00:00,tan,production,Tanager,149.73753205787986,54.069286069258105,mfa,32.791205012305454,maximum_sensitivity,14.413614136985593,,1.3703703703703702,341.0064297614647,v3,3.25.1,False,l2c-ch4-v0,mfa,6A,published,False,2025-09-02 16:06:32.932000+00:00,2025-09-02 16:06:33.282000+00:00,113.48022104161464,23.265338406784224,113.46395531096572,23.24629048158691,113.49775871224878,23.277345996012887,0,[],True,https://catalog.carbonmapper.org/l3a,True,https://catalog.carbonmapper.org/l3a,True,https://catalog.carbonmapper.org/l3a,True,https://catalog.carbonmapper.org/l3a,True,https://catalog.carbonmapper.org/l3a,59.51122224537037,Solid waste / landfill,True,Public rate + uncertainty,36.10937440077351,People's Republic of China,CHN,False,149.73753205787986,54.069286069258105,False,2025-07-05 03:50:23.330000+00:00,2025-07-05 03:50:23.330000+00:00,Live API scene_timestamp,59.51122224537037,14.413614136985593,>5-15°,0-2 m/s,3,2-3 plumes,Not flagged offshore,2025,CM500-3ab0dedc8a
6e8bd38c-2d8f-4f42-8505-fa6e246cea37,tan20250705t035023c33s4001-A,CH4,a127fdde-1c3f-4637-a7a5-882928155aa7,2025-07-05 03:50:23.330000+00:00,tan,production,Tanager,165.632145452981,66.19432587861493,mfa,32.791205012305454,maximum_sensitivity,14.413614136985593,,1.3703703703703702,341.0064297614647,v3,3.25.1,False,l2c-ch4-v0,mfa,6A,published,False,2025-09-02 16:06:32.932000+00:00,2025-09-02 16:06:33.040000+00:00,113.48370020346727,23.26368205439327,113.46541534323359,23.24599671630113,113.49921864092963,23.27705220401186,0,[],True,https://catalog.carbonmapper.org/l3a,True,https://catalog.carbonmapper.org/l3a,True,https://catalog.carbonmapper.org/l3a,True,https://catalog.carbonmapper.org/l3a,True,https://catalog.carbonmapper.org/l3a,59.51122224537037,Solid waste / landfill,True,Public rate + uncertainty,39.9646612664363,People's Republic of China,CHN,False,165.632145452981,66.19432587861493,False,2025-07-05 03:50:23.330000+00:00,2025-07-05 03:50:23.330000+00:00,Live API scene_timestamp,59.51122224537037,14.413614136985593,>5-15°,0-2 m/s,3,2-3 plumes,Not flagged offshore,2025,CM500-3ab0dedc8a
c55d6bf4-f74e-47d9-a9d7-a92628b65266,tan20250705t035824c33s4001-A,CH4,0aa77848-7821-43a0-bade-b4a8417a52aa,2025-07-05 03:58:24.330000+00:00,tan,production,Tanager,702.1333954348202,400.50696363129504,mfa,32.956631166568386,standard_sensitivity,2.3677948251627687,,1.5185185185185184,351.3343766881639,v3,3.24.0,False,l2c-ch4-v0,mfa,6A,published,False,2025-08-04 04:22:26.203000+00:00,2025-08-04 04:22:26.202000+00:00,106.64353325330808,-6.567133918037229,106.62482026159618,-6.589740045976152,106.65584778738271,-6.558916552487665,0,[],True,https://catalog.carbonmapper.org/l3a,True,https://catalog.carbonmapper.org/l3a,True,https://catalog.carbonmapper.org/l3a,True,https://catalog.carbonmapper.org/l3a,True,https://catalog.carbonmapper.org/l3a,30.016688344907408,Solid waste / landfill,True,Public rate + uncertainty,57.041434894756335,Indonesia,IDN,True,702.1333954348202,400.50696363129504,False,2025-07-05 03:58:24.330000+00:00,2025-07-05 03:58:24.330000+00:00,Live API scene_timestamp,30.016688344907408,2.3677948251627687,0-5°,0-2 m/s,1,1 plume,Not flagged offshore,2025,CM500-f12bbc24a3
c1987e7c-cc26-4101-8437-d5ee98a3442f,tan20250709t041828c55s4001-A,CH4,2ef498ae-e137-4766-953f-316258358b6c,2025-07-09 04:18:28.550000+00:00,tan,production,Tanager,,,mfa,33.107213162341345,standard_sensitivity,2.698431531642619,,1.5462962962962965,262.2935424263512,v3,3.24.0,False,l2c-ch4-v0,mfa,6A,published,True,2025-08-08 04:22:20.206000+00:00,2025-08-08 04:22:20.205000+00:00,105.83461292996361,21.334382141366376,105.81583430371165,21.31715842546124,105.84890956957798,21.347697299627804,0,[],True,https://catalog.carbonmapper.org/l3a,True,https://catalog.carbonmapper.org/l3a,True,https://catalog.carbonmapper.org/l3a,True,https://catalog.carbonmapper.org/l3a,True,https://catalog.carbonmapper.org/l3a,30.002681203703702,Solid waste / landfill,True,Hidden / unavailable rate,,Vietnam,VNM,True,,,True,2025-07-09 04:18:28.550000+00:00,2025-07-09 04:18:28.550000+00:00,Live API scene_timestamp,30.002681203703702,2.698431531642619,0-5°,0-2 m/s,1,1 plume,Not flagged offshore,2025,CM500-9f80453c2c
61fbabe2-aad8-4ebc-9edb-19b08b6bc14c,tan20250709t042254c33s4001-A,CH4,f990b102-2e79-45ba-a7d4-6c725bc1a48f,2025-07-09 04:22:54.330000+00:00,tan,production,Tanager,2482.5678697056237,621.8389478573757,mfa,33.81485565186571,maximum_sensitivity,13.424772375368466,,1.3148148148148149,218.3777173261135,v3,3.26.0,False,l2c-ch4-v0,mfa,6A,published,False,2025-08-08 05:22:43.236000+00:00,2025-08-08 05:22:43.234000+00:00,101.36140127396854,3.189000479575148,101.34155221506994,3.181409390415878,101.37241230085893,3.211951176155564,0,[],True,https://catalog.carbonmapper.org/l3a,True,https://catalog.carbonmapper.org/l3a,True,https://catalog.carbonmapper.org/l3a,True,https://catalog.carbonmapper.org/l3a,True,https://catalog.carbonmapper.org/l3a,30.04153826388889,Solid waste / landfill,True,Public rate + uncertainty,25.048215416205792,Malaysia,MYS,True,2482.567869705624,621.8389478573757,False,2025-07-09 04:22:54.330000+00:00,2025-07-09 04:22:54.330000+00:00,Live API scene_timestamp,30.04153826388889,13.424772375368466,>5-15°,0-2 m/s,2,2-3 plumes,Not flagged offshore,2025,CM500-80f7cd3d7b
a92e0397-da59-4e7a-977f-0869a2a745c6,tan20250709t042254c33s4001-C,CH4,f990b102-2e79-45ba-a7d4-6c725bc1a48f,2025-07-09 04:22:54.330000+00:00,tan,production,Tanager,164.1970242936202,84.36214709459422,mfa,33.81485565186571,maximum_sensitivity,13.424772375368466,,0.9907407407407408,234.67511341242212,v3,3.26.0,False,l2c-ch4-v0,mfa,other,published,False,2025-08-08 05:22:43.505000+00:00,2025-08-08 05:22:43.503000+00:00,101.41882786456974,3.397123911889437,101.40327320830154,3.381663809699292,101.43386632659721,3.412203175540767,0,[],True,https://catalog.carbonmapper.org/l3a,True,https://catalog.carbonmapper.org/l3a,True,https://catalog.carbonmapper.org/l3a,True,https://catalog.carbonmapper.org/l3a,True,https://catalog.carbonmapper.org/l3a,30.04154137731481,Other / unclassified,False,Public rate + uncertainty,51.37860899582215,Malaysia,MYS,True,164.1970242936202,84.36214709459422,False,2025-07-09 04:22:54.330000+00:00,2025-07-09 04:22:54.330000+00:00,Live API scene_timestamp,30.04154137731481,13.424772375368466,>5-15°,0-2 m/s,2,2-3 plumes,Not flagged offshore,2025,CM500-844914e350
e190430d-7d97-49ce-93b4-c5126e51091c,tan20250710t034559c23s4001-A,CH4,d34978ee-e306-49f4-a994-6716475c9bf2,2025-07-10 03:45:59.230000+00:00,tan,production,Tanager,,,mfa,38.85283812196874,standard_sensitivity,26.95047145367091,,1.0740740740740742,166.66892705275163,v3,3.34.0,False,l2c-ch4-v0,mfa,6A,published,True,2025-10-15 18:59:26.837000+00:00,2025-10-15 18:59:27.153000+00:00,107.90622856483924,-7.020578663557274,107.89161014219479,-7.035209368738619,107.92236426430806,-7.004685790274519,0,[],True,https://catalog.carbonmapper.org/l3a,True,https://catalog.carbonmapper.org/l3a,True,https://catalog.carbonmapper.org/l3a,True,https://catalog.carbonmapper.org/l3a,True,https://catalog.carbonmapper.org/l3a,97.63434730324074,Solid waste / landfill,True,Hidden / unavailable rate,,Indonesia,IDN,True,,,True,2025-07-10 03:45:59.230000+00:00,2025-07-10 03:45:59.230000+00:00,Live API scene_timestamp,97.63434730324074,26.95047145367091,>15-30°,0-2 m/s,1,1 plume,Not flagged offshore,2025,CM500-4903d817b8
c05f39d8-f1e6-4b4b-9619-5579eedb3031,tan20250713t031730c96s4001-A,CH4,f03b3df8-67a4-4b0b-9e46-86a1ed70faee,2025-07-13 03:17:30.960000+00:00,tan,production,Tanager,,,mfa,33.48627999794675,standard_sensitivity,10.10150335978407,,1.6759259259259258,153.42845352992722,v3,3.25.0,False,l2c-ch4-v0,mfa,other,published,True,2025-08-12 03:22:18.578000+00:00,2025-08-12 03:22:18.576000+00:00,117.65855030244109,0.723743124110698,117.64312191025448,0.710356032026483,117.67369023330926,0.7409219032194351,0,[],True,https://catalog.carbonmapper.org/l3a,True,https://catalog.carbonmapper.org/l3a,True,https://catalog.carbonmapper.org/l3a,True,https://catalog.carbonmapper.org/l3a,True,https://catalog.carbonmapper.org/l3a,30.003328912037034,Other / unclassified,False,Hidden / unavailable rate,,Indonesia,IDN,True,,,True,2025-07-13 03:17:30.960000+00:00,2025-07-13 03:17:30.960000+00:00,Live API scene_timestamp,30.003328912037034,10.10150335978407,>5-15°,0-2 m/s,1,1 plume,Not flagged offshore,2025,CM500-942d7b17da
7999696c-e241-49d1-8b23-2c377299f422,tan20250728t041231c13s4001-A,CH4,682a589e-9af4-4782-97c8-42c429f6e737,2025-07-28 04:12:31.130000+00:00,tan,production,Tanager,2407.6847448945045,332.5527295307014,mfa,35.46660302247004,standard_sensitivity,17.615260856285882,,2.305555555555556,161.3349942837838,v3,3.25.1,False,l2c-ch4-v0,mfa,6A,published,False,2025-09-02 15:32:06.054000+00:00,2025-09-02 15:32:06.112000+00:00,103.86265674333873,1.773370602618641,103.84597470120944,1.761260796874032,103.8762803179352,1.7915518486759714,0,[],True,https://catalog.carbonmapper.org/l3a,True,https://catalog.carbonmapper.org/l3a,True,https://catalog.carbonmapper.org/l3a,True,https://catalog.carbonmapper.org/l3a,True,https://catalog.carbonmapper.org/l3a,36.47193199074074,Solid waste / landfill,True,Public rate + uncertainty,13.812137583040283,Malaysia,MYS,True,2407.6847448945045,332.5527295307014,False,2025-07-28 04:12:31.130000+00:00,2025-07-28 04:12:31.130000+00:00,Live API scene_timestamp,36.47193199074074,17.615260856285882,>15-30°,>2-4 m/s,1,1 plume,Not flagged offshore,2025,CM500-427c8c6160
a27e58fa-aa8a-4c23-988c-da4d11cb4d6e,tan20250730t025131c58s4001-A,CH4,608b3183-2b34-42de-aa76-83101f60835c,2025-07-30 02:51:31.580000+00:00,tan,production,Tanager,1063.1677766765156,260.4628956380198,mfa,33.06996366282332,standard_sensitivity,6.3001732654651335,,2.7870370370370368,126.38928419463477,v3,3.25.1,False,l2c-ch4-v0,mfa,6A,published,False,2025-09-02 17:16:20.082000+00:00,2025-09-02 17:16:20.144000+00:00,125.55353042144304,7.149863769519513,125.53717630864455,7.137309020338728,125.56822496336999,7.16811604795408,0,[],True,https://catalog.carbonmapper.org/l3a,True,https://catalog.carbonmapper.org/l3a,True,https://catalog.carbonmapper.org/l3a,True,https://catalog.carbonmapper.org/l3a,True,https://catalog.carbonmapper.org/l3a,34.60056136574074,Solid waste / landfill,True,Public rate + uncertainty,24.49875751993088,Philippines,PHL,True,1063.1677766765156,260.4628956380198,False,2025-07-30 02:51:31.580000+00:00,2025-07-30 02:51:31.580000+00:00,Live API scene_timestamp,34.60056136574074,6.3001732654651335,>5-15°,>2-4 m/s,1,1 plume,Not flagged offshore,2025,CM500-ac1926fef7
ff0e45e6-73e2-48c6-87e6-e85f7a77be6d,tan20250730t042319c33s4001-A,CH4,ec596e20-d149-47ae-9c93-a520b09ec49c,2025-07-30 04:23:19.330000+00:00,tan,production,Tanager,,,mfa,36.119753409509954,maximum_sensitivity,20.514854972381876,,5.601851851851852,246.6667042804392,v3,3.26.0,False,l2c-ch4-v0,mfa,6A,published,True,2025-09-02 17:18:21.920000+00:00,2025-09-02 17:18:21.960000+00:00,104.88839171289624,11.486230007493319,104.88069649920102,11.474436043232283,104.91188007222526,11.505265127789155,0,[],True,https://catalog.carbonmapper.org/l3a,True,https://catalog.carbonmapper.org/l3a,True,https://catalog.carbonmapper.org/l3a,True,https://catalog.carbonmapper.org/l3a,True,https://catalog.carbonmapper.org/l3a,34.53822442129629,Solid waste / landfill,True,Hidden / unavailable rate,,Cambodia,KHM,True,,,True,2025-07-30 04:23:19.330000+00:00,2025-07-30 04:23:19.330000+00:00,Live API scene_timestamp,34.53822442129629,20.514854972381876,>15-30°,>4-6 m/s,1,1 plume,Not flagged offshore,2025,CM500-007e566671
fb42f212-6e70-49f8-b51d-767e50ac88c6,tan20250801t043627c33s4001-A,CH4,140bb378-11b5-442a-9d50-aa85d054225c,2025-08-01 04:36:27.330000+00:00,tan,production,Tanager,429.86184951331876,71.64412049099175,mfa,33.245901360855854,maximum_sensitivity,9.323278461832183,,3.1018518518518516,218.32654175963046,v3,3.26.0,False,l2c-ch4-v0,mfa,6A,published,False,2025-09-02 17:18:29.942000+00:00,2025-09-02 17:18:29.982000+00:00,100.67283304775816,13.582721776180264,100.6628690810117,13.576841628529573,100.7015258188621,13.614685454410154,0,[],True,https://catalog.carbonmapper.org/l3a,True,https://catalog.carbonmapper.org/l3a,True,https://catalog.carbonmapper.org/l3a,True,https://catalog.carbonmapper.org/l3a,True,https://catalog.carbonmapper.org/l3a,32.52919689814815,Solid waste / landfill,True,Public rate + uncertainty,16.66677807581804,Thailand,THA,True,429.8618495133188,71.64412049099175,False,2025-08-01 04:36:27.330000+00:00,2025-08-01 04:36:27.330000+00:00,Live API scene_timestamp,32.52919689814815,9.323278461832183,>5-15°,>2-4 m/s,1,1 plume,Not flagged offshore,2025,CM500-11f3d4c914
d1288499-e228-466c-8ea8-64aa3737b262,tan20250802t040201c53s4001-L,CH4,8cbb5321-25a7-4b79-a4be-4eda118be269,2025-08-02 04:02:01.530000+00:00,tan,production,Tanager,,,mfa,33.155197959134426,standard_sensitivity,4.0252717060541805,,2.4074074074074074,83.00285548742131,v3,3.26.1,False,l2c-ch4-v0,mfa,6A,published,True,2025-09-02 20:14:32.953000+00:00,2025-09-02 20:14:33.211000+00:00,107.00313508251395,-6.346282942802276,106.9860374658282,-6.363027500730839,107.01677195707143,-6.332211111207601,0,[],True,https://catalog.carbonmapper.org/l3a,True,https://catalog.carbonmapper.org/l3a,True,https://catalog.carbonmapper.org/l3a,True,https://catalog.carbonmapper.org/l3a,True,https://catalog.carbonmapper.org/l3a,31.67536369212963,Solid waste / landfill,True,Hidden / unavailable rate,,Indonesia,IDN,True,,,True,2025-08-02 04:02:01.530000+00:00,2025-08-02 04:02:01.530000+00:00,Live API scene_timestamp,31.67536369212963,4.0252717060541805,0-5°,>2-4 m/s,7,4+ plumes,Not flagged offshore,2025,CM500-6ba45e438c
8d9ca868-71a5-4873-8949-51118d93c961,tan20250802t040201c53s4001-K,CH4,8cbb5321-25a7-4b79-a4be-4eda118be269,2025-08-02 04:02:01.530000+00:00,tan,production,Tanager,,,mfa,33.155197959134426,standard_sensitivity,4.0252717060541805,,2.4074074074074074,83.00285548742131,v3,3.26.1,False,l2c-ch4-v0,mfa,6A,published,True,2025-09-02 20:14:32.953000+00:00,2025-09-02 20:14:33.121000+00:00,107.0004084493496,-6.345707083562047,106.8863996417809,-6.417546139871926,107.01315011071353,-6.291574450613143,0,[],True,https://catalog.carbonmapper.org/l3a,True,https://catalog.carbonmapper.org/l3a,True,https://catalog.carbonmapper.org/l3a,True,https://catalog.carbonmapper.org/l3a,True,https://catalog.carbonmapper.org/l3a,31.67536369212963,Solid waste / landfill,True,Hidden / unavailable rate,,Indonesia,IDN,True,,,True,2025-08-02 04:02:01.530000+00:00,2025-08-02 04:02:01.530000+00:00,Live API scene_timestamp,31.67536369212963,4.0252717060541805,0-5°,>2-4 m/s,7,4+ plumes,Not flagged offshore,2025,CM500-6ba45e438c
367bd542-10c4-4ea9-a117-68db604a82a1,tan20250802t040201c53s4001-J,CH4,8cbb5321-25a7-4b79-a4be-4eda118be269,2025-08-02 04:02:01.530000+00:00,tan,production,Tanager,8354.564530223819,825.3188231008667,mfa,33.155197959134426,standard_sensitivity,4.0252717060541805,,2.388888888888889,87.33387178440327,v3,3.25.1,False,l2c-ch4-v0,mfa,6A,published,False,2025-09-01 04:19:01.105000+00:00,2025-09-01 04:19:01.104000+00:00,106.99355675933401,-6.34866385306195,106.88667361120861,-6.418360733469635,107.01315327026062,-6.292388061478168,0,[],True,https://catalog.carbonmapper.org/l3a,True,https://catalog.carbonmapper.org/l3a,True,https://catalog.carbonmapper.org/l3a,True,https://catalog.carbonmapper.org/l3a,True,https://catalog.carbonmapper.org/l3a,30.011800636574076,Solid waste / landfill,True,Public rate + uncertainty,9.878657590292818,Indonesia,IDN,True,8354.564530223819,825.3188231008667,False,2025-08-02 04:02:01.530000+00:00,2025-08-02 04:02:01.530000+00:00,Live API scene_timestamp,30.011800636574076,4.0252717060541805,0-5°,>2-4 m/s,7,4+ plumes,Not flagged offshore,2025,CM500-6ba45e438c
5a829c32-22a5-4beb-8b22-149d102779ef,tan20250802t040201c53s4001-E,CH4,8cbb5321-25a7-4b79-a4be-4eda118be269,2025-08-02 04:02:01.530000+00:00,tan,production,Tanager,1787.1494172414143,303.3668427139898,mfa,33.155197959134426,standard_sensitivity,4.0252717060541805,,2.388888888888889,87.33387178440327,v3,3.25.1,False,l2c-ch4-v0,mfa,6A,published,False,2025-09-01 04:19:01.203000+00:00,2025-09-01 04:19:01.202000+00:00,106.99592008237789,-6.349696178332337,106.88667361120861,-6.418360733469635,107.01315327026062,-6.292388061478168,0,[],True,https://catalog.carbonmapper.org/l3a,True,https://catalog.carbonmapper.org/l3a,True,https://catalog.carbonmapper.org/l3a,True,https://catalog.carbonmapper.org/l3a,True,https://catalog.carbonmapper.org/l3a,30.011801770833333,Solid waste / landfill,True,Public rate + uncertainty,16.974900911321505,Indonesia,IDN,True,1787.1494172414143,303.3668427139898,False,2025-08-02 04:02:01.530000+00:00,2025-08-02 04:02:01.530000+00:00,Live API scene_timestamp,30.011801770833333,4.0252717060541805,0-5°,>2-4 m/s,7,4+ plumes,Not flagged offshore,2025,CM500-6ba45e438c
5c2d69b3-5c4b-4dac-ac20-105e450982ef,tan20250802t040201c53s4001-C,CH4,8cbb5321-25a7-4b79-a4be-4eda118be269,2025-08-02 04:02:01.530000+00:00,tan,production,Tanager,400.98159999759105,159.48968507702065,mfa,33.155197959134426,standard_sensitivity,4.0252717060541805,,2.4074074074074074,83.00285548742131,v3,3.25.1,False,l2c-ch4-v0,mfa,6A,published,False,2025-09-01 04:19:00.630000+00:00,2025-09-01 04:19:00.628000+00:00,107.01877594997364,-6.351060444420824,107.00285918277366,-6.366758653162491,107.03359357213304,-6.335942589108824,0,[],True,https://catalog.carbonmapper.org/l3a,True,https://catalog.carbonmapper.org/l3a,True,https://catalog.carbonmapper.org/l3a,True,https://catalog.carbonmapper.org/l3a,True,https://catalog.carbonmapper.org/l3a,30.01179513888889,Solid waste / landfill,True,Public rate + uncertainty,39.774813876242405,Indonesia,IDN,True,400.9815999975911,159.48968507702065,False,2025-08-02 04:02:01.530000+00:00,2025-08-02 04:02:01.530000+00:00,Live API scene_timestamp,30.01179513888889,4.0252717060541805,0-5°,>2-4 m/s,7,4+ plumes,Not flagged offshore,2025,CM500-ee9394adc5
41f82353-d2a7-4aaf-862a-109e777179ba,tan20250802t040201c53s4001-B,CH4,8cbb5321-25a7-4b79-a4be-4eda118be269,2025-08-02 04:02:01.530000+00:00,tan,production,Tanager,1317.439548663604,253.28325957132853,mfa,33.155197959134426,standard_sensitivity,4.0252717060541805,,2.388888888888889,87.33387178440327,v3,3.25.1,False,l2c-ch4-v0,mfa,6A,published,False,2025-09-01 04:19:00.527000+00:00,2025-09-01 04:19:00.525000+00:00,106.99564892070941,-6.356900580707119,106.88694464989113,-6.415937185288605,107.01097713234743,-6.2926667196834565,0,[],True,https://catalog.carbonmapper.org/l3a,True,https://catalog.carbonmapper.org/l3a,True,https://catalog.carbonmapper.org/l3a,True,https://catalog.carbonmapper.org/l3a,True,https://catalog.carbonmapper.org/l3a,30.01179394675926,Solid waste / landfill,True,Public rate + uncertainty,19.22541795775421,Indonesia,IDN,True,1317.439548663604,253.28325957132853,False,2025-08-02 04:02:01.530000+00:00,2025-08-02 04:02:01.530000+00:00,Live API scene_timestamp,30.01179394675926,4.0252717060541805,0-5°,>2-4 m/s,7,4+ plumes,Not flagged offshore,2025,CM500-17f5d3eb36
00286d6c-2fe7-4ac2-9beb-e33331c1ae68,tan20250802t040201c53s4001-A,CH4,8cbb5321-25a7-4b79-a4be-4eda118be269,2025-08-02 04:02:01.530000+00:00,tan,production,Tanager,2137.6368753115335,306.6905080271482,mfa,33.155197959134426,standard_sensitivity,4.0252717060541805,,2.388888888888889,87.33387178440327,v3,3.25.1,False,l2c-ch4-v0,mfa,6A,published,False,2025-09-01 04:19:00.400000+00:00,2025-09-01 04:19:00.398000+00:00,106.99742478934849,-6.34614074708216,106.87879768980893,-6.422401383631608,107.01370862708245,-6.288319577772576,0,[],True,https://catalog.carbonmapper.org/l3a,True,https://catalog.carbonmapper.org/l3a,True,https://catalog.carbonmapper.org/l3a,True,https://catalog.carbonmapper.org/l3a,True,https://catalog.carbonmapper.org/l3a,30.011792476851852,Solid waste / landfill,True,Public rate + uncertainty,14.347175218075893,Indonesia,IDN,True,2137.636875311533,306.6905080271482,False,2025-08-02 04:02:01.530000+00:00,2025-08-02 04:02:01.530000+00:00,Live API scene_timestamp,30.011792476851852,4.0252717060541805,0-5°,>2-4 m/s,7,4+ plumes,Not flagged offshore,2025,CM500-6ba45e438c
a2e59539-1520-4668-aed2-33a0034278ef,tan20250803t031625c33s4001-D,CH4,c1028a3f-e29a-4b19-bd1f-13ed9954f404,2025-08-03 03:16:25.330000+00:00,tan,production,Tanager,725.1584413505735,246.2111665878127,mfa,34.51017956515094,maximum_sensitivity,10.909283156131764,,1.9351851851851851,257.33166776031584,v3,3.26.0,False,l2c-ch4-v0,mfa,6A,published,False,2025-09-02 20:15:47.383000+00:00,2025-09-02 20:15:47.529000+00:00,121.15603101455628,14.768007088130545,121.1444254037492,14.74273140013688,121.20926759060598,14.805700038671997,0,[],True,https://catalog.carbonmapper.org/l3a,True,https://catalog.carbonmapper.org/l3a,True,https://catalog.carbonmapper.org/l3a,True,https://catalog.carbonmapper.org/l3a,True,https://catalog.carbonmapper.org/l3a,30.707894131944443,Solid waste / landfill,True,Public rate + uncertainty,33.95274088366895,Philippines,PHL,True,725.1584413505735,246.2111665878127,False,2025-08-03 03:16:25.330000+00:00,2025-08-03 03:16:25.330000+00:00,Live API scene_timestamp,30.707894131944443,10.909283156131764,>5-15°,0-2 m/s,4,4+ plumes,Not flagged offshore,2025,CM500-cda1f1e271
721e6088-1878-4bfc-b4c2-64bef9f806dc,tan20250803t031625c33s4001-C,CH4,c1028a3f-e29a-4b19-bd1f-13ed9954f404,2025-08-03 03:16:25.330000+00:00,tan,production,Tanager,2562.9567818111846,658.805505980289,mfa,34.51017956515094,maximum_sensitivity,10.909283156131764,,1.9351851851851851,257.33166776031584,v3,3.26.0,False,l2c-ch4-v0,mfa,6A,published,False,2025-09-02 20:15:47.383000+00:00,2025-09-02 20:15:47.484000+00:00,121.15552761354479,14.775369100854121,121.1444254037492,14.74273140013688,121.20926759060598,14.805700038671997,0,[],True,https://catalog.carbonmapper.org/l3a,True,https://catalog.carbonmapper.org/l3a,True,https://catalog.carbonmapper.org/l3a,True,https://catalog.carbonmapper.org/l3a,True,https://catalog.carbonmapper.org/l3a,30.707894131944443,Solid waste / landfill,True,Public rate + uncertainty,25.70490109921892,Philippines,PHL,True,2562.956781811185,658.805505980289,False,2025-08-03 03:16:25.330000+00:00,2025-08-03 03:16:25.330000+00:00,Live API scene_timestamp,30.707894131944443,10.909283156131764,>5-15°,0-2 m/s,4,4+ plumes,Not flagged offshore,2025,CM500-cda1f1e271
f2f4b2f6-0c1a-47cd-a9a2-d0ba541e0092,tan20250803t031625c33s4001-B,CH4,c1028a3f-e29a-4b19-bd1f-13ed9954f404,2025-08-03 03:16:25.330000+00:00,tan,production,Tanager,2581.945361736748,676.362141166505,mfa,34.51017956515094,maximum_sensitivity,10.909283156131764,,1.9351851851851851,257.33166776031584,v3,3.26.0,False,l2c-ch4-v0,mfa,6A,published,False,2025-09-02 20:15:47.383000+00:00,2025-09-02 20:15:47.427000+00:00,121.15786488952182,14.769222830601166,121.14473624313027,14.744030788499662,121.2042686211721,14.801595290624142,0,[],True,https://catalog.carbonmapper.org/l3a,True,https://catalog.carbonmapper.org/l3a,True,https://catalog.carbonmapper.org/l3a,True,https://catalog.carbonmapper.org/l3a,True,https://catalog.carbonmapper.org/l3a,30.707894131944443,Solid waste / landfill,True,Public rate + uncertainty,26.19583478372096,Philippines,PHL,True,2581.945361736748,676.362141166505,False,2025-08-03 03:16:25.330000+00:00,2025-08-03 03:16:25.330000+00:00,Live API scene_timestamp,30.707894131944443,10.909283156131764,>5-15°,0-2 m/s,4,4+ plumes,Not flagged offshore,2025,CM500-cda1f1e271
760b8d45-2a6e-4d2a-b2d2-02962298c510,tan20250803t031625c33s4001-A,CH4,c1028a3f-e29a-4b19-bd1f-13ed9954f404,2025-08-03 03:16:25.330000+00:00,tan,production,Tanager,2369.000453494844,441.30825480919594,mfa,34.51017956515094,maximum_sensitivity,10.909283156131764,,3.3055555555555554,276.99999999999994,v3,3.26.0,False,l2c-ch4-v0,mfa,6A,published,False,2025-09-02 20:15:37.628000+00:00,2025-09-02 20:15:37.667000+00:00,121.16338769628476,14.689430804723386,121.15360423349551,14.676577522622198,121.18517495355881,14.70738623433576,0,[],True,https://catalog.carbonmapper.org/l3a,True,https://catalog.carbonmapper.org/l3a,True,https://catalog.carbonmapper.org/l3a,True,https://catalog.carbonmapper.org/l3a,True,https://catalog.carbonmapper.org/l3a,30.70778122685185,Solid waste / landfill,True,Public rate + uncertainty,18.628458013089883,Philippines,PHL,True,2369.000453494844,441.308254809196,False,2025-08-03 03:16:25.330000+00:00,2025-08-03 03:16:25.330000+00:00,Live API scene_timestamp,30.70778122685185,10.909283156131764,>5-15°,>2-4 m/s,4,4+ plumes,Not flagged offshore,2025,CM500-5c4211c9ce
c7d80ec3-9e3b-4bc9-8648-26c00a55e377,tan20250805t033610c58s4001-A,CH4,66b0e359-353d-46a4-83c0-c0bb68c4857e,2025-08-05 03:36:10.580000+00:00,tan,production,Tanager,,,mfa,32.99672498904684,standard_sensitivity,5.900159269732593,,1.6759259259259258,28.65036900816081,v3,3.25.1,False,l2c-ch4-v0,mfa,6A,published,True,2025-09-04 04:18:59.585000+00:00,2025-09-04 04:18:59.583000+00:00,112.76398984386469,-7.550661866823688,112.74892122388555,-7.567713663578146,112.78001148617373,-7.536893100517404,0,[],True,https://catalog.carbonmapper.org/l3a,True,https://catalog.carbonmapper.org/l3a,True,https://catalog.carbonmapper.org/l3a,True,https://catalog.carbonmapper.org/l3a,True,https://catalog.carbonmapper.org/l3a,30.029733854166665,Solid waste / landfill,True,Hidden / unavailable rate,,Indonesia,IDN,True,,,True,2025-08-05 03:36:10.580000+00:00,2025-08-05 03:36:10.580000+00:00,Live API scene_timestamp,30.029733854166665,5.900159269732593,>5-15°,0-2 m/s,1,1 plume,Not flagged offshore,2025,CM500-afb9d32eea
e94e4f92-e319-4902-9964-09c292ec62eb,tan20250811t041050c68s4001-A,CH4,8a748753-b2e2-4a33-96d5-20487b6b8824,2025-08-11 04:10:50.680000+00:00,tan,production,Tanager,630.0742753346763,437.00735633627664,mfa,32.910086422361346,standard_sensitivity,5.09990831768297,,0.7407407407407408,308.3129080819314,v3,3.25.1,False,l2c-ch4-v0,mfa,6A,published,False,2025-09-10 04:19:05.704000+00:00,2025-09-10 04:19:05.703000+00:00,108.14374837870531,16.039813570256698,108.12545899211639,16.024211437467923,108.15748928617045,16.0549948219921,0,[],True,https://catalog.carbonmapper.org/l3a,True,https://catalog.carbonmapper.org/l3a,True,https://catalog.carbonmapper.org/l3a,True,https://catalog.carbonmapper.org/l3a,True,https://catalog.carbonmapper.org/l3a,30.005729444444448,Solid waste / landfill,True,Public rate + uncertainty,69.35806990440162,Vietnam,VNM,True,630.0742753346763,437.00735633627664,False,2025-08-11 04:10:50.680000+00:00,2025-08-11 04:10:50.680000+00:00,Live API scene_timestamp,30.005729444444448,5.09990831768297,>5-15°,0-2 m/s,1,1 plume,Not flagged offshore,2025,CM500-edabf81d6a
6b379c13-33b5-46e1-9b8f-7f3fdb2a4925,tan20250811t041149c61s4001-A,CH4,cc21f4ee-c41a-45e9-ba69-a9cfabd74d81,2025-08-11 04:11:49.610000+00:00,tan,production,Tanager,990.9244108767735,195.9405344881604,mfa,33.067828747887106,standard_sensitivity,7.582204762931555,,2.8611111111111107,263.99898298231744,v3,3.25.1,False,l2c-ch4-v0,mfa,6A,published,False,2025-09-10 04:19:03.500000+00:00,2025-09-10 04:19:03.499000+00:00,106.44028573487088,10.966133394971038,106.42882518985279,10.952610140743001,106.45994565708838,10.983432518150943,0,[],True,https://catalog.carbonmapper.org/l3a,True,https://catalog.carbonmapper.org/l3a,True,https://catalog.carbonmapper.org/l3a,True,https://catalog.carbonmapper.org/l3a,True,https://catalog.carbonmapper.org/l3a,30.005021875,Solid waste / landfill,True,Public rate + uncertainty,19.773509698362513,Vietnam,VNM,True,990.9244108767735,195.9405344881604,False,2025-08-11 04:11:49.610000+00:00,2025-08-11 04:11:49.610000+00:00,Live API scene_timestamp,30.005021875,7.582204762931555,>5-15°,>2-4 m/s,1,1 plume,Not flagged offshore,2025,CM500-e4e35f640f
f90e2e7c-6152-40de-bb0d-8630855b10d9,tan20250812t033705c68s4001-A,CH4,df0dfc25-af5f-4bfd-bc95-990e9f2f9edd,2025-08-12 03:37:05.680000+00:00,tan,production,Tanager,,,mfa,33.00679230963007,standard_sensitivity,5.800403081209535,,2.4166666666666665,65.00427669208851,v3,3.25.1,False,l2c-ch4-v0,mfa,other,published,True,2025-09-11 04:19:00.425000+00:00,2025-09-11 04:19:00.423000+00:00,112.71219856319885,-7.527390746360027,112.68223263644433,-7.5470704879245485,112.7168676080204,-7.512734187904918,0,[],True,https://catalog.carbonmapper.org/l3a,True,https://catalog.carbonmapper.org/l3a,True,https://catalog.carbonmapper.org/l3a,True,https://catalog.carbonmapper.org/l3a,True,https://catalog.carbonmapper.org/l3a,30.02910584490741,Other / unclassified,False,Hidden / unavailable rate,,Indonesia,IDN,True,,,True,2025-08-12 03:37:05.680000+00:00,2025-08-12 03:37:05.680000+00:00,Live API scene_timestamp,30.02910584490741,5.800403081209535,>5-15°,>2-4 m/s,1,1 plume,Not flagged offshore,2025,CM500-07bf199048
d59b8da0-7e3e-42ae-9c2e-5c353e342bc6,tan20250816t035852c06s4001-A,CH4,672f94e3-4b54-4ad1-a344-4f9aac521bee,2025-08-16 03:58:52.060000+00:00,tan,production,Tanager,,,mfa,36.55477605598996,standard_sensitivity,20.15005462049026,,1.111111111111111,318.79679457983775,v3,3.26.1,False,l2c-ch4-v0,mfa,6A,published,True,2025-09-15 04:19:01.846000+00:00,2025-09-15 04:19:01.845000+00:00,109.1332243295837,13.740615863485786,109.11913931189245,13.727078067763458,109.15085799991225,13.757888752202879,0,[],True,https://catalog.carbonmapper.org/l3a,True,https://catalog.carbonmapper.org/l3a,True,https://catalog.carbonmapper.org/l3a,True,https://catalog.carbonmapper.org/l3a,True,https://catalog.carbonmapper.org/l3a,30.014002152777778,Solid waste / landfill,True,Hidden / unavailable rate,,Vietnam,VNM,True,,,True,2025-08-16 03:58:52.060000+00:00,2025-08-16 03:58:52.060000+00:00,Live API scene_timestamp,30.014002152777778,20.15005462049026,>15-30°,0-2 m/s,1,1 plume,Not flagged offshore,2025,CM500-ddf74cefc8
1b119114-f6f1-4915-abd0-3e5fa8704f25,tan20250819t033432c67s4001-B,CH4,4892ddb7-120a-4654-8d3d-395573ba12db,2025-08-19 03:34:32.670000+00:00,tan,production,Tanager,1140.146542346036,456.12604027563236,mfa,32.96999230277833,standard_sensitivity,6.133398830992204,,1.8425925925925926,271.67152760742243,v3,3.26.1,False,l2c-ch4-v0,mfa,1B2,published,False,2025-09-18 04:19:09.288000+00:00,2025-09-18 04:19:09.286000+00:00,116.1743421526379,6.103690959209985,116.16013468298796,6.088008241286587,116.19114405113532,6.118571372841565,0,[],True,https://catalog.carbonmapper.org/l3a,True,https://catalog.carbonmapper.org/l3a,True,https://catalog.carbonmapper.org/l3a,True,https://catalog.carbonmapper.org/l3a,True,https://catalog.carbonmapper.org/l3a,30.030979374999998,Oil and gas,True,Public rate + uncertainty,40.00591356766115,Malaysia,MYS,True,1140.146542346036,456.1260402756324,False,2025-08-19 03:34:32.670000+00:00,2025-08-19 03:34:32.670000+00:00,Live API scene_timestamp,30.030979374999998,6.133398830992204,>5-15°,0-2 m/s,2,2-3 plumes,Not flagged offshore,2025,CM500-d7d3e67bd4
43f9b355-fcde-47b2-8f78-af0b84749d1c,tan20250819t033432c67s4001-A,CH4,4892ddb7-120a-4654-8d3d-395573ba12db,2025-08-19 03:34:32.670000+00:00,tan,production,Tanager,585.1887316863846,223.9211849757388,mfa,32.96999230277833,standard_sensitivity,6.133398830992204,,1.8425925925925926,271.67152760742243,v3,3.26.1,False,l2c-ch4-v0,mfa,6A,published,False,2025-09-18 04:19:09.440000+00:00,2025-09-18 04:19:09.438000+00:00,116.17634866388158,6.108418544459909,116.16772369527409,6.0899200790515335,116.19846020380385,6.120482258759953,0,[],True,https://catalog.carbonmapper.org/l3a,True,https://catalog.carbonmapper.org/l3a,True,https://catalog.carbonmapper.org/l3a,True,https://catalog.carbonmapper.org/l3a,True,https://catalog.carbonmapper.org/l3a,30.03098113425926,Solid waste / landfill,True,Public rate + uncertainty,38.264780719623126,Malaysia,MYS,True,585.1887316863846,223.9211849757388,False,2025-08-19 03:34:32.670000+00:00,2025-08-19 03:34:32.670000+00:00,Live API scene_timestamp,30.03098113425926,6.133398830992204,>5-15°,0-2 m/s,2,2-3 plumes,Not flagged offshore,2025,CM500-07d641fd3b
574f5025-6f80-42d3-86e4-d266403e926f,tan20250820t042820c16s4001-A,CH4,bff2b794-023b-46db-9d5b-f6a0783d19ad,2025-08-20 04:28:20.160000+00:00,tan,production,Tanager,1054.0431360988057,270.07050560654835,mfa,37.55506002456251,standard_sensitivity,22.7,,2.0833333333333335,186.86298398203778,v3,3.26.1,False,l2c-ch4-v0,mfa,6A,published,False,2025-09-19 05:19:08.693000+00:00,2025-09-19 05:19:08.692000+00:00,100.62400679376151,5.414091988605975,100.6092296246336,5.403114167845433,100.64019273263955,5.433668530604094,0,[],True,https://catalog.carbonmapper.org/l3a,True,https://catalog.carbonmapper.org/l3a,True,https://catalog.carbonmapper.org/l3a,True,https://catalog.carbonmapper.org/l3a,True,https://catalog.carbonmapper.org/l3a,30.035283946759257,Solid waste / landfill,True,Public rate + uncertainty,25.622339006553904,Malaysia,MYS,True,1054.0431360988057,270.07050560654835,False,2025-08-20 04:28:20.160000+00:00,2025-08-20 04:28:20.160000+00:00,Live API scene_timestamp,30.035283946759257,22.7,>15-30°,>2-4 m/s,1,1 plume,Not flagged offshore,2025,CM500-53e7301000
1a1fa51b-3c58-4193-97ef-b18da68689d9,tan20250822t031119c76s4001-A,CH4,b27ede84-25bd-4c11-ac46-c6160cc62b25,2025-08-22 03:11:19.760000+00:00,tan,production,Tanager,832.0546413571747,398.4671767233732,mfa,33.7850382950248,standard_sensitivity,10.450127650082651,,1.1203703703703705,243.32350698632746,v3,3.26.1,False,l2c-ch4-v0,mfa,6A,published,False,2025-09-21 03:19:09.049000+00:00,2025-09-21 03:19:09.047000+00:00,119.49078295089237,-5.17538201731999,119.4672293515238,-5.189068937029588,119.49789106338844,-5.158261905756407,0,[],True,https://catalog.carbonmapper.org/l3a,True,https://catalog.carbonmapper.org/l3a,True,https://catalog.carbonmapper.org/l3a,True,https://catalog.carbonmapper.org/l3a,True,https://catalog.carbonmapper.org/l3a,30.005431585648147,Solid waste / landfill,True,Public rate + uncertainty,47.8895443781707,Indonesia,IDN,True,832.0546413571747,398.4671767233732,False,2025-08-22 03:11:19.760000+00:00,2025-08-22 03:11:19.760000+00:00,Live API scene_timestamp,30.005431585648147,10.450127650082651,>5-15°,0-2 m/s,1,1 plume,Not flagged offshore,2025,CM500-6403356d12
c761bff4-0364-42e4-a012-7e9fa7931238,tan20250823t035714c23s4001-B,CH4,d2b3aae5-37cc-4bc5-9f34-2ee4b18ed761,2025-08-23 03:57:14.230000+00:00,tan,production,Tanager,2861.5241179934574,385.3340295338474,mfa,40.45606779262062,maximum_sensitivity,21.300422032130435,,4.101851851851852,72.99755785394186,v3,3.26.1,False,l2c-ch4-v0,mfa,6A,published,False,2025-09-22 04:19:10.735000+00:00,2025-09-22 04:19:10.734000+00:00,113.92923180909139,22.41880027804001,113.91211513047425,22.39952344026989,113.9456997193692,22.430570576110146,0,[],True,https://catalog.carbonmapper.org/l3a,True,https://catalog.carbonmapper.org/l3a,True,https://catalog.carbonmapper.org/l3a,True,https://catalog.carbonmapper.org/l3a,True,https://catalog.carbonmapper.org/l3a,30.01523732638889,Solid waste / landfill,True,Public rate + uncertainty,13.466041649302936,Hong Kong,HKG,False,2861.5241179934574,385.3340295338474,False,2025-08-23 03:57:14.230000+00:00,2025-08-23 03:57:14.230000+00:00,Live API scene_timestamp,30.01523732638889,21.300422032130435,>15-30°,>4-6 m/s,2,2-3 plumes,Not flagged offshore,2025,CM500-35a6d3e878
55f82a38-4558-4556-824c-b02515ff1994,tan20250823t035714c23s4001-A,CH4,d2b3aae5-37cc-4bc5-9f34-2ee4b18ed761,2025-08-23 03:57:14.230000+00:00,tan,production,Tanager,2691.451398079691,477.72508577960537,mfa,40.45606779262062,maximum_sensitivity,21.300422032130435,,4.101851851851852,72.99755785394186,v3,3.26.1,False,l2c-ch4-v0,mfa,6A,published,False,2025-09-22 04:19:10.586000+00:00,2025-09-22 04:19:10.584000+00:00,113.9321327876824,22.410888397488407,113.91211513047425,22.39952344026989,113.9456997193692,22.430570576110146,0,[],True,https://catalog.carbonmapper.org/l3a,True,https://catalog.carbonmapper.org/l3a,True,https://catalog.carbonmapper.org/l3a,True,https://catalog.carbonmapper.org/l3a,True,https://catalog.carbonmapper.org/l3a,30.015235601851852,Solid waste / landfill,True,Public rate + uncertainty,17.749719951118376,Hong Kong,HKG,False,2691.451398079691,477.72508577960537,False,2025-08-23 03:57:14.230000+00:00,2025-08-23 03:57:14.230000+00:00,Live API scene_timestamp,30.015235601851852,21.300422032130435,>15-30°,>4-6 m/s,2,2-3 plumes,Not flagged offshore,2025,CM500-35a6d3e878
069d9271-2e78-4304-8a48-84aa7c2a38b5,tan20250823t035956c04s4001-A,CH4,b7aff5ed-a4fb-46e3-934c-760e4f4df8e7,2025-08-23 03:59:56.040000+00:00,tan,production,Tanager,521.5366861969233,160.68973321056242,mfa,37.164300498900374,standard_sensitivity,19.55003412200486,,3.5833333333333335,276.0,v3,3.26.1,False,l2c-ch4-v0,mfa,6A,published,False,2025-09-22 04:19:11.635000+00:00,2025-09-22 04:19:11.633000+00:00,109.1353254817526,13.741426076142872,109.12302329408048,13.72710806846644,109.15446282676727,13.757917846245546,0,[],True,https://catalog.carbonmapper.org/l3a,True,https://catalog.carbonmapper.org/l3a,True,https://catalog.carbonmapper.org/l3a,True,https://catalog.carbonmapper.org/l3a,True,https://catalog.carbonmapper.org/l3a,30.013374942129634,Solid waste / landfill,True,Public rate + uncertainty,30.81082068882279,Vietnam,VNM,True,521.5366861969233,160.68973321056242,False,2025-08-23 03:59:56.040000+00:00,2025-08-23 03:59:56.040000+00:00,Live API scene_timestamp,30.013374942129634,19.55003412200486,>15-30°,>2-4 m/s,1,1 plume,Not flagged offshore,2025,CM500-ddf74cefc8
5e448e20-10cb-46c3-970a-2d29c04153ea,tan20250823t040443c73s4001-A,CH4,202440ee-66d6-412c-999c-ba210e54158a,2025-08-23 04:04:43.730000+00:00,tan,production,Tanager,,,mfa,32.52780315820546,maximum_sensitivity,11.273651473450482,,1.787037037037037,61.82541096923314,v3,3.26.1,False,l2c-ch4-v0,mfa,6A,published,True,2025-09-22 04:19:11.075000+00:00,2025-09-22 04:19:11.073000+00:00,106.9972883740333,-6.348575215445578,106.95725381808025,-6.370862314108677,107.00893161661813,-6.319230753913335,0,[],True,https://catalog.carbonmapper.org/l3a,True,https://catalog.carbonmapper.org/l3a,True,https://catalog.carbonmapper.org/l3a,True,https://catalog.carbonmapper.org/l3a,True,https://catalog.carbonmapper.org/l3a,30.01003871527778,Solid waste / landfill,True,Hidden / unavailable rate,,Indonesia,IDN,True,,,True,2025-08-23 04:04:43.730000+00:00,2025-08-23 04:04:43.730000+00:00,Live API scene_timestamp,30.01003871527778,11.273651473450482,>5-15°,0-2 m/s,6,4+ plumes,Not flagged offshore,2025,CM500-6ba45e438c
15749aa9-9884-44c1-8eef-c699099537f4,tan20250823t040443c73s4001-I,CH4,202440ee-66d6-412c-999c-ba210e54158a,2025-08-23 04:04:43.730000+00:00,tan,production,Tanager,,,mfa,32.52780315820546,maximum_sensitivity,11.273651473450482,,1.787037037037037,61.82541096923314,v3c,3.56.0,False,l2c-ch4-v0,mfa,6A,published,True,2026-03-03 12:38:45.943000+00:00,2026-03-03 12:38:45.981000+00:00,106.99283972892101,-6.348266323329597,106.95698171585659,-6.370591112356918,107.0089314937155,-6.3192298698754525,0,[],True,https://catalog.carbonmapper.org/l3a,True,https://catalog.carbonmapper.org/l3a,True,https://catalog.carbonmapper.org/l3a,True,https://catalog.carbonmapper.org/l3a,True,https://catalog.carbonmapper.org/l3a,192.35697005787037,Solid waste / landfill,True,Hidden / unavailable rate,,Indonesia,IDN,True,,,True,2025-08-23 04:04:43.730000+00:00,2025-08-23 04:04:43.730000+00:00,Live API scene_timestamp,192.35697005787037,11.273651473450482,>5-15°,0-2 m/s,6,4+ plumes,Not flagged offshore,2025,CM500-6ba45e438c
5223ed8c-31c2-48ad-ba19-927d15eeaacc,tan20250823t040443c73s4001-H,CH4,202440ee-66d6-412c-999c-ba210e54158a,2025-08-23 04:04:43.730000+00:00,tan,production,Tanager,483.8194873477474,115.80650757166927,mfa,32.52780315820546,maximum_sensitivity,11.273651473450482,,1.4722222222222223,60.53610050421916,v3,3.26.1,False,l2c-ch4-v0,mfa,,published,False,2025-09-22 04:19:11.779000+00:00,2025-09-22 04:19:11.778000+00:00,106.89854959256536,-6.38867479685932,106.88208616363677,-6.404380434920955,106.91309807029965,-6.373561132486611,0,[],True,https://catalog.carbonmapper.org/l3a,True,https://catalog.carbonmapper.org/l3a,True,https://catalog.carbonmapper.org/l3a,True,https://catalog.carbonmapper.org/l3a,True,https://catalog.carbonmapper.org/l3a,30.010046863425927,Unclassified,False,Public rate + uncertainty,23.93589150501349,Indonesia,IDN,True,483.8194873477474,115.80650757166929,False,2025-08-23 04:04:43.730000+00:00,2025-08-23 04:04:43.730000+00:00,Live API scene_timestamp,30.010046863425927,11.273651473450482,>5-15°,0-2 m/s,6,4+ plumes,Not flagged offshore,2025,CM500-8a59adc7c3
0c74edad-bbe2-4c03-a890-8e7cf163ca3d,tan20250823t040443c73s4001-G,CH4,202440ee-66d6-412c-999c-ba210e54158a,2025-08-23 04:04:43.730000+00:00,tan,production,Tanager,,,mfa,32.52780315820546,maximum_sensitivity,11.273651473450482,,2.0555555555555554,63.75962051333748,v3,3.26.1,False,l2c-ch4-v0,mfa,6A,published,True,2025-09-22 04:19:09.789000+00:00,2025-09-22 04:19:09.787000+00:00,107.00320324834286,-6.346249068747227,106.95725381808025,-6.370862314108677,107.00893161661813,-6.319230753913335,0,[],True,https://catalog.carbonmapper.org/l3a,True,https://catalog.carbonmapper.org/l3a,True,https://catalog.carbonmapper.org/l3a,True,https://catalog.carbonmapper.org/l3a,True,https://catalog.carbonmapper.org/l3a,30.01002383101852,Solid waste / landfill,True,Hidden / unavailable rate,,Indonesia,IDN,True,,,True,2025-08-23 04:04:43.730000+00:00,2025-08-23 04:04:43.730000+00:00,Live API scene_timestamp,30.01002383101852,11.273651473450482,>5-15°,>2-4 m/s,6,4+ plumes,Not flagged offshore,2025,CM500-6ba45e438c
55ea05fb-0846-4a8a-9b0c-1aa9030cc34b,tan20250823t040443c73s4001-C,CH4,202440ee-66d6-412c-999c-ba210e54158a,2025-08-23 04:04:43.730000+00:00,tan,production,Tanager,,,mfa,32.52780315820546,maximum_sensitivity,11.273651473450482,,2.0555555555555554,63.75962051333748,v3,3.26.1,False,l2c-ch4-v0,mfa,6A,published,True,2025-09-22 04:19:11.189000+00:00,2025-09-22 04:19:11.187000+00:00,107.0010796780424,-6.34629430978508,106.95725381808025,-6.370862314108677,107.00893161661813,-6.319230753913335,0,[],True,https://catalog.carbonmapper.org/l3a,True,https://catalog.carbonmapper.org/l3a,True,https://catalog.carbonmapper.org/l3a,True,https://catalog.carbonmapper.org/l3a,True,https://catalog.carbonmapper.org/l3a,30.01004003472222,Solid waste / landfill,True,Hidden / unavailable rate,,Indonesia,IDN,True,,,True,2025-08-23 04:04:43.730000+00:00,2025-08-23 04:04:43.730000+00:00,Live API scene_timestamp,30.01004003472222,11.273651473450482,>5-15°,>2-4 m/s,6,4+ plumes,Not flagged offshore,2025,CM500-6ba45e438c
8ed25b0a-d480-47a9-889c-1810548518be,tan20250823t040443c73s4001-B,CH4,202440ee-66d6-412c-999c-ba210e54158a,2025-08-23 04:04:43.730000+00:00,tan,production,Tanager,,,mfa,32.52780315820546,maximum_sensitivity,11.273651473450482,,1.787037037037037,61.82541096923314,v3,3.26.1,False,l2c-ch4-v0,mfa,6A,published,True,2025-09-22 04:19:10.964000+00:00,2025-09-22 04:19:10.962000+00:00,106.99448533962385,-6.356717744668259,106.95725381808025,-6.370862314108677,107.00893161661813,-6.319230753913335,0,[],True,https://catalog.carbonmapper.org/l3a,True,https://catalog.carbonmapper.org/l3a,True,https://catalog.carbonmapper.org/l3a,True,https://catalog.carbonmapper.org/l3a,True,https://catalog.carbonmapper.org/l3a,30.010037430555556,Solid waste / landfill,True,Hidden / unavailable rate,,Indonesia,IDN,True,,,True,2025-08-23 04:04:43.730000+00:00,2025-08-23 04:04:43.730000+00:00,Live API scene_timestamp,30.010037430555556,11.273651473450482,>5-15°,0-2 m/s,6,4+ plumes,Not flagged offshore,2025,CM500-17f5d3eb36
5e2e9988-a934-43a0-90c0-0d2fa231e8f0,tan20250827t042939c62s4001-A,CH4,5317a3f5-040b-44af-bd0b-1de40dcd6d35,2025-08-27 04:29:39.620000+00:00,tan,production,Tanager,,,mfa,33.886494803914125,maximum_sensitivity,9.944227200389575,,3.7407407407407405,160.6581979796003,v3,3.26.1,False,l2c-ch4-v0,mfa,6A,published,True,2025-09-26 05:19:10.044000+00:00,2025-09-26 05:19:10.043000+00:00,101.60177623756516,2.728436592719831,101.58461897918794,2.7174572212584076,101.615189005167,2.747992482851882,0,[],True,https://catalog.carbonmapper.org/l3a,True,https://catalog.carbonmapper.org/l3a,True,https://catalog.carbonmapper.org/l3a,True,https://catalog.carbonmapper.org/l3a,True,https://catalog.carbonmapper.org/l3a,30.03437990740741,Solid waste / landfill,True,Hidden / unavailable rate,,Malaysia,MYS,True,,,True,2025-08-27 04:29:39.620000+00:00,2025-08-27 04:29:39.620000+00:00,Live API scene_timestamp,30.03437990740741,9.944227200389575,>5-15°,>2-4 m/s,1,1 plume,Not flagged offshore,2025,CM500-384aaa17c4
85ba7f74-e4b1-401b-a1dd-cba392a34f84,tan20250829t031221c76s4001-A,CH4,ea06a7a9-ef86-4360-a20c-669834e2e588,2025-08-29 03:12:21.760000+00:00,tan,production,Tanager,,,mfa,33.5650701119907,standard_sensitivity,9.9,,1.1944444444444444,304.71114556635183,v3,3.26.1,False,l2c-ch4-v0,mfa,6A,published,True,2025-09-28 03:19:09.093000+00:00,2025-09-28 03:19:09.091000+00:00,119.49118934699334,-5.174123189355797,119.48100808648255,-5.185761606451121,119.51194167628805,-5.1549538810181526,0,[],True,https://catalog.carbonmapper.org/l3a,True,https://catalog.carbonmapper.org/l3a,True,https://catalog.carbonmapper.org/l3a,True,https://catalog.carbonmapper.org/l3a,True,https://catalog.carbonmapper.org/l3a,30.004714502314815,Solid waste / landfill,True,Hidden / unavailable rate,,Indonesia,IDN,True,,,True,2025-08-29 03:12:21.760000+00:00,2025-08-29 03:12:21.760000+00:00,Live API scene_timestamp,30.004714502314815,9.9,>5-15°,0-2 m/s,1,1 plume,Not flagged offshore,2025,CM500-6403356d12
d706fce4-f418-4e63-b76e-63db95b787ad,tan20250829t044250c20s4001-A,CH4,e2323b5a-a91c-4135-9e94-6c1bd7fea67a,2025-08-29 04:42:50.200000+00:00,tan,production,Tanager,793.9135703775619,256.13114967196265,mfa,37.43484773599691,standard_sensitivity,23.04991043293936,,1.8055555555555556,282.73480483655146,v3,3.26.1,False,l2c-ch4-v0,mfa,6A,published,False,2025-09-28 05:19:09.075000+00:00,2025-09-28 05:19:09.073000+00:00,100.62347519277768,5.415145080538565,100.60760287037259,5.401763718271553,100.63829331386565,5.432317095778646,0,[],True,https://catalog.carbonmapper.org/l3a,True,https://catalog.carbonmapper.org/l3a,True,https://catalog.carbonmapper.org/l3a,True,https://catalog.carbonmapper.org/l3a,True,https://catalog.carbonmapper.org/l3a,30.025218460648148,Solid waste / landfill,True,Public rate + uncertainty,32.261843005171734,Malaysia,MYS,True,793.9135703775619,256.13114967196265,False,2025-08-29 04:42:50.200000+00:00,2025-08-29 04:42:50.200000+00:00,Live API scene_timestamp,30.025218460648148,23.04991043293936,>15-30°,0-2 m/s,1,1 plume,Not flagged offshore,2025,CM500-53e7301000
031ceb36-1022-4698-8d87-a0c9c0232286,tan20250830t035818c40s4001-A,CH4,c6fe8477-2ec1-44c2-bdd9-2a33cee7105d,2025-08-30 03:58:18.400000+00:00,tan,production,Tanager,1810.6932790853361,251.56268247712512,mfa,38.75174457535228,maximum_sensitivity,21.652342168855984,,5.898148148148149,104.66612821559673,v3,3.26.1,False,l2c-ch4-v0,mfa,6A,published,False,2025-09-29 04:19:11.706000+00:00,2025-09-29 04:19:11.705000+00:00,113.92983425680671,22.41980687196167,113.90987101151582,22.40362481072046,113.94316456168362,22.434402018080835,0,[],True,https://catalog.carbonmapper.org/l3a,True,https://catalog.carbonmapper.org/l3a,True,https://catalog.carbonmapper.org/l3a,True,https://catalog.carbonmapper.org/l3a,True,https://catalog.carbonmapper.org/l3a,30.01450585648148,Solid waste / landfill,True,Public rate + uncertainty,13.893169283988337,Offshore / boundary-unassigned,,False,1810.693279085336,251.56268247712512,False,2025-08-30 03:58:18.400000+00:00,2025-08-30 03:58:18.400000+00:00,Live API scene_timestamp,30.01450585648148,21.652342168855984,>15-30°,>4-6 m/s,2,2-3 plumes,Not flagged offshore,2025,CM500-35a6d3e878
79359363-7104-4e4c-8be2-e25304e483ed,tan20250830t035818c40s4001-B,CH4,c6fe8477-2ec1-44c2-bdd9-2a33cee7105d,2025-08-30 03:58:18.400000+00:00,tan,production,Tanager,2471.04413697973,303.54918266210416,mfa,38.75174457535228,maximum_sensitivity,21.652342168855984,,5.898148148148149,104.66612821559673,v3,3.26.1,False,l2c-ch4-v0,mfa,6A,published,False,2025-09-29 04:19:13.004000+00:00,2025-09-29 04:19:13.003000+00:00,113.93058404336693,22.414453981604808,113.91013954749465,22.402536876325847,113.94343283264061,22.433314079786953,0,[],True,https://catalog.carbonmapper.org/l3a,True,https://catalog.carbonmapper.org/l3a,True,https://catalog.carbonmapper.org/l3a,True,https://catalog.carbonmapper.org/l3a,True,https://catalog.carbonmapper.org/l3a,30.01452087962963,Solid waste / landfill,True,Public rate + uncertainty,12.284247704013964,Hong Kong,HKG,False,2471.04413697973,303.54918266210416,False,2025-08-30 03:58:18.400000+00:00,2025-08-30 03:58:18.400000+00:00,Live API scene_timestamp,30.01452087962963,21.652342168855984,>15-30°,>4-6 m/s,2,2-3 plumes,Not flagged offshore,2025,CM500-35a6d3e878
f0020ae8-6e12-4a30-b6c0-bc0ebdd09eb8,tan20250830t040548c81s4001-A,CH4,da18ece0-9f27-456f-a5c9-1e4172c5c39f,2025-08-30 04:05:48.810000+00:00,tan,production,Tanager,,,mfa,33.37131302728971,maximum_sensitivity,11.510790602671607,,2.1574074074074074,70.65993600302615,v3,3.26.1,False,l2c-ch4-v0,mfa,6A,published,True,2025-09-29 04:19:11.590000+00:00,2025-09-29 04:19:11.589000+00:00,106.99640880716049,-6.346598597172573,106.98033752538576,-6.360879879190516,107.01107099209383,-6.330334707819542,0,[],True,https://catalog.carbonmapper.org/l3a,True,https://catalog.carbonmapper.org/l3a,True,https://catalog.carbonmapper.org/l3a,True,https://catalog.carbonmapper.org/l3a,True,https://catalog.carbonmapper.org/l3a,30.009291435185183,Solid waste / landfill,True,Hidden / unavailable rate,,Indonesia,IDN,True,,,True,2025-08-30 04:05:48.810000+00:00,2025-08-30 04:05:48.810000+00:00,Live API scene_timestamp,30.009291435185183,11.510790602671607,>5-15°,>2-4 m/s,1,1 plume,Not flagged offshore,2025,CM500-6ba45e438c
a9d615b6-bdf6-48f4-a948-c22e72dfe053,tan20250901t041459c64s4001-A,CH4,e4429df9-565d-473f-89c1-bb27c792620b,2025-09-01 04:14:59.640000+00:00,tan,production,Tanager,834.4976112916314,201.03272282071276,mfa,33.6773952162746,maximum_sensitivity,9.369778991372874,,2.3796296296296298,264.0082643074632,v3,3.26.1,False,l2c-ch4-v0,mfa,6A,published,False,2025-10-01 04:19:10.190000+00:00,2025-10-01 04:19:10.188000+00:00,106.673007649981,10.665253814818016,106.66813081024216,10.647366827244262,106.7019677538601,10.680349050757266,0,[],True,https://catalog.carbonmapper.org/l3a,True,https://catalog.carbonmapper.org/l3a,True,https://catalog.carbonmapper.org/l3a,True,https://catalog.carbonmapper.org/l3a,True,https://catalog.carbonmapper.org/l3a,30.002899884259257,Solid waste / landfill,True,Public rate + uncertainty,24.090269414858515,Vietnam,VNM,True,834.4976112916314,201.0327228207128,False,2025-09-01 04:14:59.640000+00:00,2025-09-01 04:14:59.640000+00:00,Live API scene_timestamp,30.002899884259257,9.369778991372874,>5-15°,>2-4 m/s,1,1 plume,Not flagged offshore,2025,CM500-c87043980e
61c8a9c4-1d2b-4ef0-b318-a91c5c7068c5,tan20250903t042548c88s4001-B,CH4,41a133a4-bbe2-41f8-a8a4-9c771f86860d,2025-09-03 04:25:48.880000+00:00,tan,production,Tanager,1319.3933874483291,198.36074218652894,mfa,34.518808818606885,maximum_sensitivity,11.28660972752853,,2.138888888888889,160.3379811536068,v3,3.26.1,False,l2c-ch4-v0,mfa,6A,published,False,2025-10-03 05:19:03.730000+00:00,2025-10-03 05:19:03.728000+00:00,105.83296125672115,21.33978717842713,105.8167889750488,21.33287392202523,105.84986872887116,21.36368390183262,0,[],True,https://catalog.carbonmapper.org/l3a,True,https://catalog.carbonmapper.org/l3a,True,https://catalog.carbonmapper.org/l3a,True,https://catalog.carbonmapper.org/l3a,True,https://catalog.carbonmapper.org/l3a,30.036977430555556,Solid waste / landfill,True,Public rate + uncertainty,15.03423801222418,Vietnam,VNM,True,1319.3933874483291,198.3607421865289,False,2025-09-03 04:25:48.880000+00:00,2025-09-03 04:25:48.880000+00:00,Live API scene_timestamp,30.036977430555556,11.28660972752853,>5-15°,>2-4 m/s,1,1 plume,Not flagged offshore,2025,CM500-0b227b5cea
51b10899-49ff-4840-8f27-fb8f14db41a6,tan20250903t042821c27s4001-A,CH4,2aca6736-9b14-44a0-b299-15feb62033c7,2025-09-03 04:28:21.270000+00:00,tan,production,Tanager,,,mfa,36.341570708273046,maximum_sensitivity,21.6,,1.6296296296296295,292.33210433550124,v3,3.30.3,False,l2c-ch4-v0,mfa,6A,published,True,2025-10-03 05:19:03.397000+00:00,2025-10-23 01:17:52.833000+00:00,104.88844228568115,11.48521163687903,104.88097690139897,11.458168936939078,104.91574730230961,11.492244307749482,0,[],True,https://catalog.carbonmapper.org/l3a,True,https://catalog.carbonmapper.org/l3a,True,https://catalog.carbonmapper.org/l3a,True,https://catalog.carbonmapper.org/l3a,True,https://catalog.carbonmapper.org/l3a,30.03520980324074,Solid waste / landfill,True,Hidden / unavailable rate,,Cambodia,KHM,True,,,True,2025-09-03 04:28:21.270000+00:00,2025-09-03 04:28:21.270000+00:00,Live API scene_timestamp,30.03520980324074,21.6,>15-30°,0-2 m/s,1,1 plume,Not flagged offshore,2025,CM500-007e566671
e51f65fc-2918-4eab-bc4b-26ead9de13dc,tan20250905t044131c73s4001-A,CH4,803c41f5-5036-44a6-9be1-8bc5236fce3b,2025-09-05 04:41:31.730000+00:00,tan,production,Tanager,,,mfa,31.979163418811364,maximum_sensitivity,10.176071396252063,,2.2962962962962963,262.3684492730965,v3,3.26.1,False,l2c-ch4-v0,mfa,6A,published,True,2025-10-05 05:19:09.578000+00:00,2025-10-05 05:19:09.576000+00:00,100.67350448055464,13.583493301575203,100.66115504007023,13.56978086140188,100.69285779113164,13.600326328372473,0,[],True,https://catalog.carbonmapper.org/l3a,True,https://catalog.carbonmapper.org/l3a,True,https://catalog.carbonmapper.org/l3a,True,https://catalog.carbonmapper.org/l3a,True,https://catalog.carbonmapper.org/l3a,30.026132500000003,Solid waste / landfill,True,Hidden / unavailable rate,,Thailand,THA,True,,,True,2025-09-05 04:41:31.730000+00:00,2025-09-05 04:41:31.730000+00:00,Live API scene_timestamp,30.026132500000003,10.176071396252063,>5-15°,>2-4 m/s,1,1 plume,Not flagged offshore,2025,CM500-11f3d4c914
b8d91653-90f4-47c8-a67f-b58fa4220223,tan20250906t035918c47s4001-E,CH4,c6a88bdd-9a1f-42bd-90c7-8d731a23a833,2025-09-06 03:59:18.470000+00:00,tan,production,Tanager,784.5293307304382,102.76395414194523,mfa,39.25765748707649,maximum_sensitivity,22.150643979097694,,1.1666666666666667,350.04342821013614,v3,3.26.1,False,l2c-ch4-v0,mfa,6A,published,False,2025-10-06 04:19:03.067000+00:00,2025-10-06 04:19:03.065000+00:00,113.9346933225562,22.413107613015967,113.91779456679028,22.39211885377676,113.95721844218765,22.42883526643919,0,[],True,https://catalog.carbonmapper.org/l3a,True,https://catalog.carbonmapper.org/l3a,True,https://catalog.carbonmapper.org/l3a,True,https://catalog.carbonmapper.org/l3a,True,https://catalog.carbonmapper.org/l3a,30.01371061342593,Solid waste / landfill,True,Public rate + uncertainty,13.098803335531963,Hong Kong,HKG,False,784.5293307304382,102.76395414194523,False,2025-09-06 03:59:18.470000+00:00,2025-09-06 03:59:18.470000+00:00,Live API scene_timestamp,30.01371061342593,22.150643979097694,>15-30°,0-2 m/s,2,2-3 plumes,Not flagged offshore,2025,CM500-35a6d3e878
7a8b9924-05bd-48ac-9b35-05cc7ee887ee,tan20250906t035918c47s4001-D,CH4,c6a88bdd-9a1f-42bd-90c7-8d731a23a833,2025-09-06 03:59:18.470000+00:00,tan,production,Tanager,828.0212026172214,129.51379613491906,mfa,39.25765748707649,maximum_sensitivity,22.150643979097694,,1.1666666666666667,350.04342821013614,v3,3.26.1,False,l2c-ch4-v0,mfa,6A,published,False,2025-10-06 04:19:02.639000+00:00,2025-10-06 04:19:02.636000+00:00,113.93362758119184,22.419966188187743,113.91779456679028,22.39211885377676,113.95721844218765,22.42883526643919,0,[],True,https://catalog.carbonmapper.org/l3a,True,https://catalog.carbonmapper.org/l3a,True,https://catalog.carbonmapper.org/l3a,True,https://catalog.carbonmapper.org/l3a,True,https://catalog.carbonmapper.org/l3a,30.013705659722223,Solid waste / landfill,True,Public rate + uncertainty,15.64136228946191,Hong Kong,HKG,False,828.0212026172214,129.51379613491906,False,2025-09-06 03:59:18.470000+00:00,2025-09-06 03:59:18.470000+00:00,Live API scene_timestamp,30.013705659722223,22.150643979097694,>15-30°,0-2 m/s,2,2-3 plumes,Not flagged offshore,2025,CM500-35a6d3e878
6a3a897b-9e5b-4697-ba90-b327f0509e94,tan20250909t033745c73s4001-A,CH4,27dc0868-f9ac-4be2-ad6f-2d2f98fa6ae9,2025-09-09 03:37:45.730000+00:00,tan,production,Tanager,,,mfa,33.35032593177788,standard_sensitivity,8.00016904324428,,2.407407407407407,318.6573165780655,v3,3.26.1,False,l2c-ch4-v0,mfa,6A,published,True,2025-10-09 04:19:10.464000+00:00,2025-10-09 04:19:10.463000+00:00,116.17571435967045,6.107354806434842,116.16475025614209,6.073949557706773,116.2052781177773,6.113977938944157,0,[],True,https://catalog.carbonmapper.org/l3a,True,https://catalog.carbonmapper.org/l3a,True,https://catalog.carbonmapper.org/l3a,True,https://catalog.carbonmapper.org/l3a,True,https://catalog.carbonmapper.org/l3a,30.028758495370372,Solid waste / landfill,True,Hidden / unavailable rate,,Malaysia,MYS,True,,,True,2025-09-09 03:37:45.730000+00:00,2025-09-09 03:37:45.730000+00:00,Live API scene_timestamp,30.028758495370372,8.00016904324428,>5-15°,>2-4 m/s,1,1 plume,Not flagged offshore,2025,CM500-07d641fd3b
6285aaa7-cfcd-4963-92e1-f8a2f21febbd,tan20250913t040749c85s4001-L,CH4,0b94efa5-389d-4261-90e5-6a0befa9a55f,2025-09-13 04:07:49.850000+00:00,tan,production,Tanager,736.4774181531823,82.15173244356683,mfa,33.43310766519152,maximum_sensitivity,12.152708834247942,,1.5555555555555554,348.9614089823915,v3,3.26.1,False,l2c-ch4-v0,mfa,other,published,False,2025-10-13 04:19:09.636000+00:00,2025-10-13 04:19:09.635000+00:00,106.9002182883192,-6.481222434249872,106.88080797876927,-6.499045970042072,106.91155251152998,-6.468227739882949,0,[],True,https://catalog.carbonmapper.org/l3a,True,https://catalog.carbonmapper.org/l3a,True,https://catalog.carbonmapper.org/l3a,True,https://catalog.carbonmapper.org/l3a,True,https://catalog.carbonmapper.org/l3a,30.007867893518515,Other / unclassified,False,Public rate + uncertainty,11.154684504729762,Indonesia,IDN,True,736.4774181531823,82.15173244356683,False,2025-09-13 04:07:49.850000+00:00,2025-09-13 04:07:49.850000+00:00,Live API scene_timestamp,30.007867893518515,12.152708834247942,>5-15°,0-2 m/s,5,4+ plumes,Not flagged offshore,2025,CM500-4239382f1c
61745bd8-97b1-402c-b383-4cd1664fb11e,tan20250913t040749c85s4001-I,CH4,0b94efa5-389d-4261-90e5-6a0befa9a55f,2025-09-13 04:07:49.850000+00:00,tan,production,Tanager,716.8218803405762,413.84897536971783,mfa,33.43310766519152,maximum_sensitivity,12.152708834247942,,1.0,30.338515400557252,v3,3.26.1,False,l2c-ch4-v0,mfa,6A,published,False,2025-10-13 04:19:09.349000+00:00,2025-10-13 04:19:09.348000+00:00,107.01885111467863,-6.351376936991969,107.00421459395587,-6.366753315937278,107.03494895698634,-6.335937277965495,0,[],True,https://catalog.carbonmapper.org/l3a,True,https://catalog.carbonmapper.org/l3a,True,https://catalog.carbonmapper.org/l3a,True,https://catalog.carbonmapper.org/l3a,True,https://catalog.carbonmapper.org/l3a,30.007864571759256,Solid waste / landfill,True,Public rate + uncertainty,57.73386481633206,Indonesia,IDN,True,716.8218803405762,413.8489753697178,False,2025-09-13 04:07:49.850000+00:00,2025-09-13 04:07:49.850000+00:00,Live API scene_timestamp,30.007864571759256,12.152708834247942,>5-15°,0-2 m/s,5,4+ plumes,Not flagged offshore,2025,CM500-ee9394adc5
8154bdbd-cb2e-401a-a051-945bb7377922,tan20250913t040749c85s4001-G,CH4,0b94efa5-389d-4261-90e5-6a0befa9a55f,2025-09-13 04:07:49.850000+00:00,tan,production,Tanager,,,mfa,33.43310766519152,maximum_sensitivity,12.152708834247942,,1.0555555555555556,14.544562734971224,v3,3.26.1,False,l2c-ch4-v0,mfa,6A,published,True,2025-10-13 04:19:09.188000+00:00,2025-10-13 04:19:09.178000+00:00,106.99415742971587,-6.357027280278487,106.96219757903177,-6.374730912108809,107.00082075417235,-6.336615443623818,0,[],True,https://catalog.carbonmapper.org/l3a,True,https://catalog.carbonmapper.org/l3a,True,https://catalog.carbonmapper.org/l3a,True,https://catalog.carbonmapper.org/l3a,True,https://catalog.carbonmapper.org/l3a,30.007862708333334,Solid waste / landfill,True,Hidden / unavailable rate,,Indonesia,IDN,True,,,True,2025-09-13 04:07:49.850000+00:00,2025-09-13 04:07:49.850000+00:00,Live API scene_timestamp,30.007862708333334,12.152708834247942,>5-15°,0-2 m/s,5,4+ plumes,Not flagged offshore,2025,CM500-17f5d3eb36
e417ad14-62c8-4f9b-8697-5799ed5b277e,tan20250913t040749c85s4001-E,CH4,0b94efa5-389d-4261-90e5-6a0befa9a55f,2025-09-13 04:07:49.850000+00:00,tan,production,Tanager,,,mfa,33.43310766519152,maximum_sensitivity,12.152708834247942,,1.0,30.338515400557252,v3,3.26.1,False,l2c-ch4-v0,mfa,6A,published,True,2025-10-13 04:19:09.550000+00:00,2025-10-13 04:19:09.548000+00:00,106.99976622181799,-6.345521187537841,106.98899038509391,-6.3556939705305275,107.01999739208097,-6.324876616597235,0,[],True,https://catalog.carbonmapper.org/l3a,True,https://catalog.carbonmapper.org/l3a,True,https://catalog.carbonmapper.org/l3a,True,https://catalog.carbonmapper.org/l3a,True,https://catalog.carbonmapper.org/l3a,30.00786689814815,Solid waste / landfill,True,Hidden / unavailable rate,,Indonesia,IDN,True,,,True,2025-09-13 04:07:49.850000+00:00,2025-09-13 04:07:49.850000+00:00,Live API scene_timestamp,30.00786689814815,12.152708834247942,>5-15°,0-2 m/s,5,4+ plumes,Not flagged offshore,2025,CM500-6ba45e438c
94f2e73f-4840-4857-bd76-fb6d881a3c3c,tan20250913t040749c85s4001-A,CH4,0b94efa5-389d-4261-90e5-6a0befa9a55f,2025-09-13 04:07:49.850000+00:00,tan,production,Tanager,,,mfa,33.43310766519152,maximum_sensitivity,12.152708834247942,,1.0555555555555556,14.544562734971224,v3,3.26.1,False,l2c-ch4-v0,mfa,6A,published,True,2025-10-13 04:19:09.456000+00:00,2025-10-13 04:19:09.455000+00:00,106.9957136545944,-6.345774778178665,106.96164623123147,-6.376065805073321,107.00380627232747,-6.334164841027856,0,[],True,https://catalog.carbonmapper.org/l3a,True,https://catalog.carbonmapper.org/l3a,True,https://catalog.carbonmapper.org/l3a,True,https://catalog.carbonmapper.org/l3a,True,https://catalog.carbonmapper.org/l3a,30.007865810185187,Solid waste / landfill,True,Hidden / unavailable rate,,Indonesia,IDN,True,,,True,2025-09-13 04:07:49.850000+00:00,2025-09-13 04:07:49.850000+00:00,Live API scene_timestamp,30.007865810185187,12.152708834247942,>5-15°,0-2 m/s,5,4+ plumes,Not flagged offshore,2025,CM500-6ba45e438c
2dea5954-4790-4488-9542-2ef7abc47677,tan20250915t041702c70s4001-A,CH4,3ea1222b-6a7c-48d0-b350-494d52db0bfa,2025-09-15 04:17:02.700000+00:00,tan,production,Tanager,,,mfa,33.3547042534434,maximum_sensitivity,10.06347838385339,,1.472222222222222,259.314758216512,v3,3.30.3,False,l2c-ch4-v0,mfa,6A,published,True,2025-10-15 04:19:10.327000+00:00,2025-10-15 04:19:10.325000+00:00,106.67485513202286,10.666125304839014,106.66293311865721,10.649556369532885,106.69429541077488,10.680376913353625,0,[],True,https://catalog.carbonmapper.org/l3a,True,https://catalog.carbonmapper.org/l3a,True,https://catalog.carbonmapper.org/l3a,True,https://catalog.carbonmapper.org/l3a,True,https://catalog.carbonmapper.org/l3a,30.00147716435185,Solid waste / landfill,True,Hidden / unavailable rate,,Vietnam,VNM,True,,,True,2025-09-15 04:17:02.700000+00:00,2025-09-15 04:17:02.700000+00:00,Live API scene_timestamp,30.00147716435185,10.06347838385339,>5-15°,0-2 m/s,1,1 plume,Not flagged offshore,2025,CM500-c87043980e
f7e5e1c0-eda0-447b-bb66-74ac91c29350,tan20250916t034208c84s4001-A,CH4,49d59be3-4ca6-4c14-b107-295b1df25b6c,2025-09-16 03:42:08.840000+00:00,tan,production,Tanager,,,mfa,33.07618399176463,standard_sensitivity,5.101838114148543,,2.1481481481481484,42.34673867434658,v3,3.30.3,False,l2c-ch4-v0,mfa,other,published,True,2025-10-16 04:19:10.469000+00:00,2025-10-16 04:19:10.467000+00:00,112.71048112252544,-7.52827609880184,112.69420333833192,-7.546232284862513,112.72501926905431,-7.515411802162544,0,[],True,https://catalog.carbonmapper.org/l3a,True,https://catalog.carbonmapper.org/l3a,True,https://catalog.carbonmapper.org/l3a,True,https://catalog.carbonmapper.org/l3a,True,https://catalog.carbonmapper.org/l3a,30.025713298611112,Other / unclassified,False,Hidden / unavailable rate,,Indonesia,IDN,True,,,True,2025-09-16 03:42:08.840000+00:00,2025-09-16 03:42:08.840000+00:00,Live API scene_timestamp,30.025713298611112,5.101838114148543,>5-15°,>2-4 m/s,1,1 plume,Not flagged offshore,2025,CM500-07bf199048
755eceb1-7bc7-4985-9cc0-8e04bc515c4d,tan20250917t043017c38s4001-A,CH4,75c4b918-a6b9-4efc-86fe-18d6ed691d15,2025-09-17 04:30:17.380000+00:00,tan,production,Tanager,,,mfa,35.89161978837337,maximum_sensitivity,22.18969499447865,,2.888888888888889,271.68683069637933,v3,3.37.5,False,l2c-ch4-v0,mfa,6A,published,True,2025-10-17 05:19:09.224000+00:00,2025-10-23 01:19:24.538000+00:00,104.88844087300004,11.480230432648227,104.87877283000421,11.469823157563546,104.90995589618831,11.500652245454999,0,[],True,https://catalog.carbonmapper.org/l3a,True,https://catalog.carbonmapper.org/l3a,True,https://catalog.carbonmapper.org/l3a,True,https://catalog.carbonmapper.org/l3a,True,https://catalog.carbonmapper.org/l3a,30.03393337962963,Solid waste / landfill,True,Hidden / unavailable rate,,Cambodia,KHM,True,,,True,2025-09-17 04:30:17.380000+00:00,2025-09-17 04:30:17.380000+00:00,Live API scene_timestamp,30.03393337962963,22.18969499447865,>15-30°,>2-4 m/s,2,2-3 plumes,Not flagged offshore,2025,CM500-007e566671
338b4a57-8e60-4dd7-9583-a7c59dccf002,tan20250917t043017c38s4001-B,CH4,75c4b918-a6b9-4efc-86fe-18d6ed691d15,2025-09-17 04:30:17.380000+00:00,tan,production,Tanager,,,mfa,35.89161978837337,maximum_sensitivity,22.18969499447865,,2.888888888888889,271.68683069637933,v3,3.33.0,False,l2c-ch4-v0,mfa,6A,published,True,2025-10-17 05:19:09.569000+00:00,2025-10-23 18:05:55.127000+00:00,104.88680541791535,11.486482568529482,104.871894413377,11.470361699224224,104.90335548834628,11.500922306416244,0,[],True,https://catalog.carbonmapper.org/l3a,True,https://catalog.carbonmapper.org/l3a,True,https://catalog.carbonmapper.org/l3a,True,https://catalog.carbonmapper.org/l3a,True,https://catalog.carbonmapper.org/l3a,30.033937372685184,Solid waste / landfill,True,Hidden / unavailable rate,,Cambodia,KHM,True,,,True,2025-09-17 04:30:17.380000+00:00,2025-09-17 04:30:17.380000+00:00,Live API scene_timestamp,30.033937372685184,22.18969499447865,>15-30°,>2-4 m/s,2,2-3 plumes,Not flagged offshore,2025,CM500-007e566671
187e20e8-525e-48ac-8ea7-a2cbd51fbb18,tan20250919t044315c71s4001-B,CH4,ca561b15-3d98-4890-807c-89d630dc0b1d,2025-09-19 04:43:15.710000+00:00,tan,production,Tanager,612.8653817971546,238.4607317591226,mfa,32.8730574818371,maximum_sensitivity,10.200411126561738,,3.2777777777777772,219.99999999999997,v3,3.31.0,False,l2c-ch4-v0,mfa,6A,published,False,2025-10-19 05:19:10.094000+00:00,2025-10-19 05:19:10.093000+00:00,100.67297090365975,13.580549446238408,100.65920063482697,13.567627237691262,100.69062505715443,13.598443050949237,0,[],True,https://catalog.carbonmapper.org/l3a,True,https://catalog.carbonmapper.org/l3a,True,https://catalog.carbonmapper.org/l3a,True,https://catalog.carbonmapper.org/l3a,True,https://catalog.carbonmapper.org/l3a,30.024935,Solid waste / landfill,True,Public rate + uncertainty,38.90915343592503,Thailand,THA,True,612.8653817971546,238.4607317591226,False,2025-09-19 04:43:15.710000+00:00,2025-09-19 04:43:15.710000+00:00,Live API scene_timestamp,30.024935,10.200411126561738,>5-15°,>2-4 m/s,2,2-3 plumes,Not flagged offshore,2025,CM500-11f3d4c914
bcbdc603-3aa7-4a24-b63e-1f3720adfd25,tan20250919t044315c71s4001-A,CH4,ca561b15-3d98-4890-807c-89d630dc0b1d,2025-09-19 04:43:15.710000+00:00,tan,production,Tanager,696.1143619945083,227.4171449260684,mfa,32.8730574818371,maximum_sensitivity,10.200411126561738,,3.2777777777777772,219.99999999999997,v3,3.31.0,False,l2c-ch4-v0,mfa,6A,published,False,2025-10-19 05:19:09.737000+00:00,2025-10-19 05:19:09.736000+00:00,100.67254299584113,13.58281402255821,100.65892910932916,13.568442546029784,100.69035364240627,13.599258361942008,0,[],True,https://catalog.carbonmapper.org/l3a,True,https://catalog.carbonmapper.org/l3a,True,https://catalog.carbonmapper.org/l3a,True,https://catalog.carbonmapper.org/l3a,True,https://catalog.carbonmapper.org/l3a,30.024930868055552,Solid waste / landfill,True,Public rate + uncertainty,32.66950911262229,Thailand,THA,True,696.1143619945083,227.4171449260684,False,2025-09-19 04:43:15.710000+00:00,2025-09-19 04:43:15.710000+00:00,Live API scene_timestamp,30.024930868055552,10.200411126561738,>5-15°,>2-4 m/s,2,2-3 plumes,Not flagged offshore,2025,CM500-11f3d4c914
81364eb3-f593-4adc-b2c2-811257c2508b,tan20250919t044537c23s4001-A,CH4,95259284-8ebb-4c5b-8809-34691baf98bf,2025-09-19 04:45:37.230000+00:00,tan,production,Tanager,,,mfa,37.420478725121775,standard_sensitivity,23.650036825009366,,1.4537037037037035,324.6018446361965,v3,3.31.0,False,l2c-ch4-v0,mfa,6A,published,True,2025-10-19 05:19:09.983000+00:00,2025-10-19 05:19:09.981000+00:00,100.6228597717797,5.413833916295232,100.60731639774961,5.395796047771893,100.63800756900343,5.426620837432185,0,[],True,https://catalog.carbonmapper.org/l3a,True,https://catalog.carbonmapper.org/l3a,True,https://catalog.carbonmapper.org/l3a,True,https://catalog.carbonmapper.org/l3a,True,https://catalog.carbonmapper.org/l3a,30.023295752314816,Solid waste / landfill,True,Hidden / unavailable rate,,Malaysia,MYS,True,,,True,2025-09-19 04:45:37.230000+00:00,2025-09-19 04:45:37.230000+00:00,Live API scene_timestamp,30.023295752314816,23.650036825009366,>15-30°,0-2 m/s,1,1 plume,Not flagged offshore,2025,CM500-53e7301000
535be857-78ad-45a6-970c-b2bf589137b4,tan20250921t032316c90s4001-C,CH4,c8965242-8057-4b24-ad28-9dbc1d4f64da,2025-09-21 03:23:16.900000+00:00,tan,production,Tanager,,,mfa,33.02323036636495,maximum_sensitivity,12.038616216431489,,3.157407407407407,267.3331262999033,v3,3.31.0,False,l2c-ch4-v0,mfa,6A,published,True,2025-10-21 04:19:09.290000+00:00,2025-10-21 04:19:09.288000+00:00,121.1528855114534,14.774240241755791,121.14624503442931,14.756230063922269,121.17810651347456,14.787038512217137,0,[],True,https://catalog.carbonmapper.org/l3a,True,https://catalog.carbonmapper.org/l3a,True,https://catalog.carbonmapper.org/l3a,True,https://catalog.carbonmapper.org/l3a,True,https://catalog.carbonmapper.org/l3a,30.038800810185187,Solid waste / landfill,True,Hidden / unavailable rate,,Philippines,PHL,True,,,True,2025-09-21 03:23:16.900000+00:00,2025-09-21 03:23:16.900000+00:00,Live API scene_timestamp,30.038800810185187,12.038616216431489,>5-15°,>2-4 m/s,3,2-3 plumes,Not flagged offshore,2025,CM500-cda1f1e271
b25b593c-f965-48a0-8c9a-326b8798fd03,tan20250921t032316c90s4001-B,CH4,c8965242-8057-4b24-ad28-9dbc1d4f64da,2025-09-21 03:23:16.900000+00:00,tan,production,Tanager,,,mfa,33.02323036636495,maximum_sensitivity,12.038616216431489,,4.194444444444444,275.0024421460581,v3,3.31.0,False,l2c-ch4-v0,mfa,6A,published,True,2025-10-21 04:19:09.574000+00:00,2025-10-21 04:19:09.573000+00:00,121.16611756976943,14.69025445199783,121.15083499371903,14.674929132896171,121.18240442354379,14.705466593997732,0,[],True,https://catalog.carbonmapper.org/l3a,True,https://catalog.carbonmapper.org/l3a,True,https://catalog.carbonmapper.org/l3a,True,https://catalog.carbonmapper.org/l3a,True,https://catalog.carbonmapper.org/l3a,30.038804097222222,Solid waste / landfill,True,Hidden / unavailable rate,,Philippines,PHL,True,,,True,2025-09-21 03:23:16.900000+00:00,2025-09-21 03:23:16.900000+00:00,Live API scene_timestamp,30.038804097222222,12.038616216431489,>5-15°,>4-6 m/s,3,2-3 plumes,Not flagged offshore,2025,CM500-5c4211c9ce
a3826d34-baed-4c95-9388-14a007f4283d,tan20250921t032316c90s4001-A,CH4,c8965242-8057-4b24-ad28-9dbc1d4f64da,2025-09-21 03:23:16.900000+00:00,tan,production,Tanager,,,mfa,33.02323036636495,maximum_sensitivity,12.038616216431489,,2.2685185185185186,257.00010156234276,v3,3.31.0,False,l2c-ch4-v0,mfa,6A,published,True,2025-10-21 04:19:09.694000+00:00,2025-10-21 04:19:09.693000+00:00,121.15662794575593,14.769473155017337,121.14624503442931,14.756230063922269,121.17810651347456,14.787038512217137,0,[],True,https://catalog.carbonmapper.org/l3a,True,https://catalog.carbonmapper.org/l3a,True,https://catalog.carbonmapper.org/l3a,True,https://catalog.carbonmapper.org/l3a,True,https://catalog.carbonmapper.org/l3a,30.038805486111112,Solid waste / landfill,True,Hidden / unavailable rate,,Philippines,PHL,True,,,True,2025-09-21 03:23:16.900000+00:00,2025-09-21 03:23:16.900000+00:00,Live API scene_timestamp,30.038805486111112,12.038616216431489,>5-15°,>2-4 m/s,3,2-3 plumes,Not flagged offshore,2025,CM500-cda1f1e271
f464108c-0ef7-44de-b60a-61c50af57c39,tan20250922t042033c88s4001-A,CH4,607019cd-705c-4e12-ae73-76aa486abf7c,2025-09-22 04:20:33.880000+00:00,tan,production,Tanager,1400.7920592940516,113.29301007756654,mfa,34.70450052966775,standard_sensitivity,14.650116155891219,,2.3796296296296293,150.63996277628914,v3,3.31.0,False,l2c-ch4-v0,mfa,6A,published,False,2025-10-22 05:19:08.779000+00:00,2025-10-22 05:19:08.769000+00:00,103.71827801881761,1.659770657965041,103.69989228386284,1.6450285859300995,103.73019442939648,1.6753180114772561,0,[],True,https://catalog.carbonmapper.org/l3a,True,https://catalog.carbonmapper.org/l3a,True,https://catalog.carbonmapper.org/l3a,True,https://catalog.carbonmapper.org/l3a,True,https://catalog.carbonmapper.org/l3a,30.04068170138889,Solid waste / landfill,True,Public rate + uncertainty,8.08778214624247,Malaysia,MYS,True,1400.7920592940516,113.29301007756654,False,2025-09-22 04:20:33.880000+00:00,2025-09-22 04:20:33.880000+00:00,Live API scene_timestamp,30.04068170138889,14.650116155891219,>5-15°,>2-4 m/s,1,1 plume,Not flagged offshore,2025,CM500-8b3c9b95fb
2c868e8f-0a46-465f-9337-6b25c3c22e3d,tan20250927t040200c96s4001-A,CH4,935f63f0-ea14-4e3f-9b7e-ecc9dcd3f445,2025-09-27 04:02:00.960000+00:00,tan,production,Tanager,2281.964600980282,182.29955879151922,mfa,39.865802628709375,maximum_sensitivity,24.60182319270021,,4.75,83.33380372044837,v3,3.33.0,False,l2c-ch4-v0,mfa,6A,published,False,2025-10-27 04:19:09.426000+00:00,2025-10-27 04:19:09.425000+00:00,114.17381270912415,22.547910686772,114.14564872073824,22.532751999589838,114.17955347724306,22.56379502750334,0,[],True,https://catalog.carbonmapper.org/l3a,True,https://catalog.carbonmapper.org/l3a,True,https://catalog.carbonmapper.org/l3a,True,https://catalog.carbonmapper.org/l3a,True,https://catalog.carbonmapper.org/l3a,30.011903541666666,Solid waste / landfill,True,Public rate + uncertainty,7.988711074361423,Hong Kong,HKG,False,2281.964600980282,182.2995587915192,False,2025-09-27 04:02:00.960000+00:00,2025-09-27 04:02:00.960000+00:00,Live API scene_timestamp,30.011903541666666,24.60182319270021,>15-30°,>4-6 m/s,1,1 plume,Not flagged offshore,2025,CM500-3ecae5a435
bdbee312-d4ae-4644-a1f4-a56ae87dcc7f,tan20251007t034437c67s4001-B,CH4,20a61b0b-1d85-4c16-8984-62b720f2e7bf,2025-10-07 03:44:37.670000+00:00,tan,production,Tanager,1820.446835447241,387.44661468544814,mfa,32.69651733570153,standard_sensitivity,3.6672767309662397,,3.4814814814814823,48.66582263975212,v3,3.36.0,False,l2c-ch4-v0,mfa,6A,published,False,2025-11-06 04:19:09.876000+00:00,2025-11-06 04:19:09.874000+00:00,112.76404519002944,-7.551120556689483,112.74893095586705,-7.569611336335606,112.77974661771714,-7.539063135413565,0,[],True,https://catalog.carbonmapper.org/l3a,True,https://catalog.carbonmapper.org/l3a,True,https://catalog.carbonmapper.org/l3a,True,https://catalog.carbonmapper.org/l3a,True,https://catalog.carbonmapper.org/l3a,30.02398386574074,Solid waste / landfill,True,Public rate + uncertainty,21.283050245752527,Indonesia,IDN,True,1820.446835447241,387.44661468544814,False,2025-10-07 03:44:37.670000+00:00,2025-10-07 03:44:37.670000+00:00,Live API scene_timestamp,30.02398386574074,3.6672767309662397,0-5°,>2-4 m/s,3,2-3 plumes,Not flagged offshore,2025,CM500-afb9d32eea
56d35598-d14a-41c7-aa46-b82794a97d38,tan20251007t034437c67s4001-A,CH4,20a61b0b-1d85-4c16-8984-62b720f2e7bf,2025-10-07 03:44:37.670000+00:00,tan,production,Tanager,,,mfa,32.69651733570153,standard_sensitivity,3.6672767309662397,,1.7592592592592593,31.815035485403886,v3,3.36.0,False,l2c-ch4-v0,mfa,other,published,True,2025-11-06 04:19:09.360000+00:00,2025-11-06 04:19:09.358000+00:00,112.7118830001532,-7.527412301517899,112.66595366985844,-7.574660890081438,112.72104312486574,-7.520319071176149,0,[],True,https://catalog.carbonmapper.org/l3a,True,https://catalog.carbonmapper.org/l3a,True,https://catalog.carbonmapper.org/l3a,True,https://catalog.carbonmapper.org/l3a,True,https://catalog.carbonmapper.org/l3a,30.023977893518516,Other / unclassified,False,Hidden / unavailable rate,,Indonesia,IDN,True,,,True,2025-10-07 03:44:37.670000+00:00,2025-10-07 03:44:37.670000+00:00,Live API scene_timestamp,30.023977893518516,3.6672767309662397,0-5°,0-2 m/s,3,2-3 plumes,Not flagged offshore,2025,CM500-07bf199048
3e59d3b3-8030-40c1-bdef-8e41b22c2fae,tan20251007t034437c67s4001-C,CH4,20a61b0b-1d85-4c16-8984-62b720f2e7bf,2025-10-07 03:44:37.670000+00:00,tan,production,Tanager,623.6565876843638,122.78775183133547,mfa,32.69651733570153,standard_sensitivity,3.6672767309662397,,3.092592592592593,42.3330925501716,v3,3.36.0,False,l2c-ch4-v0,mfa,1B2,published,False,2025-11-06 04:19:09.511000+00:00,2025-11-06 04:19:09.509000+00:00,112.8266025988654,-7.638396417431451,112.80990561939032,-7.656154634988318,112.84100012883216,-7.625606553477098,0,[],True,https://catalog.carbonmapper.org/l3a,True,https://catalog.carbonmapper.org/l3a,True,https://catalog.carbonmapper.org/l3a,True,https://catalog.carbonmapper.org/l3a,True,https://catalog.carbonmapper.org/l3a,30.023979641203702,Oil and gas,True,Public rate + uncertainty,19.68835962869345,Indonesia,IDN,True,623.6565876843638,122.78775183133548,False,2025-10-07 03:44:37.670000+00:00,2025-10-07 03:44:37.670000+00:00,Live API scene_timestamp,30.023979641203702,3.6672767309662397,0-5°,>2-4 m/s,3,2-3 plumes,Not flagged offshore,2025,CM500-8d3f3ff59e
d3bb395c-96ac-4531-92be-4368c989a8ae,tan20251014t034206c72s4001-A,CH4,dc403ce0-64e2-4eeb-b9a8-1d1848f3d816,2025-10-14 03:42:06.720000+00:00,tan,production,Tanager,413.21971913178754,105.97705362822317,mfa,33.313194750213015,standard_sensitivity,8.334158087320422,,3.1018518518518516,339.30075995881435,v3,3.36.0,False,l2c-ch4-v0,mfa,6A,published,False,2025-11-13 04:19:09.688000+00:00,2025-11-13 04:19:09.687000+00:00,116.17541737574578,6.109418503731646,116.16745725876727,6.086935644631879,116.19819258842828,6.117767267526875,0,[],True,https://catalog.carbonmapper.org/l3a,True,https://catalog.carbonmapper.org/l3a,True,https://catalog.carbonmapper.org/l3a,True,https://catalog.carbonmapper.org/l3a,True,https://catalog.carbonmapper.org/l3a,30.025728796296296,Solid waste / landfill,True,Public rate + uncertainty,25.646659324702764,Malaysia,MYS,True,413.21971913178754,105.97705362822316,False,2025-10-14 03:42:06.720000+00:00,2025-10-14 03:42:06.720000+00:00,Live API scene_timestamp,30.025728796296296,8.334158087320422,>5-15°,>2-4 m/s,1,1 plume,Not flagged offshore,2025,CM500-07d641fd3b
f9554661-6105-4287-b5ac-b5b91df0332d,tan20251015t030203c66s4001-A,CH4,0e799120-30bb-4f5f-8e93-456f8f2b4d04,2025-10-15 03:02:03.660000+00:00,tan,production,Tanager,783.2018975747956,276.1458805969163,mfa,32.76637087968275,standard_sensitivity,2.7658119905965157,,1.1296296296296295,84.8931626348171,v3,3.36.0,False,l2c-ch4-v0,mfa,6A,published,False,2025-11-14 03:19:09.619000+00:00,2025-11-14 03:19:09.617000+00:00,125.55294926482753,7.149383611000715,125.5210395509559,7.114660043185794,125.56379691268462,7.157356438423932,0,[],True,https://catalog.carbonmapper.org/l3a,True,https://catalog.carbonmapper.org/l3a,True,https://catalog.carbonmapper.org/l3a,True,https://catalog.carbonmapper.org/l3a,True,https://catalog.carbonmapper.org/l3a,30.01187452546296,Solid waste / landfill,True,Public rate + uncertainty,35.25858165717026,Philippines,PHL,True,783.2018975747956,276.1458805969163,False,2025-10-15 03:02:03.660000+00:00,2025-10-15 03:02:03.660000+00:00,Live API scene_timestamp,30.01187452546296,2.7658119905965157,0-5°,0-2 m/s,1,1 plume,Not flagged offshore,2025,CM500-ac1926fef7
52b37367-23c3-41a4-9c48-02338427ba93,tan20251015t043554c08s4001-A,CH4,90ae6c3c-dcfc-4fd9-afec-5b568fac184b,2025-10-15 04:35:54.080000+00:00,tan,production,Tanager,,,mfa,36.92595798885766,standard_sensitivity,20.449884579655702,,1.6018518518518519,293.95679803313755,v3,3.36.0,False,l2c-ch4-v0,mfa,6A,published,True,2025-11-14 05:19:10.070000+00:00,2025-11-14 05:19:10.068000+00:00,100.62388161934416,5.415080178626823,100.61058184317757,5.402298327612168,100.64127329268004,5.433123065166322,0,[],True,https://catalog.carbonmapper.org/l3a,True,https://catalog.carbonmapper.org/l3a,True,https://catalog.carbonmapper.org/l3a,True,https://catalog.carbonmapper.org/l3a,True,https://catalog.carbonmapper.org/l3a,30.03004618055556,Solid waste / landfill,True,Hidden / unavailable rate,,Malaysia,MYS,True,,,True,2025-10-15 04:35:54.080000+00:00,2025-10-15 04:35:54.080000+00:00,Live API scene_timestamp,30.03004618055556,20.449884579655702,>15-30°,0-2 m/s,1,1 plume,Not flagged offshore,2025,CM500-53e7301000
df2e623d-7e43-49fa-9567-dffc18a1206f,tan20251020t042134c73s4001-A,CH4,a0832d38-5694-4b32-b8f1-88e14d32a92f,2025-10-20 04:21:34.730000+00:00,tan,production,Tanager,283.9915716240549,63.75250335732013,mfa,37.56006401550673,maximum_sensitivity,24.05002000484586,,2.740740740740741,31.33322798267438,v3,3.37.5,False,l2c-ch4-v0,mfa,6A,published,False,2025-11-19 05:19:09.982000+00:00,2025-11-19 05:19:09.973000+00:00,104.88500678257373,11.484282420634258,104.86804690307373,11.464662804855811,104.89895439909978,11.494951993150929,0,[],True,https://catalog.carbonmapper.org/l3a,True,https://catalog.carbonmapper.org/l3a,True,https://catalog.carbonmapper.org/l3a,True,https://catalog.carbonmapper.org/l3a,True,https://catalog.carbonmapper.org/l3a,30.03999134259259,Solid waste / landfill,True,Public rate + uncertainty,22.44873078195258,Cambodia,KHM,True,283.9915716240549,63.75250335732013,False,2025-10-20 04:21:34.730000+00:00,2025-10-20 04:21:34.730000+00:00,Live API scene_timestamp,30.03999134259259,24.05002000484586,>15-30°,>2-4 m/s,2,2-3 plumes,Not flagged offshore,2025,CM500-007e566671
e1cc8280-a5ce-414d-9074-e3301ac404fe,tan20251020t042134c73s4001-B,CH4,a0832d38-5694-4b32-b8f1-88e14d32a92f,2025-10-20 04:21:34.730000+00:00,tan,production,Tanager,506.5292799803946,172.51282439408317,mfa,37.56006401550673,maximum_sensitivity,24.05002000484586,,2.740740740740741,31.33322798267438,v3,3.37.5,False,l2c-ch4-v0,mfa,6A,published,False,2025-11-19 05:19:10.133000+00:00,2025-11-19 05:19:10.132000+00:00,104.88696458114094,11.483762561148495,104.86804690307373,11.464662804855811,104.89895439909978,11.494951993150929,0,[],True,https://catalog.carbonmapper.org/l3a,True,https://catalog.carbonmapper.org/l3a,True,https://catalog.carbonmapper.org/l3a,True,https://catalog.carbonmapper.org/l3a,True,https://catalog.carbonmapper.org/l3a,30.039993090277775,Solid waste / landfill,True,Public rate + uncertainty,34.057818809755744,Cambodia,KHM,True,506.5292799803946,172.51282439408317,False,2025-10-20 04:21:34.730000+00:00,2025-10-20 04:21:34.730000+00:00,Live API scene_timestamp,30.039993090277775,24.05002000484586,>15-30°,>2-4 m/s,2,2-3 plumes,Not flagged offshore,2025,CM500-007e566671
2abee513-c7a0-4929-afba-5d5edb4e40f4,tan20251021t051327c98s4001-A,CH4,93150a73-b2dc-4fad-9155-70a89d5b87bd,2025-10-21 05:13:27.980000+00:00,tan,production,Tanager,,,mfa,36.63518268548293,maximum_sensitivity,24.85049202710281,,1.472222222222222,65.0320236081721,v3,3.37.5,False,l2c-ch4-v0,mfa,6A,published,True,2025-11-20 05:19:09.680000+00:00,2025-11-20 05:19:09.679000+00:00,96.18646190579221,16.916508251580822,96.16389854000607,16.901519379937696,96.20172020340915,16.93743388708075,0,[],True,https://catalog.carbonmapper.org/l3a,True,https://catalog.carbonmapper.org/l3a,True,https://catalog.carbonmapper.org/l3a,True,https://catalog.carbonmapper.org/l3a,True,https://catalog.carbonmapper.org/l3a,30.00395486111111,Solid waste / landfill,True,Hidden / unavailable rate,,Myanmar,MMR,True,,,True,2025-10-21 05:13:27.980000+00:00,2025-10-21 05:13:27.980000+00:00,Live API scene_timestamp,30.00395486111111,24.85049202710281,>15-30°,0-2 m/s,1,1 plume,Not flagged offshore,2025,CM500-884b5032de
9bf07992-8124-48d8-b391-7e7705ae74ae,tan20251101t041430c92s4001-D,CH4,f5199e9f-b5ec-4362-b572-9520854c1a6f,2025-11-01 04:14:30.920000+00:00,tan,production,Tanager,235.13330795146803,166.33176147157698,mfa,33.187576895044586,maximum_sensitivity,13.782598720807341,,0.5555555555555556,9.732107564877056,v3,3.39.1,False,l2c-ch4-v0,mfa,6A,published,False,2025-12-01 04:19:08.970000+00:00,2025-12-01 04:19:08.969000+00:00,107.0006659895148,-6.345238527510389,106.90163692972963,-6.361863739421967,107.0319088051106,-6.232648250615655,0,[],True,https://catalog.carbonmapper.org/l3a,True,https://catalog.carbonmapper.org/l3a,True,https://catalog.carbonmapper.org/l3a,True,https://catalog.carbonmapper.org/l3a,True,https://catalog.carbonmapper.org/l3a,30.003218171296293,Solid waste / landfill,True,Public rate + uncertainty,70.73934480856629,Indonesia,IDN,True,235.13330795146803,166.33176147157698,False,2025-11-01 04:14:30.920000+00:00,2025-11-01 04:14:30.920000+00:00,Live API scene_timestamp,30.003218171296293,13.782598720807341,>5-15°,0-2 m/s,3,2-3 plumes,Not flagged offshore,2025,CM500-6ba45e438c
bd8fdfb3-7f03-4b24-bf9a-eadde9ef3edb,tan20251101t041430c92s4001-E,CH4,f5199e9f-b5ec-4362-b572-9520854c1a6f,2025-11-01 04:14:30.920000+00:00,tan,production,Tanager,57.470001471348304,39.0646451531708,mfa,33.187576895044586,maximum_sensitivity,13.782598720807341,,0.5555555555555556,9.732107564877056,v3,3.39.1,False,l2c-ch4-v0,mfa,6A,published,False,2025-12-01 04:19:09.087000+00:00,2025-12-01 04:19:09.086000+00:00,106.99904726110645,-6.356269087538479,106.9817250319737,-6.369282357267417,107.01245896687088,-6.338737219061371,0,[],True,https://catalog.carbonmapper.org/l3a,True,https://catalog.carbonmapper.org/l3a,True,https://catalog.carbonmapper.org/l3a,True,https://catalog.carbonmapper.org/l3a,True,https://catalog.carbonmapper.org/l3a,30.003219525462963,Solid waste / landfill,True,Public rate + uncertainty,67.9739762537617,Indonesia,IDN,True,57.470001471348304,39.0646451531708,False,2025-11-01 04:14:30.920000+00:00,2025-11-01 04:14:30.920000+00:00,Live API scene_timestamp,30.003219525462963,13.782598720807341,>5-15°,0-2 m/s,3,2-3 plumes,Not flagged offshore,2025,CM500-17f5d3eb36
dcb35b33-3feb-43f4-95dd-9d8fa54a3f4b,tan20251101t041430c92s4001-A,CH4,f5199e9f-b5ec-4362-b572-9520854c1a6f,2025-11-01 04:14:30.920000+00:00,tan,production,Tanager,1160.4336821514628,758.1398680474808,mfa,33.187576895044586,maximum_sensitivity,13.782598720807341,,0.5555555555555556,9.732107564877056,v3,3.39.1,False,l2c-ch4-v0,mfa,6A,published,False,2025-12-01 04:19:09.163000+00:00,2025-12-01 04:19:09.162000+00:00,106.99807941096486,-6.348119595092427,106.90705885792823,-6.362114700535819,107.03705837660105,-6.23262930432062,0,[],True,https://catalog.carbonmapper.org/l3a,True,https://catalog.carbonmapper.org/l3a,True,https://catalog.carbonmapper.org/l3a,True,https://catalog.carbonmapper.org/l3a,True,https://catalog.carbonmapper.org/l3a,30.00322040509259,Solid waste / landfill,True,Public rate + uncertainty,65.3324597267702,Indonesia,IDN,True,1160.4336821514628,758.1398680474808,False,2025-11-01 04:14:30.920000+00:00,2025-11-01 04:14:30.920000+00:00,Live API scene_timestamp,30.00322040509259,13.782598720807341,>5-15°,0-2 m/s,3,2-3 plumes,Not flagged offshore,2025,CM500-6ba45e438c
b0e151cd-1bea-4827-b94f-1457f84f13a3,tan20251102t032907c91s4001-B,CH4,4b7a67b5-146b-45b6-b983-abf0720c1b40,2025-11-02 03:29:07.910000+00:00,tan,production,Tanager,3806.923717459043,837.0967657543629,mfa,33.791699259211796,maximum_sensitivity,13.713061880841849,,4.037037037037037,52.6670094218673,v3,3.39.1,False,l2c-ch4-v0,mfa,6A,published,False,2025-12-02 04:19:10.437000+00:00,2025-12-02 04:19:10.435000+00:00,121.1556765207406,14.767994891275237,121.11222464036142,14.738840891621248,121.16588274573766,14.790727215695265,0,[],True,https://catalog.carbonmapper.org/l3a,True,https://catalog.carbonmapper.org/l3a,True,https://catalog.carbonmapper.org/l3a,True,https://catalog.carbonmapper.org/l3a,True,https://catalog.carbonmapper.org/l3a,30.034751469907405,Solid waste / landfill,True,Public rate + uncertainty,21.988797987081515,Philippines,PHL,True,3806.923717459043,837.0967657543629,False,2025-11-02 03:29:07.910000+00:00,2025-11-02 03:29:07.910000+00:00,Live API scene_timestamp,30.034751469907405,13.713061880841849,>5-15°,>4-6 m/s,2,2-3 plumes,Not flagged offshore,2025,CM500-cda1f1e271
664f88ab-7c1e-4bb6-897d-c14a119d4c60,tan20251102t032907c91s4001-A,CH4,4b7a67b5-146b-45b6-b983-abf0720c1b40,2025-11-02 03:29:07.910000+00:00,tan,production,Tanager,3929.0021113320895,395.8488696823052,mfa,33.791699259211796,maximum_sensitivity,13.713061880841849,,4.037037037037037,52.6670094218673,v3,3.39.1,False,l2c-ch4-v0,mfa,6A,published,False,2025-12-02 04:19:10.144000+00:00,2025-12-02 04:19:10.142000+00:00,121.15572193357758,14.769565888148662,121.11222464036142,14.738840891621248,121.16588274573766,14.790727215695265,0,[],True,https://catalog.carbonmapper.org/l3a,True,https://catalog.carbonmapper.org/l3a,True,https://catalog.carbonmapper.org/l3a,True,https://catalog.carbonmapper.org/l3a,True,https://catalog.carbonmapper.org/l3a,30.034748078703707,Solid waste / landfill,True,Public rate + uncertainty,10.075048535621594,Philippines,PHL,True,3929.0021113320895,395.8488696823052,False,2025-11-02 03:29:07.910000+00:00,2025-11-02 03:29:07.910000+00:00,Live API scene_timestamp,30.034748078703707,13.713061880841849,>5-15°,>4-6 m/s,2,2-3 plumes,Not flagged offshore,2025,CM500-cda1f1e271
870d47dd-cf19-4bb3-8aa6-ef548b102074,tan20251105t030520c63s4001-A,CH4,bdbb1a66-4705-4e56-9da4-db48c2652592,2025-11-05 03:05:20.630000+00:00,tan,production,Tanager,1211.58646691734,202.98260912807726,mfa,32.50385733841783,standard_sensitivity,1.4331394884552204,,3.157407407407407,81.33179591404893,v3a,3.41.3,False,l2c-ch4-v0,mfa,6A,published,False,2025-12-05 03:19:09.793000+00:00,2025-12-05 03:19:09.783000+00:00,125.55341177374595,7.149784343664308,125.53363880080916,7.135701769351255,125.56468743030798,7.166508880370317,0,[],True,https://catalog.carbonmapper.org/l3a,True,https://catalog.carbonmapper.org/l3a,True,https://catalog.carbonmapper.org/l3a,True,https://catalog.carbonmapper.org/l3a,True,https://catalog.carbonmapper.org/l3a,30.009596793981483,Solid waste / landfill,True,Public rate + uncertainty,16.753456288145028,Philippines,PHL,True,1211.58646691734,202.98260912807729,False,2025-11-05 03:05:20.630000+00:00,2025-11-05 03:05:20.630000+00:00,Live API scene_timestamp,30.009596793981483,1.4331394884552204,0-5°,>2-4 m/s,1,1 plume,Not flagged offshore,2025,CM500-ac1926fef7
cb8fa17d-13c9-4cc8-a0f5-b2bbbf137dd7,tan20251107t032209c67s4001-A,CH4,addcf932-f790-443e-9691-333275c16ffc,2025-11-07 03:22:09.670000+00:00,tan,production,Tanager,,,mfa,32.79422306376415,standard_sensitivity,5.499873160737871,,2.472222222222222,335.29504672941675,v3,3.39.1,False,l2c-ch4-v0,mfa,6A,published,True,2025-12-07 04:19:10.298000+00:00,2025-12-07 04:19:10.297000+00:00,119.49088368408349,-5.175385045717178,119.47670522414111,-5.19174280748505,119.5073668407245,-5.160936002157391,0,[],True,https://catalog.carbonmapper.org/l3a,True,https://catalog.carbonmapper.org/l3a,True,https://catalog.carbonmapper.org/l3a,True,https://catalog.carbonmapper.org/l3a,True,https://catalog.carbonmapper.org/l3a,30.039590601851852,Solid waste / landfill,True,Hidden / unavailable rate,,Indonesia,IDN,True,,,True,2025-11-07 03:22:09.670000+00:00,2025-11-07 03:22:09.670000+00:00,Live API scene_timestamp,30.039590601851852,5.499873160737871,>5-15°,>2-4 m/s,1,1 plume,Not flagged offshore,2025,CM500-6403356d12
6c282dc6-9784-465b-a86e-b98aea0ed677,tan20251111t051619c41s4001-A,CH4,d87974fe-22ad-40ff-91fc-96fed2b4809d,2025-11-11 05:16:19.410000+00:00,tan,production,Tanager,599.7188014584539,124.11010654643948,mfa,37.195124541464146,standard_sensitivity,27.6506026199878,,2.009259259259259,40.95256939385064,v3a,3.41.4,False,l2c-ch4-v0,mfa,6A,published,False,2025-12-11 05:19:09.721000+00:00,2025-12-11 05:19:09.720000+00:00,94.62383409796155,21.649619720197947,94.5992919634474,21.629379834968937,94.63213931448152,21.659911097691175,0,[],True,https://catalog.carbonmapper.org/l3a,True,https://catalog.carbonmapper.org/l3a,True,https://catalog.carbonmapper.org/l3a,True,https://catalog.carbonmapper.org/l3a,True,https://catalog.carbonmapper.org/l3a,30.00197119212963,Solid waste / landfill,True,Public rate + uncertainty,20.694716631297297,Myanmar,MMR,True,599.7188014584539,124.11010654643948,False,2025-11-11 05:16:19.410000+00:00,2025-11-11 05:16:19.410000+00:00,Live API scene_timestamp,30.00197119212963,27.6506026199878,>15-30°,>2-4 m/s,1,1 plume,Not flagged offshore,2025,CM500-09590a2e63
4e2182d5-611c-4cc6-b30b-ce4b76378221,tan20251114t045112c19s4001-A,CH4,6b0beed7-a5ad-47e6-8783-000a6ab71d29,2025-11-14 04:51:12.190000+00:00,tan,production,Tanager,2535.977374694553,224.40842869172965,mfa,31.946941843814262,maximum_sensitivity,14.982450009347437,,2.8518518518518516,56.6670094218673,v3a,3.41.4,False,l2c-ch4-v0,mfa,6A,published,False,2025-12-14 05:19:11.517000+00:00,2025-12-14 05:19:11.515000+00:00,100.67083522392863,13.579290152936835,100.64108730046493,13.553659025727596,100.67668059452785,13.588258556603279,0,[],True,https://catalog.carbonmapper.org/l3a,True,https://catalog.carbonmapper.org/l3a,True,https://catalog.carbonmapper.org/l3a,True,https://catalog.carbonmapper.org/l3a,True,https://catalog.carbonmapper.org/l3a,30.019436655092594,Solid waste / landfill,True,Public rate + uncertainty,8.84899175091255,Thailand,THA,True,2535.977374694553,224.40842869172965,False,2025-11-14 04:51:12.190000+00:00,2025-11-14 04:51:12.190000+00:00,Live API scene_timestamp,30.019436655092594,14.982450009347437,>5-15°,>2-4 m/s,1,1 plume,Not flagged offshore,2025,CM500-11f3d4c914
e932ac25-63a8-4d95-bef4-5fedabbd11f8,tan20251114t045307c48s4001-A,CH4,5c518854-2bd3-4548-8872-33f3cc7f3ce3,2025-11-14 04:53:07.480000+00:00,tan,production,Tanager,,,mfa,40.23435510342735,standard_sensitivity,28.40168233888518,,2.1666666666666665,13.63343399930349,v3a,3.41.4,False,l2c-ch4-v0,mfa,6A,published,True,2025-12-14 05:19:10.449000+00:00,2025-12-14 05:19:10.448000+00:00,100.62313172307876,5.414007510754786,100.60570369466207,5.400140948332938,100.63639510799992,5.430965759618457,0,[],True,https://catalog.carbonmapper.org/l3a,True,https://catalog.carbonmapper.org/l3a,True,https://catalog.carbonmapper.org/l3a,True,https://catalog.carbonmapper.org/l3a,True,https://catalog.carbonmapper.org/l3a,30.01808991898148,Solid waste / landfill,True,Hidden / unavailable rate,,Malaysia,MYS,True,,,True,2025-11-14 04:53:07.480000+00:00,2025-11-14 04:53:07.480000+00:00,Live API scene_timestamp,30.01808991898148,28.40168233888518,>15-30°,>2-4 m/s,1,1 plume,Not flagged offshore,2025,CM500-53e7301000
5462c178-7525-4225-b351-faf0c52a912e,tan20251116t050352c92s4001-B,CH4,770e8a27-721c-4db6-8d6a-0916e3af6297,2025-11-16 05:03:52.920000+00:00,tan,production,Tanager,482.96115251386436,191.17199172025116,mfa,35.17227999537914,maximum_sensitivity,20.4,,2.7870370370370368,42.01590679744355,v3a,3.41.4,False,l2c-ch4-v0,mfa,6A,published,False,2025-12-16 05:19:09.223000+00:00,2025-12-16 05:19:09.221000+00:00,96.18152993483596,16.91956135179157,96.16625601954314,16.899032824122358,96.19899631654441,16.930086731006526,0,[],True,https://catalog.carbonmapper.org/l3a,True,https://catalog.carbonmapper.org/l3a,True,https://catalog.carbonmapper.org/l3a,True,https://catalog.carbonmapper.org/l3a,True,https://catalog.carbonmapper.org/l3a,30.010605358796294,Solid waste / landfill,True,Public rate + uncertainty,39.58330617797737,Myanmar,MMR,True,482.9611525138644,191.1719917202512,False,2025-11-16 05:03:52.920000+00:00,2025-11-16 05:03:52.920000+00:00,Live API scene_timestamp,30.010605358796294,20.4,>15-30°,>2-4 m/s,2,2-3 plumes,Not flagged offshore,2025,CM500-884b5032de
b1fe7ab2-a806-418b-8baa-b3f47a1e7833,tan20251116t050352c92s4001-A,CH4,770e8a27-721c-4db6-8d6a-0916e3af6297,2025-11-16 05:03:52.920000+00:00,tan,production,Tanager,1015.6757125763202,102.42638511279411,mfa,35.17227999537914,maximum_sensitivity,20.4,,2.7870370370370368,42.01590679744355,v3a,3.41.4,False,l2c-ch4-v0,mfa,6A,published,False,2025-12-16 05:19:09.368000+00:00,2025-12-16 05:19:09.367000+00:00,96.18692817070774,16.916886263776306,96.16625601954314,16.899032824122358,96.19899631654441,16.930086731006526,0,[],True,https://catalog.carbonmapper.org/l3a,True,https://catalog.carbonmapper.org/l3a,True,https://catalog.carbonmapper.org/l3a,True,https://catalog.carbonmapper.org/l3a,True,https://catalog.carbonmapper.org/l3a,30.010607037037037,Solid waste / landfill,True,Public rate + uncertainty,10.084555911353208,Myanmar,MMR,True,1015.6757125763202,102.42638511279412,False,2025-11-16 05:03:52.920000+00:00,2025-11-16 05:03:52.920000+00:00,Live API scene_timestamp,30.010607037037037,20.4,>15-30°,>2-4 m/s,2,2-3 plumes,Not flagged offshore,2025,CM500-884b5032de
64028054-a937-4641-aad5-7386e9a5f419,tan20251117t042818c76s4001-A,CH4,fd97c38f-cb16-4a6b-b514-f88d3c4350fc,2025-11-17 04:28:18.760000+00:00,tan,production,Tanager,299.8324438043169,81.466594100608,mfa,33.89496733932998,standard_sensitivity,11.433710884483986,,1.212962962962963,327.9877443986375,v3a,3.41.4,False,l2c-ch4-v0,mfa,6A,published,False,2025-12-17 05:19:09.596000+00:00,2025-12-17 05:19:09.594000+00:00,103.720250481005,1.658286575872665,103.7042061998305,1.6439460597598539,103.73505052647414,1.6745070027578663,0,[],True,https://catalog.carbonmapper.org/l3a,True,https://catalog.carbonmapper.org/l3a,True,https://catalog.carbonmapper.org/l3a,True,https://catalog.carbonmapper.org/l3a,True,https://catalog.carbonmapper.org/l3a,30.035310601851855,Solid waste / landfill,True,Public rate + uncertainty,27.170706767736082,Malaysia,MYS,True,299.8324438043169,81.466594100608,False,2025-11-17 04:28:18.760000+00:00,2025-11-17 04:28:18.760000+00:00,Live API scene_timestamp,30.035310601851855,11.433710884483986,>5-15°,0-2 m/s,1,1 plume,Not flagged offshore,2025,CM500-8b3c9b95fb
37c82398-087d-4ef2-982e-9a80d94feb32,tan20251118t051703c40s4001-B,CH4,fdc33246-ab98-40a3-9867-930f280e615b,2025-11-18 05:17:03.400000+00:00,tan,production,Tanager,1049.2370957731293,334.86523890570265,mfa,37.6007058604721,standard_sensitivity,28.551825501220943,,5.351851851851852,355.0,v3a,3.41.4,False,l2c-ch4-v0,mfa,other,published,False,2025-12-18 05:19:11.372000+00:00,2025-12-18 05:19:11.371000+00:00,94.66575724999558,21.649813148936772,94.65086012642155,21.62779191494577,94.68399616218917,21.6583216710976,0,[],True,https://catalog.carbonmapper.org/l3a,True,https://catalog.carbonmapper.org/l3a,True,https://catalog.carbonmapper.org/l3a,True,https://catalog.carbonmapper.org/l3a,True,https://catalog.carbonmapper.org/l3a,30.001481157407408,Other / unclassified,False,Public rate + uncertainty,31.915116254916388,Myanmar,MMR,True,1049.237095773129,334.86523890570265,False,2025-11-18 05:17:03.400000+00:00,2025-11-18 05:17:03.400000+00:00,Live API scene_timestamp,30.001481157407408,28.551825501220943,>15-30°,>4-6 m/s,2,2-3 plumes,Not flagged offshore,2025,CM500-57e153f7ef
ab88c3d6-1438-4a32-bf3f-c261b31983c7,tan20251118t051703c40s4001-A,CH4,fdc33246-ab98-40a3-9867-930f280e615b,2025-11-18 05:17:03.400000+00:00,tan,production,Tanager,957.6335266295429,192.35153511432324,mfa,37.6007058604721,standard_sensitivity,28.551825501220943,,4.7407407407407405,2.3329905781327027,v3a,3.41.4,False,l2c-ch4-v0,mfa,6A,published,False,2025-12-18 05:19:10.658000+00:00,2025-12-18 05:19:10.657000+00:00,94.62368749955766,21.649335222810848,94.60684425519489,21.630933469287744,94.63998257380102,21.6617348229965,0,[],True,https://catalog.carbonmapper.org/l3a,True,https://catalog.carbonmapper.org/l3a,True,https://catalog.carbonmapper.org/l3a,True,https://catalog.carbonmapper.org/l3a,True,https://catalog.carbonmapper.org/l3a,30.001472893518518,Solid waste / landfill,True,Public rate + uncertainty,20.086132091815717,Myanmar,MMR,True,957.6335266295428,192.35153511432324,False,2025-11-18 05:17:03.400000+00:00,2025-11-18 05:17:03.400000+00:00,Live API scene_timestamp,30.001472893518518,28.551825501220943,>15-30°,>4-6 m/s,2,2-3 plumes,Not flagged offshore,2025,CM500-09590a2e63
b73dc68e-c324-4c93-a933-45a5f9a11f5e,tan20251124t042620c43s4001-D,CH4,7b2a0da8-c220-4485-837f-565b738f1250,2025-11-24 04:26:20.430000+00:00,tan,production,Tanager,,,mfa,39.29094984340898,standard_sensitivity,28.153731527678154,,7.111111111111111,37.0,v3a,3.41.4,False,l2c-ch4-v0,mfa,6A,published,True,2025-12-24 05:19:10.241000+00:00,2025-12-24 05:19:10.239000+00:00,104.88655914551657,11.483261170598695,104.86997123277123,11.467106240198854,104.90115497352707,11.497665867561619,0,[],True,https://catalog.carbonmapper.org/l3a,True,https://catalog.carbonmapper.org/l3a,True,https://catalog.carbonmapper.org/l3a,True,https://catalog.carbonmapper.org/l3a,True,https://catalog.carbonmapper.org/l3a,30.036687627314816,Solid waste / landfill,True,Hidden / unavailable rate,,Cambodia,KHM,True,,,True,2025-11-24 04:26:20.430000+00:00,2025-11-24 04:26:20.430000+00:00,Live API scene_timestamp,30.036687627314816,28.153731527678154,>15-30°,>6 m/s,2,2-3 plumes,Not flagged offshore,2025,CM500-007e566671
de87fc32-49cb-42ef-9b4d-454a2c0d94a7,tan20251124t042620c43s4001-C,CH4,7b2a0da8-c220-4485-837f-565b738f1250,2025-11-24 04:26:20.430000+00:00,tan,production,Tanager,,,mfa,39.29094984340898,standard_sensitivity,28.153731527678154,,7.111111111111111,37.0,v3a,3.41.4,False,l2c-ch4-v0,mfa,6A,published,True,2025-12-24 05:19:10.106000+00:00,2025-12-24 05:19:10.105000+00:00,104.88481299886632,11.484232387070065,104.86997078747464,11.46819239964452,104.90115366056827,11.499021474911334,0,[],True,https://catalog.carbonmapper.org/l3a,True,https://catalog.carbonmapper.org/l3a,True,https://catalog.carbonmapper.org/l3a,True,https://catalog.carbonmapper.org/l3a,True,https://catalog.carbonmapper.org/l3a,30.036686064814816,Solid waste / landfill,True,Hidden / unavailable rate,,Cambodia,KHM,True,,,True,2025-11-24 04:26:20.430000+00:00,2025-11-24 04:26:20.430000+00:00,Live API scene_timestamp,30.036686064814816,28.153731527678154,>15-30°,>6 m/s,2,2-3 plumes,Not flagged offshore,2025,CM500-007e566671
39e4c814-5c47-41ff-bf75-7fd6bfd3779d,tan20251124t042717c23s4001-A,CH4,9999debb-fe84-4465-bd14-46f9a69ec61c,2025-11-24 04:27:17.230000+00:00,tan,production,Tanager,,,mfa,38.261766529841,standard_sensitivity,26.629954344433376,,2.3055555555555554,29.33746312054338,v3a,3.41.4,False,l2c-ch4-v0,mfa,6A,published,True,2025-12-24 05:19:10.420000+00:00,2025-12-24 05:19:10.419000+00:00,106.43247861056773,10.960488879004913,106.4169861020957,10.945070618659338,106.44810593395701,10.975893152526437,0,[],True,https://catalog.carbonmapper.org/l3a,True,https://catalog.carbonmapper.org/l3a,True,https://catalog.carbonmapper.org/l3a,True,https://catalog.carbonmapper.org/l3a,True,https://catalog.carbonmapper.org/l3a,30.036032291666665,Solid waste / landfill,True,Hidden / unavailable rate,,Vietnam,VNM,True,,,True,2025-11-24 04:27:17.230000+00:00,2025-11-24 04:27:17.230000+00:00,Live API scene_timestamp,30.036032291666665,26.629954344433376,>15-30°,>2-4 m/s,4,4+ plumes,Not flagged offshore,2025,CM500-aed2de9ce9
960a016c-f0d7-4d29-822f-2bb23b5c1b86,tan20251124t042717c23s4001-B,CH4,9999debb-fe84-4465-bd14-46f9a69ec61c,2025-11-24 04:27:17.230000+00:00,tan,production,Tanager,3123.8876321375747,707.1793646335186,mfa,38.261766529841,standard_sensitivity,26.629954344433376,,1.7685185185185184,47.333634404027315,v3a,3.41.4,False,l2c-ch4-v0,mfa,6A,published,False,2025-12-24 05:19:09.501000+00:00,2025-12-24 05:19:09.500000+00:00,106.66602770118027,10.66421466206151,106.63932639225023,10.644546256118081,106.6772901742471,10.681584139920794,0,[],True,https://catalog.carbonmapper.org/l3a,True,https://catalog.carbonmapper.org/l3a,True,https://catalog.carbonmapper.org/l3a,True,https://catalog.carbonmapper.org/l3a,True,https://catalog.carbonmapper.org/l3a,30.036021655092593,Solid waste / landfill,True,Public rate + uncertainty,22.637797767060487,Vietnam,VNM,True,3123.8876321375747,707.1793646335186,False,2025-11-24 04:27:17.230000+00:00,2025-11-24 04:27:17.230000+00:00,Live API scene_timestamp,30.036021655092593,26.629954344433376,>15-30°,0-2 m/s,4,4+ plumes,Not flagged offshore,2025,CM500-c87043980e
c77ee600-3e10-4a8e-87cf-d246d58ddd78,tan20251124t042717c23s4001-D,CH4,9999debb-fe84-4465-bd14-46f9a69ec61c,2025-11-24 04:27:17.230000+00:00,tan,production,Tanager,,,mfa,38.261766529841,standard_sensitivity,26.629954344433376,,2.444444444444444,29.34268342193447,v3a,3.41.4,False,l2c-ch4-v0,mfa,6A,published,True,2025-12-24 05:19:10.521000+00:00,2025-12-24 05:19:10.519000+00:00,106.41354523585682,10.966749018813488,106.3964164174116,10.94869171337256,106.4275368812665,10.979514495858096,0,[],True,https://catalog.carbonmapper.org/l3a,True,https://catalog.carbonmapper.org/l3a,True,https://catalog.carbonmapper.org/l3a,True,https://catalog.carbonmapper.org/l3a,True,https://catalog.carbonmapper.org/l3a,30.03603346064815,Solid waste / landfill,True,Hidden / unavailable rate,,Vietnam,VNM,True,,,True,2025-11-24 04:27:17.230000+00:00,2025-11-24 04:27:17.230000+00:00,Live API scene_timestamp,30.03603346064815,26.629954344433376,>15-30°,>2-4 m/s,4,4+ plumes,Not flagged offshore,2025,CM500-9765f42c18
195c0e43-3e08-49dc-8ecc-9ff13edb7726,tan20251124t042717c23s4001-C,CH4,9999debb-fe84-4465-bd14-46f9a69ec61c,2025-11-24 04:27:17.230000+00:00,tan,production,Tanager,,,mfa,38.261766529841,standard_sensitivity,26.629954344433376,,1.7685185185185184,47.333634404027315,v3a,3.41.4,False,l2c-ch4-v0,mfa,6A,published,True,2025-12-24 05:19:09.646000+00:00,2025-12-24 05:19:09.645000+00:00,106.67090712095057,10.666121261616226,106.6503280931874,10.650979281655422,106.68168969210174,10.68152866531443,0,[],True,https://catalog.carbonmapper.org/l3a,True,https://catalog.carbonmapper.org/l3a,True,https://catalog.carbonmapper.org/l3a,True,https://catalog.carbonmapper.org/l3a,True,https://catalog.carbonmapper.org/l3a,30.036023333333336,Solid waste / landfill,True,Hidden / unavailable rate,,Vietnam,VNM,True,,,True,2025-11-24 04:27:17.230000+00:00,2025-11-24 04:27:17.230000+00:00,Live API scene_timestamp,30.036023333333336,26.629954344433376,>15-30°,0-2 m/s,4,4+ plumes,Not flagged offshore,2025,CM500-c87043980e
872e4834-a1ca-4936-ab8f-b659a87ffdf1,tan20251125t035141c01s4001-A,CH4,dda46441-235b-45c2-b0a2-17b821a26dfa,2025-11-25 03:51:41.010000+00:00,tan,production,Tanager,,,mfa,33.06121383230161,standard_sensitivity,7.244668103987119,,0.7222222222222222,347.14209893275284,v3a,3.41.4,False,l2c-ch4-v0,mfa,other,published,True,2025-12-25 04:19:10.079000+00:00,2025-12-25 04:19:10.077000+00:00,112.71011744252132,-7.52779856554345,112.69446267128262,-7.542977117980225,112.72555108208596,-7.512426993840902,0,[],True,https://catalog.carbonmapper.org/l3a,True,https://catalog.carbonmapper.org/l3a,True,https://catalog.carbonmapper.org/l3a,True,https://catalog.carbonmapper.org/l3a,True,https://catalog.carbonmapper.org/l3a,30.01908644675926,Other / unclassified,False,Hidden / unavailable rate,,Indonesia,IDN,True,,,True,2025-11-25 03:51:41.010000+00:00,2025-11-25 03:51:41.010000+00:00,Live API scene_timestamp,30.01908644675926,7.244668103987119,>5-15°,0-2 m/s,1,1 plume,Not flagged offshore,2025,CM500-07bf199048
01e1a078-c3d1-4142-be4d-5eb63e49abc8,tan20251126t043949c37s4001-A,CH4,b4f1d1ef-d49e-414a-80e4-4f14a7846bf2,2025-11-26 04:39:49.370000+00:00,tan,production,Tanager,3538.404622592363,344.96144340225345,mfa,38.825176912595616,standard_sensitivity,27.3,,5.8240740740740735,47.33431218602843,v3a,3.41.4,False,l2c-ch4-v0,mfa,6A,published,False,2025-12-26 05:19:10.170000+00:00,2025-12-26 05:19:10.169000+00:00,101.40014948298403,13.764459227386837,101.3804123000679,13.74339285823669,101.41184713658437,13.773925707441192,0,[],True,https://catalog.carbonmapper.org/l3a,True,https://catalog.carbonmapper.org/l3a,True,https://catalog.carbonmapper.org/l3a,True,https://catalog.carbonmapper.org/l3a,True,https://catalog.carbonmapper.org/l3a,30.027324074074073,Solid waste / landfill,True,Public rate + uncertainty,9.749067169981318,Thailand,THA,True,3538.404622592363,344.96144340225345,False,2025-11-26 04:39:49.370000+00:00,2025-11-26 04:39:49.370000+00:00,Live API scene_timestamp,30.027324074074073,27.3,>15-30°,>4-6 m/s,1,1 plume,Not flagged offshore,2025,CM500-d9e9d21aa8
d8062a2c-8969-4bb4-9dad-0f2b3971e7bd,tan20251129t041831c11s4001-A,CH4,f6f6c65a-5855-49be-9f1f-1b0658d6c33d,2025-11-29 04:18:31.110000+00:00,tan,production,Tanager,725.7246622322767,186.88800529007972,mfa,34.10451050978401,maximum_sensitivity,13.791864294071384,,2.0555555555555554,204.50823906497695,v3a,3.41.4,False,l2c-ch4-v0,mfa,6A,published,False,2025-12-29 04:19:10.443000+00:00,2025-12-29 04:19:10.441000+00:00,106.64525313963003,-6.563791613759633,106.63645341140581,-6.579935534139295,106.66747913479881,-6.5493836032558725,0,[],True,https://catalog.carbonmapper.org/l3a,True,https://catalog.carbonmapper.org/l3a,True,https://catalog.carbonmapper.org/l3a,True,https://catalog.carbonmapper.org/l3a,True,https://catalog.carbonmapper.org/l3a,30.00045524305556,Solid waste / landfill,True,Public rate + uncertainty,25.751915983566782,Indonesia,IDN,True,725.7246622322767,186.8880052900797,False,2025-11-29 04:18:31.110000+00:00,2025-11-29 04:18:31.110000+00:00,Live API scene_timestamp,30.00045524305556,13.791864294071384,>5-15°,>2-4 m/s,1,1 plume,Not flagged offshore,2025,CM500-f12bbc24a3
2797cd74-5133-4de5-b89a-97493782080f,tan20251130t033251c90s4001-B,CH4,96d9cc0c-4a05-480c-8518-a7db5abd2b05,2025-11-30 03:32:51.900000+00:00,tan,production,Tanager,,,mfa,35.53501763456712,maximum_sensitivity,16.390019456134876,,1.5648148148148149,128.1598427143185,v3a,3.41.4,False,l2c-ch4-v0,mfa,6A,published,True,2025-12-30 04:19:10.447000+00:00,2025-12-30 04:19:10.445000+00:00,121.16609425865187,14.690919618989156,121.14519948775221,14.682475495583107,121.17705027880041,14.713013805841346,0,[],True,https://catalog.carbonmapper.org/l3a,True,https://catalog.carbonmapper.org/l3a,True,https://catalog.carbonmapper.org/l3a,True,https://catalog.carbonmapper.org/l3a,True,https://catalog.carbonmapper.org/l3a,30.032159108796293,Solid waste / landfill,True,Hidden / unavailable rate,,Philippines,PHL,True,,,True,2025-11-30 03:32:51.900000+00:00,2025-11-30 03:32:51.900000+00:00,Live API scene_timestamp,30.032159108796293,16.390019456134876,>15-30°,0-2 m/s,2,2-3 plumes,Not flagged offshore,2025,CM500-5c4211c9ce
865b889b-9cf9-4e2d-ba5c-99d10beeb6c0,tan20251130t033251c90s4001-A,CH4,96d9cc0c-4a05-480c-8518-a7db5abd2b05,2025-11-30 03:32:51.900000+00:00,tan,production,Tanager,3023.2418938024034,837.6933235845265,mfa,35.53501763456712,maximum_sensitivity,16.390019456134876,,1.638888888888889,247.76426544002817,v3a,3.41.4,False,l2c-ch4-v0,mfa,6A,published,False,2025-12-30 04:19:10.237000+00:00,2025-12-30 04:19:10.236000+00:00,121.15721074620723,14.770567173189477,121.03688787185592,14.733778889479026,121.20824436049593,14.899167450311841,0,[],True,https://catalog.carbonmapper.org/l3a,True,https://catalog.carbonmapper.org/l3a,True,https://catalog.carbonmapper.org/l3a,True,https://catalog.carbonmapper.org/l3a,True,https://catalog.carbonmapper.org/l3a,30.03215667824074,Solid waste / landfill,True,Public rate + uncertainty,27.70844520584953,Philippines,PHL,True,3023.2418938024034,837.6933235845265,False,2025-11-30 03:32:51.900000+00:00,2025-11-30 03:32:51.900000+00:00,Live API scene_timestamp,30.03215667824074,16.390019456134876,>15-30°,0-2 m/s,2,2-3 plumes,Not flagged offshore,2025,CM500-cda1f1e271
3ff5dd82-0a36-442a-a656-b1c2dc10649b,tan20251130t033740c18s4001-A,CH4,064dd269-2e8b-4b1c-9091-53e93e16f8a9,2025-11-30 03:37:40.180000+00:00,tan,production,Tanager,,,mfa,37.46712116300241,standard_sensitivity,19.248016854845446,,0.5277777777777778,155.07987871994277,v3a,3.41.4,False,l2c-ch4-v0,mfa,1B1a,published,True,2025-12-30 04:19:10.561000+00:00,2025-12-30 04:19:10.559000+00:00,115.49105789596194,-2.222197665620527,115.47585698201546,-2.237856219332968,115.50670879266087,-2.207298044815344,0,[],True,https://catalog.carbonmapper.org/l3a,True,https://catalog.carbonmapper.org/l3a,True,https://catalog.carbonmapper.org/l3a,True,https://catalog.carbonmapper.org/l3a,True,https://catalog.carbonmapper.org/l3a,30.028823854166667,Coal mining,True,Hidden / unavailable rate,,Indonesia,IDN,True,,,True,2025-11-30 03:37:40.180000+00:00,2025-11-30 03:37:40.180000+00:00,Live API scene_timestamp,30.028823854166667,19.248016854845446,>15-30°,0-2 m/s,1,1 plume,Not flagged offshore,2025,CM500-2ba58f54a3
5b30da9f-839c-435b-9082-6f4105e2685b,tan20251201t042724c95s4001-B,CH4,5f5298a7-2e88-4ab5-8b84-8b4ff59a468e,2025-12-01 04:27:24.950000+00:00,tan,production,Tanager,,,mfa,38.95169299693286,standard_sensitivity,26.278970317503514,,0.8611111111111112,280.0279907236704,v3a,3.41.4,False,l2c-ch4-v0,mfa,6A,published,True,2025-12-31 05:19:10.541000+00:00,2025-12-31 05:19:10.540000+00:00,106.67338085053518,10.668873995277849,106.66484747495063,10.648465454876874,106.69648373829995,10.67982566793337,0,[],True,https://catalog.carbonmapper.org/l3a,True,https://catalog.carbonmapper.org/l3a,True,https://catalog.carbonmapper.org/l3a,True,https://catalog.carbonmapper.org/l3a,True,https://catalog.carbonmapper.org/l3a,30.035944340277776,Solid waste / landfill,True,Hidden / unavailable rate,,Vietnam,VNM,True,,,True,2025-12-01 04:27:24.950000+00:00,2025-12-01 04:27:24.950000+00:00,Live API scene_timestamp,30.035944340277776,26.278970317503514,>15-30°,0-2 m/s,2,2-3 plumes,Not flagged offshore,2025,CM500-c87043980e
cf540da4-5033-487a-adb4-433927f5ab07,tan20251201t042724c95s4001-A,CH4,5f5298a7-2e88-4ab5-8b84-8b4ff59a468e,2025-12-01 04:27:24.950000+00:00,tan,production,Tanager,669.5934943485828,137.6650337310722,mfa,38.95169299693286,standard_sensitivity,26.278970317503514,,0.8611111111111112,280.0279907236704,v3a,3.41.4,False,l2c-ch4-v0,mfa,6A,published,False,2025-12-31 05:19:10.321000+00:00,2025-12-31 05:19:10.320000+00:00,106.67121566589998,10.66550527291703,106.66484747495063,10.648465454876874,106.69648373829995,10.67982566793337,0,[],True,https://catalog.carbonmapper.org/l3a,True,https://catalog.carbonmapper.org/l3a,True,https://catalog.carbonmapper.org/l3a,True,https://catalog.carbonmapper.org/l3a,True,https://catalog.carbonmapper.org/l3a,30.03594179398148,Solid waste / landfill,True,Public rate + uncertainty,20.559493915782486,Vietnam,VNM,True,669.5934943485828,137.6650337310722,False,2025-12-01 04:27:24.950000+00:00,2025-12-01 04:27:24.950000+00:00,Live API scene_timestamp,30.03594179398148,26.278970317503514,>15-30°,0-2 m/s,2,2-3 plumes,Not flagged offshore,2025,CM500-c87043980e
6bd8fbb2-52bf-47ac-a660-c1ce423aff8e,tan20251202t034846c42s4001-A,CH4,0f236544-c2c7-4c98-bb8d-bd91fc1981cc,2025-12-02 03:48:46.420000+00:00,tan,production,Tanager,1168.1144300768772,118.71389378526592,mfa,38.26299444122397,standard_sensitivity,27.705297702427277,,2.064814814814815,261.3472919484011,v3a,3.41.4,False,l2c-ch4-v0,mfa,6A,published,False,2026-01-01 04:19:10.786000+00:00,2026-01-01 04:19:10.785000+00:00,116.17672230507469,6.107921625963982,116.16745468661996,6.088562866512688,116.19819111621784,6.1191250451626695,0,[],True,https://catalog.carbonmapper.org/l3a,True,https://catalog.carbonmapper.org/l3a,True,https://catalog.carbonmapper.org/l3a,True,https://catalog.carbonmapper.org/l3a,True,https://catalog.carbonmapper.org/l3a,30.02111534722222,Solid waste / landfill,True,Public rate + uncertainty,10.162865103674218,Malaysia,MYS,True,1168.1144300768772,118.71389378526592,False,2025-12-02 03:48:46.420000+00:00,2025-12-02 03:48:46.420000+00:00,Live API scene_timestamp,30.02111534722222,27.705297702427277,>15-30°,>2-4 m/s,1,1 plume,Not flagged offshore,2025,CM500-07d641fd3b
be85ca16-3682-4319-b606-4bff23320b05,tan20251202t051959c54s4001-B,CH4,a1adac07-7e03-4060-a520-097a1c63ff33,2025-12-02 05:19:59.540000+00:00,tan,production,Tanager,247.9880880512738,83.20316953058246,mfa,37.76078498940721,standard_sensitivity,28.66718837961434,,1.4537037037037035,43.00563223585546,v3a,3.41.4,False,l2c-ch4-v0,mfa,6A,published,False,2026-01-01 06:19:10.283000+00:00,2026-01-01 06:19:10.282000+00:00,96.02126360902531,16.893682604237682,96.00139527525778,16.87774074690986,96.03384616645256,16.908791308480478,0,[],True,https://catalog.carbonmapper.org/l3a,True,https://catalog.carbonmapper.org/l3a,True,https://catalog.carbonmapper.org/l3a,True,https://catalog.carbonmapper.org/l3a,True,https://catalog.carbonmapper.org/l3a,30.041096562499998,Solid waste / landfill,True,Public rate + uncertainty,33.551276669942084,Myanmar,MMR,True,247.9880880512738,83.20316953058246,False,2025-12-02 05:19:59.540000+00:00,2025-12-02 05:19:59.540000+00:00,Live API scene_timestamp,30.041096562499998,28.66718837961434,>15-30°,0-2 m/s,2,2-3 plumes,Not flagged offshore,2025,CM500-8ca1eb50b6
390ea7d0-df2d-40d6-8cc2-a60830cc30f6,tan20251202t051959c54s4001-A,CH4,a1adac07-7e03-4060-a520-097a1c63ff33,2025-12-02 05:19:59.540000+00:00,tan,production,Tanager,663.4062134339943,182.72864767537553,mfa,37.76078498940721,standard_sensitivity,28.66718837961434,,1.361111111111111,33.00274720471501,v3a,3.41.4,False,l2c-ch4-v0,mfa,6A,published,False,2026-01-01 06:19:10.403000+00:00,2026-01-01 06:19:10.402000+00:00,96.18329673091625,16.9217161167727,96.16536813919262,16.90226781198174,96.19754345683663,16.933050708230297,0,[],True,https://catalog.carbonmapper.org/l3a,True,https://catalog.carbonmapper.org/l3a,True,https://catalog.carbonmapper.org/l3a,True,https://catalog.carbonmapper.org/l3a,True,https://catalog.carbonmapper.org/l3a,30.04109795138889,Solid waste / landfill,True,Public rate + uncertainty,27.544006066737897,Myanmar,MMR,True,663.4062134339943,182.72864767537556,False,2025-12-02 05:19:59.540000+00:00,2025-12-02 05:19:59.540000+00:00,Live API scene_timestamp,30.04109795138889,28.66718837961434,>15-30°,0-2 m/s,2,2-3 plumes,Not flagged offshore,2025,CM500-884b5032de
083182ba-34ad-4b22-a71f-559069a6e3ec,tan20251203t030823c44s4001-A,CH4,81a0d077-ddd6-4cff-a854-ac733d9e2e52,2025-12-03 03:08:23.440000+00:00,tan,production,Tanager,1372.207200592725,147.05145995888967,mfa,40.95010796179097,standard_sensitivity,28.6,,3.777777777777778,346.66670428043915,v3c,3.59.1,False,l2c-ch4-v0,mfa,6A,published,False,2026-01-02 03:19:10.601000+00:00,2026-03-17 14:02:05.196000+00:00,123.92131781010414,10.41633395959164,123.90614843642285,10.399546505629559,123.93721826290826,10.43037485877291,0,[],True,https://catalog.carbonmapper.org/l3a,True,https://catalog.carbonmapper.org/l3a,True,https://catalog.carbonmapper.org/l3a,True,https://catalog.carbonmapper.org/l3a,True,https://catalog.carbonmapper.org/l3a,30.00749028935185,Solid waste / landfill,True,Public rate + uncertainty,10.716418037696549,Philippines,PHL,True,1372.207200592725,147.05145995888967,False,2025-12-03 03:08:23.440000+00:00,2025-12-03 03:08:23.440000+00:00,Live API scene_timestamp,30.00749028935185,28.6,>15-30°,>2-4 m/s,1,1 plume,Not flagged offshore,2025,CM500-00cf8931de
ad45e1d2-9bb0-405d-aa44-cb67e6168106,tan20251203t030939c37s4001-A,CH4,a321fe89-457a-44a1-ad75-04bd8db5688e,2025-12-03 03:09:39.370000+00:00,tan,production,Tanager,2054.2231193902817,339.39868671649265,mfa,36.00640814180712,standard_sensitivity,27.103420817326548,,4.12962962962963,6.0,v3a,3.41.4,False,l2c-ch4-v0,mfa,6A,published,False,2026-01-02 03:19:10.763000+00:00,2026-01-02 03:19:10.762000+00:00,125.55309548656686,7.149144772986887,125.5341408663051,7.128110168173123,125.56491561178457,7.158916261905168,0,[],True,https://catalog.carbonmapper.org/l3a,True,https://catalog.carbonmapper.org/l3a,True,https://catalog.carbonmapper.org/l3a,True,https://catalog.carbonmapper.org/l3a,True,https://catalog.carbonmapper.org/l3a,30.00661334490741,Solid waste / landfill,True,Public rate + uncertainty,16.52199722186119,Philippines,PHL,True,2054.2231193902817,339.39868671649265,False,2025-12-03 03:09:39.370000+00:00,2025-12-03 03:09:39.370000+00:00,Live API scene_timestamp,30.00661334490741,27.103420817326548,>15-30°,>4-6 m/s,1,1 plume,Not flagged offshore,2025,CM500-ac1926fef7
a5281ad6-5b94-4647-87cf-ca1229d36ffb,tan20251206t041539c50s4001-A,CH4,81d9f16d-b7e6-4bf5-a102-460525e9e64e,2025-12-06 04:15:39.500000+00:00,tan,production,Tanager,1585.717152929789,545.1114005964571,mfa,41.201156657262295,standard_sensitivity,29.6,,2.157407407407407,76.66415962311856,v3a,3.41.4,False,l2c-ch4-v0,mfa,6A,published,False,2026-01-05 04:19:08.663000+00:00,2026-01-05 04:19:08.662000+00:00,107.13297833493147,10.579820128597163,107.1111162142039,10.560087794154816,107.14218583295104,10.590899944040174,0,[],True,https://catalog.carbonmapper.org/l3a,True,https://catalog.carbonmapper.org/l3a,True,https://catalog.carbonmapper.org/l3a,True,https://catalog.carbonmapper.org/l3a,True,https://catalog.carbonmapper.org/l3a,30.00242086805556,Solid waste / landfill,True,Public rate + uncertainty,34.37633247450865,Vietnam,VNM,True,1585.717152929789,545.1114005964571,False,2025-12-06 04:15:39.500000+00:00,2025-12-06 04:15:39.500000+00:00,Live API scene_timestamp,30.00242086805556,29.6,>15-30°,>2-4 m/s,1,1 plume,Not flagged offshore,2025,CM500-2485bd9e07
3e420d84-110d-4c28-9dc8-c629c77378b4,tan20251208t042924c73s4001-C,CH4,13b730c5-5ef1-4db7-8fbe-e913b4cda531,2025-12-08 04:29:24.730000+00:00,tan,production,Tanager,,,mfa,36.58075516755345,standard_sensitivity,22.690569761948353,,1.0555555555555556,29.656320256342646,v3c,3.56.0,False,l2c-ch4-v0,mfa,6A,published,True,2026-03-03 12:38:45.943000+00:00,2026-03-03 12:38:46.190000+00:00,107.13350069984119,10.580769389570747,107.11910858052205,10.56681025070815,107.15045468776593,10.597623235373646,0,[],True,https://catalog.carbonmapper.org/l3a,True,https://catalog.carbonmapper.org/l3a,True,https://catalog.carbonmapper.org/l3a,True,https://catalog.carbonmapper.org/l3a,True,https://catalog.carbonmapper.org/l3a,85.33982885416667,Solid waste / landfill,True,Hidden / unavailable rate,,Vietnam,VNM,True,,,True,2025-12-08 04:29:24.730000+00:00,2025-12-08 04:29:24.730000+00:00,Live API scene_timestamp,85.33982885416667,22.690569761948353,>15-30°,0-2 m/s,3,2-3 plumes,Not flagged offshore,2025,CM500-2485bd9e07
77b71570-3d38-4e1c-b9f0-8cdc3cfed82c,tan20251208t042924c73s4001-B,CH4,13b730c5-5ef1-4db7-8fbe-e913b4cda531,2025-12-08 04:29:24.730000+00:00,tan,production,Tanager,1008.0379392416454,238.9759089814537,mfa,36.58075516755345,standard_sensitivity,22.690569761948353,,2.175925925925926,40.6670094218673,v3a,3.41.4,False,l2c-ch4-v0,mfa,6A,published,False,2026-01-07 05:19:11.269000+00:00,2026-01-07 05:19:11.256000+00:00,106.4392160823486,10.965788784835354,106.4186472456916,10.948046636535466,106.44976634972598,10.97859778940594,0,[],True,https://catalog.carbonmapper.org/l3a,True,https://catalog.carbonmapper.org/l3a,True,https://catalog.carbonmapper.org/l3a,True,https://catalog.carbonmapper.org/l3a,True,https://catalog.carbonmapper.org/l3a,30.03456642361111,Solid waste / landfill,True,Public rate + uncertainty,23.707035189691084,Vietnam,VNM,True,1008.0379392416454,238.9759089814537,False,2025-12-08 04:29:24.730000+00:00,2025-12-08 04:29:24.730000+00:00,Live API scene_timestamp,30.03456642361111,22.690569761948353,>15-30°,>2-4 m/s,3,2-3 plumes,Not flagged offshore,2025,CM500-e4e35f640f
f1dc6fa3-b29d-42fd-9c18-06d075a72252,tan20251208t042924c73s4001-A,CH4,13b730c5-5ef1-4db7-8fbe-e913b4cda531,2025-12-08 04:29:24.730000+00:00,tan,production,Tanager,648.3902268576438,141.21891155562096,mfa,36.58075516755345,standard_sensitivity,22.690569761948353,,2.4814814814814814,38.66568781397158,v3a,3.41.4,False,l2c-ch4-v0,mfa,6A,published,False,2026-01-07 05:19:10.571000+00:00,2026-01-07 05:19:10.570000+00:00,106.41944021408057,10.97172369526406,106.40441495179516,10.956792367359375,106.43553514313611,10.987343683924692,0,[],True,https://catalog.carbonmapper.org/l3a,True,https://catalog.carbonmapper.org/l3a,True,https://catalog.carbonmapper.org/l3a,True,https://catalog.carbonmapper.org/l3a,True,https://catalog.carbonmapper.org/l3a,30.034558344907406,Solid waste / landfill,True,Public rate + uncertainty,21.779925993027966,Vietnam,VNM,True,648.3902268576438,141.21891155562096,False,2025-12-08 04:29:24.730000+00:00,2025-12-08 04:29:24.730000+00:00,Live API scene_timestamp,30.034558344907406,22.690569761948353,>15-30°,>2-4 m/s,3,2-3 plumes,Not flagged offshore,2025,CM500-16ce725463
febf05fd-d405-43ee-b870-61c5f1bf4666,tan20251210t044346c41s4001-B,CH4,8cbd5a14-7de1-4e25-8e35-33ba124429d6,2025-12-10 04:43:46.410000+00:00,tan,production,Tanager,372.1531271729158,99.1646711566505,mfa,37.51431252576838,standard_sensitivity,28.052708231821526,,1.4444444444444444,239.3684492730965,v3b,3.43.2,False,l2c-ch4-v0,mfa,6A,published,False,2026-01-09 05:19:11.152000+00:00,2026-01-09 05:19:11.150000+00:00,100.62176451844238,5.414240032682741,100.60731691176166,5.396337009859213,100.63827970485517,5.4268914044473,0,[],True,https://catalog.carbonmapper.org/l3a,True,https://catalog.carbonmapper.org/l3a,True,https://catalog.carbonmapper.org/l3a,True,https://catalog.carbonmapper.org/l3a,True,https://catalog.carbonmapper.org/l3a,30.0245919212963,Solid waste / landfill,True,Public rate + uncertainty,26.646201231724437,Malaysia,MYS,True,372.1531271729158,99.1646711566505,False,2025-12-10 04:43:46.410000+00:00,2025-12-10 04:43:46.410000+00:00,Live API scene_timestamp,30.0245919212963,28.052708231821526,>15-30°,0-2 m/s,2,2-3 plumes,Not flagged offshore,2025,CM500-53e7301000
7313fba2-20d4-43fd-8855-94b4f067a128,tan20251210t044346c41s4001-A,CH4,8cbd5a14-7de1-4e25-8e35-33ba124429d6,2025-12-10 04:43:46.410000+00:00,tan,production,Tanager,551.2659369811436,151.63893839668182,mfa,37.51431252576838,standard_sensitivity,28.052708231821526,,1.4444444444444444,239.3684492730965,v3b,3.43.2,False,l2c-ch4-v0,mfa,6A,published,False,2026-01-09 05:19:11.547000+00:00,2026-01-09 05:19:11.545000+00:00,100.62390558751645,5.414281077979282,100.60731691176166,5.396337009859213,100.63827970485517,5.4268914044473,0,[],True,https://catalog.carbonmapper.org/l3a,True,https://catalog.carbonmapper.org/l3a,True,https://catalog.carbonmapper.org/l3a,True,https://catalog.carbonmapper.org/l3a,True,https://catalog.carbonmapper.org/l3a,30.024596493055558,Solid waste / landfill,True,Public rate + uncertainty,27.50740218542992,Malaysia,MYS,True,551.2659369811436,151.63893839668182,False,2025-12-10 04:43:46.410000+00:00,2025-12-10 04:43:46.410000+00:00,Live API scene_timestamp,30.024596493055558,28.052708231821526,>15-30°,0-2 m/s,2,2-3 plumes,Not flagged offshore,2025,CM500-53e7301000
38c80918-ebb8-4b2f-bd22-dbe90d7bd2f5,tan20251212t045843c41s4001-A,CH4,24dd4e13-d7f5-436e-9713-371a19dc0986,2025-12-12 04:58:43.410000+00:00,tan,production,Tanager,,,mfa,37.33140085981947,standard_sensitivity,27.356566530403736,,1.8148148148148149,354.99357023853526,v3b,3.48.1,False,l2c-ch4-v0,mfa,6A,published,True,2026-01-15 00:14:49.939000+00:00,2026-01-15 00:14:49.988000+00:00,98.65004100759086,3.718201364085886,98.63508558247909,3.7026856609520022,98.66571542525504,3.733521523018415,0,[],True,https://catalog.carbonmapper.org/l3a,True,https://catalog.carbonmapper.org/l3a,True,https://catalog.carbonmapper.org/l3a,True,https://catalog.carbonmapper.org/l3a,True,https://catalog.carbonmapper.org/l3a,33.80285334490741,Solid waste / landfill,True,Hidden / unavailable rate,,Indonesia,IDN,True,,,True,2025-12-12 04:58:43.410000+00:00,2025-12-12 04:58:43.410000+00:00,Live API scene_timestamp,33.80285334490741,27.356566530403736,>15-30°,0-2 m/s,1,1 plume,Not flagged offshore,2025,CM500-f999aaa8f6
c363440a-d53a-4dfc-99e2-8cfb50092ce0,tan20251215t043004c04s4001-A,CH4,4b27c9ed-0328-46df-b678-a43c34a3b77a,2025-12-15 04:30:04.040000+00:00,tan,production,Tanager,,,mfa,35.96007125155871,standard_sensitivity,24.11001087018618,,1.1759259259259258,90.51331819760506,v3c,3.53.1,False,l2c-ch4-v0,mfa,6A,published,True,2026-01-28 17:45:45.655000+00:00,2026-01-28 17:45:45.706000+00:00,106.65715661099352,11.178596804037525,106.63914292640821,11.162014400791586,106.67028254897915,11.192833699256482,0,[],True,https://catalog.carbonmapper.org/l3a,True,https://catalog.carbonmapper.org/l3a,True,https://catalog.carbonmapper.org/l3a,True,https://catalog.carbonmapper.org/l3a,True,https://catalog.carbonmapper.org/l3a,44.55256498842593,Solid waste / landfill,True,Hidden / unavailable rate,,Vietnam,VNM,True,,,True,2025-12-15 04:30:04.040000+00:00,2025-12-15 04:30:04.040000+00:00,Live API scene_timestamp,44.55256498842593,24.11001087018618,>15-30°,0-2 m/s,1,1 plume,Not flagged offshore,2025,CM500-8dcf42feef
9e7d6b8f-93a8-4af5-a9fd-6f9909814ce6,tan20251216t052114c23s4001-D,CH4,6936d9c7-84cc-4d6a-9048-9dc12b9e0c09,2025-12-16 05:21:14.230000+00:00,tan,production,Tanager,,,mfa,36.029262093416584,standard_sensitivity,21.055745650239512,,3.444444444444444,351.33336342205956,v3b,3.43.2,False,l2c-ch4-v0,mfa,1B2,published,True,2026-01-15 06:19:10.496000+00:00,2026-01-15 06:19:10.495000+00:00,95.73865116721578,17.36182928732336,95.72315970786424,17.341149282367105,95.75598494734663,17.37220977085176,0,[],True,https://catalog.carbonmapper.org/l3a,True,https://catalog.carbonmapper.org/l3a,True,https://catalog.carbonmapper.org/l3a,True,https://catalog.carbonmapper.org/l3a,True,https://catalog.carbonmapper.org/l3a,30.040234560185183,Oil and gas,True,Hidden / unavailable rate,,Myanmar,MMR,True,,,True,2025-12-16 05:21:14.230000+00:00,2025-12-16 05:21:14.230000+00:00,Live API scene_timestamp,30.040234560185183,21.055745650239512,>15-30°,>2-4 m/s,4,4+ plumes,Not flagged offshore,2025,CM500-2649e7026c
087dbf78-7fb0-44ac-a97b-0ccf7fa743a8,tan20251216t052114c23s4001-C,CH4,6936d9c7-84cc-4d6a-9048-9dc12b9e0c09,2025-12-16 05:21:14.230000+00:00,tan,production,Tanager,,,mfa,36.029262093416584,standard_sensitivity,21.055745650239512,,3.0462962962962963,0.9998984376571712,v3b,3.43.2,False,l2c-ch4-v0,mfa,1B2,published,True,2026-01-15 06:19:10.402000+00:00,2026-01-15 06:19:10.401000+00:00,95.65536408149995,16.964501806699744,95.63888474729262,16.947520387796832,95.67107728565925,16.978312350318003,0,[],True,https://catalog.carbonmapper.org/l3a,True,https://catalog.carbonmapper.org/l3a,True,https://catalog.carbonmapper.org/l3a,True,https://catalog.carbonmapper.org/l3a,True,https://catalog.carbonmapper.org/l3a,30.04023347222222,Oil and gas,True,Hidden / unavailable rate,,Myanmar,MMR,True,,,True,2025-12-16 05:21:14.230000+00:00,2025-12-16 05:21:14.230000+00:00,Live API scene_timestamp,30.04023347222222,21.055745650239512,>15-30°,>2-4 m/s,4,4+ plumes,Not flagged offshore,2025,CM500-975a602e82
a215a0ba-fb5a-4a69-b1aa-18ebc4eeb11a,tan20251216t052114c23s4001-B,CH4,6936d9c7-84cc-4d6a-9048-9dc12b9e0c09,2025-12-16 05:21:14.230000+00:00,tan,production,Tanager,,,mfa,36.029262093416584,standard_sensitivity,21.055745650239512,,3.3333333333333335,3.6667042804391725,v3b,3.43.2,False,l2c-ch4-v0,mfa,1B2,published,True,2026-01-15 06:19:09.958000+00:00,2026-01-15 06:19:09.957000+00:00,95.63299530166103,16.968848613783678,95.61745092353175,16.944811557447974,95.64992788932642,16.975875998434432,0,[],True,https://catalog.carbonmapper.org/l3a,True,https://catalog.carbonmapper.org/l3a,True,https://catalog.carbonmapper.org/l3a,True,https://catalog.carbonmapper.org/l3a,True,https://catalog.carbonmapper.org/l3a,30.040228333333335,Oil and gas,True,Hidden / unavailable rate,,Myanmar,MMR,True,,,True,2025-12-16 05:21:14.230000+00:00,2025-12-16 05:21:14.230000+00:00,Live API scene_timestamp,30.040228333333335,21.055745650239512,>15-30°,>2-4 m/s,4,4+ plumes,Not flagged offshore,2025,CM500-5b93ca44f2
6ffd3660-0ec4-4acf-8448-a6ec6a8244b4,tan20251216t052114c23s4001-A,CH4,6936d9c7-84cc-4d6a-9048-9dc12b9e0c09,2025-12-16 05:21:14.230000+00:00,tan,production,Tanager,,,mfa,36.029262093416584,standard_sensitivity,21.055745650239512,,3.3333333333333335,3.6667042804391725,v3b,3.43.2,False,l2c-ch4-v0,mfa,1B2,published,True,2026-01-15 06:19:09.734000+00:00,2026-01-15 06:19:09.732000+00:00,95.64529427454079,16.963784219162676,95.62790652449935,16.947657517224002,95.66038373662613,16.97872172322874,0,[],True,https://catalog.carbonmapper.org/l3a,True,https://catalog.carbonmapper.org/l3a,True,https://catalog.carbonmapper.org/l3a,True,https://catalog.carbonmapper.org/l3a,True,https://catalog.carbonmapper.org/l3a,30.040225740740745,Oil and gas,True,Hidden / unavailable rate,,Myanmar,MMR,True,,,True,2025-12-16 05:21:14.230000+00:00,2025-12-16 05:21:14.230000+00:00,Live API scene_timestamp,30.040225740740745,21.055745650239512,>15-30°,>2-4 m/s,4,4+ plumes,Not flagged offshore,2025,CM500-53d0093740
606e50d8-f340-47c8-b2f5-48c3804c190c,tan20251217t044337c49s4001-A,CH4,302f8616-c61f-468a-b0de-457dd288a22c,2025-12-17 04:43:37.490000+00:00,tan,production,Tanager,1415.914908618083,219.6599204474626,mfa,40.87729878246406,standard_sensitivity,28.551294110365973,,5.379629629629629,54.666636577940416,v3c,3.53.1,False,l2c-ch4-v0,mfa,6A,published,False,2026-01-29 17:09:13.244000+00:00,2026-01-29 17:09:13.295000+00:00,101.02334026872387,13.062701293516142,101.00413431098012,13.046156530820461,101.03576372575694,13.076697366662886,0,[],True,https://catalog.carbonmapper.org/l3a,True,https://catalog.carbonmapper.org/l3a,True,https://catalog.carbonmapper.org/l3a,True,https://catalog.carbonmapper.org/l3a,True,https://catalog.carbonmapper.org/l3a,43.51777493055556,Solid waste / landfill,True,Public rate + uncertainty,15.51363850401492,Thailand,THA,True,1415.914908618083,219.6599204474626,False,2025-12-17 04:43:37.490000+00:00,2025-12-17 04:43:37.490000+00:00,Live API scene_timestamp,43.51777493055556,28.551294110365973,>15-30°,>4-6 m/s,1,1 plume,Not flagged offshore,2025,CM500-e16e18eabc
ea1fb75b-21df-4332-9ed9-c70c3180910c,tan20251218t040111c06s4001-D,CH4,0340430b-068f-4197-8e44-d48947e2d825,2025-12-18 04:01:11.060000+00:00,tan,production,Tanager,1530.9337640191009,213.7165406902817,mfa,36.798373443965176,standard_sensitivity,18.75589121642848,,2.490740740740741,67.66892705275163,v3b,3.43.2,False,l2c-ch4-v0,mfa,6A,published,False,2026-01-17 04:19:11.799000+00:00,2026-01-17 04:19:11.797000+00:00,114.17255019631676,22.544725691909193,114.13530703848942,22.524246395591764,114.18645472478048,22.571214440966553,0,[],True,https://catalog.carbonmapper.org/l3a,True,https://catalog.carbonmapper.org/l3a,True,https://catalog.carbonmapper.org/l3a,True,https://catalog.carbonmapper.org/l3a,True,https://catalog.carbonmapper.org/l3a,30.012508553240743,Solid waste / landfill,True,Public rate + uncertainty,13.959881590776336,Hong Kong,HKG,False,1530.9337640191009,213.7165406902817,False,2025-12-18 04:01:11.060000+00:00,2025-12-18 04:01:11.060000+00:00,Live API scene_timestamp,30.012508553240743,18.75589121642848,>15-30°,>2-4 m/s,2,2-3 plumes,Not flagged offshore,2025,CM500-3ecae5a435
70c4a15a-0a87-4f71-b7cd-0775dd30f2be,tan20251218t040111c06s4001-A,CH4,0340430b-068f-4197-8e44-d48947e2d825,2025-12-18 04:01:11.060000+00:00,tan,production,Tanager,3561.487260735674,489.28304416602896,mfa,36.798373443965176,standard_sensitivity,18.75589121642848,,2.490740740740741,67.66892705275163,v3b,3.43.2,False,l2c-ch4-v0,mfa,6A,published,False,2026-01-17 04:19:11.662000+00:00,2026-01-17 04:19:11.660000+00:00,114.17352033820504,22.547056239954742,114.13530703848942,22.524246395591764,114.18645472478048,22.571214440966553,0,[],True,https://catalog.carbonmapper.org/l3a,True,https://catalog.carbonmapper.org/l3a,True,https://catalog.carbonmapper.org/l3a,True,https://catalog.carbonmapper.org/l3a,True,https://catalog.carbonmapper.org/l3a,30.012506967592593,Solid waste / landfill,True,Public rate + uncertainty,13.738166343039532,Hong Kong,HKG,False,3561.487260735674,489.28304416602896,False,2025-12-18 04:01:11.060000+00:00,2025-12-18 04:01:11.060000+00:00,Live API scene_timestamp,30.012506967592593,18.75589121642848,>15-30°,>2-4 m/s,2,2-3 plumes,Not flagged offshore,2025,CM500-3ecae5a435
d0268b2e-7b83-41fb-b2d4-b357cb918d50,tan20251224t044438c14s4001-A,CH4,af6685ab-bb55-4a1e-872f-c74659b0ead5,2025-12-24 04:44:38.140000+00:00,tan,production,Tanager,794.0853908795804,156.44608266009223,mfa,38.37699590057143,standard_sensitivity,25.24369410020641,,2.2962962962962963,40.03961791197647,v3b,3.43.2,False,l2c-ch4-v0,mfa,6A,published,False,2026-01-23 05:19:12.004000+00:00,2026-01-23 05:19:12.002000+00:00,100.98404355097654,13.732406565008091,100.96698233451664,13.716673234604492,100.99869973624092,13.747213784761572,0,[],True,https://catalog.carbonmapper.org/l3a,True,https://catalog.carbonmapper.org/l3a,True,https://catalog.carbonmapper.org/l3a,True,https://catalog.carbonmapper.org/l3a,True,https://catalog.carbonmapper.org/l3a,30.024003055555557,Solid waste / landfill,True,Public rate + uncertainty,19.70141806623623,Thailand,THA,True,794.0853908795804,156.44608266009223,False,2025-12-24 04:44:38.140000+00:00,2025-12-24 04:44:38.140000+00:00,Live API scene_timestamp,30.024003055555557,25.24369410020641,>15-30°,>2-4 m/s,1,1 plume,Not flagged offshore,2025,CM500-4e41d7f334
cc88a8c2-a767-49c0-a4ae-f6e57f720321,tan20251226t045848c67s4001-D,CH4,a57ba6b5-ad41-45ae-b3d2-5fd6823af70d,2025-12-26 04:58:48.670000+00:00,tan,production,Tanager,1597.296529833898,415.9059449483604,mfa,37.068486705530475,standard_sensitivity,22.485460295848654,,5.268518518518519,71.66636559597269,v3d,3.72.5,False,l2c-ch4-v0,mfa,6A,published,False,2026-05-18 15:29:58.929000+00:00,2026-05-18 15:29:59.193000+00:00,101.02402081182413,13.063696474581548,100.99918067263924,13.049177241633563,101.03081157823145,13.07998940874903,0,[],True,https://catalog.carbonmapper.org/l3a,True,https://catalog.carbonmapper.org/l3a,True,https://catalog.carbonmapper.org/l3a,True,https://catalog.carbonmapper.org/l3a,True,https://catalog.carbonmapper.org/l3a,143.43831318287036,Solid waste / landfill,True,Public rate + uncertainty,26.03811735517952,Thailand,THA,True,1597.296529833898,415.9059449483604,False,2025-12-26 04:58:48.670000+00:00,2025-12-26 04:58:48.670000+00:00,Live API scene_timestamp,143.43831318287036,22.485460295848654,>15-30°,>4-6 m/s,3,2-3 plumes,Not flagged offshore,2025,CM500-e16e18eabc
b94eff26-6507-4697-96c2-22acac198b6d,tan20251226t045848c67s4001-B,CH4,a57ba6b5-ad41-45ae-b3d2-5fd6823af70d,2025-12-26 04:58:48.670000+00:00,tan,production,Tanager,,,mfa,37.068486705530475,standard_sensitivity,22.485460295848654,,3.6481481481481484,71.6799949948212,v3b,3.43.2,False,l2c-ch4-v0,mfa,6A,published,True,2026-01-25 05:19:10.340000+00:00,2026-01-25 05:19:10.339000+00:00,100.67049671769075,13.581975315728599,100.65029544059516,13.562534229007332,100.68171831394437,13.593078895789832,0,[],True,https://catalog.carbonmapper.org/l3a,True,https://catalog.carbonmapper.org/l3a,True,https://catalog.carbonmapper.org/l3a,True,https://catalog.carbonmapper.org/l3a,True,https://catalog.carbonmapper.org/l3a,30.01413969907407,Solid waste / landfill,True,Hidden / unavailable rate,,Thailand,THA,True,,,True,2025-12-26 04:58:48.670000+00:00,2025-12-26 04:58:48.670000+00:00,Live API scene_timestamp,30.01413969907407,22.485460295848654,>15-30°,>2-4 m/s,3,2-3 plumes,Not flagged offshore,2025,CM500-11f3d4c914
216bd9d7-a21a-44ba-bcfb-ec6c7cd63de2,tan20251226t045848c67s4001-A,CH4,a57ba6b5-ad41-45ae-b3d2-5fd6823af70d,2025-12-26 04:58:48.670000+00:00,tan,production,Tanager,,,mfa,37.068486705530475,standard_sensitivity,22.485460295848654,,3.6481481481481484,71.6799949948212,v3b,3.43.2,False,l2c-ch4-v0,mfa,6A,published,True,2026-01-25 05:19:10.163000+00:00,2026-01-25 05:19:10.162000+00:00,100.67054216471269,13.579392300793387,100.65029544059516,13.562534229007332,100.68171831394437,13.593078895789832,0,[],True,https://catalog.carbonmapper.org/l3a,True,https://catalog.carbonmapper.org/l3a,True,https://catalog.carbonmapper.org/l3a,True,https://catalog.carbonmapper.org/l3a,True,https://catalog.carbonmapper.org/l3a,30.01413765046296,Solid waste / landfill,True,Hidden / unavailable rate,,Thailand,THA,True,,,True,2025-12-26 04:58:48.670000+00:00,2025-12-26 04:58:48.670000+00:00,Live API scene_timestamp,30.01413765046296,22.485460295848654,>15-30°,>2-4 m/s,3,2-3 plumes,Not flagged offshore,2025,CM500-11f3d4c914
497b7555-36f7-407f-9d58-c2d45a2e5356,tan20251228t033836c62s4001-A,CH4,a812890e-3de9-48dd-9350-ba88ec9c71da,2025-12-28 03:38:36.620000+00:00,tan,production,Tanager,1459.9028769888948,563.9338940472802,mfa,38.28648745939553,maximum_sensitivity,17.952451856146478,,1.4444444444444446,329.2540516109798,v3c,3.57.0,False,l2c-ch4-v0,mfa,6A,published,False,2026-01-27 04:19:11.532000+00:00,2026-03-07 21:12:48.826000+00:00,120.91538205647299,14.699537704198917,120.89563366912809,14.682274936533778,120.9272013795468,14.713079908178218,0,[],True,https://catalog.carbonmapper.org/l3a,True,https://catalog.carbonmapper.org/l3a,True,https://catalog.carbonmapper.org/l3a,True,https://catalog.carbonmapper.org/l3a,True,https://catalog.carbonmapper.org/l3a,30.02818185185185,Solid waste / landfill,True,Public rate + uncertainty,38.62817882860915,Philippines,PHL,True,1459.9028769888948,563.9338940472802,False,2025-12-28 03:38:36.620000+00:00,2025-12-28 03:38:36.620000+00:00,Live API scene_timestamp,30.02818185185185,17.952451856146478,>15-30°,0-2 m/s,1,1 plume,Not flagged offshore,2025,CM500-46c76b14f6
055ed0bd-bc11-4fce-8505-e4069eef1557,tan20251231t045108c40s4001-A,CH4,b0485ffb-1597-446f-9183-a221fe0b8c9f,2025-12-31 04:51:08.400000+00:00,tan,production,Tanager,529.1091264494382,167.21077757374005,mfa,41.70837940227815,standard_sensitivity,25.05866764742743,,2.4444444444444446,293.66201884639315,v3c,3.63.0,False,l2c-ch4-v0,mfa,6A,published,False,2026-03-23 17:30:07.144000+00:00,2026-03-23 17:30:07.227000+00:00,100.38207454133561,-0.825203356626133,100.3672440044189,-0.8405990202265347,100.39780601161806,-0.8100401840031857,0,[],True,https://catalog.carbonmapper.org/l3a,True,https://catalog.carbonmapper.org/l3a,True,https://catalog.carbonmapper.org/l3a,True,https://catalog.carbonmapper.org/l3a,True,https://catalog.carbonmapper.org/l3a,82.52706879629629,Solid waste / landfill,True,Public rate + uncertainty,31.602323455616816,Indonesia,IDN,True,529.1091264494382,167.21077757374005,False,2025-12-31 04:51:08.400000+00:00,2025-12-31 04:51:08.400000+00:00,Live API scene_timestamp,82.52706879629629,25.05866764742743,>15-30°,>2-4 m/s,1,1 plume,Not flagged offshore,2025,CM500-eb6dc4df26
7a926e2d-45ba-4ca5-90bc-a05eb866c918,tan20260106t040036c48s4001-A,CH4,7f3305e2-c8d3-4731-87fc-bae655513841,2026-01-06 04:00:36.480000+00:00,tan,production,Tanager,,,mfa,38.149617002222655,standard_sensitivity,28.506669354626307,,1.9814814814814816,28.012255601362448,v3b,3.46.0,False,l2c-ch4-v0,mfa,6A,published,True,2026-02-05 04:19:10.410000+00:00,2026-02-05 04:19:10.408000+00:00,110.35938890850434,-7.025033509456776,110.34083740877979,-7.04115477435039,110.3716318469158,-7.010591571480544,0,[],True,https://catalog.carbonmapper.org/l3a,True,https://catalog.carbonmapper.org/l3a,True,https://catalog.carbonmapper.org/l3a,True,https://catalog.carbonmapper.org/l3a,True,https://catalog.carbonmapper.org/l3a,30.012892708333336,Solid waste / landfill,True,Hidden / unavailable rate,,Indonesia,IDN,True,,,True,2026-01-06 04:00:36.480000+00:00,2026-01-06 04:00:36.480000+00:00,Live API scene_timestamp,30.012892708333336,28.506669354626307,>15-30°,0-2 m/s,1,1 plume,Not flagged offshore,2026,CM500-0a6e6d83f2
7eb465ca-ed1b-46b4-b330-6087204c53b7,tan20260107t044924c16s4001-A,CH4,84f28a44-88ae-4f8d-85b4-6b53be728668,2026-01-07 04:49:24.160000+00:00,tan,production,Tanager,,,mfa,37.81638559195242,standard_sensitivity,22.1,,5.3240740740740735,59.00010156234282,v3b,3.46.0,False,l2c-ch4-v0,mfa,6A,published,True,2026-02-06 05:19:10.362000+00:00,2026-02-06 05:19:10.361000+00:00,100.67070477966729,13.57941502910056,100.64750212809452,13.559567008847479,100.67920474649527,13.59038397007533,0,[],True,https://catalog.carbonmapper.org/l3a,True,https://catalog.carbonmapper.org/l3a,True,https://catalog.carbonmapper.org/l3a,True,https://catalog.carbonmapper.org/l3a,True,https://catalog.carbonmapper.org/l3a,30.02067363425926,Solid waste / landfill,True,Hidden / unavailable rate,,Thailand,THA,True,,,True,2026-01-07 04:49:24.160000+00:00,2026-01-07 04:49:24.160000+00:00,Live API scene_timestamp,30.02067363425926,22.1,>15-30°,>4-6 m/s,2,2-3 plumes,Not flagged offshore,2026,CM500-11f3d4c914
7e3b1275-c2ba-456e-be54-c3ba0d3bd02e,tan20260107t044924c16s4001-B,CH4,84f28a44-88ae-4f8d-85b4-6b53be728668,2026-01-07 04:49:24.160000+00:00,tan,production,Tanager,,,mfa,37.81638559195242,standard_sensitivity,22.1,,5.3240740740740735,59.00010156234282,v3b,3.46.0,False,l2c-ch4-v0,mfa,6A,published,True,2026-02-06 05:19:10.142000+00:00,2026-02-06 05:19:10.141000+00:00,100.67054513701368,13.582563438756637,100.64611628586822,13.559576160490877,100.67781892551275,13.59039314117922,0,[],True,https://catalog.carbonmapper.org/l3a,True,https://catalog.carbonmapper.org/l3a,True,https://catalog.carbonmapper.org/l3a,True,https://catalog.carbonmapper.org/l3a,True,https://catalog.carbonmapper.org/l3a,30.02067108796296,Solid waste / landfill,True,Hidden / unavailable rate,,Thailand,THA,True,,,True,2026-01-07 04:49:24.160000+00:00,2026-01-07 04:49:24.160000+00:00,Live API scene_timestamp,30.02067108796296,22.1,>15-30°,>4-6 m/s,2,2-3 plumes,Not flagged offshore,2026,CM500-11f3d4c914
5ef76513-8684-4ecc-aad8-07773e0e987a,tan20260112t043730c98s4001-A,CH4,da00cdf5-16c0-4fc6-bf97-cf25f360bacc,2026-01-12 04:37:30.980000+00:00,tan,production,Tanager,,,mfa,36.19232918508622,standard_sensitivity,20.871081131458933,,0.36111111111111116,105.91317034332027,v3b,3.48.1,False,l2c-ch4-v0,mfa,6A,published,True,2026-02-11 05:19:11.161000+00:00,2026-02-11 05:19:11.160000+00:00,106.67440663561547,10.669023839506465,106.63236035974339,10.622968604981391,106.70030931847847,10.69001603041349,0,[],True,https://catalog.carbonmapper.org/l3a,True,https://catalog.carbonmapper.org/l3a,True,https://catalog.carbonmapper.org/l3a,True,https://catalog.carbonmapper.org/l3a,True,https://catalog.carbonmapper.org/l3a,30.028937280092592,Solid waste / landfill,True,Hidden / unavailable rate,,Vietnam,VNM,True,,,True,2026-01-12 04:37:30.980000+00:00,2026-01-12 04:37:30.980000+00:00,Live API scene_timestamp,30.028937280092592,20.871081131458933,>15-30°,0-2 m/s,3,2-3 plumes,Not flagged offshore,2026,CM500-c87043980e
007e95df-c839-4f86-ae67-05e75877c9c5,tan20260112t043730c98s4001-D,CH4,da00cdf5-16c0-4fc6-bf97-cf25f360bacc,2026-01-12 04:37:30.980000+00:00,tan,production,Tanager,700.2529385125276,190.6569789696283,mfa,36.19232918508622,standard_sensitivity,20.871081131458933,,1.6574074074074074,339.6558701729083,v3b,3.48.1,False,l2c-ch4-v0,mfa,6A,published,False,2026-02-11 05:19:10.941000+00:00,2026-02-11 05:19:10.940000+00:00,106.65851629406137,11.178599952046056,106.64545539183732,11.161166125169213,106.67659483242029,11.191985333678623,0,[],True,https://catalog.carbonmapper.org/l3a,True,https://catalog.carbonmapper.org/l3a,True,https://catalog.carbonmapper.org/l3a,True,https://catalog.carbonmapper.org/l3a,True,https://catalog.carbonmapper.org/l3a,30.028934733796298,Solid waste / landfill,True,Public rate + uncertainty,27.22687310311336,Vietnam,VNM,True,700.2529385125276,190.6569789696283,False,2026-01-12 04:37:30.980000+00:00,2026-01-12 04:37:30.980000+00:00,Live API scene_timestamp,30.028934733796298,20.871081131458933,>15-30°,0-2 m/s,3,2-3 plumes,Not flagged offshore,2026,CM500-8dcf42feef
3ffdec82-1b8e-4ca9-9487-cbd3fa5196d2,tan20260112t043730c98s4001-B,CH4,da00cdf5-16c0-4fc6-bf97-cf25f360bacc,2026-01-12 04:37:30.980000+00:00,tan,production,Tanager,795.4451078611849,396.7414972198506,mfa,36.19232918508622,standard_sensitivity,20.871081131458933,,0.36111111111111116,105.91317034332027,v3b,3.48.1,False,l2c-ch4-v0,mfa,6A,published,False,2026-02-11 05:19:11.341000+00:00,2026-02-11 05:19:11.340000+00:00,106.67295191839037,10.665287772482486,106.66126457996442,10.645225808377003,106.69262542990977,10.675775040076843,0,[],True,https://catalog.carbonmapper.org/l3a,True,https://catalog.carbonmapper.org/l3a,True,https://catalog.carbonmapper.org/l3a,True,https://catalog.carbonmapper.org/l3a,True,https://catalog.carbonmapper.org/l3a,30.028939363425927,Solid waste / landfill,True,Public rate + uncertainty,49.87666569307595,Vietnam,VNM,True,795.4451078611849,396.7414972198506,False,2026-01-12 04:37:30.980000+00:00,2026-01-12 04:37:30.980000+00:00,Live API scene_timestamp,30.028939363425927,20.871081131458933,>15-30°,0-2 m/s,3,2-3 plumes,Not flagged offshore,2026,CM500-c87043980e
13c5a27e-503b-4c81-82ec-49c1617a79a0,tan20260114t045129c40s4001-A,CH4,c208b6f3-65b0-4de4-aab8-2cbe60e1bcd5,2026-01-14 04:51:29.400000+00:00,tan,production,Tanager,2315.139162522098,840.9427138393181,mfa,36.62291390633012,standard_sensitivity,25.63853597060317,,0.6574074074074074,272.77806551344025,v3b,3.48.1,False,l2c-ch4-v0,mfa,6A,published,False,2026-02-13 05:19:11.729000+00:00,2026-02-13 05:19:11.727000+00:00,99.96140518067313,14.053740142546161,99.94115071616993,14.044406395389876,99.97543421037498,14.077392312059532,0,[],True,https://catalog.carbonmapper.org/l3a,True,https://catalog.carbonmapper.org/l3a,True,https://catalog.carbonmapper.org/l3a,True,https://catalog.carbonmapper.org/l3a,True,https://catalog.carbonmapper.org/l3a,30.01923991898148,Solid waste / landfill,True,Public rate + uncertainty,36.323635635069145,Thailand,THA,True,2315.139162522098,840.9427138393181,False,2026-01-14 04:51:29.400000+00:00,2026-01-14 04:51:29.400000+00:00,Live API scene_timestamp,30.01923991898148,25.63853597060317,>15-30°,0-2 m/s,1,1 plume,Not flagged offshore,2026,CM500-be7d89ab39
19bf1acf-10e9-42f6-9921-36f2ccf52464,tan20260115t040911c11s4001-B,CH4,56e1a39d-5b09-4f49-b2ac-16be96bd849e,2026-01-15 04:09:11.110000+00:00,tan,production,Tanager,6360.066075315742,795.0559737709077,mfa,34.16081982982286,standard_sensitivity,13.383086940403125,,1.6388888888888886,28.330033829667858,v3c,3.51.0,False,l2c-ch4-v0,mfa,6A,published,False,2026-02-14 04:19:10.884000+00:00,2026-02-14 04:19:10.883000+00:00,114.1731192266202,22.54806430239904,114.15763451373138,22.530541345213653,114.19095205620411,22.56131251024095,0,[],True,https://catalog.carbonmapper.org/l3a,True,https://catalog.carbonmapper.org/l3a,True,https://catalog.carbonmapper.org/l3a,True,https://catalog.carbonmapper.org/l3a,True,https://catalog.carbonmapper.org/l3a,30.006941828703706,Solid waste / landfill,True,Public rate + uncertainty,12.500750217936025,Hong Kong,HKG,False,6360.066075315742,795.0559737709077,False,2026-01-15 04:09:11.110000+00:00,2026-01-15 04:09:11.110000+00:00,Live API scene_timestamp,30.006941828703706,13.383086940403125,>5-15°,0-2 m/s,2,2-3 plumes,Not flagged offshore,2026,CM500-3ecae5a435
3875617a-cc30-4e0d-8b4e-deabd062ad97,tan20260115t040911c11s4001-A,CH4,56e1a39d-5b09-4f49-b2ac-16be96bd849e,2026-01-15 04:09:11.110000+00:00,tan,production,Tanager,1275.8724203457375,562.9748559516258,mfa,34.16081982982286,standard_sensitivity,13.383086940403125,,1.111111111111111,344.9975578539418,v3c,3.51.0,False,l2c-ch4-v0,mfa,1B1a,published,False,2026-02-14 04:19:10.504000+00:00,2026-02-14 04:19:10.503000+00:00,112.67662286466896,22.810829291429116,112.65924237633043,22.788722272586593,112.69528973352799,22.821681575671683,0,[],True,https://catalog.carbonmapper.org/l3a,True,https://catalog.carbonmapper.org/l3a,True,https://catalog.carbonmapper.org/l3a,True,https://catalog.carbonmapper.org/l3a,True,https://catalog.carbonmapper.org/l3a,30.006937430555553,Coal mining,True,Public rate + uncertainty,44.12469828284792,People's Republic of China,CHN,False,1275.8724203457375,562.9748559516258,False,2026-01-15 04:09:11.110000+00:00,2026-01-15 04:09:11.110000+00:00,Live API scene_timestamp,30.006937430555553,13.383086940403125,>5-15°,0-2 m/s,2,2-3 plumes,Not flagged offshore,2026,CM500-677d3508b8
2cd0d7a5-37a2-46db-be37-2065f270895c,tan20260116t050539c46s4001-B,CH4,0cd5d0c3-0494-41ad-a97a-9d4e6ad2e75e,2026-01-16 05:05:39.460000+00:00,tan,production,Tanager,725.7966825379706,238.5975889824805,mfa,38.98065754678514,standard_sensitivity,27.70205483370354,,1.287037037037037,194.0347155590043,v3c,3.51.0,False,l2c-ch4-v0,mfa,6A,published,False,2026-02-15 05:19:11.203000+00:00,2026-02-15 05:19:11.201000+00:00,100.32078418516988,14.005411964969028,100.30728110490703,13.991437197969113,100.33904512227478,14.021986440194476,0,[],True,https://catalog.carbonmapper.org/l3a,True,https://catalog.carbonmapper.org/l3a,True,https://catalog.carbonmapper.org/l3a,True,https://catalog.carbonmapper.org/l3a,True,https://catalog.carbonmapper.org/l3a,30.009395173611107,Solid waste / landfill,True,Public rate + uncertainty,32.873888062997324,Thailand,THA,True,725.7966825379706,238.5975889824805,False,2026-01-16 05:05:39.460000+00:00,2026-01-16 05:05:39.460000+00:00,Live API scene_timestamp,30.009395173611107,27.70205483370354,>15-30°,0-2 m/s,2,2-3 plumes,Not flagged offshore,2026,CM500-d649cd310c
e60b84fd-5345-4618-b819-b9cbd70c3210,tan20260116t050539c46s4001-A,CH4,0cd5d0c3-0494-41ad-a97a-9d4e6ad2e75e,2026-01-16 05:05:39.460000+00:00,tan,production,Tanager,,,mfa,38.98065754678514,standard_sensitivity,27.70205483370354,,1.287037037037037,194.0347155590043,v3c,3.51.0,False,l2c-ch4-v0,mfa,6A,published,True,2026-02-15 05:19:11.582000+00:00,2026-02-15 05:19:11.581000+00:00,100.31868041145901,14.006057893098145,100.30728110490703,13.991437197969113,100.33904512227478,14.021986440194476,0,[],True,https://catalog.carbonmapper.org/l3a,True,https://catalog.carbonmapper.org/l3a,True,https://catalog.carbonmapper.org/l3a,True,https://catalog.carbonmapper.org/l3a,True,https://catalog.carbonmapper.org/l3a,30.009399560185184,Solid waste / landfill,True,Hidden / unavailable rate,,Thailand,THA,True,,,True,2026-01-16 05:05:39.460000+00:00,2026-01-16 05:05:39.460000+00:00,Live API scene_timestamp,30.009399560185184,27.70205483370354,>15-30°,0-2 m/s,2,2-3 plumes,Not flagged offshore,2026,CM500-d649cd310c
30009005-c2ea-4d3f-bbbe-ddc8f43c1f15,tan20260118t035218c49s4001-A,CH4,514810f7-860b-41e1-91f4-9458e7929a39,2026-01-18 03:52:18.490000+00:00,tan,production,Tanager,507.92633703221355,151.94049872951442,mfa,38.32008390149989,standard_sensitivity,28.10503408999353,,5.0092592592592595,265.0010170176826,v3c,3.53.1,False,l2c-ch4-v0,mfa,6A,published,False,2026-02-17 04:19:10.565000+00:00,2026-02-17 04:19:10.562000+00:00,115.22191399124756,-8.721537603472385,115.20652191571843,-8.736689610627979,115.2377034633323,-8.705868595625214,0,[],True,https://catalog.carbonmapper.org/l3a,True,https://catalog.carbonmapper.org/l3a,True,https://catalog.carbonmapper.org/l3a,True,https://catalog.carbonmapper.org/l3a,True,https://catalog.carbonmapper.org/l3a,30.018658275462965,Solid waste / landfill,True,Public rate + uncertainty,29.913884682037683,Indonesia,IDN,True,507.9263370322136,151.94049872951442,False,2026-01-18 03:52:18.490000+00:00,2026-01-18 03:52:18.490000+00:00,Live API scene_timestamp,30.018658275462965,28.10503408999353,>15-30°,>4-6 m/s,1,1 plume,Not flagged offshore,2026,CM500-703a0f1a8e
49d4f46a-56de-4fbe-8f5d-c5b1ec8aaf56,tan20260126t044309c65s4001-A,CH4,907cf337-c4f7-47e3-a28f-ead20cf574b2,2026-01-26 04:43:09.650000+00:00,tan,production,Tanager,2975.268799801296,211.430803757058,mfa,45.790006799814165,glint,15.96665776056647,,6.861111111111112,80.66670428043918,v3c,3.51.0,True,l2c-ch4-v0,mfa,1B2,published,False,2026-02-25 05:19:11.659000+00:00,2026-06-15 14:19:31.846000+00:00,104.17792553711354,6.980779053952119,104.15350715641927,6.964483204807916,104.18429667501765,6.995314991419305,0,[],True,https://catalog.carbonmapper.org/l3a,True,https://catalog.carbonmapper.org/l3a,True,https://catalog.carbonmapper.org/l3a,True,https://catalog.carbonmapper.org/l3a,True,https://catalog.carbonmapper.org/l3a,30.025023252314817,Oil and gas,True,Public rate + uncertainty,7.106275700910736,Offshore / boundary-unassigned,,False,2975.268799801296,211.430803757058,False,2026-01-26 04:43:09.650000+00:00,2026-01-26 04:43:09.650000+00:00,Live API scene_timestamp,30.025023252314817,15.96665776056647,>15-30°,>6 m/s,1,1 plume,Offshore,2026,CM500-b979ce1ee0
c950560e-e0ef-4bb9-98b7-f76e636e50da,tan20260130t034102c31s4001-A,CH4,2b3a344f-5ce5-442e-b3fa-cba5f0178d50,2026-01-30 03:41:02.310000+00:00,tan,production,Tanager,,,mfa,38.71955282847752,standard_sensitivity,24.9,,1.7314814814814816,301.3462382308425,v3c,3.53.1,False,l2c-ch4-v0,mfa,6A,published,True,2026-03-01 04:19:10.989000+00:00,2026-03-01 04:19:10.988000+00:00,119.49098263533875,-5.1755118609166,119.47777861023745,-5.189298233121509,119.50843907495785,-5.158762698637079,0,[],True,https://catalog.carbonmapper.org/l3a,True,https://catalog.carbonmapper.org/l3a,True,https://catalog.carbonmapper.org/l3a,True,https://catalog.carbonmapper.org/l3a,True,https://catalog.carbonmapper.org/l3a,30.026489340277777,Solid waste / landfill,True,Hidden / unavailable rate,,Indonesia,IDN,True,,,True,2026-01-30 03:41:02.310000+00:00,2026-01-30 03:41:02.310000+00:00,Live API scene_timestamp,30.026489340277777,24.9,>15-30°,0-2 m/s,1,1 plume,Not flagged offshore,2026,CM500-6403356d12
d0287caf-e0f5-4f47-ac9f-3d5bae7967be,tan20260131t042916c69s4001-A,CH4,1203616e-5d2d-499f-8806-7e395def9fb3,2026-01-31 04:29:16.690000+00:00,tan,production,Tanager,889.2753554168883,180.93447677748884,mfa,32.910031934453734,standard_sensitivity,3.8004428116971156,,2.2314814814814814,20.349630991839195,v3c,3.53.5,False,l2c-ch4-v0,mfa,6A,published,False,2026-03-02 05:19:12.855000+00:00,2026-03-02 05:19:12.854000+00:00,108.14257853806475,16.039285602062876,108.12573910717506,16.024215152386873,108.15776940935694,16.054998544148326,0,[],True,https://catalog.carbonmapper.org/l3a,True,https://catalog.carbonmapper.org/l3a,True,https://catalog.carbonmapper.org/l3a,True,https://catalog.carbonmapper.org/l3a,True,https://catalog.carbonmapper.org/l3a,30.03467783564815,Solid waste / landfill,True,Public rate + uncertainty,20.346282585630362,Vietnam,VNM,True,889.2753554168883,180.93447677748884,False,2026-01-31 04:29:16.690000+00:00,2026-01-31 04:29:16.690000+00:00,Live API scene_timestamp,30.03467783564815,3.8004428116971156,0-5°,>2-4 m/s,1,1 plume,Not flagged offshore,2026,CM500-edabf81d6a
acead3a8-b814-4ed1-995d-759a502e918c,tan20260201t034938c53s4001-A,CH4,ee8aa28b-052a-4af3-868e-b4071ca07803,2026-02-01 03:49:38.530000+00:00,tan,production,Tanager,779.2174016767533,206.13972301917948,mfa,41.54078993036097,standard_sensitivity,28.949828276008486,,1.8703703703703702,61.76794391464801,v3c,3.53.5,False,l2c-ch4-v0,mfa,6A,published,False,2026-03-03 04:19:11.362000+00:00,2026-03-03 04:19:11.360000+00:00,120.52251133690015,15.298656159733795,120.50552076846519,15.279313376159747,120.5374463178577,15.310108178789879,0,[],True,https://catalog.carbonmapper.org/l3a,True,https://catalog.carbonmapper.org/l3a,True,https://catalog.carbonmapper.org/l3a,True,https://catalog.carbonmapper.org/l3a,True,https://catalog.carbonmapper.org/l3a,30.020518888888887,Solid waste / landfill,True,Public rate + uncertainty,26.454712455804916,Philippines,PHL,True,779.2174016767533,206.13972301917948,False,2026-02-01 03:49:38.530000+00:00,2026-02-01 03:49:38.530000+00:00,Live API scene_timestamp,30.020518888888887,28.949828276008486,>15-30°,0-2 m/s,1,1 plume,Not flagged offshore,2026,CM500-8f50a16639
4c825aa1-23c7-4bc6-a1f8-dff2a71a92bc,tan20260202t044529c65s4001-A,CH4,f66fabe2-9911-471c-990b-f833397b6a07,2026-02-02 04:45:29.650000+00:00,tan,production,Tanager,4579.2853106037965,507.7693946862003,mfa,46.23664800917697,glint,18.2,,7.175925925925925,75.99989843765718,v3c,3.53.5,True,l2c-ch4-v0,mfa,1B2,published,False,2026-03-04 05:19:10.587000+00:00,2026-06-08 14:43:48.229000+00:00,103.81909378734429,6.374236922828416,103.79271545604924,6.350856801145822,103.83543764942335,6.393315060429547,0,[],True,https://catalog.carbonmapper.org/l3a,True,https://catalog.carbonmapper.org/l3a,True,https://catalog.carbonmapper.org/l3a,True,https://catalog.carbonmapper.org/l3a,True,https://catalog.carbonmapper.org/l3a,30.023390474537035,Oil and gas,True,Public rate + uncertainty,11.088398303342426,Offshore / boundary-unassigned,,False,4579.2853106037965,507.7693946862003,False,2026-02-02 04:45:29.650000+00:00,2026-02-02 04:45:29.650000+00:00,Live API scene_timestamp,30.023390474537035,18.2,>15-30°,>6 m/s,1,1 plume,Offshore,2026,CM500-e0a82c2ca2
fc957d7e-993f-4a18-95df-07a55632e7c2,tan20260205t041534c58s4001-A,CH4,1035c602-4e28-480a-bd14-66ff4e2b7ec7,2026-02-05 04:15:34.580000+00:00,tan,production,Tanager,4032.556480906661,1859.65723690516,mfa,33.72867658435343,standard_sensitivity,11.819111277964932,,1.8796296296296298,256.33584037688144,v3c,3.53.5,False,l2c-ch4-v0,mfa,6A,published,False,2026-03-07 04:19:09.586000+00:00,2026-03-07 04:19:09.584000+00:00,113.93355895141991,22.418476229178694,113.9193394136167,22.396415045309396,113.9581812424302,22.432322390227508,0,[],True,https://catalog.carbonmapper.org/l3a,True,https://catalog.carbonmapper.org/l3a,True,https://catalog.carbonmapper.org/l3a,True,https://catalog.carbonmapper.org/l3a,True,https://catalog.carbonmapper.org/l3a,30.002488495370372,Solid waste / landfill,True,Public rate + uncertainty,46.11608654981674,Hong Kong,HKG,False,4032.556480906661,1859.65723690516,False,2026-02-05 04:15:34.580000+00:00,2026-02-05 04:15:34.580000+00:00,Live API scene_timestamp,30.002488495370372,11.819111277964932,>5-15°,0-2 m/s,1,1 plume,Not flagged offshore,2026,CM500-35a6d3e878
43dc97b5-7c33-459a-b4c2-7c58cc332846,tan20260214t043510c90s4001-A,CH4,12d2f9f7-6361-4c16-b9f3-54ba618fdf2f,2026-02-14 04:35:10.900000+00:00,tan,production,Tanager,,,mfa,36.99815923148626,standard_sensitivity,24.57187261490215,,2.4814814814814814,88.99081884038881,v3c,3.56.0,False,l2c-ch4-v0,mfa,6A,published,True,2026-03-16 05:19:12.526000+00:00,2026-03-16 05:19:12.525000+00:00,107.12926719116194,10.581412950315809,107.1095303387247,10.568772647301738,107.14087580214272,10.59931453336383,0,[],True,https://catalog.carbonmapper.org/l3a,True,https://catalog.carbonmapper.org/l3a,True,https://catalog.carbonmapper.org/l3a,True,https://catalog.carbonmapper.org/l3a,True,https://catalog.carbonmapper.org/l3a,30.030574375,Solid waste / landfill,True,Hidden / unavailable rate,,Vietnam,VNM,True,,,True,2026-02-14 04:35:10.900000+00:00,2026-02-14 04:35:10.900000+00:00,Live API scene_timestamp,30.030574375,24.57187261490215,>15-30°,>2-4 m/s,1,1 plume,Not flagged offshore,2026,CM500-2485bd9e07
2ae1abb5-735e-477a-bb70-d850a072c47d,tan20260219t041943c33s4001-A,CH4,4b84ae57-458a-416e-9d9c-7f1672a44423,2026-02-19 04:19:43.330000+00:00,tan,production,Tanager,6067.125849482658,1185.89847352258,mfa,36.3746876019357,standard_sensitivity,19.033745672818057,,2.0648148148148144,346.23266687815305,v3c,3.56.0,False,l2c-ch4-v0,mfa,6A,published,False,2026-03-21 05:19:14.247000+00:00,2026-03-21 05:19:14.246000+00:00,113.92994023257552,22.417645093025897,113.9202708221266,22.384778675335543,113.97137474177433,22.432023743768514,0,[],True,https://catalog.carbonmapper.org/l3a,True,https://catalog.carbonmapper.org/l3a,True,https://catalog.carbonmapper.org/l3a,True,https://catalog.carbonmapper.org/l3a,True,https://catalog.carbonmapper.org/l3a,30.04133005787037,Solid waste / landfill,True,Public rate + uncertainty,19.546297587080726,Hong Kong,HKG,False,6067.125849482658,1185.89847352258,False,2026-02-19 04:19:43.330000+00:00,2026-02-19 04:19:43.330000+00:00,Live API scene_timestamp,30.04133005787037,19.033745672818057,>15-30°,>2-4 m/s,1,1 plume,Not flagged offshore,2026,CM500-35a6d3e878
571a110e-ab02-466b-b6c7-d6f65977c4a1,tan20260221t043535c76s4001-A,CH4,f89403a8-17c8-4578-9aa2-4c0f90842fff,2026-02-21 04:35:35.760000+00:00,tan,production,Tanager,,,mfa,33.513294146383494,standard_sensitivity,10.200064211868664,,2.9814814814814814,147.6503690081608,v3c,3.56.0,False,l2c-ch4-v0,mfa,6A,published,True,2026-03-23 05:19:12.399000+00:00,2026-03-23 05:19:12.398000+00:00,108.14309904566448,16.03879166910515,108.1237267324176,16.027438663875607,108.15604048528763,16.058493948286667,0,[],True,https://catalog.carbonmapper.org/l3a,True,https://catalog.carbonmapper.org/l3a,True,https://catalog.carbonmapper.org/l3a,True,https://catalog.carbonmapper.org/l3a,True,https://catalog.carbonmapper.org/l3a,30.030285173611112,Solid waste / landfill,True,Hidden / unavailable rate,,Vietnam,VNM,True,,,True,2026-02-21 04:35:35.760000+00:00,2026-02-21 04:35:35.760000+00:00,Live API scene_timestamp,30.030285173611112,10.200064211868664,>5-15°,>2-4 m/s,1,1 plume,Not flagged offshore,2026,CM500-edabf81d6a
49c1bf50-c429-436f-b8f0-b145d24ffde5,tan20260225t050656c65s4001-A,CH4,8d9285a6-302f-4ba7-a607-cfa25a134d76,2026-02-25 05:06:56.650000+00:00,tan,production,Tanager,,,mfa,36.62921353392789,standard_sensitivity,22.349765649410458,,2.037037037037037,332.6589222492783,v3c,3.56.0,False,l2c-ch4-v0,mfa,6A,published,True,2026-03-27 05:19:14.994000+00:00,2026-03-27 05:19:14.993000+00:00,98.65022777366721,3.718299316180705,98.63913860063052,3.698885621882857,98.67004143941864,3.729453044704296,0,[],True,https://catalog.carbonmapper.org/l3a,True,https://catalog.carbonmapper.org/l3a,True,https://catalog.carbonmapper.org/l3a,True,https://catalog.carbonmapper.org/l3a,True,https://catalog.carbonmapper.org/l3a,30.00854564814815,Solid waste / landfill,True,Hidden / unavailable rate,,Indonesia,IDN,True,,,True,2026-02-25 05:06:56.650000+00:00,2026-02-25 05:06:56.650000+00:00,Live API scene_timestamp,30.00854564814815,22.349765649410458,>15-30°,>2-4 m/s,1,1 plume,Not flagged offshore,2026,CM500-f999aaa8f6
4f7a49a9-28ec-4a66-a2e0-e9060c628d6f,tan20260228t044100c44s4001-A,CH4,f704839f-c607-4247-aa60-b4b0a85c55cd,2026-02-28 04:41:00.440000+00:00,tan,production,Tanager,,,mfa,37.49971494186149,standard_sensitivity,27.65489007140679,,1.6203703703703702,329.33309255017156,v3c,3.56.0,False,l2c-ch4-v0,mfa,6A,published,True,2026-03-30 05:19:12.898000+00:00,2026-03-30 05:19:12.896000+00:00,103.71905425138834,1.659322061044023,103.70420895009057,1.6415037923421498,103.73451109449792,1.671793270714007,0,[],True,https://catalog.carbonmapper.org/l3a,True,https://catalog.carbonmapper.org/l3a,True,https://catalog.carbonmapper.org/l3a,True,https://catalog.carbonmapper.org/l3a,True,https://catalog.carbonmapper.org/l3a,30.026533078703704,Solid waste / landfill,True,Hidden / unavailable rate,,Malaysia,MYS,True,,,True,2026-02-28 04:41:00.440000+00:00,2026-02-28 04:41:00.440000+00:00,Live API scene_timestamp,30.026533078703704,27.65489007140679,>15-30°,0-2 m/s,1,1 plume,Not flagged offshore,2026,CM500-8b3c9b95fb
4359b0b2-1c9b-4e13-af03-46059d835cd8,tan20260303t041545c26s4001-A,CH4,6ee05ee0-9d63-4f1d-be0e-599d6bf64758,2026-03-03 04:15:45.260000+00:00,tan,production,Tanager,446.43491116945455,172.54871767467012,mfa,34.27107333337336,standard_sensitivity,11.880313852018666,,1.5185185185185184,326.66174246346935,v3d,3.72.9,False,l2c-ch4-v0,mfa,6A,published,False,2026-05-29 20:13:27.568000+00:00,2026-05-29 20:13:27.945000+00:00,110.34685631590071,1.376387529562621,110.33182995576516,1.359819624588933,110.36213392140712,1.3901148644229657,0,[],True,https://catalog.carbonmapper.org/l3a,True,https://catalog.carbonmapper.org/l3a,True,https://catalog.carbonmapper.org/l3a,True,https://catalog.carbonmapper.org/l3a,True,https://catalog.carbonmapper.org/l3a,87.66507300925926,Solid waste / landfill,True,Public rate + uncertainty,38.65036388455188,Malaysia,MYS,True,446.43491116945455,172.54871767467012,False,2026-03-03 04:15:45.260000+00:00,2026-03-03 04:15:45.260000+00:00,Live API scene_timestamp,87.66507300925926,11.880313852018666,>5-15°,0-2 m/s,2,2-3 plumes,Not flagged offshore,2026,CM500-f24278e7fd
7a8168af-4321-4a61-8834-2d489f4cfffb,tan20260303t041545c26s4001-B,CH4,6ee05ee0-9d63-4f1d-be0e-599d6bf64758,2026-03-03 04:15:45.260000+00:00,tan,production,Tanager,306.58714597871466,127.54947431636683,mfa,34.27107333337336,standard_sensitivity,11.880313852018666,,1.5185185185185184,326.66174246346935,v3d,3.72.9,False,l2c-ch4-v0,mfa,6A,published,False,2026-05-29 20:13:27.568000+00:00,2026-05-29 20:13:28.103000+00:00,110.34219840616026,1.377590326847269,110.33048139148889,1.3606354126286981,110.36105491327343,1.391470601177811,0,[],True,https://catalog.carbonmapper.org/l3a,True,https://catalog.carbonmapper.org/l3a,True,https://catalog.carbonmapper.org/l3a,True,https://catalog.carbonmapper.org/l3a,True,https://catalog.carbonmapper.org/l3a,87.66507300925926,Solid waste / landfill,True,Public rate + uncertainty,41.60300781991107,Malaysia,MYS,True,306.58714597871466,127.54947431636684,False,2026-03-03 04:15:45.260000+00:00,2026-03-03 04:15:45.260000+00:00,Live API scene_timestamp,87.66507300925926,11.880313852018666,>5-15°,0-2 m/s,2,2-3 plumes,Not flagged offshore,2026,CM500-f24278e7fd
8a4760e4-198d-450b-83b7-d0f31e2f2525,tan20260306t034614c53s4001-B,CH4,b964baf5-1553-4f00-ae34-78c30f0cd591,2026-03-06 03:46:14.530000+00:00,tan,production,Tanager,221.7335695086956,160.35166845880124,mfa,35.771428288831274,maximum_sensitivity,17.23928585558436,,1.5648148148148149,231.94950044457363,v3c,3.57.0,False,l2c-ch4-v0,mfa,6A,published,False,2026-04-05 04:19:13.580000+00:00,2026-04-05 04:19:13.578000+00:00,120.91379194774692,14.699128392530028,120.9025260048747,14.689655844429673,120.93409490564288,14.720460936457624,0,[],True,https://catalog.carbonmapper.org/l3a,True,https://catalog.carbonmapper.org/l3a,True,https://catalog.carbonmapper.org/l3a,True,https://catalog.carbonmapper.org/l3a,True,https://catalog.carbonmapper.org/l3a,30.022905671296293,Solid waste / landfill,True,Public rate + uncertainty,72.31727194673282,Philippines,PHL,True,221.7335695086956,160.35166845880124,False,2026-03-06 03:46:14.530000+00:00,2026-03-06 03:46:14.530000+00:00,Live API scene_timestamp,30.022905671296293,17.23928585558436,>15-30°,0-2 m/s,2,2-3 plumes,Not flagged offshore,2026,CM500-46c76b14f6
27039efc-ff43-456f-94da-9a9555b41a57,tan20260306t034614c53s4001-A,CH4,b964baf5-1553-4f00-ae34-78c30f0cd591,2026-03-06 03:46:14.530000+00:00,tan,production,Tanager,392.1499574130377,205.83736953535734,mfa,35.771428288831274,maximum_sensitivity,17.23928585558436,,1.5648148148148149,231.94950044457363,v3c,3.57.0,False,l2c-ch4-v0,mfa,6A,published,False,2026-04-05 04:19:13.376000+00:00,2026-04-05 04:19:13.375000+00:00,120.91286810927039,14.702348685033328,120.9025260048747,14.689655844429673,120.93409490564288,14.720460936457624,0,[],True,https://catalog.carbonmapper.org/l3a,True,https://catalog.carbonmapper.org/l3a,True,https://catalog.carbonmapper.org/l3a,True,https://catalog.carbonmapper.org/l3a,True,https://catalog.carbonmapper.org/l3a,30.022903310185185,Solid waste / landfill,True,Public rate + uncertainty,52.48945349713659,Philippines,PHL,True,392.1499574130377,205.8373695353573,False,2026-03-06 03:46:14.530000+00:00,2026-03-06 03:46:14.530000+00:00,Live API scene_timestamp,30.022903310185185,17.23928585558436,>15-30°,0-2 m/s,2,2-3 plumes,Not flagged offshore,2026,CM500-46c76b14f6
2f6eb1fc-4962-4401-99ce-38613c1f4811,tan20260308t040224c65s4001-A,CH4,8d988578-94b4-453b-b6fe-b3d1dce22d28,2026-03-08 04:02:24.650000+00:00,tan,production,Tanager,949.5556723104163,142.30765264456866,mfa,45.75080264390652,glint,16.4,,6.055555555555556,55.333803720448365,v3c,3.59.1,True,l2c-ch4-v0,mfa,1B2,published,False,2026-04-07 04:19:14.089000+00:00,2026-04-21 18:15:36.055000+00:00,115.65696293668702,6.345982439753129,115.63280599817442,6.323546944585342,115.66355038492841,6.354373773878228,0,[],True,https://catalog.carbonmapper.org/l3a,True,https://catalog.carbonmapper.org/l3a,True,https://catalog.carbonmapper.org/l3a,True,https://catalog.carbonmapper.org/l3a,True,https://catalog.carbonmapper.org/l3a,30.011683321759257,Oil and gas,True,Public rate + uncertainty,14.986762418922954,Offshore / boundary-unassigned,,False,949.5556723104164,142.30765264456866,False,2026-03-08 04:02:24.650000+00:00,2026-03-08 04:02:24.650000+00:00,Live API scene_timestamp,30.011683321759257,16.4,>15-30°,>6 m/s,1,1 plume,Offshore,2026,CM500-75aee98e03
aff1e147-5f60-454f-bb65-94b5c64ecb71,tan20260310t041958c15s4001-A,CH4,c7c89126-0c15-4e63-98e0-979a5db4e940,2026-03-10 04:19:58.150000+00:00,tan,production,Tanager,594.699752638775,164.43946922582944,mfa,36.72901421792116,standard_sensitivity,21.6,,3.064814814814815,350.66568781397154,v3c,3.59.1,False,l2c-ch4-v0,mfa,6A,published,False,2026-04-09 05:19:13.307000+00:00,2026-04-09 05:19:13.305000+00:00,110.35947808715855,-7.025388127558372,110.3416490075822,-7.042785415146265,110.3727170983205,-7.012221202420487,0,[],True,https://catalog.carbonmapper.org/l3a,True,https://catalog.carbonmapper.org/l3a,True,https://catalog.carbonmapper.org/l3a,True,https://catalog.carbonmapper.org/l3a,True,https://catalog.carbonmapper.org/l3a,30.041147650462964,Solid waste / landfill,True,Public rate + uncertainty,27.650838678877207,Indonesia,IDN,True,594.699752638775,164.43946922582944,False,2026-03-10 04:19:58.150000+00:00,2026-03-10 04:19:58.150000+00:00,Live API scene_timestamp,30.041147650462964,21.6,>15-30°,>2-4 m/s,1,1 plume,Not flagged offshore,2026,CM500-0a6e6d83f2
ac8bfb7d-980a-45d0-bb46-a2c2eaf8fc76,tan20260311t033429c90s4001-E,CH4,8237f58c-c377-4c77-a770-50b86124bfec,2026-03-11 03:34:29.900000+00:00,tan,production,Tanager,299.30449545918077,42.64094636233939,mfa,40.90285354875677,maximum_sensitivity,24.89916354346485,,1.962962962962963,48.66833223968411,v3c,3.59.1,False,l2c-ch4-v0,mfa,6A,published,False,2026-04-10 04:19:14.422000+00:00,2026-04-10 04:19:14.420000+00:00,121.15832237688704,14.7714768199302,121.13651629205539,14.753713030359144,121.16837621878945,14.784250114038414,0,[],True,https://catalog.carbonmapper.org/l3a,True,https://catalog.carbonmapper.org/l3a,True,https://catalog.carbonmapper.org/l3a,True,https://catalog.carbonmapper.org/l3a,True,https://catalog.carbonmapper.org/l3a,30.03107085648148,Solid waste / landfill,True,Public rate + uncertainty,14.246677550539756,Philippines,PHL,True,299.3044954591808,42.64094636233939,False,2026-03-11 03:34:29.900000+00:00,2026-03-11 03:34:29.900000+00:00,Live API scene_timestamp,30.03107085648148,24.89916354346485,>15-30°,0-2 m/s,5,4+ plumes,Not flagged offshore,2026,CM500-cda1f1e271
010d5375-27f8-49c0-803b-a3b04686b9ed,tan20260311t033429c90s4001-C,CH4,8237f58c-c377-4c77-a770-50b86124bfec,2026-03-11 03:34:29.900000+00:00,tan,production,Tanager,,,mfa,40.90285354875677,maximum_sensitivity,24.89916354346485,,2.8796296296296298,59.99999999999999,v3c,3.59.1,False,l2c-ch4-v0,mfa,6A,published,True,2026-04-10 04:19:14.220000+00:00,2026-04-10 04:19:14.218000+00:00,121.16526145620952,14.693604752002585,121.13210847059672,14.674861573522621,121.1715029764967,14.713237901703755,0,[],True,https://catalog.carbonmapper.org/l3a,True,https://catalog.carbonmapper.org/l3a,True,https://catalog.carbonmapper.org/l3a,True,https://catalog.carbonmapper.org/l3a,True,https://catalog.carbonmapper.org/l3a,30.031068518518516,Solid waste / landfill,True,Hidden / unavailable rate,,Philippines,PHL,True,,,True,2026-03-11 03:34:29.900000+00:00,2026-03-11 03:34:29.900000+00:00,Live API scene_timestamp,30.031068518518516,24.89916354346485,>15-30°,>2-4 m/s,5,4+ plumes,Not flagged offshore,2026,CM500-5c4211c9ce
ba1114de-4d0e-4054-8a0c-5f872db460fc,tan20260311t033429c90s4001-B,CH4,8237f58c-c377-4c77-a770-50b86124bfec,2026-03-11 03:34:29.900000+00:00,tan,production,Tanager,2404.178272698987,551.9449375914871,mfa,40.90285354875677,maximum_sensitivity,24.89916354346485,,2.8796296296296298,59.99999999999999,v3c,3.59.1,False,l2c-ch4-v0,mfa,6A,published,False,2026-04-10 04:19:14.117000+00:00,2026-04-10 04:19:14.116000+00:00,121.16525083163373,14.689812934045904,121.13210847059672,14.674861573522621,121.1715029764967,14.713237901703755,0,[],True,https://catalog.carbonmapper.org/l3a,True,https://catalog.carbonmapper.org/l3a,True,https://catalog.carbonmapper.org/l3a,True,https://catalog.carbonmapper.org/l3a,True,https://catalog.carbonmapper.org/l3a,30.03106732638889,Solid waste / landfill,True,Public rate + uncertainty,22.957737529665835,Philippines,PHL,True,2404.178272698987,551.9449375914871,False,2026-03-11 03:34:29.900000+00:00,2026-03-11 03:34:29.900000+00:00,Live API scene_timestamp,30.03106732638889,24.89916354346485,>15-30°,>2-4 m/s,5,4+ plumes,Not flagged offshore,2026,CM500-5c4211c9ce
83b265a7-a9e3-4516-80dc-c827d0f4dbb2,tan20260311t033429c90s4001-A,CH4,8237f58c-c377-4c77-a770-50b86124bfec,2026-03-11 03:34:29.900000+00:00,tan,production,Tanager,404.10265617408226,467.26861717995547,mfa,40.90285354875677,maximum_sensitivity,24.89916354346485,,1.962962962962963,48.66833223968411,v3c,3.59.1,False,l2c-ch4-v0,mfa,6A,published,False,2026-04-10 04:19:13.902000+00:00,2026-04-10 04:19:13.901000+00:00,121.1534674697761,14.770568853608637,121.13400864221698,14.753690007139515,121.16559003309322,14.78422800020915,0,[],True,https://catalog.carbonmapper.org/l3a,True,https://catalog.carbonmapper.org/l3a,True,https://catalog.carbonmapper.org/l3a,True,https://catalog.carbonmapper.org/l3a,True,https://catalog.carbonmapper.org/l3a,30.031064837962962,Solid waste / landfill,True,Public rate + uncertainty,115.63116699204821,Philippines,PHL,True,404.1026561740823,467.2686171799554,False,2026-03-11 03:34:29.900000+00:00,2026-03-11 03:34:29.900000+00:00,Live API scene_timestamp,30.031064837962962,24.89916354346485,>15-30°,0-2 m/s,5,4+ plumes,Not flagged offshore,2026,CM500-cda1f1e271
7d390a6d-d9e9-48e1-9bba-55ec6d0fdafb,tan20260311t033429c90s4001-D,CH4,8237f58c-c377-4c77-a770-50b86124bfec,2026-03-11 03:34:29.900000+00:00,tan,production,Tanager,828.1240218921952,82.69530984647132,mfa,40.90285354875677,maximum_sensitivity,24.89916354346485,,1.962962962962963,48.66833223968411,v3c,3.59.1,False,l2c-ch4-v0,mfa,6A,published,False,2026-04-10 04:19:14.322000+00:00,2026-04-10 04:19:14.321000+00:00,121.15672755004061,14.768314913255281,121.13400864221698,14.753690007139515,121.16559003309322,14.78422800020915,0,[],True,https://catalog.carbonmapper.org/l3a,True,https://catalog.carbonmapper.org/l3a,True,https://catalog.carbonmapper.org/l3a,True,https://catalog.carbonmapper.org/l3a,True,https://catalog.carbonmapper.org/l3a,30.03106969907407,Solid waste / landfill,True,Public rate + uncertainty,9.985860530590497,Philippines,PHL,True,828.1240218921952,82.69530984647132,False,2026-03-11 03:34:29.900000+00:00,2026-03-11 03:34:29.900000+00:00,Live API scene_timestamp,30.03106969907407,24.89916354346485,>15-30°,0-2 m/s,5,4+ plumes,Not flagged offshore,2026,CM500-cda1f1e271
96a6f937-f6a8-4e17-8efd-c5f88c3bb2bb,tan20260311t033551c74s4001-C,CH4,e4b0212c-c1d0-4235-ada3-f57fb457359d,2026-03-11 03:35:51.740000+00:00,tan,production,Tanager,,,mfa,38.75403850250921,medium_sensitivity,27.01314861282068,,4.851851851851852,31.0,v3c,3.59.1,False,l2c-ch4-v0,mfa,6A,published,True,2026-04-10 04:19:12.936000+00:00,2026-04-10 04:19:12.934000+00:00,123.93570154749011,10.423722349361157,123.91740537235255,10.407109020315406,123.94875182682377,10.437938271388743,0,[],True,https://catalog.carbonmapper.org/l3a,True,https://catalog.carbonmapper.org/l3a,True,https://catalog.carbonmapper.org/l3a,True,https://catalog.carbonmapper.org/l3a,True,https://catalog.carbonmapper.org/l3a,30.030106435185186,Solid waste / landfill,True,Hidden / unavailable rate,,Philippines,PHL,True,,,True,2026-03-11 03:35:51.740000+00:00,2026-03-11 03:35:51.740000+00:00,Live API scene_timestamp,30.030106435185186,27.01314861282068,>15-30°,>4-6 m/s,3,2-3 plumes,Not flagged offshore,2026,CM500-7f6757d919
a4bfc8e5-4f70-4aac-af17-adc7ff09d8e8,tan20260311t033551c74s4001-B,CH4,e4b0212c-c1d0-4235-ada3-f57fb457359d,2026-03-11 03:35:51.740000+00:00,tan,production,Tanager,628.0786567283651,271.49919397242087,mfa,38.75403850250921,medium_sensitivity,27.01314861282068,,3.9629629629629632,42.001017017682585,v3c,3.59.1,False,l2c-ch4-v0,mfa,6A,published,False,2026-04-10 04:19:13.226000+00:00,2026-04-10 04:19:13.224000+00:00,123.92003923550692,10.417400671095962,123.89352920419535,10.394976110362089,123.92707335759458,10.428238379717344,0,[],True,https://catalog.carbonmapper.org/l3a,True,https://catalog.carbonmapper.org/l3a,True,https://catalog.carbonmapper.org/l3a,True,https://catalog.carbonmapper.org/l3a,True,https://catalog.carbonmapper.org/l3a,30.030109791666668,Solid waste / landfill,True,Public rate + uncertainty,43.22694157235792,Philippines,PHL,True,628.0786567283651,271.49919397242087,False,2026-03-11 03:35:51.740000+00:00,2026-03-11 03:35:51.740000+00:00,Live API scene_timestamp,30.030109791666668,27.01314861282068,>15-30°,>2-4 m/s,3,2-3 plumes,Not flagged offshore,2026,CM500-00cf8931de
c117bf3d-23ce-4a4c-858a-487ba84775ab,tan20260311t033551c74s4001-A,CH4,e4b0212c-c1d0-4235-ada3-f57fb457359d,2026-03-11 03:35:51.740000+00:00,tan,production,Tanager,1651.822844793646,383.5733283115657,mfa,38.75403850250921,medium_sensitivity,27.01314861282068,,5.0740740740740735,36.667383511872174,v3c,3.59.1,False,l2c-ch4-v0,mfa,6A,published,False,2026-04-10 04:19:13.794000+00:00,2026-04-10 04:19:13.793000+00:00,123.92206267870131,10.415216682404306,123.90038323859085,10.39630547812188,123.93172875526618,10.427134875547587,0,[],True,https://catalog.carbonmapper.org/l3a,True,https://catalog.carbonmapper.org/l3a,True,https://catalog.carbonmapper.org/l3a,True,https://catalog.carbonmapper.org/l3a,True,https://catalog.carbonmapper.org/l3a,30.030116365740742,Solid waste / landfill,True,Public rate + uncertainty,23.221214642995424,Philippines,PHL,True,1651.822844793646,383.5733283115657,False,2026-03-11 03:35:51.740000+00:00,2026-03-11 03:35:51.740000+00:00,Live API scene_timestamp,30.030116365740742,27.01314861282068,>15-30°,>4-6 m/s,3,2-3 plumes,Not flagged offshore,2026,CM500-00cf8931de
fc51cbf2-b1c4-478f-b1d1-b1da5ed7ae72,tan20260312t042921c83s4001-A,CH4,bccb911d-a0e6-413d-98b8-818f833fd7ce,2026-03-12 04:29:21.830000+00:00,tan,production,Tanager,4853.752594842,616.4166294936291,mfa,40.10004294841739,medium_sensitivity,27.5,,1.6851851851851851,87.06905147539929,v3c,3.63.0,False,l2c-ch4-v0,mfa,6A,published,False,2026-04-11 05:19:15.101000+00:00,2026-04-11 05:19:15.100000+00:00,106.670702872888,10.664067515051954,106.61659569680168,10.596515328692668,106.7002191750018,10.678971992383847,0,[],True,https://catalog.carbonmapper.org/l3a,True,https://catalog.carbonmapper.org/l3a,True,https://catalog.carbonmapper.org/l3a,True,https://catalog.carbonmapper.org/l3a,True,https://catalog.carbonmapper.org/l3a,30.03464434027778,Solid waste / landfill,True,Public rate + uncertainty,12.69979500291557,Vietnam,VNM,True,4853.752594842,616.4166294936291,False,2026-03-12 04:29:21.830000+00:00,2026-03-12 04:29:21.830000+00:00,Live API scene_timestamp,30.03464434027778,27.5,>15-30°,0-2 m/s,1,1 plume,Not flagged offshore,2026,CM500-c87043980e
75ed9ba1-dd76-4864-9ead-c1a316efded3,tan20260312t043323c07s4001-A,CH4,7722c65d-0dfe-40c4-b192-0e664269d594,2026-03-12 04:33:23.070000+00:00,tan,production,Tanager,,,mfa,36.28279734367044,maximum_sensitivity,21.023688883075398,,2.2870370370370368,283.995106749009,v3c,3.63.0,False,l2c-ch4-v0,mfa,6A,published,True,2026-04-11 05:19:15.462000+00:00,2026-04-11 05:19:15.461000+00:00,106.78856699624674,-6.42239918229275,106.77810083058941,-6.441646549801994,106.80884373299521,-6.410826460785434,0,[],True,https://catalog.carbonmapper.org/l3a,True,https://catalog.carbonmapper.org/l3a,True,https://catalog.carbonmapper.org/l3a,True,https://catalog.carbonmapper.org/l3a,True,https://catalog.carbonmapper.org/l3a,30.03185638888889,Solid waste / landfill,True,Hidden / unavailable rate,,Indonesia,IDN,True,,,True,2026-03-12 04:33:23.070000+00:00,2026-03-12 04:33:23.070000+00:00,Live API scene_timestamp,30.03185638888889,21.023688883075398,>15-30°,>2-4 m/s,1,1 plume,Not flagged offshore,2026,CM500-13e2da0433
4313979d-0545-4013-b660-999756804af4,tan20260314t044235c49s4001-A,CH4,b91fe903-9739-48f3-a307-aed433c31c12,2026-03-14 04:42:35.490000+00:00,tan,production,Tanager,,,mfa,36.76878578974834,medium_sensitivity,24.014795199394058,,3.157407407407407,52.648632080211314,v3c,3.63.0,False,l2c-ch4-v0,mfa,6A,published,True,2026-04-13 05:19:12.852000+00:00,2026-04-13 05:19:12.850000+00:00,104.88475746134225,11.484715803417402,104.85924577336714,11.459512473191442,104.89236046115468,11.491965165999389,0,[],True,https://catalog.carbonmapper.org/l3a,True,https://catalog.carbonmapper.org/l3a,True,https://catalog.carbonmapper.org/l3a,True,https://catalog.carbonmapper.org/l3a,True,https://catalog.carbonmapper.org/l3a,30.025432430555558,Solid waste / landfill,True,Hidden / unavailable rate,,Cambodia,KHM,True,,,True,2026-03-14 04:42:35.490000+00:00,2026-03-14 04:42:35.490000+00:00,Live API scene_timestamp,30.025432430555558,24.014795199394058,>15-30°,>2-4 m/s,2,2-3 plumes,Not flagged offshore,2026,CM500-007e566671
069f5f64-fc61-470a-8f86-d06268abc650,tan20260314t044235c49s4001-B,CH4,b91fe903-9739-48f3-a307-aed433c31c12,2026-03-14 04:42:35.490000+00:00,tan,production,Tanager,,,mfa,36.76878578974834,medium_sensitivity,24.014795199394058,,3.157407407407407,52.648632080211314,v3c,3.63.0,False,l2c-ch4-v0,mfa,6A,published,True,2026-04-13 05:19:13.948000+00:00,2026-04-13 05:19:13.946000+00:00,104.8864916294109,11.480458794982084,104.82650132964474,11.432490700149739,104.89576392133732,11.500370899355648,0,[],True,https://catalog.carbonmapper.org/l3a,True,https://catalog.carbonmapper.org/l3a,True,https://catalog.carbonmapper.org/l3a,True,https://catalog.carbonmapper.org/l3a,True,https://catalog.carbonmapper.org/l3a,30.02544511574074,Solid waste / landfill,True,Hidden / unavailable rate,,Cambodia,KHM,True,,,True,2026-03-14 04:42:35.490000+00:00,2026-03-14 04:42:35.490000+00:00,Live API scene_timestamp,30.02544511574074,24.014795199394058,>15-30°,>2-4 m/s,2,2-3 plumes,Not flagged offshore,2026,CM500-007e566671
5e741b16-346d-429e-9bfa-ba0d43cc5ecb,tan20260315t040434c44s4001-A,CH4,5032b7e3-ba46-4607-a8d4-ef171efb828f,2026-03-15 04:04:34.440000+00:00,tan,production,Tanager,,,mfa,38.294594794179446,medium_sensitivity,23.850139726145017,,2.638888888888889,347.95833454250754,v3c,3.63.0,False,l2c-ch4-v0,mfa,6A,published,True,2026-04-14 04:19:14.217000+00:00,2026-04-14 04:19:14.215000+00:00,116.17493992712286,6.109432849206271,116.16311359447418,6.090997339276779,116.19357811366643,6.121289019027295,0,[],True,https://catalog.carbonmapper.org/l3a,True,https://catalog.carbonmapper.org/l3a,True,https://catalog.carbonmapper.org/l3a,True,https://catalog.carbonmapper.org/l3a,True,https://catalog.carbonmapper.org/l3a,30.010182604166665,Solid waste / landfill,True,Hidden / unavailable rate,,Malaysia,MYS,True,,,True,2026-03-15 04:04:34.440000+00:00,2026-03-15 04:04:34.440000+00:00,Live API scene_timestamp,30.010182604166665,23.850139726145017,>15-30°,>2-4 m/s,1,1 plume,Not flagged offshore,2026,CM500-07d641fd3b
d8fca149-5bf7-49a6-bb71-6060e4793f62,tan20260315t040756c47s4001-B,CH4,1cedc40d-6001-4a35-947b-2a3cb341dea1,2026-03-15 04:07:56.470000+00:00,tan,production,Tanager,274.8403373327016,53.17070432886998,mfa,35.32606958851965,maximum_sensitivity,16.847533035502664,,1.8055555555555556,286.98709162742784,v3c,3.63.0,False,l2c-ch4-v0,mfa,other,published,False,2026-04-14 04:19:13.841000+00:00,2026-04-14 04:19:13.839000+00:00,112.71166316252402,-7.527957645138798,112.70534949308154,-7.547002897011943,112.7364390200355,-7.516181587873986,0,[],True,https://catalog.carbonmapper.org/l3a,True,https://catalog.carbonmapper.org/l3a,True,https://catalog.carbonmapper.org/l3a,True,https://catalog.carbonmapper.org/l3a,True,https://catalog.carbonmapper.org/l3a,30.00783994212963,Other / unclassified,False,Public rate + uncertainty,19.346033717207025,Indonesia,IDN,True,274.8403373327016,53.17070432886998,False,2026-03-15 04:07:56.470000+00:00,2026-03-15 04:07:56.470000+00:00,Live API scene_timestamp,30.00783994212963,16.847533035502664,>15-30°,0-2 m/s,2,2-3 plumes,Not flagged offshore,2026,CM500-07bf199048
5989d381-1aa3-4499-a8f2-2befa08efa4e,tan20260315t040756c47s4001-A,CH4,1cedc40d-6001-4a35-947b-2a3cb341dea1,2026-03-15 04:07:56.470000+00:00,tan,production,Tanager,199.22908053603922,56.762156457996234,mfa,35.32606958851965,maximum_sensitivity,16.847533035502664,,1.3981481481481481,302.6666365779404,v3c,3.63.0,False,l2c-ch4-v0,mfa,6A,published,False,2026-04-14 04:19:14.357000+00:00,2026-04-14 04:19:14.355000+00:00,112.7642704651567,-7.55087022508107,112.74946381762369,-7.5671688995203,112.78055302062754,-7.536619704237328,0,[],True,https://catalog.carbonmapper.org/l3a,True,https://catalog.carbonmapper.org/l3a,True,https://catalog.carbonmapper.org/l3a,True,https://catalog.carbonmapper.org/l3a,True,https://catalog.carbonmapper.org/l3a,30.007845914351854,Solid waste / landfill,True,Public rate + uncertainty,28.490899172587575,Indonesia,IDN,True,199.2290805360392,56.76215645799624,False,2026-03-15 04:07:56.470000+00:00,2026-03-15 04:07:56.470000+00:00,Live API scene_timestamp,30.007845914351854,16.847533035502664,>15-30°,0-2 m/s,2,2-3 plumes,Not flagged offshore,2026,CM500-afb9d32eea
c765d7fc-ec8a-411d-8867-3673ef8b3ce5,tan20260316t032352c95s4001-C,CH4,de88a830-d747-41b9-b0c5-2b8781502b19,2026-03-16 03:23:52.950000+00:00,tan,production,Tanager,526.7590310848414,175.93255186667747,mfa,36.27972473895334,medium_sensitivity,18.100048718769322,,3.5555555555555554,54.995398867397284,v3c,3.59.1,False,l2c-ch4-v0,mfa,6A,published,False,2026-04-15 04:19:13.117000+00:00,2026-04-15 04:19:13.115000+00:00,123.93488716188494,10.425230757022064,123.91658737095531,10.40819829086305,123.94765796704978,10.43902655163098,0,[],True,https://catalog.carbonmapper.org/l3a,True,https://catalog.carbonmapper.org/l3a,True,https://catalog.carbonmapper.org/l3a,True,https://catalog.carbonmapper.org/l3a,True,https://catalog.carbonmapper.org/l3a,30.038427858796297,Solid waste / landfill,True,Public rate + uncertainty,33.39905753572951,Philippines,PHL,True,526.7590310848414,175.93255186667747,False,2026-03-16 03:23:52.950000+00:00,2026-03-16 03:23:52.950000+00:00,Live API scene_timestamp,30.038427858796297,18.100048718769322,>15-30°,>2-4 m/s,3,2-3 plumes,Not flagged offshore,2026,CM500-7f6757d919
9e889939-8833-431c-87fa-ea50646aa9e4,tan20260316t032352c95s4001-B,CH4,de88a830-d747-41b9-b0c5-2b8781502b19,2026-03-16 03:23:52.950000+00:00,tan,production,Tanager,,,mfa,36.27972473895334,medium_sensitivity,18.100048718769322,,3.5555555555555554,54.995398867397284,v3c,3.59.1,False,l2c-ch4-v0,mfa,6A,published,True,2026-04-15 04:19:13.249000+00:00,2026-04-15 04:19:13.247000+00:00,123.920323873175,10.41695232901003,123.89132534255975,10.391189312666677,123.92679382139627,10.425803721071345,0,[],True,https://catalog.carbonmapper.org/l3a,True,https://catalog.carbonmapper.org/l3a,True,https://catalog.carbonmapper.org/l3a,True,https://catalog.carbonmapper.org/l3a,True,https://catalog.carbonmapper.org/l3a,30.038429386574077,Solid waste / landfill,True,Hidden / unavailable rate,,Philippines,PHL,True,,,True,2026-03-16 03:23:52.950000+00:00,2026-03-16 03:23:52.950000+00:00,Live API scene_timestamp,30.038429386574077,18.100048718769322,>15-30°,>2-4 m/s,3,2-3 plumes,Not flagged offshore,2026,CM500-00cf8931de
603133ce-eec6-4f69-8f30-bed90aeca445,tan20260316t032352c95s4001-A,CH4,de88a830-d747-41b9-b0c5-2b8781502b19,2026-03-16 03:23:52.950000+00:00,tan,production,Tanager,2372.3743864797643,302.6351085823038,mfa,36.27972473895334,medium_sensitivity,18.100048718769322,,4.148148148148148,41.66677201732561,v3c,3.59.1,False,l2c-ch4-v0,mfa,6A,published,False,2026-04-15 04:19:12.977000+00:00,2026-04-15 04:19:12.976000+00:00,123.92112436422758,10.415826736521652,123.89873518215732,10.394953690509407,123.93007955090503,10.425511681269747,0,[],True,https://catalog.carbonmapper.org/l3a,True,https://catalog.carbonmapper.org/l3a,True,https://catalog.carbonmapper.org/l3a,True,https://catalog.carbonmapper.org/l3a,True,https://catalog.carbonmapper.org/l3a,30.038426238425924,Solid waste / landfill,True,Public rate + uncertainty,12.756633620183674,Philippines,PHL,True,2372.3743864797643,302.6351085823038,False,2026-03-16 03:23:52.950000+00:00,2026-03-16 03:23:52.950000+00:00,Live API scene_timestamp,30.038426238425924,18.100048718769322,>15-30°,>4-6 m/s,3,2-3 plumes,Not flagged offshore,2026,CM500-00cf8931de
294c7efa-5a95-4860-87f1-53849df444db,tan20260316t032500c44s4001-A,CH4,b4da1698-1a60-457b-bb0a-073eb34a2edc,2026-03-16 03:25:00.440000+00:00,tan,production,Tanager,657.017809362282,259.8247101503279,mfa,35.83053824881595,medium_sensitivity,23.521317968112804,,3.842592592592593,358.00489325099096,v3c,3.63.0,False,l2c-ch4-v0,mfa,6A,published,False,2026-04-15 04:19:12.798000+00:00,2026-04-15 04:19:12.797000+00:00,125.55248940717632,7.149208044975126,125.53414137357416,7.128378824677805,125.56518949818535,7.159185928478141,0,[],True,https://catalog.carbonmapper.org/l3a,True,https://catalog.carbonmapper.org/l3a,True,https://catalog.carbonmapper.org/l3a,True,https://catalog.carbonmapper.org/l3a,True,https://catalog.carbonmapper.org/l3a,30.037643032407406,Solid waste / landfill,True,Public rate + uncertainty,39.54606807424601,Philippines,PHL,True,657.017809362282,259.8247101503279,False,2026-03-16 03:25:00.440000+00:00,2026-03-16 03:25:00.440000+00:00,Live API scene_timestamp,30.037643032407406,23.521317968112804,>15-30°,>2-4 m/s,1,1 plume,Not flagged offshore,2026,CM500-ac1926fef7
e1079c8b-caab-4418-8e2b-7018e1fe32a5,tan20260316t045602c69s4001-A,CH4,309a51c6-c8d5-40f5-a350-853292ec7943,2026-03-16 04:56:02.690000+00:00,tan,production,Tanager,,,mfa,36.74549939674956,medium_sensitivity,24.16564968371021,,2.490740740740741,79.6590352021876,v3c,3.63.0,False,l2c-ch4-v0,mfa,6A,published,True,2026-04-15 05:19:13.779000+00:00,2026-04-15 05:19:13.778000+00:00,101.40153591484562,13.766350915341775,101.38384084214576,13.753388655439876,101.41527794523465,13.784192593598377,0,[],True,https://catalog.carbonmapper.org/l3a,True,https://catalog.carbonmapper.org/l3a,True,https://catalog.carbonmapper.org/l3a,True,https://catalog.carbonmapper.org/l3a,True,https://catalog.carbonmapper.org/l3a,30.01610056712963,Solid waste / landfill,True,Hidden / unavailable rate,,Thailand,THA,True,,,True,2026-03-16 04:56:02.690000+00:00,2026-03-16 04:56:02.690000+00:00,Live API scene_timestamp,30.01610056712963,24.16564968371021,>15-30°,>2-4 m/s,3,2-3 plumes,Not flagged offshore,2026,CM500-d9e9d21aa8
a23b598e-19d2-4f68-821c-6302ff6e3826,tan20260316t045602c69s4001-B,CH4,309a51c6-c8d5-40f5-a350-853292ec7943,2026-03-16 04:56:02.690000+00:00,tan,production,Tanager,228.88592341728122,86.35994666330113,mfa,36.74549939674956,medium_sensitivity,24.16564968371021,,0.7777777777777778,105.6663655959727,v3c,3.63.0,False,l2c-ch4-v0,mfa,6A,published,False,2026-04-15 05:19:13.882000+00:00,2026-04-15 05:19:13.878000+00:00,100.66954132105872,13.582318503344354,100.63787937202986,13.570779646645617,100.67959392508001,13.611326095647733,0,[],True,https://catalog.carbonmapper.org/l3a,True,https://catalog.carbonmapper.org/l3a,True,https://catalog.carbonmapper.org/l3a,True,https://catalog.carbonmapper.org/l3a,True,https://catalog.carbonmapper.org/l3a,30.016101759259257,Solid waste / landfill,True,Public rate + uncertainty,37.73056261999065,Thailand,THA,True,228.8859234172812,86.35994666330113,False,2026-03-16 04:56:02.690000+00:00,2026-03-16 04:56:02.690000+00:00,Live API scene_timestamp,30.016101759259257,24.16564968371021,>15-30°,0-2 m/s,3,2-3 plumes,Not flagged offshore,2026,CM500-11f3d4c914
4d0b4be5-7ec4-4422-a056-b589e33627d4,tan20260316t045602c69s4001-C,CH4,309a51c6-c8d5-40f5-a350-853292ec7943,2026-03-16 04:56:02.690000+00:00,tan,production,Tanager,1394.9464294354739,421.3878356865742,mfa,36.74549939674956,medium_sensitivity,24.16564968371021,,0.7777777777777778,105.6663655959727,v3c,3.63.0,False,l2c-ch4-v0,mfa,6A,published,False,2026-04-15 05:19:13.352000+00:00,2026-04-15 05:19:13.350000+00:00,100.67134393513146,13.584674901454733,100.63759936192479,13.570238084666538,100.67987107505073,13.611596431435556,0,[],True,https://catalog.carbonmapper.org/l3a,True,https://catalog.carbonmapper.org/l3a,True,https://catalog.carbonmapper.org/l3a,True,https://catalog.carbonmapper.org/l3a,True,https://catalog.carbonmapper.org/l3a,30.016095625,Solid waste / landfill,True,Public rate + uncertainty,30.208173360256367,Thailand,THA,True,1394.946429435474,421.3878356865742,False,2026-03-16 04:56:02.690000+00:00,2026-03-16 04:56:02.690000+00:00,Live API scene_timestamp,30.016095625,24.16564968371021,>15-30°,0-2 m/s,3,2-3 plumes,Not flagged offshore,2026,CM500-11f3d4c914
11d839f8-d231-4069-aaf0-916095af9720,tan20260316t045944c61s4001-A,CH4,b14e6801-8004-4cb2-afa9-e8990636f4ff,2026-03-16 04:59:44.610000+00:00,tan,production,Tanager,459.65739148682735,56.606092300196025,mfa,35.4899923018055,maximum_sensitivity,14.98702533907417,,2.305555555555556,228.07171384231685,v3c,3.63.0,False,l2c-ch4-v0,mfa,6A,published,False,2026-04-15 05:19:13.985000+00:00,2026-04-15 05:19:13.984000+00:00,100.38223787921544,-0.82479693681654,100.37020755578443,-0.838970893059613,100.40104100027267,-0.808411075958022,0,[],True,https://catalog.carbonmapper.org/l3a,True,https://catalog.carbonmapper.org/l3a,True,https://catalog.carbonmapper.org/l3a,True,https://catalog.carbonmapper.org/l3a,True,https://catalog.carbonmapper.org/l3a,30.01353443287037,Solid waste / landfill,True,Public rate + uncertainty,12.314844348982522,Indonesia,IDN,True,459.65739148682735,56.606092300196025,False,2026-03-16 04:59:44.610000+00:00,2026-03-16 04:59:44.610000+00:00,Live API scene_timestamp,30.01353443287037,14.98702533907417,>5-15°,>2-4 m/s,1,1 plume,Not flagged offshore,2026,CM500-eb6dc4df26
7c54a5ff-5960-4edf-884c-a7c130d6b0db,tan20260317t041924c43s4001-A,CH4,585522fb-591f-48b0-9a61-07ff32eedece,2026-03-17 04:19:24.430000+00:00,tan,production,Tanager,,,mfa,36.96815341623657,standard_sensitivity,27.657059887096793,,1.4907407407407407,53.33322798267438,v3d,3.72.9,False,l2c-ch4-v0,mfa,6A,published,True,2026-05-29 20:13:27.568000+00:00,2026-05-29 20:13:28.039000+00:00,110.34193882901104,1.378336008208677,110.3256259779811,1.3622605822704525,110.35647211144936,1.3928272985789958,0,[],True,https://catalog.carbonmapper.org/l3a,True,https://catalog.carbonmapper.org/l3a,True,https://catalog.carbonmapper.org/l3a,True,https://catalog.carbonmapper.org/l3a,True,https://catalog.carbonmapper.org/l3a,73.66253631944444,Solid waste / landfill,True,Hidden / unavailable rate,,Malaysia,MYS,True,,,True,2026-03-17 04:19:24.430000+00:00,2026-03-17 04:19:24.430000+00:00,Live API scene_timestamp,73.66253631944444,27.657059887096793,>15-30°,0-2 m/s,1,1 plume,Not flagged offshore,2026,CM500-f24278e7fd
74905043-8a0b-4658-889e-a0a6426bcc02,tan20260318t034034c50s4001-A,CH4,f7e33ed1-39a1-47c6-b089-d8e708703aea,2026-03-18 03:40:34.500000+00:00,tan,production,Tanager,198.09908841489894,129.34848044602256,mfa,40.93496508044777,standard_sensitivity,28.9,,1.527777777777778,142.9527525122912,v3c,3.63.0,False,l2c-ch4-v0,mfa,other,published,False,2026-04-17 04:19:12.617000+00:00,2026-04-17 04:19:12.616000+00:00,117.65848078286922,0.724287791948768,117.64446995668266,0.7098140055811321,117.67503724741047,0.74064933259867,0,[],True,https://catalog.carbonmapper.org/l3a,True,https://catalog.carbonmapper.org/l3a,True,https://catalog.carbonmapper.org/l3a,True,https://catalog.carbonmapper.org/l3a,True,https://catalog.carbonmapper.org/l3a,30.02683005787037,Other / unclassified,False,Public rate + uncertainty,65.29483880062838,Indonesia,IDN,True,198.09908841489892,129.34848044602256,False,2026-03-18 03:40:34.500000+00:00,2026-03-18 03:40:34.500000+00:00,Live API scene_timestamp,30.02683005787037,28.9,>15-30°,0-2 m/s,1,1 plume,Not flagged offshore,2026,CM500-942d7b17da
eb94e3aa-d4b2-49ce-8818-ce0a6e41fb10,tan20260318t051007c70s4001-C,CH4,71789bdb-aec7-4443-8ae9-b6c5979a7fbd,2026-03-18 05:10:07.700000+00:00,tan,production,Tanager,1174.9033680044581,115.19373948342229,mfa,34.237586826431865,medium_sensitivity,14.999494468130196,,2.259259259259259,170.00213932592388,v3c,3.66.0,False,l2c-ch4-v0,mfa,6B,published,False,2026-04-17 05:19:13.953000+00:00,2026-04-17 05:19:13.952000+00:00,100.15725081971198,14.05048629889042,100.14560238499148,14.039991273150623,100.17709506207244,14.07054111962129,0,[],True,https://catalog.carbonmapper.org/l3a,True,https://catalog.carbonmapper.org/l3a,True,https://catalog.carbonmapper.org/l3a,True,https://catalog.carbonmapper.org/l3a,True,https://catalog.carbonmapper.org/l3a,30.006322372685187,Wastewater,True,Public rate + uncertainty,9.804528833641507,Thailand,THA,True,1174.903368004458,115.19373948342228,False,2026-03-18 05:10:07.700000+00:00,2026-03-18 05:10:07.700000+00:00,Live API scene_timestamp,30.006322372685187,14.999494468130196,>5-15°,>2-4 m/s,3,2-3 plumes,Not flagged offshore,2026,CM500-3b378c6c46
01cf6099-a203-453c-97e5-d9323be564ef,tan20260318t051007c70s4001-B,CH4,71789bdb-aec7-4443-8ae9-b6c5979a7fbd,2026-03-18 05:10:07.700000+00:00,tan,production,Tanager,963.0865977232476,116.05015435528951,mfa,34.237586826431865,medium_sensitivity,14.999494468130196,,2.101851851851852,183.32769203182397,v3c,3.66.0,False,l2c-ch4-v0,mfa,6A,published,False,2026-04-17 05:19:13.526000+00:00,2026-04-17 05:19:13.525000+00:00,100.32022918827357,14.006862372843202,100.30982666729935,13.999559342933201,100.34159176639885,14.030108544899624,0,[],True,https://catalog.carbonmapper.org/l3a,True,https://catalog.carbonmapper.org/l3a,True,https://catalog.carbonmapper.org/l3a,True,https://catalog.carbonmapper.org/l3a,True,https://catalog.carbonmapper.org/l3a,30.006317430555555,Solid waste / landfill,True,Public rate + uncertainty,12.049815107969934,Thailand,THA,True,963.0865977232476,116.05015435528952,False,2026-03-18 05:10:07.700000+00:00,2026-03-18 05:10:07.700000+00:00,Live API scene_timestamp,30.006317430555555,14.999494468130196,>5-15°,>2-4 m/s,3,2-3 plumes,Not flagged offshore,2026,CM500-d649cd310c
918717ad-50d9-4a55-88d0-b9dcbfbedb41,tan20260318t051007c70s4001-A,CH4,71789bdb-aec7-4443-8ae9-b6c5979a7fbd,2026-03-18 05:10:07.700000+00:00,tan,production,Tanager,3056.274464186038,436.3231744700531,mfa,34.237586826431865,medium_sensitivity,14.999494468130196,,2.009259259259259,168.34729194840114,v3c,3.66.0,False,l2c-ch4-v0,mfa,6A,published,False,2026-04-17 05:19:13.790000+00:00,2026-04-17 05:19:13.789000+00:00,99.96194332241544,14.057717017970418,99.92978444672062,14.05044987673291,99.97605666403747,14.095333332494201,0,[],True,https://catalog.carbonmapper.org/l3a,True,https://catalog.carbonmapper.org/l3a,True,https://catalog.carbonmapper.org/l3a,True,https://catalog.carbonmapper.org/l3a,True,https://catalog.carbonmapper.org/l3a,30.00632048611111,Solid waste / landfill,True,Public rate + uncertainty,14.27630860981122,Thailand,THA,True,3056.274464186038,436.3231744700531,False,2026-03-18 05:10:07.700000+00:00,2026-03-18 05:10:07.700000+00:00,Live API scene_timestamp,30.00632048611111,14.999494468130196,>5-15°,>2-4 m/s,3,2-3 plumes,Not flagged offshore,2026,CM500-be7d89ab39
b522f919-3ee5-48f2-a1fc-578760ee211c,tan20260320t035021c22s4001-A,CH4,789a29f9-8702-4ca6-b4a5-84d6d80b5ff4,2026-03-20 03:50:21.220000+00:00,tan,production,Tanager,,,mfa,38.77529375321122,maximum_sensitivity,26.4,,2.648148148148148,70.66351543576991,v3c,3.66.0,False,l2c-ch4-v0,mfa,6A,published,True,2026-04-19 04:19:14.534000+00:00,2026-04-19 04:19:14.533000+00:00,121.15316612723626,14.772367116064942,121.13236704512565,14.74988436151216,121.16422735893083,14.780692582591982,0,[],True,https://catalog.carbonmapper.org/l3a,True,https://catalog.carbonmapper.org/l3a,True,https://catalog.carbonmapper.org/l3a,True,https://catalog.carbonmapper.org/l3a,True,https://catalog.carbonmapper.org/l3a,30.020061504629627,Solid waste / landfill,True,Hidden / unavailable rate,,Philippines,PHL,True,,,True,2026-03-20 03:50:21.220000+00:00,2026-03-20 03:50:21.220000+00:00,Live API scene_timestamp,30.020061504629627,26.4,>15-30°,>2-4 m/s,4,4+ plumes,Not flagged offshore,2026,CM500-cda1f1e271
9b9256f8-481c-48e3-8ec5-468c8b5ebfe5,tan20260320t035021c22s4001-D,CH4,789a29f9-8702-4ca6-b4a5-84d6d80b5ff4,2026-03-20 03:50:21.220000+00:00,tan,production,Tanager,,,mfa,38.77529375321122,maximum_sensitivity,26.4,,3.472222222222222,72.9993901614561,v3c,3.66.0,False,l2c-ch4-v0,mfa,6A,published,True,2026-04-19 04:19:15.938000+00:00,2026-04-19 04:19:15.936000+00:00,121.1650891940667,14.692245496630662,121.14804060966466,14.675991727938108,121.17961014219762,14.706529139916485,0,[],True,https://catalog.carbonmapper.org/l3a,True,https://catalog.carbonmapper.org/l3a,True,https://catalog.carbonmapper.org/l3a,True,https://catalog.carbonmapper.org/l3a,True,https://catalog.carbonmapper.org/l3a,30.02007775462963,Solid waste / landfill,True,Hidden / unavailable rate,,Philippines,PHL,True,,,True,2026-03-20 03:50:21.220000+00:00,2026-03-20 03:50:21.220000+00:00,Live API scene_timestamp,30.02007775462963,26.4,>15-30°,>2-4 m/s,4,4+ plumes,Not flagged offshore,2026,CM500-5c4211c9ce
25f442f9-4643-4480-acbd-039a633e33e3,tan20260320t035021c22s4001-C,CH4,789a29f9-8702-4ca6-b4a5-84d6d80b5ff4,2026-03-20 03:50:21.220000+00:00,tan,production,Tanager,,,mfa,38.77529375321122,maximum_sensitivity,26.4,,3.472222222222222,72.9993901614561,v3c,3.66.0,False,l2c-ch4-v0,mfa,6A,published,True,2026-04-19 04:19:14.860000+00:00,2026-04-19 04:19:14.858000+00:00,121.16367833595575,14.689995316717017,121.14804060966466,14.675991727938108,121.17961014219762,14.706529139916485,0,[],True,https://catalog.carbonmapper.org/l3a,True,https://catalog.carbonmapper.org/l3a,True,https://catalog.carbonmapper.org/l3a,True,https://catalog.carbonmapper.org/l3a,True,https://catalog.carbonmapper.org/l3a,30.02006527777778,Solid waste / landfill,True,Hidden / unavailable rate,,Philippines,PHL,True,,,True,2026-03-20 03:50:21.220000+00:00,2026-03-20 03:50:21.220000+00:00,Live API scene_timestamp,30.02006527777778,26.4,>15-30°,>2-4 m/s,4,4+ plumes,Not flagged offshore,2026,CM500-5c4211c9ce
dd8eaa5c-0791-463c-a9de-76bd339bce54,tan20260320t035021c22s4001-B,CH4,789a29f9-8702-4ca6-b4a5-84d6d80b5ff4,2026-03-20 03:50:21.220000+00:00,tan,production,Tanager,,,mfa,38.77529375321122,maximum_sensitivity,26.4,,2.648148148148148,70.66351543576991,v3c,3.66.0,False,l2c-ch4-v0,mfa,6A,published,True,2026-04-19 04:19:14.739000+00:00,2026-04-19 04:19:14.738000+00:00,121.15634066004964,14.768256690688943,121.13290805937919,14.752054537784817,121.16448919609135,14.782592514878717,0,[],True,https://catalog.carbonmapper.org/l3a,True,https://catalog.carbonmapper.org/l3a,True,https://catalog.carbonmapper.org/l3a,True,https://catalog.carbonmapper.org/l3a,True,https://catalog.carbonmapper.org/l3a,30.02006387731481,Solid waste / landfill,True,Hidden / unavailable rate,,Philippines,PHL,True,,,True,2026-03-20 03:50:21.220000+00:00,2026-03-20 03:50:21.220000+00:00,Live API scene_timestamp,30.02006387731481,26.4,>15-30°,>2-4 m/s,4,4+ plumes,Not flagged offshore,2026,CM500-cda1f1e271
860b5d3b-9498-4521-ba2d-c9e15a3b723c,tan20260320t035706c51s4001-A,CH4,d9ae313d-7d23-4b1c-8d41-f6663ef613d7,2026-03-20 03:57:06.510000+00:00,tan,production,Tanager,685.9358389110799,121.6340081563799,mfa,35.81822610597376,medium_sensitivity,24.025834414445537,,3.0370370370370368,254.8927189472675,v3c,3.66.0,False,l2c-ch4-v0,mfa,6A,published,False,2026-04-19 04:19:14.984000+00:00,2026-04-19 04:19:14.982000+00:00,115.22246638246128,-8.72228046633009,115.20027399205487,-8.73204914764551,115.23145505605159,-8.701228227851974,0,[],True,https://catalog.carbonmapper.org/l3a,True,https://catalog.carbonmapper.org/l3a,True,https://catalog.carbonmapper.org/l3a,True,https://catalog.carbonmapper.org/l3a,True,https://catalog.carbonmapper.org/l3a,30.01537585648148,Solid waste / landfill,True,Public rate + uncertainty,17.7325634930336,Indonesia,IDN,True,685.9358389110799,121.6340081563799,False,2026-03-20 03:57:06.510000+00:00,2026-03-20 03:57:06.510000+00:00,Live API scene_timestamp,30.01537585648148,24.025834414445537,>15-30°,>2-4 m/s,1,1 plume,Not flagged offshore,2026,CM500-703a0f1a8e
6ca68a59-518d-4c76-9a8a-f42f1b99112f,tan20260321t044507c99s4001-A,CH4,f74dd71f-9358-4e80-9b36-2f0218d76df6,2026-03-21 04:45:07.990000+00:00,tan,production,Tanager,,,mfa,35.75548439632164,medium_sensitivity,18.7,,2.861111111111111,93.66087577726178,v3c,3.66.0,False,l2c-ch4-v0,mfa,6A,published,True,2026-04-20 05:19:14.400000+00:00,2026-04-20 05:19:14.399000+00:00,106.43928918707195,10.966655423987234,106.41814471155247,10.957813654255348,106.4492658546039,10.988636158363754,0,[],True,https://catalog.carbonmapper.org/l3a,True,https://catalog.carbonmapper.org/l3a,True,https://catalog.carbonmapper.org/l3a,True,https://catalog.carbonmapper.org/l3a,True,https://catalog.carbonmapper.org/l3a,30.023685300925926,Solid waste / landfill,True,Hidden / unavailable rate,,Vietnam,VNM,True,,,True,2026-03-21 04:45:07.990000+00:00,2026-03-21 04:45:07.990000+00:00,Live API scene_timestamp,30.023685300925926,18.7,>15-30°,>2-4 m/s,1,1 plume,Not flagged offshore,2026,CM500-e4e35f640f
44aa5f3f-85f1-441d-8417-367eb493559b,tan20260321t044710c45s4001-A,CH4,0120958c-ca0a-4b80-9c95-87ca74ec689e,2026-03-21 04:47:10.450000+00:00,tan,production,Tanager,764.4863762162134,122.48788306565554,mfa,37.29882212381059,standard_sensitivity,28.054659572435174,,3.342592592592592,20.346238230842484,v3c,3.66.0,False,l2c-ch4-v0,mfa,6A,published,False,2026-04-20 05:19:14.556000+00:00,2026-04-20 05:19:14.554000+00:00,103.71935418606307,1.658150298148314,103.7025918770176,1.6385180224950375,103.73343610097307,1.6690789474774217,0,[],True,https://catalog.carbonmapper.org/l3a,True,https://catalog.carbonmapper.org/l3a,True,https://catalog.carbonmapper.org/l3a,True,https://catalog.carbonmapper.org/l3a,True,https://catalog.carbonmapper.org/l3a,30.022269745370373,Solid waste / landfill,True,Public rate + uncertainty,16.022245376288208,Malaysia,MYS,True,764.4863762162134,122.48788306565554,False,2026-03-21 04:47:10.450000+00:00,2026-03-21 04:47:10.450000+00:00,Live API scene_timestamp,30.022269745370373,28.054659572435174,>15-30°,>2-4 m/s,1,1 plume,Not flagged offshore,2026,CM500-8b3c9b95fb
9bdb77f2-790e-4e1c-b2ec-bfb619443a9f,tan20260322t041032c39s4001-A,CH4,0b931fd2-26a6-428f-8cd6-876030a9ba97,2026-03-22 04:10:32.390000+00:00,tan,production,Tanager,168.89718539698555,68.2500162257777,mfa,37.99169745551731,standard_sensitivity,24.795835463048395,,1.0925925925925926,298.6615169286015,v3c,3.67.1,False,l2c-ch4-v0,mfa,6A,published,False,2026-04-21 04:19:14.778000+00:00,2026-04-21 04:19:14.777000+00:00,112.76485004675885,-7.550372228340933,112.75054342791563,-7.565265777710304,112.7816324775453,-7.534716598630541,0,[],True,https://catalog.carbonmapper.org/l3a,True,https://catalog.carbonmapper.org/l3a,True,https://catalog.carbonmapper.org/l3a,True,https://catalog.carbonmapper.org/l3a,True,https://catalog.carbonmapper.org/l3a,30.006046157407404,Solid waste / landfill,True,Public rate + uncertainty,40.40920875345494,Indonesia,IDN,True,168.89718539698555,68.2500162257777,False,2026-03-22 04:10:32.390000+00:00,2026-03-22 04:10:32.390000+00:00,Live API scene_timestamp,30.006046157407404,24.795835463048395,>15-30°,0-2 m/s,1,1 plume,Not flagged offshore,2026,CM500-afb9d32eea
9f00fe70-2510-4dbd-8e15-2f4c30ffd37a,tan20260323t050100c36s4001-B,CH4,f61df29e-a304-45b7-9733-f3face346fcd,2026-03-23 05:01:00.360000+00:00,tan,production,Tanager,375.02540239750397,151.4681937803485,mfa,35.57312724959113,medium_sensitivity,22.920048705878287,,2.4814814814814814,355.65731657806555,v3c,3.63.0,False,l2c-ch4-v0,mfa,6A,published,False,2026-04-22 05:19:13.357000+00:00,2026-04-22 05:19:13.355000+00:00,100.62345288307591,5.415266068127394,100.60326014960366,5.3977041888413,100.63422307247751,5.428258642418384,0,[],True,https://catalog.carbonmapper.org/l3a,True,https://catalog.carbonmapper.org/l3a,True,https://catalog.carbonmapper.org/l3a,True,https://catalog.carbonmapper.org/l3a,True,https://catalog.carbonmapper.org/l3a,30.01265042824074,Solid waste / landfill,True,Public rate + uncertainty,40.38878241634456,Malaysia,MYS,True,375.025402397504,151.4681937803485,False,2026-03-23 05:01:00.360000+00:00,2026-03-23 05:01:00.360000+00:00,Live API scene_timestamp,30.01265042824074,22.920048705878287,>15-30°,>2-4 m/s,2,2-3 plumes,Not flagged offshore,2026,CM500-53e7301000
f7ab83c9-2e87-4728-ae19-749a564c45ba,tan20260323t050100c36s4001-A,CH4,f61df29e-a304-45b7-9733-f3face346fcd,2026-03-23 05:01:00.360000+00:00,tan,production,Tanager,800.3182986896957,173.4126853543776,mfa,35.57312724959113,medium_sensitivity,22.920048705878287,,2.4814814814814814,355.65731657806555,v3c,3.63.0,False,l2c-ch4-v0,mfa,6A,published,False,2026-04-22 05:19:13.076000+00:00,2026-04-22 05:19:13.075000+00:00,100.62164395539935,5.414838595902324,100.60326014960366,5.3977041888413,100.63422307247751,5.428258642418384,0,[],True,https://catalog.carbonmapper.org/l3a,True,https://catalog.carbonmapper.org/l3a,True,https://catalog.carbonmapper.org/l3a,True,https://catalog.carbonmapper.org/l3a,True,https://catalog.carbonmapper.org/l3a,30.012647175925927,Solid waste / landfill,True,Public rate + uncertainty,21.66796456338608,Malaysia,MYS,True,800.3182986896957,173.4126853543776,False,2026-03-23 05:01:00.360000+00:00,2026-03-23 05:01:00.360000+00:00,Live API scene_timestamp,30.012647175925927,22.920048705878287,>15-30°,>2-4 m/s,2,2-3 plumes,Not flagged offshore,2026,CM500-53e7301000
ad9984fa-f84e-4feb-b187-cc594b69762f,tan20260325t033830c79s4001-A,CH4,8223fb3f-3a52-4631-9b8f-5f0132e8021d,2026-03-25 03:38:30.790000+00:00,tan,production,Tanager,669.4175356545989,381.36956861448635,mfa,39.91794292805945,medium_sensitivity,26.971505752105738,,2.694444444444444,95.0,v3c,3.66.0,False,l2c-ch4-v0,mfa,6A,published,False,2026-04-24 04:19:13.232000+00:00,2026-04-24 04:19:13.230000+00:00,120.51961809679545,15.296985593822654,120.49712254236478,15.281113855215457,120.52876909707727,15.311909418793881,0,[],True,https://catalog.carbonmapper.org/l3a,True,https://catalog.carbonmapper.org/l3a,True,https://catalog.carbonmapper.org/l3a,True,https://catalog.carbonmapper.org/l3a,True,https://catalog.carbonmapper.org/l3a,30.028269004629628,Solid waste / landfill,True,Public rate + uncertainty,56.97035830433678,Philippines,PHL,True,669.4175356545989,381.3695686144864,False,2026-03-25 03:38:30.790000+00:00,2026-03-25 03:38:30.790000+00:00,Live API scene_timestamp,30.028269004629628,26.971505752105738,>15-30°,>2-4 m/s,1,1 plume,Not flagged offshore,2026,CM500-8f50a16639
ccf07c26-bc22-4007-b139-95ab0e1d9113,tan20260326t043244c68s4001-A,CH4,fa1c0221-13bc-4ab3-a53f-eb86253239b4,2026-03-26 04:32:44.680000+00:00,tan,production,Tanager,,,mfa,32.98336247773791,standard_sensitivity,5.800112645804245,,2.5833333333333335,104.0010170176826,v3c,3.67.1,False,l2c-ch4-v0,mfa,6A,published,True,2026-04-25 05:19:14.605000+00:00,2026-04-25 05:19:14.604000+00:00,109.13658015888615,13.74028759995312,109.1185725163489,13.728701571274797,109.15001218108098,13.759511268888085,0,[],True,https://catalog.carbonmapper.org/l3a,True,https://catalog.carbonmapper.org/l3a,True,https://catalog.carbonmapper.org/l3a,True,https://catalog.carbonmapper.org/l3a,True,https://catalog.carbonmapper.org/l3a,30.032290798611108,Solid waste / landfill,True,Hidden / unavailable rate,,Vietnam,VNM,True,,,True,2026-03-26 04:32:44.680000+00:00,2026-03-26 04:32:44.680000+00:00,Live API scene_timestamp,30.032290798611108,5.800112645804245,>5-15°,>2-4 m/s,1,1 plume,Not flagged offshore,2026,CM500-ddf74cefc8
e7db7b70-b113-4900-9c15-2cbc8303e504,tan20260328t031507c43s4001-A,CH4,d3e74671-0251-4de2-858c-6a0b5de04ce5,2026-03-28 03:15:07.430000+00:00,tan,production,Tanager,,,mfa,39.675919985974815,medium_sensitivity,23.95010736879014,,4.796296296296297,2.6663655959726893,v3c,3.67.1,False,l2c-ch4-v0,mfa,6A,published,True,2026-04-27 03:19:12.910000+00:00,2026-04-27 03:19:12.908000+00:00,125.55181231553297,7.14871227558757,125.53523705102646,7.130002044437625,125.56601087573596,7.160536878342905,0,[],True,https://catalog.carbonmapper.org/l3a,True,https://catalog.carbonmapper.org/l3a,True,https://catalog.carbonmapper.org/l3a,True,https://catalog.carbonmapper.org/l3a,True,https://catalog.carbonmapper.org/l3a,30.002841203703703,Solid waste / landfill,True,Hidden / unavailable rate,,Philippines,PHL,True,,,True,2026-03-28 03:15:07.430000+00:00,2026-03-28 03:15:07.430000+00:00,Live API scene_timestamp,30.002841203703703,23.95010736879014,>15-30°,>4-6 m/s,1,1 plume,Not flagged offshore,2026,CM500-ac1926fef7
365c2622-0da0-4417-addd-11d02cdca09a,tan20260328t044719c35s4001-C,CH4,3cc8d7ee-8a02-416e-b784-e9fd22858b5c,2026-03-28 04:47:19.350000+00:00,tan,production,Tanager,372.2772278277937,87.2250416112001,mfa,38.96583679322104,medium_sensitivity,22.9,,3.2685185185185186,131.99939016145612,v3c,3.66.0,False,l2c-ch4-v0,mfa,6A,published,False,2026-04-27 05:19:14.568000+00:00,2026-04-27 05:19:14.567000+00:00,106.44009468327931,10.966236421335367,106.37443598240009,10.943757800641402,106.44907510977676,11.017300805844176,0,[],True,https://catalog.carbonmapper.org/l3a,True,https://catalog.carbonmapper.org/l3a,True,https://catalog.carbonmapper.org/l3a,True,https://catalog.carbonmapper.org/l3a,True,https://catalog.carbonmapper.org/l3a,30.022166875,Solid waste / landfill,True,Public rate + uncertainty,23.43013085171792,Vietnam,VNM,True,372.2772278277937,87.2250416112001,False,2026-03-28 04:47:19.350000+00:00,2026-03-28 04:47:19.350000+00:00,Live API scene_timestamp,30.022166875,22.9,>15-30°,>2-4 m/s,3,2-3 plumes,Not flagged offshore,2026,CM500-e4e35f640f
05dc3232-2344-4e14-8fc8-a04a2e826d51,tan20260328t044719c35s4001-B,CH4,3cc8d7ee-8a02-416e-b784-e9fd22858b5c,2026-03-28 04:47:19.350000+00:00,tan,production,Tanager,,,mfa,38.96583679322104,medium_sensitivity,22.9,,3.2685185185185186,131.99939016145612,v3c,3.66.0,False,l2c-ch4-v0,mfa,6A,published,True,2026-04-27 05:19:14.686000+00:00,2026-04-27 05:19:14.684000+00:00,106.41798758405679,10.973454194300459,106.37443880499207,10.944567679427482,106.44880262896721,11.017299564225537,0,[],True,https://catalog.carbonmapper.org/l3a,True,https://catalog.carbonmapper.org/l3a,True,https://catalog.carbonmapper.org/l3a,True,https://catalog.carbonmapper.org/l3a,True,https://catalog.carbonmapper.org/l3a,30.022168240740744,Solid waste / landfill,True,Hidden / unavailable rate,,Vietnam,VNM,True,,,True,2026-03-28 04:47:19.350000+00:00,2026-03-28 04:47:19.350000+00:00,Live API scene_timestamp,30.022168240740744,22.9,>15-30°,>2-4 m/s,3,2-3 plumes,Not flagged offshore,2026,CM500-16ce725463
891261f9-2ca5-4b34-a927-84fee98ec6a4,tan20260328t044719c35s4001-A,CH4,3cc8d7ee-8a02-416e-b784-e9fd22858b5c,2026-03-28 04:47:19.350000+00:00,tan,production,Tanager,1988.6510398479186,247.460000489496,mfa,38.96583679322104,medium_sensitivity,22.9,,3.2685185185185186,131.99939016145612,v3c,3.66.0,False,l2c-ch4-v0,mfa,6A,published,False,2026-04-27 05:19:14.375000+00:00,2026-04-27 05:19:14.365000+00:00,106.43878749162667,10.965126218522386,106.37443848391969,10.944300284011598,106.44907774674604,11.01784328756565,0,[],True,https://catalog.carbonmapper.org/l3a,True,https://catalog.carbonmapper.org/l3a,True,https://catalog.carbonmapper.org/l3a,True,https://catalog.carbonmapper.org/l3a,True,https://catalog.carbonmapper.org/l3a,30.0221646412037,Solid waste / landfill,True,Public rate + uncertainty,12.443611047437484,Vietnam,VNM,True,1988.6510398479184,247.460000489496,False,2026-03-28 04:47:19.350000+00:00,2026-03-28 04:47:19.350000+00:00,Live API scene_timestamp,30.0221646412037,22.9,>15-30°,>2-4 m/s,3,2-3 plumes,Not flagged offshore,2026,CM500-e4e35f640f
171b87bf-776b-48dd-b197-640c6feddf35,tan20260330t033224c36s4001-A,CH4,99ef4111-5a39-42c8-be38-5f2bccc62664,2026-03-30 03:32:24.360000+00:00,tan,production,Tanager,,,mfa,39.19994934870673,standard_sensitivity,26.4,,1.314814814814815,316.1054591418787,v3c,3.67.1,False,l2c-ch4-v0,mfa,6A,published,True,2026-04-29 04:19:13.774000+00:00,2026-04-29 04:19:13.773000+00:00,119.49080796071587,-5.175636934826599,119.47291705941389,-5.191487655562176,119.50385111749263,-5.160679742509381,0,[],True,https://catalog.carbonmapper.org/l3a,True,https://catalog.carbonmapper.org/l3a,True,https://catalog.carbonmapper.org/l3a,True,https://catalog.carbonmapper.org/l3a,True,https://catalog.carbonmapper.org/l3a,30.03251636574074,Solid waste / landfill,True,Hidden / unavailable rate,,Indonesia,IDN,True,,,True,2026-03-30 03:32:24.360000+00:00,2026-03-30 03:32:24.360000+00:00,Live API scene_timestamp,30.03251636574074,26.4,>15-30°,0-2 m/s,1,1 plume,Not flagged offshore,2026,CM500-6403356d12
c1019090-bb6b-4c14-8898-d672eb83381b,tan20260401t034051c05s4001-C,CH4,5e31e68c-43a1-4a15-8990-db821132b7b7,2026-04-01 03:40:51.050000+00:00,tan,production,Tanager,342.4903768573199,250.3054661221724,mfa,36.30454097597152,maximum_sensitivity,14.878830997464954,,0.5740740740740741,358.80899880245624,v3c,3.67.1,False,l2c-ch4-v0,mfa,6A,published,False,2026-05-01 04:19:14.486000+00:00,2026-05-01 04:19:14.485000+00:00,121.15768861882066,14.771017792828872,121.13838801096306,14.762942877016952,121.16997080763383,14.79348092883035,0,[],True,https://catalog.carbonmapper.org/l3a,True,https://catalog.carbonmapper.org/l3a,True,https://catalog.carbonmapper.org/l3a,True,https://catalog.carbonmapper.org/l3a,True,https://catalog.carbonmapper.org/l3a,30.026660138888893,Solid waste / landfill,True,Public rate + uncertainty,73.08394134135004,Philippines,PHL,True,342.4903768573199,250.3054661221724,False,2026-04-01 03:40:51.050000+00:00,2026-04-01 03:40:51.050000+00:00,Live API scene_timestamp,30.026660138888893,14.878830997464954,>5-15°,0-2 m/s,6,4+ plumes,Not flagged offshore,2026,CM500-cda1f1e271
bf1787aa-aa4c-4738-9890-5b323a601e09,tan20260401t034051c05s4001-A,CH4,5e31e68c-43a1-4a15-8990-db821132b7b7,2026-04-01 03:40:51.050000+00:00,tan,production,Tanager,,,mfa,36.30454097597152,maximum_sensitivity,14.878830997464954,,2.009259259259259,84.34268342193448,v3c,3.67.1,False,l2c-ch4-v0,mfa,6A,published,True,2026-05-01 04:19:14.618000+00:00,2026-05-01 04:19:14.604000+00:00,121.16523676854484,14.689287462788073,121.14414115811273,14.675686846243142,121.1757125705701,14.706496359154253,0,[],True,https://catalog.carbonmapper.org/l3a,True,https://catalog.carbonmapper.org/l3a,True,https://catalog.carbonmapper.org/l3a,True,https://catalog.carbonmapper.org/l3a,True,https://catalog.carbonmapper.org/l3a,30.026661666666666,Solid waste / landfill,True,Hidden / unavailable rate,,Philippines,PHL,True,,,True,2026-04-01 03:40:51.050000+00:00,2026-04-01 03:40:51.050000+00:00,Live API scene_timestamp,30.026661666666666,14.878830997464954,>5-15°,>2-4 m/s,6,4+ plumes,Not flagged offshore,2026,CM500-5c4211c9ce
ba257616-b837-439b-975f-7690c7d8e134,tan20260401t034051c05s4001-E,CH4,5e31e68c-43a1-4a15-8990-db821132b7b7,2026-04-01 03:40:51.050000+00:00,tan,production,Tanager,163.2561890571856,144.3117067416749,mfa,36.30454097597152,maximum_sensitivity,14.878830997464954,,0.5740740740740741,358.80899880245624,v3c,3.67.1,False,l2c-ch4-v0,mfa,6A,published,False,2026-05-01 04:19:13.865000+00:00,2026-05-01 04:19:13.864000+00:00,121.15627441096592,14.768602425947762,121.11259798037416,14.743902520193924,121.1835891901166,14.812545364758511,0,[],True,https://catalog.carbonmapper.org/l3a,True,https://catalog.carbonmapper.org/l3a,True,https://catalog.carbonmapper.org/l3a,True,https://catalog.carbonmapper.org/l3a,True,https://catalog.carbonmapper.org/l3a,30.02665295138889,Solid waste / landfill,True,Public rate + uncertainty,88.39585658288594,Philippines,PHL,True,163.2561890571856,144.3117067416749,False,2026-04-01 03:40:51.050000+00:00,2026-04-01 03:40:51.050000+00:00,Live API scene_timestamp,30.02665295138889,14.878830997464954,>5-15°,0-2 m/s,6,4+ plumes,Not flagged offshore,2026,CM500-cda1f1e271
9edfbe2a-6b7d-4cba-9e94-d0edeeb6fd2b,tan20260401t034051c05s4001-D,CH4,5e31e68c-43a1-4a15-8990-db821132b7b7,2026-04-01 03:40:51.050000+00:00,tan,production,Tanager,1017.4588135273123,1062.8792936603818,mfa,36.30454097597152,maximum_sensitivity,14.878830997464954,,0.5740740740740741,358.80899880245624,v3c,3.67.1,False,l2c-ch4-v0,mfa,6A,published,False,2026-05-01 04:19:14.746000+00:00,2026-05-01 04:19:14.745000+00:00,121.15521576768293,14.772185238346864,121.1333633284887,14.76398746026079,121.16494618663195,14.794525424640042,0,[],True,https://catalog.carbonmapper.org/l3a,True,https://catalog.carbonmapper.org/l3a,True,https://catalog.carbonmapper.org/l3a,True,https://catalog.carbonmapper.org/l3a,True,https://catalog.carbonmapper.org/l3a,30.02666314814815,Solid waste / landfill,True,Public rate + uncertainty,104.46410995012235,Philippines,PHL,True,1017.4588135273124,1062.8792936603818,False,2026-04-01 03:40:51.050000+00:00,2026-04-01 03:40:51.050000+00:00,Live API scene_timestamp,30.02666314814815,14.878830997464954,>5-15°,0-2 m/s,6,4+ plumes,Not flagged offshore,2026,CM500-cda1f1e271
00529e2a-aec5-44c0-abbc-a36445c88e0d,tan20260401t034051c05s4001-B,CH4,5e31e68c-43a1-4a15-8990-db821132b7b7,2026-04-01 03:40:51.050000+00:00,tan,production,Tanager,,,mfa,36.30454097597152,maximum_sensitivity,14.878830997464954,,2.009259259259259,84.34268342193448,v3c,3.69.0,False,l2c-ch4-v0,mfa,6A,published,True,2026-05-01 04:19:14.887000+00:00,2026-05-01 04:19:14.885000+00:00,121.16560049657829,14.694061326989157,121.14414126179416,14.675961107138129,121.17571072157995,14.706498453029605,0,[],True,https://catalog.carbonmapper.org/l3a,True,https://catalog.carbonmapper.org/l3a,True,https://catalog.carbonmapper.org/l3a,True,https://catalog.carbonmapper.org/l3a,True,https://catalog.carbonmapper.org/l3a,30.02666478009259,Solid waste / landfill,True,Hidden / unavailable rate,,Philippines,PHL,True,,,True,2026-04-01 03:40:51.050000+00:00,2026-04-01 03:40:51.050000+00:00,Live API scene_timestamp,30.02666478009259,14.878830997464954,>5-15°,>2-4 m/s,6,4+ plumes,Not flagged offshore,2026,CM500-5c4211c9ce
af284a90-c726-4694-a04c-723fbc633872,tan20260401t034051c05s4001-F,CH4,5e31e68c-43a1-4a15-8990-db821132b7b7,2026-04-01 03:40:51.050000+00:00,tan,production,Tanager,1755.8284828815185,1185.954796607841,mfa,36.30454097597152,maximum_sensitivity,14.878830997464954,,0.5740740740740741,358.80899880245624,v3c,3.67.1,False,l2c-ch4-v0,mfa,6A,published,False,2026-05-01 04:19:14.209000+00:00,2026-05-01 04:19:14.207000+00:00,121.15491359523634,14.774866679984228,121.13838564743638,14.762942818219729,121.1699694505193,14.79375208077498,0,[],True,https://catalog.carbonmapper.org/l3a,True,https://catalog.carbonmapper.org/l3a,True,https://catalog.carbonmapper.org/l3a,True,https://catalog.carbonmapper.org/l3a,True,https://catalog.carbonmapper.org/l3a,30.02665693287037,Solid waste / landfill,True,Public rate + uncertainty,67.54388644280057,Philippines,PHL,True,1755.8284828815183,1185.954796607841,False,2026-04-01 03:40:51.050000+00:00,2026-04-01 03:40:51.050000+00:00,Live API scene_timestamp,30.02665693287037,14.878830997464954,>5-15°,0-2 m/s,6,4+ plumes,Not flagged offshore,2026,CM500-cda1f1e271
3fc4a4c4-b53e-4f03-857f-b083733d4db8,tan20260404t031654c12s4001-A,CH4,e4c5ca03-e1f1-413c-99f2-0affd51c063d,2026-04-04 03:16:54.120000+00:00,tan,production,Tanager,456.6517301899716,55.88844729007805,mfa,36.709786587580716,medium_sensitivity,21.000101624961562,,2.222222222222222,359.99173569253674,v3c,3.69.0,False,l2c-ch4-v0,mfa,6A,published,False,2026-05-04 03:19:14.170000+00:00,2026-05-04 03:19:14.168000+00:00,125.55213849211049,7.148726309965184,125.53579677137613,7.133249848507499,125.56684518505507,7.164056910763494,0,[],True,https://catalog.carbonmapper.org/l3a,True,https://catalog.carbonmapper.org/l3a,True,https://catalog.carbonmapper.org/l3a,True,https://catalog.carbonmapper.org/l3a,True,https://catalog.carbonmapper.org/l3a,30.001620949074074,Solid waste / landfill,True,Public rate + uncertainty,12.238746422098938,Philippines,PHL,True,456.6517301899716,55.88844729007805,False,2026-04-04 03:16:54.120000+00:00,2026-04-04 03:16:54.120000+00:00,Live API scene_timestamp,30.001620949074074,21.000101624961562,>15-30°,>2-4 m/s,1,1 plume,Not flagged offshore,2026,CM500-ac1926fef7
8e201906-dbaf-4740-b0c8-36c753fb730b,tan20260408t034625c15s4001-A,CH4,5a6aae4a-2f56-4533-9112-82cb7e40f1a6,2026-04-08 03:46:25.150000+00:00,tan,production,Tanager,179.07274401198273,58.19301698125943,mfa,37.10787928123338,maximum_sensitivity,21.750539191242204,,2.259259259259259,319.00152529388333,v3c,3.69.0,False,l2c-ch4-v0,mfa,6A,published,False,2026-05-08 04:19:13.517000+00:00,2026-05-08 04:19:13.515000+00:00,119.49092992000692,-5.175460362707156,119.4758930049308,-5.191475790168787,119.506825972942,-5.1609392040374376,0,[],True,https://catalog.carbonmapper.org/l3a,True,https://catalog.carbonmapper.org/l3a,True,https://catalog.carbonmapper.org/l3a,True,https://catalog.carbonmapper.org/l3a,True,https://catalog.carbonmapper.org/l3a,30.022782025462963,Solid waste / landfill,True,Public rate + uncertainty,32.49685891749412,Indonesia,IDN,True,179.0727440119827,58.19301698125943,False,2026-04-08 03:46:25.150000+00:00,2026-04-08 03:46:25.150000+00:00,Live API scene_timestamp,30.022782025462963,21.750539191242204,>15-30°,>2-4 m/s,1,1 plume,Not flagged offshore,2026,CM500-6403356d12
18d41e14-1c91-4a07-a44a-60c9a779fea9,tan20260409t043556c66s4001-B,CH4,d019dd15-c475-42dc-9ec2-f67b891be3f7,2026-04-09 04:35:56.660000+00:00,tan,production,Tanager,162.81910388036798,13.148063705568942,mfa,44.896669950375035,glint,10.1,,1.5462962962962965,109.67230796817603,v3c,3.69.0,True,l2c-ch4-v0,mfa,1B2,published,False,2026-05-09 05:19:13.704000+00:00,2026-05-09 05:19:13.702000+00:00,108.54584531438633,10.34737849043158,108.52809494511594,10.33649752585137,108.55913254925927,10.367300118593205,0,[],True,https://catalog.carbonmapper.org/l3a,True,https://catalog.carbonmapper.org/l3a,True,https://catalog.carbonmapper.org/l3a,True,https://catalog.carbonmapper.org/l3a,True,https://catalog.carbonmapper.org/l3a,30.030058379629633,Oil and gas,True,Public rate + uncertainty,8.07525861045737,Offshore / boundary-unassigned,,False,162.81910388036798,13.148063705568942,False,2026-04-09 04:35:56.660000+00:00,2026-04-09 04:35:56.660000+00:00,Live API scene_timestamp,30.030058379629633,10.1,>5-15°,0-2 m/s,2,2-3 plumes,Offshore,2026,CM500-86cf16f4ea
28022159-5fb3-4574-82ee-1362bb5a34fd,tan20260409t043556c66s4001-A,CH4,d019dd15-c475-42dc-9ec2-f67b891be3f7,2026-04-09 04:35:56.660000+00:00,tan,production,Tanager,240.37886541209392,86.33113860846872,mfa,44.896669950375035,glint,10.1,,1.5648148148148149,122.6665349984058,v3c,3.69.0,True,l2c-ch4-v0,mfa,1B2,published,False,2026-05-09 05:19:13.061000+00:00,2026-05-09 05:19:13.060000+00:00,108.4823843478705,10.530024516391535,108.46417397391131,10.52088751602383,108.49522724106734,10.551417216178216,0,[],True,https://catalog.carbonmapper.org/l3a,True,https://catalog.carbonmapper.org/l3a,True,https://catalog.carbonmapper.org/l3a,True,https://catalog.carbonmapper.org/l3a,True,https://catalog.carbonmapper.org/l3a,30.0300509375,Oil and gas,True,Public rate + uncertainty,35.914612734554176,Offshore / boundary-unassigned,,False,240.37886541209392,86.33113860846872,False,2026-04-09 04:35:56.660000+00:00,2026-04-09 04:35:56.660000+00:00,Live API scene_timestamp,30.0300509375,10.1,>5-15°,0-2 m/s,2,2-3 plumes,Offshore,2026,CM500-96ffaf9ff0
82d13c18-50f6-47bc-8359-e7c1073f8217,tan20260410t052726c20s4001-A,CH4,313c0899-cd78-458b-98d8-137da71b4d78,2026-04-10 05:27:26.200000+00:00,tan,production,Tanager,1525.8040490665671,339.8454744603214,mfa,33.236188578982805,medium_sensitivity,7.270818503841667,,2.564814814814815,301.9996952201138,v3c,3.69.0,False,l2c-ch4-v0,mfa,6A,published,False,2026-05-10 06:19:13.737000+00:00,2026-05-10 06:19:13.735000+00:00,96.1839174407495,16.921908160020152,96.17637790491874,16.899713091082514,96.20911859097797,16.930767254837892,0,[],True,https://catalog.carbonmapper.org/l3a,True,https://catalog.carbonmapper.org/l3a,True,https://catalog.carbonmapper.org/l3a,True,https://catalog.carbonmapper.org/l3a,True,https://catalog.carbonmapper.org/l3a,30.035966863425926,Solid waste / landfill,True,Public rate + uncertainty,22.273205702149422,Myanmar,MMR,True,1525.8040490665671,339.8454744603214,False,2026-04-10 05:27:26.200000+00:00,2026-04-10 05:27:26.200000+00:00,Live API scene_timestamp,30.035966863425926,7.270818503841667,>5-15°,>2-4 m/s,3,2-3 plumes,Not flagged offshore,2026,CM500-884b5032de
47c6237f-509c-400c-b248-7e05ba2b707c,tan20260410t052726c20s4001-C,CH4,313c0899-cd78-458b-98d8-137da71b4d78,2026-04-10 05:27:26.200000+00:00,tan,production,Tanager,177.6504265731093,67.83275314002063,mfa,33.236188578982805,medium_sensitivity,7.270818503841667,,2.5,300.01574851103726,v3c,3.69.1,False,l2c-ch4-v0,mfa,6A,published,False,2026-05-10 06:19:13.857000+00:00,2026-05-10 06:19:13.856000+00:00,96.02371120443235,16.89251712014557,96.01159954128462,16.87301737150538,96.0443310952077,16.90406726951545,0,[],True,https://catalog.carbonmapper.org/l3a,True,https://catalog.carbonmapper.org/l3a,True,https://catalog.carbonmapper.org/l3a,True,https://catalog.carbonmapper.org/l3a,True,https://catalog.carbonmapper.org/l3a,30.035968252314817,Solid waste / landfill,True,Public rate + uncertainty,38.18327625129856,Myanmar,MMR,True,177.6504265731093,67.83275314002063,False,2026-04-10 05:27:26.200000+00:00,2026-04-10 05:27:26.200000+00:00,Live API scene_timestamp,30.035968252314817,7.270818503841667,>5-15°,>2-4 m/s,3,2-3 plumes,Not flagged offshore,2026,CM500-8ca1eb50b6
fd7d883a-7533-4251-b1f7-b6472429d215,tan20260410t052726c20s4001-B,CH4,313c0899-cd78-458b-98d8-137da71b4d78,2026-04-10 05:27:26.200000+00:00,tan,production,Tanager,,,mfa,33.236188578982805,medium_sensitivity,7.270818503841667,,2.564814814814815,301.9996952201138,v3c,3.69.0,False,l2c-ch4-v0,mfa,6A,published,True,2026-05-10 06:19:13.439000+00:00,2026-05-10 06:19:13.437000+00:00,96.18701601758005,16.916870660880463,96.17666020280606,16.899984020708125,96.20883543299136,16.930767206436837,0,[],True,https://catalog.carbonmapper.org/l3a,True,https://catalog.carbonmapper.org/l3a,True,https://catalog.carbonmapper.org/l3a,True,https://catalog.carbonmapper.org/l3a,True,https://catalog.carbonmapper.org/l3a,30.03596341435185,Solid waste / landfill,True,Hidden / unavailable rate,,Myanmar,MMR,True,,,True,2026-04-10 05:27:26.200000+00:00,2026-04-10 05:27:26.200000+00:00,Live API scene_timestamp,30.03596341435185,7.270818503841667,>5-15°,>2-4 m/s,3,2-3 plumes,Not flagged offshore,2026,CM500-884b5032de
902efaec-e1ae-475b-9326-93ead8c8d825,tan20260412t041030c66s4001-B,CH4,f68eb355-4ebd-4055-b799-c1dcd21bb076,2026-04-12 04:10:30.660000+00:00,tan,production,Tanager,2221.5357042578776,140.94664041038493,mfa,44.29666541043048,glint,3.7333365261482445,,2.1666666666666665,42.09112441641418,v3c,3.69.1,True,l2c-ch4-v0,mfa,1B2,published,False,2026-05-12 04:19:10.969000+00:00,2026-05-12 04:19:10.969000+00:00,113.73329586747161,4.415498662360775,113.71003402327213,4.393965309875779,113.74065750426769,4.424768353154419,0,[],True,https://catalog.carbonmapper.org/l3a,True,https://catalog.carbonmapper.org/l3a,True,https://catalog.carbonmapper.org/l3a,True,https://catalog.carbonmapper.org/l3a,True,https://catalog.carbonmapper.org/l3a,30.006022094907408,Oil and gas,True,Public rate + uncertainty,6.344558862603081,Offshore / boundary-unassigned,,False,2221.5357042578776,140.94664041038493,False,2026-04-12 04:10:30.660000+00:00,2026-04-12 04:10:30.660000+00:00,Live API scene_timestamp,30.006022094907408,3.7333365261482445,0-5°,>2-4 m/s,2,2-3 plumes,Offshore,2026,CM500-dde0755109
7dcfdd0c-e401-4db8-b334-f1497931d2dd,tan20260412t041030c66s4001-A,CH4,f68eb355-4ebd-4055-b799-c1dcd21bb076,2026-04-12 04:10:30.660000+00:00,tan,production,Tanager,5104.899230473652,1483.8333586213214,mfa,44.29666541043048,glint,3.7333365261482445,,1.9166666666666667,81.4560708968607,v3c,3.69.1,True,l2c-ch4-v0,mfa,1B2,published,False,2026-05-12 04:19:10.663000+00:00,2026-05-12 04:19:10.663000+00:00,113.74127997822063,4.739291793475175,113.68582960705582,4.712968310871631,113.74873223154187,4.775655410089528,0,[],True,https://catalog.carbonmapper.org/l3a,True,https://catalog.carbonmapper.org/l3a,True,https://catalog.carbonmapper.org/l3a,True,https://catalog.carbonmapper.org/l3a,True,https://catalog.carbonmapper.org/l3a,30.00601855324074,Oil and gas,True,Public rate + uncertainty,29.06684915078423,Offshore / boundary-unassigned,,False,5104.899230473652,1483.8333586213214,False,2026-04-12 04:10:30.660000+00:00,2026-04-12 04:10:30.660000+00:00,Live API scene_timestamp,30.00601855324074,3.7333365261482445,0-5°,0-2 m/s,2,2-3 plumes,Offshore,2026,CM500-ca0e06cce9
c87612f3-6327-43fb-910d-3cf8c5c08e3f,tan20260413t045900c60s4001-B,CH4,3dd1d0d0-ea1c-4458-831f-6ded34c97d5a,2026-04-13 04:59:00.600000+00:00,tan,production,Tanager,,,mfa,37.96467287199329,maximum_sensitivity,24.399832242047843,,1.6944444444444444,85.44518115722575,v3c,3.69.1,False,l2c-ch4-v0,mfa,6A,published,True,2026-05-13 05:19:14.553000+00:00,2026-05-13 05:19:14.551000+00:00,105.42431972762296,21.130266371449466,105.40453199588414,21.11726073466722,105.4375657348558,21.148072892549752,0,[],True,https://catalog.carbonmapper.org/l3a,True,https://catalog.carbonmapper.org/l3a,True,https://catalog.carbonmapper.org/l3a,True,https://catalog.carbonmapper.org/l3a,True,https://catalog.carbonmapper.org/l3a,30.014050381944447,Solid waste / landfill,True,Hidden / unavailable rate,,Vietnam,VNM,True,,,True,2026-04-13 04:59:00.600000+00:00,2026-04-13 04:59:00.600000+00:00,Live API scene_timestamp,30.014050381944447,24.399832242047843,>15-30°,0-2 m/s,2,2-3 plumes,Not flagged offshore,2026,CM500-c31c38f2ef
bc0db55d-31ee-4d18-b9e8-10f97af3abed,tan20260413t045900c60s4001-A,CH4,3dd1d0d0-ea1c-4458-831f-6ded34c97d5a,2026-04-13 04:59:00.600000+00:00,tan,production,Tanager,,,mfa,37.96467287199329,maximum_sensitivity,24.399832242047843,,1.6944444444444444,85.44518115722575,v3c,3.69.1,False,l2c-ch4-v0,mfa,other,published,True,2026-05-13 05:19:14.411000+00:00,2026-05-13 05:19:14.401000+00:00,105.4281198940501,21.127806007887997,105.40539736984896,21.11644702074646,105.4381402072027,21.147258282658456,0,[],True,https://catalog.carbonmapper.org/l3a,True,https://catalog.carbonmapper.org/l3a,True,https://catalog.carbonmapper.org/l3a,True,https://catalog.carbonmapper.org/l3a,True,https://catalog.carbonmapper.org/l3a,30.014048738425927,Other / unclassified,False,Hidden / unavailable rate,,Vietnam,VNM,True,,,True,2026-04-13 04:59:00.600000+00:00,2026-04-13 04:59:00.600000+00:00,Live API scene_timestamp,30.014048738425927,24.399832242047843,>15-30°,0-2 m/s,2,2-3 plumes,Not flagged offshore,2026,CM500-eea58a9dc6
6c7b966b-8781-4b4f-809a-87a5627d34bd,tan20260414t042604c61s4001-A,CH4,5baeb400-4c3b-4af6-83e8-d690e84af189,2026-04-14 04:26:04.610000+00:00,tan,production,Tanager,,,mfa,37.62116678364021,maximum_sensitivity,23.941576351740967,,1.2592592592592593,42.33975309425782,v3c,3.69.1,False,l2c-ch4-v0,mfa,6A,published,True,2026-05-14 05:19:13.668000+00:00,2026-05-14 05:19:13.666000+00:00,106.6435719130194,-6.566879741440857,106.62588521165486,-6.58295368949672,106.65663811767024,-6.552402601453456,0,[],True,https://catalog.carbonmapper.org/l3a,True,https://catalog.carbonmapper.org/l3a,True,https://catalog.carbonmapper.org/l3a,True,https://catalog.carbonmapper.org/l3a,True,https://catalog.carbonmapper.org/l3a,30.03691039351852,Solid waste / landfill,True,Hidden / unavailable rate,,Indonesia,IDN,True,,,True,2026-04-14 04:26:04.610000+00:00,2026-04-14 04:26:04.610000+00:00,Live API scene_timestamp,30.03691039351852,23.941576351740967,>15-30°,0-2 m/s,1,1 plume,Not flagged offshore,2026,CM500-f12bbc24a3
2600143f-6e9e-4a97-9161-21e48a61f27e,tan20260416t043447c36s4001-A,CH4,1477e99a-0ed7-40c8-b6af-935844102172,2026-04-16 04:34:47.360000+00:00,tan,production,Tanager,,,mfa,37.70498246159222,medium_sensitivity,24.0,,2.5185185185185186,134.0146843607048,v3c,3.69.1,False,l2c-ch4-v0,mfa,6A,published,True,2026-05-16 05:19:14.679000+00:00,2026-05-16 05:19:14.678000+00:00,106.67102638965105,10.664761858403992,106.64872476599551,10.658584222095842,106.67981207095426,10.689403970676462,0,[],True,https://catalog.carbonmapper.org/l3a,True,https://catalog.carbonmapper.org/l3a,True,https://catalog.carbonmapper.org/l3a,True,https://catalog.carbonmapper.org/l3a,True,https://catalog.carbonmapper.org/l3a,30.030871747685186,Solid waste / landfill,True,Hidden / unavailable rate,,Vietnam,VNM,True,,,True,2026-04-16 04:34:47.360000+00:00,2026-04-16 04:34:47.360000+00:00,Live API scene_timestamp,30.030871747685186,24.0,>15-30°,>2-4 m/s,1,1 plume,Not flagged offshore,2026,CM500-c87043980e
f493ec2e-226e-4355-a223-b55fa6e6c631,tan20260416t043849c10s4001-A,CH4,898fcab3-3691-428e-86d2-a07b6926d23a,2026-04-16 04:38:49.100000+00:00,tan,production,Tanager,546.7624181424014,116.36504915074376,mfa,36.68075780334578,maximum_sensitivity,21.500244452692186,,2.648148148148148,40.99898298231742,v3c,3.69.1,False,l2c-ch4-v0,mfa,6A,published,False,2026-05-16 05:19:15.228000+00:00,2026-05-16 05:19:15.219000+00:00,106.54389437128071,-6.105243302174401,106.52526110772456,-6.125885429373382,106.55598969156071,-6.0950610408899,0,[],True,https://catalog.carbonmapper.org/l3a,True,https://catalog.carbonmapper.org/l3a,True,https://catalog.carbonmapper.org/l3a,True,https://catalog.carbonmapper.org/l3a,True,https://catalog.carbonmapper.org/l3a,30.028080185185186,Solid waste / landfill,True,Public rate + uncertainty,21.282561728746522,Indonesia,IDN,True,546.7624181424014,116.36504915074376,False,2026-04-16 04:38:49.100000+00:00,2026-04-16 04:38:49.100000+00:00,Live API scene_timestamp,30.028080185185186,21.500244452692186,>15-30°,>2-4 m/s,1,1 plume,Not flagged offshore,2026,CM500-e2ea169fd9
95ed4660-d4de-495a-86a1-542111f920dd,tan20260417t035752c65s4001-A,CH4,7bbad910-8703-40a6-b027-8aef0b53655c,2026-04-17 03:57:52.650000+00:00,tan,production,Tanager,783.6675326613782,164.55513406695565,mfa,34.34527432883729,standard_sensitivity,4.878675942152862,,1.0185185185185186,74.23688976119885,v3c,3.69.1,False,l2c-ch4-v0,mfa,1B1a,published,False,2026-05-17 04:19:13.328000+00:00,2026-05-17 04:19:13.326000+00:00,115.48462999600315,-2.220960732124155,115.46938112716818,-2.2405626302625543,115.50023290233223,-2.2100045469437095,0,[],True,https://catalog.carbonmapper.org/l3a,True,https://catalog.carbonmapper.org/l3a,True,https://catalog.carbonmapper.org/l3a,True,https://catalog.carbonmapper.org/l3a,True,https://catalog.carbonmapper.org/l3a,30.014822662037034,Coal mining,True,Public rate + uncertainty,20.998079824503808,Indonesia,IDN,True,783.6675326613782,164.55513406695565,False,2026-04-17 03:57:52.650000+00:00,2026-04-17 03:57:52.650000+00:00,Live API scene_timestamp,30.014822662037034,4.878675942152862,0-5°,0-2 m/s,1,1 plume,Not flagged offshore,2026,CM500-aa3d4e17f9
29f562a6-cf15-4686-94e6-0a62f47405f9,tan20260418t045000c61s4001-A,CH4,aed3066c-1bfd-43df-b811-c4e2e0863607,2026-04-18 04:50:00.610000+00:00,tan,production,Tanager,1080.5846236553214,722.4107090270909,mfa,33.03421706767616,standard_sensitivity,5.3119664136829945,,2.3425925925925926,138.42006051687832,v3c,3.69.1,False,l2c-ch4-v0,mfa,6A,published,False,2026-05-18 05:19:12.341000+00:00,2026-05-18 05:19:12.340000+00:00,103.71738965722204,1.65990137900215,103.69962531536358,1.6406878978303525,103.73019795037597,1.6712477642364443,0,[],True,https://catalog.carbonmapper.org/l3a,True,https://catalog.carbonmapper.org/l3a,True,https://catalog.carbonmapper.org/l3a,True,https://catalog.carbonmapper.org/l3a,True,https://catalog.carbonmapper.org/l3a,30.020274664351852,Solid waste / landfill,True,Public rate + uncertainty,66.8536913456508,Malaysia,MYS,True,1080.5846236553214,722.4107090270909,False,2026-04-18 04:50:00.610000+00:00,2026-04-18 04:50:00.610000+00:00,Live API scene_timestamp,30.020274664351852,5.3119664136829945,>5-15°,>2-4 m/s,1,1 plume,Not flagged offshore,2026,CM500-8b3c9b95fb
810c342a-910e-49cc-8602-d2ff4dd162ee,tan20260425t044611c40s4001-A,CH4,b3d96392-c26c-4549-84d9-4ceb536b03de,2026-04-25 04:46:11.400000+00:00,tan,production,Tanager,1095.3491219628233,197.79678842776514,mfa,38.07164596275124,standard_sensitivity,27.905486542504118,,5.5740740740740735,109.33346500159422,v3d,3.72.2,False,l2c-ch4-v0,mfa,6A,published,False,2026-05-25 05:19:14.345000+00:00,2026-05-25 05:19:14.343000+00:00,107.13068796805368,10.581294956967227,107.11363626909699,10.567934387463838,107.14470662647496,10.598746481729057,0,[],True,https://catalog.carbonmapper.org/l3a,True,https://catalog.carbonmapper.org/l3a,True,https://catalog.carbonmapper.org/l3a,True,https://catalog.carbonmapper.org/l3a,True,https://catalog.carbonmapper.org/l3a,30.022950752314813,Solid waste / landfill,True,Public rate + uncertainty,18.057876202367417,Vietnam,VNM,True,1095.3491219628231,197.79678842776516,False,2026-04-25 04:46:11.400000+00:00,2026-04-25 04:46:11.400000+00:00,Live API scene_timestamp,30.022950752314813,27.905486542504118,>15-30°,>4-6 m/s,1,1 plume,Not flagged offshore,2026,CM500-2485bd9e07
13de6ca3-64ef-4b13-bfef-95cdb5445bd3,tan20260425t044805c63s4001-A,CH4,102d5a97-c153-4061-bdb3-6948d3720044,2026-04-25 04:48:05.630000+00:00,tan,production,Tanager,,,mfa,32.86176868539287,standard_sensitivity,5.374838430105373,,2.009259259259259,65.32990211844759,v3d,3.72.2,False,l2c-ch4-v0,mfa,6A,published,True,2026-05-25 05:19:14.709000+00:00,2026-05-25 05:19:14.708000+00:00,103.7164382895163,1.659235724479714,103.70097265579963,1.6420455094316386,103.73154532773863,1.672605391805527,0,[],True,https://catalog.carbonmapper.org/l3a,True,https://catalog.carbonmapper.org/l3a,True,https://catalog.carbonmapper.org/l3a,True,https://catalog.carbonmapper.org/l3a,True,https://catalog.carbonmapper.org/l3a,30.021632858796295,Solid waste / landfill,True,Hidden / unavailable rate,,Malaysia,MYS,True,,,True,2026-04-25 04:48:05.630000+00:00,2026-04-25 04:48:05.630000+00:00,Live API scene_timestamp,30.021632858796295,5.374838430105373,>5-15°,>2-4 m/s,1,1 plume,Not flagged offshore,2026,CM500-8b3c9b95fb
5ecac87b-2118-4dc3-8a2a-7fbcba1d3cff,tan20260504t045714c30s4001-A,CH4,36a5beeb-3bf4-4183-a9f2-5c2a6029a8aa,2026-05-04 04:57:14.300000+00:00,tan,production,Tanager,,,mfa,38.13397015568274,standard_sensitivity,23.72841694023352,,0.861111111111111,216.33346500159422,v3d,3.72.4,False,l2c-ch4-v0,mfa,6A,published,True,2026-06-03 05:19:14.819000+00:00,2026-06-03 05:19:14.818000+00:00,103.71998915989576,1.658444544211534,103.70582647628932,1.642047524016907,103.73612864825616,1.6723370216214002,0,[],True,https://catalog.carbonmapper.org/l3a,True,https://catalog.carbonmapper.org/l3a,True,https://catalog.carbonmapper.org/l3a,True,https://catalog.carbonmapper.org/l3a,True,https://catalog.carbonmapper.org/l3a,30.01528378472222,Solid waste / landfill,True,Hidden / unavailable rate,,Malaysia,MYS,True,,,True,2026-05-04 04:57:14.300000+00:00,2026-05-04 04:57:14.300000+00:00,Live API scene_timestamp,30.01528378472222,23.72841694023352,>15-30°,0-2 m/s,1,1 plume,Not flagged offshore,2026,CM500-8b3c9b95fb
38a61301-45be-46cf-b55b-6eaadd0d8b85,tan20260507t042325c51s4001-A,CH4,d6992bf5-7ec3-45ee-b3e6-8ac704461fcc,2026-05-07 04:23:25.510000+00:00,tan,production,Tanager,,,mfa,35.97096048919992,medium_sensitivity,11.66929617929612,,1.9074074074074077,136.6650057162162,v3d,3.72.5,False,l2c-ch4-v0,mfa,6A,published,True,2026-06-06 05:19:13.276000+00:00,2026-06-06 05:19:13.274000+00:00,114.17184835004167,22.549360099061445,114.12511132963438,22.533901208651997,114.18064655308977,22.585186948571547,0,[],True,https://catalog.carbonmapper.org/l3a,True,https://catalog.carbonmapper.org/l3a,True,https://catalog.carbonmapper.org/l3a,True,https://catalog.carbonmapper.org/l3a,True,https://catalog.carbonmapper.org/l3a,30.038747291666663,Solid waste / landfill,True,Hidden / unavailable rate,,Hong Kong,HKG,False,,,True,2026-05-07 04:23:25.510000+00:00,2026-05-07 04:23:25.510000+00:00,Live API scene_timestamp,30.038747291666663,11.66929617929612,>5-15°,0-2 m/s,2,2-3 plumes,Not flagged offshore,2026,CM500-3ecae5a435
6637fb6f-8878-443e-806e-60cb9e669e4e,tan20260507t042325c51s4001-B,CH4,d6992bf5-7ec3-45ee-b3e6-8ac704461fcc,2026-05-07 04:23:25.510000+00:00,tan,production,Tanager,1446.505639012197,113.22231754513454,mfa,35.97096048919992,medium_sensitivity,11.66929617929612,,1.9074074074074077,136.6650057162162,v3d,3.72.5,False,l2c-ch4-v0,mfa,6A,published,False,2026-06-06 05:19:13.491000+00:00,2026-06-06 05:19:13.490000+00:00,114.17390746743041,22.54856512513618,114.12511132963438,22.533901208651997,114.18064655308977,22.585186948571547,0,[],True,https://catalog.carbonmapper.org/l3a,True,https://catalog.carbonmapper.org/l3a,True,https://catalog.carbonmapper.org/l3a,True,https://catalog.carbonmapper.org/l3a,True,https://catalog.carbonmapper.org/l3a,30.038749780092594,Solid waste / landfill,True,Public rate + uncertainty,7.827298732305865,Hong Kong,HKG,False,1446.505639012197,113.22231754513454,False,2026-05-07 04:23:25.510000+00:00,2026-05-07 04:23:25.510000+00:00,Live API scene_timestamp,30.038749780092594,11.66929617929612,>5-15°,0-2 m/s,2,2-3 plumes,Not flagged offshore,2026,CM500-3ecae5a435
bc5962d7-f063-4d3b-a849-4971c9bb0be7,tan20260509t043822c44s4001-A,CH4,f79738d9-4ad8-4592-b762-357b925b0eda,2026-05-09 04:38:22.440000+00:00,tan,production,Tanager,800.9884560099242,163.70641418426627,mfa,37.900647143335625,standard_sensitivity,27.905662504186722,,3.361111111111111,106.73224499203157,v3d,3.72.5,False,l2c-ch4-v0,mfa,6A,published,False,2026-06-08 05:19:14.121000+00:00,2026-06-08 05:19:14.120000+00:00,107.1330252928662,10.57980081078692,107.11851508012751,10.560038278074181,107.14958353665787,10.590579021907535,0,[],True,https://catalog.carbonmapper.org/l3a,True,https://catalog.carbonmapper.org/l3a,True,https://catalog.carbonmapper.org/l3a,True,https://catalog.carbonmapper.org/l3a,True,https://catalog.carbonmapper.org/l3a,30.028375937499998,Solid waste / landfill,True,Public rate + uncertainty,20.43804913241321,Vietnam,VNM,True,800.9884560099242,163.7064141842663,False,2026-05-09 04:38:22.440000+00:00,2026-05-09 04:38:22.440000+00:00,Live API scene_timestamp,30.028375937499998,27.905662504186722,>15-30°,>2-4 m/s,1,1 plume,Not flagged offshore,2026,CM500-2485bd9e07
ecb7936c-4447-4f73-876d-ecf242a1b8ba,tan20260509t043903c55s4001-A,CH4,8f862d6d-f444-4b6e-b243-e423c9c1a212,2026-05-09 04:39:03.550000+00:00,tan,production,Tanager,1240.3870092845805,218.88116543942292,mfa,37.28793287120806,medium_sensitivity,25.092639182743305,,2.7962962962962963,64.66670428043918,v3d,3.72.5,False,l2c-ch4-v0,mfa,6A,published,False,2026-06-08 05:19:14.375000+00:00,2026-06-08 05:19:14.374000+00:00,106.67130870844358,10.66418225400254,106.65580005519776,10.648780614963158,106.6871613487715,10.679329921961969,0,[],True,https://catalog.carbonmapper.org/l3a,True,https://catalog.carbonmapper.org/l3a,True,https://catalog.carbonmapper.org/l3a,True,https://catalog.carbonmapper.org/l3a,True,https://catalog.carbonmapper.org/l3a,30.027903067129632,Solid waste / landfill,True,Public rate + uncertainty,17.646199436228155,Vietnam,VNM,True,1240.3870092845805,218.8811654394229,False,2026-05-09 04:39:03.550000+00:00,2026-05-09 04:39:03.550000+00:00,Live API scene_timestamp,30.027903067129632,25.092639182743305,>15-30°,>2-4 m/s,1,1 plume,Not flagged offshore,2026,CM500-c87043980e
ddfa7cf7-99b9-46dd-be2d-6921ba6b0c3f,tan20260511t045037c28s4001-A,CH4,47c162ec-f3d2-4836-9209-c2002ec69016,2026-05-11 04:50:37.280000+00:00,tan,production,Tanager,2055.4806747338525,342.2657211861639,mfa,38.160771576580295,medium_sensitivity,22.050452587251275,,4.0,100.32291521334567,v3d,3.72.5,False,l2c-ch4-v0,mfa,6A,published,False,2026-06-10 05:19:15.138000+00:00,2026-06-10 05:19:15.136000+00:00,106.67060776978406,10.664129981086575,106.64592749018861,10.648292565171184,106.67701379605246,10.679112366149281,0,[],True,https://catalog.carbonmapper.org/l3a,True,https://catalog.carbonmapper.org/l3a,True,https://catalog.carbonmapper.org/l3a,True,https://catalog.carbonmapper.org/l3a,True,https://catalog.carbonmapper.org/l3a,30.01988261574074,Solid waste / landfill,True,Public rate + uncertainty,16.651371399075842,Vietnam,VNM,True,2055.4806747338525,342.2657211861639,False,2026-05-11 04:50:37.280000+00:00,2026-05-11 04:50:37.280000+00:00,Live API scene_timestamp,30.01988261574074,22.050452587251275,>15-30°,>2-4 m/s,1,1 plume,Not flagged offshore,2026,CM500-c87043980e
35d86d49-0123-48e8-85da-939f22b2262d,tan20260514t042633c39s4001-C,CH4,f52ff6cf-225f-4a38-bc00-cee8e3592542,2026-05-14 04:26:33.390000+00:00,tan,production,Tanager,562.5112723110051,274.2428769759652,mfa,35.637380456038805,maximum_sensitivity,21.498656644122466,,1.7592592592592595,296.8328200236921,v3d,3.72.5,False,l2c-ch4-v0,mfa,6A,published,False,2026-06-13 05:19:15.112000+00:00,2026-06-13 05:19:15.111000+00:00,107.35067784273889,-6.800571741816071,107.33812293159477,-6.824127735464421,107.3691514695352,-6.79331802758635,0,[],True,https://catalog.carbonmapper.org/l3a,True,https://catalog.carbonmapper.org/l3a,True,https://catalog.carbonmapper.org/l3a,True,https://catalog.carbonmapper.org/l3a,True,https://catalog.carbonmapper.org/l3a,30.03659400462963,Solid waste / landfill,True,Public rate + uncertainty,48.75331224017497,Indonesia,IDN,True,562.5112723110051,274.2428769759652,False,2026-05-14 04:26:33.390000+00:00,2026-05-14 04:26:33.390000+00:00,Live API scene_timestamp,30.03659400462963,21.498656644122466,>15-30°,0-2 m/s,3,2-3 plumes,Not flagged offshore,2026,CM500-ca42bb086d
654c8f26-de0b-47f1-81e4-ab16d1f49d29,tan20260514t042633c39s4001-B,CH4,f52ff6cf-225f-4a38-bc00-cee8e3592542,2026-05-14 04:26:33.390000+00:00,tan,production,Tanager,250.26391462540226,135.8032279833646,mfa,35.637380456038805,maximum_sensitivity,21.498656644122466,,1.7592592592592595,296.8328200236921,v3d,3.72.5,False,l2c-ch4-v0,mfa,6A,published,False,2026-06-13 05:19:15.228000+00:00,2026-06-13 05:19:15.227000+00:00,107.34780268606312,-6.801098867772438,107.33730222855085,-6.822503883369275,107.36805749178947,-6.791695167726279,0,[],True,https://catalog.carbonmapper.org/l3a,True,https://catalog.carbonmapper.org/l3a,True,https://catalog.carbonmapper.org/l3a,True,https://catalog.carbonmapper.org/l3a,True,https://catalog.carbonmapper.org/l3a,30.03659534722222,Solid waste / landfill,True,Public rate + uncertainty,54.264006933095544,Indonesia,IDN,True,250.26391462540224,135.8032279833646,False,2026-05-14 04:26:33.390000+00:00,2026-05-14 04:26:33.390000+00:00,Live API scene_timestamp,30.03659534722222,21.498656644122466,>15-30°,0-2 m/s,3,2-3 plumes,Not flagged offshore,2026,CM500-ca42bb086d
55f70ab6-5894-4961-90f0-f728d6f618d3,tan20260514t042633c39s4001-A,CH4,f52ff6cf-225f-4a38-bc00-cee8e3592542,2026-05-14 04:26:33.390000+00:00,tan,production,Tanager,,,mfa,35.637380456038805,maximum_sensitivity,21.498656644122466,,1.7592592592592595,296.8328200236921,v3d,3.72.5,False,l2c-ch4-v0,mfa,6A,published,True,2026-06-13 05:19:14.904000+00:00,2026-06-13 05:19:14.903000+00:00,107.35234193388783,-6.800242911853587,107.33839516572179,-6.824125444683193,107.36915050705655,-6.793316754903361,0,[],True,https://catalog.carbonmapper.org/l3a,True,https://catalog.carbonmapper.org/l3a,True,https://catalog.carbonmapper.org/l3a,True,https://catalog.carbonmapper.org/l3a,True,https://catalog.carbonmapper.org/l3a,30.036591597222223,Solid waste / landfill,True,Hidden / unavailable rate,,Indonesia,IDN,True,,,True,2026-05-14 04:26:33.390000+00:00,2026-05-14 04:26:33.390000+00:00,Live API scene_timestamp,30.036591597222223,21.498656644122466,>15-30°,0-2 m/s,3,2-3 plumes,Not flagged offshore,2026,CM500-ca42bb086d
5f477293-c990-4727-9dbf-592d449b9bf4,tan20260521t041956c05s4001-A,CH4,1c700f4c-f4cf-4359-8ae7-589dea906477,2026-05-21 04:19:56.050000+00:00,tan,production,Tanager,156.56746523485725,50.659582935925066,mfa,36.39498827896618,standard_sensitivity,18.9,,0.4444444444444445,98.0,v3d,3.72.9,False,l2c-ch4-v0,mfa,6A,published,False,2026-06-20 05:19:13.240000+00:00,2026-06-20 05:19:13.238000+00:00,110.3419699362575,1.377222775419426,110.32508762449847,1.36253182374823,110.35539158235194,1.3928270213405145,0,[],True,https://catalog.carbonmapper.org/l3a,True,https://catalog.carbonmapper.org/l3a,True,https://catalog.carbonmapper.org/l3a,True,https://catalog.carbonmapper.org/l3a,True,https://catalog.carbonmapper.org/l3a,30.041171180555555,Solid waste / landfill,True,Public rate + uncertainty,32.356392089463625,Malaysia,MYS,True,156.56746523485725,50.659582935925066,False,2026-05-21 04:19:56.050000+00:00,2026-05-21 04:19:56.050000+00:00,Live API scene_timestamp,30.041171180555555,18.9,>15-30°,0-2 m/s,1,1 plume,Not flagged offshore,2026,CM500-f24278e7fd
05a42b35-5255-4751-9a92-a5c1271b3a75,tan20260522t051223c46s4001-A,CH4,08e87904-7a56-4e1a-aaa4-c5875aca411d,2026-05-22 05:12:23.460000+00:00,tan,production,Tanager,83.50555623391077,37.974292118803504,mfa,37.62414669602884,standard_sensitivity,27.553121843796923,,0.9166666666666666,84.14584934482781,v3d,3.72.9,False,l2c-ch4-v0,mfa,6A,published,False,2026-06-21 05:19:14.029000+00:00,2026-06-21 05:19:14.027000+00:00,98.64937291810173,3.718450515723546,98.63319436758523,3.702683981308059,98.6638252183427,3.7332503639517607,0,[],True,https://catalog.carbonmapper.org/l3a,True,https://catalog.carbonmapper.org/l3a,True,https://catalog.carbonmapper.org/l3a,True,https://catalog.carbonmapper.org/l3a,True,https://catalog.carbonmapper.org/l3a,30.00475195601852,Solid waste / landfill,True,Public rate + uncertainty,45.475168158190804,Indonesia,IDN,True,83.50555623391077,37.974292118803504,False,2026-05-22 05:12:23.460000+00:00,2026-05-22 05:12:23.460000+00:00,Live API scene_timestamp,30.00475195601852,27.553121843796923,>15-30°,0-2 m/s,1,1 plume,Not flagged offshore,2026,CM500-f999aaa8f6
2edffe37-d3ec-45c6-add6-535266626886,tan20260523t043139c14s4001-A,CH4,29da3fc4-59fb-49c1-940b-d54203970d67,2026-05-23 04:31:39.140000+00:00,tan,production,Tanager,797.8625231316446,437.9311267229613,mfa,38.145923828792384,standard_sensitivity,21.1,,1.3148148148148147,128.6747941082918,v3d,3.72.9,False,l2c-ch4-v0,mfa,6A,published,False,2026-06-22 05:19:15.427000+00:00,2026-06-22 05:19:15.426000+00:00,110.34484097653126,1.377739729557675,110.33398588760203,1.3647054154401421,110.36428992759433,1.3950006674854567,0,[],True,https://catalog.carbonmapper.org/l3a,True,https://catalog.carbonmapper.org/l3a,True,https://catalog.carbonmapper.org/l3a,True,https://catalog.carbonmapper.org/l3a,True,https://catalog.carbonmapper.org/l3a,30.033058877314815,Solid waste / landfill,True,Public rate + uncertainty,54.88804324384894,Malaysia,MYS,True,797.8625231316446,437.9311267229613,False,2026-05-23 04:31:39.140000+00:00,2026-05-23 04:31:39.140000+00:00,Live API scene_timestamp,30.033058877314815,21.1,>15-30°,0-2 m/s,1,1 plume,Not flagged offshore,2026,CM500-f24278e7fd
5dfe8f29-ec8f-40b4-ab72-e7ef6f0e76cf,tan20260523t043329c54s4001-A,CH4,ab6d801d-6dbd-4ba7-9aab-987409a29870,2026-05-23 04:33:29.540000+00:00,tan,production,Tanager,166.91637125892103,88.21623486199184,mfa,40.43124095892097,standard_sensitivity,28.703545596917063,,1.8611111111111114,22.748168855496793,v3d,3.72.9,False,l2c-ch4-v0,mfa,6A,published,False,2026-06-22 05:19:15.229000+00:00,2026-06-22 05:19:15.227000+00:00,109.03184354788965,-6.821769072192993,109.0153927878489,-6.837255518822632,109.04643079366193,-6.80670759776261,0,[],True,https://catalog.carbonmapper.org/l3a,True,https://catalog.carbonmapper.org/l3a,True,https://catalog.carbonmapper.org/l3a,True,https://catalog.carbonmapper.org/l3a,True,https://catalog.carbonmapper.org/l3a,30.031778807870367,Solid waste / landfill,True,Public rate + uncertainty,52.85055875385083,Indonesia,IDN,True,166.91637125892103,88.21623486199184,False,2026-05-23 04:33:29.540000+00:00,2026-05-23 04:33:29.540000+00:00,Live API scene_timestamp,30.031778807870367,28.703545596917063,>15-30°,0-2 m/s,1,1 plume,Not flagged offshore,2026,CM500-c6509e1633
091d002b-e143-4eba-aa4c-c92c6a5c13bb,tan20260524t034710c82s4001-B,CH4,fc48415d-04f6-4b47-b3a5-8db498734cda,2026-05-24 03:47:10.820000+00:00,tan,production,Tanager,,,mfa,34.83011569108442,maximum_sensitivity,13.260045771723247,,2.4629629629629632,127.33431218602843,v3d,3.72.9,False,l2c-ch4-v0,mfa,6A,published,True,2026-06-23 04:19:14.102000+00:00,2026-06-23 04:19:14.100000+00:00,121.16375843894218,14.690083474190757,121.14662962962043,14.6778784918282,121.17847980075513,14.708687082194503,0,[],True,https://catalog.carbonmapper.org/l3a,True,https://catalog.carbonmapper.org/l3a,True,https://catalog.carbonmapper.org/l3a,True,https://catalog.carbonmapper.org/l3a,True,https://catalog.carbonmapper.org/l3a,30.022260208333336,Solid waste / landfill,True,Hidden / unavailable rate,,Philippines,PHL,True,,,True,2026-05-24 03:47:10.820000+00:00,2026-05-24 03:47:10.820000+00:00,Live API scene_timestamp,30.022260208333336,13.260045771723247,>5-15°,>2-4 m/s,2,2-3 plumes,Not flagged offshore,2026,CM500-5c4211c9ce
85272bcb-e0f7-4d38-9655-cab95380655a,tan20260524t034710c82s4001-A,CH4,fc48415d-04f6-4b47-b3a5-8db498734cda,2026-05-24 03:47:10.820000+00:00,tan,production,Tanager,1421.8592595792147,384.1714203165113,mfa,34.83011569108442,maximum_sensitivity,13.260045771723247,,2.4629629629629632,127.33431218602843,v3d,3.72.9,False,l2c-ch4-v0,mfa,6A,published,False,2026-06-23 04:19:14.420000+00:00,2026-06-23 04:19:14.419000+00:00,121.16517385501271,14.69033146080551,121.14662962962043,14.6778784918282,121.17847980075513,14.708687082194503,0,[],True,https://catalog.carbonmapper.org/l3a,True,https://catalog.carbonmapper.org/l3a,True,https://catalog.carbonmapper.org/l3a,True,https://catalog.carbonmapper.org/l3a,True,https://catalog.carbonmapper.org/l3a,30.02226388888889,Solid waste / landfill,True,Public rate + uncertainty,27.018948445727535,Philippines,PHL,True,1421.8592595792147,384.1714203165113,False,2026-05-24 03:47:10.820000+00:00,2026-05-24 03:47:10.820000+00:00,Live API scene_timestamp,30.02226388888889,13.260045771723247,>5-15°,>2-4 m/s,2,2-3 plumes,Not flagged offshore,2026,CM500-5c4211c9ce
0d217f02-0f0f-4c33-8dd2-28a7d120ba68,tan20260526t040339c78s4001-A,CH4,1ade75ae-15bf-41e9-b051-c894a63cad1b,2026-05-26 04:03:39.780000+00:00,tan,production,Tanager,618.7795274094163,91.15455337577451,mfa,33.15119231714982,standard_sensitivity,4.774873641750475,,1.2592592592592593,270.6669074498284,v3d,3.72.9,False,l2c-ch4-v0,mfa,1B1a,published,False,2026-06-25 04:19:13.802000+00:00,2026-06-25 04:19:13.800000+00:00,115.4848613090245,-2.220688385167577,115.47073529761211,-2.2351376799763787,115.50158697952247,-2.2045795767319953,0,[],True,https://catalog.carbonmapper.org/l3a,True,https://catalog.carbonmapper.org/l3a,True,https://catalog.carbonmapper.org/l3a,True,https://catalog.carbonmapper.org/l3a,True,https://catalog.carbonmapper.org/l3a,30.010810439814815,Coal mining,True,Public rate + uncertainty,14.731346034895877,Indonesia,IDN,True,618.7795274094163,91.15455337577453,False,2026-05-26 04:03:39.780000+00:00,2026-05-26 04:03:39.780000+00:00,Live API scene_timestamp,30.010810439814815,4.774873641750475,0-5°,0-2 m/s,1,1 plume,Not flagged offshore,2026,CM500-aa3d4e17f9
c892b1e2-ab23-4c47-9f55-8bc939869d4e,tan20260527t045032c51s4001-A,CH4,cd0f998c-e9c7-4a42-8825-5a0188f6f076,2026-05-27 04:50:32.510000+00:00,tan,production,Tanager,726.3645829237082,99.99246795309926,mfa,36.61978186224429,medium_sensitivity,23.850865683670307,,2.3703703703703707,197.00010156234282,v3d,3.72.9,False,l2c-ch4-v0,mfa,6A,published,False,2026-06-26 05:19:15.122000+00:00,2026-06-26 05:19:15.121000+00:00,105.83572596680585,21.33420332662959,105.81731443924832,21.323116251067976,105.85010090923869,21.353925358400033,0,[],True,https://catalog.carbonmapper.org/l3a,True,https://catalog.carbonmapper.org/l3a,True,https://catalog.carbonmapper.org/l3a,True,https://catalog.carbonmapper.org/l3a,True,https://catalog.carbonmapper.org/l3a,30.01993763888889,Solid waste / landfill,True,Public rate + uncertainty,13.76615411927397,Vietnam,VNM,True,726.3645829237082,99.99246795309926,False,2026-05-27 04:50:32.510000+00:00,2026-05-27 04:50:32.510000+00:00,Live API scene_timestamp,30.01993763888889,23.850865683670307,>15-30°,>2-4 m/s,1,1 plume,Not flagged offshore,2026,CM500-9f80453c2c
c73f6254-9480-4621-aedb-b79f915490be,tan20260528t040917c46s4001-A,CH4,b3c26f15-a23e-4f26-a86f-3f9fa0238ac0,2026-05-28 04:09:17.460000+00:00,tan,production,Tanager,530.3834285306732,102.05818621698947,mfa,37.47521396069122,standard_sensitivity,23.80205148064121,,2.9444444444444446,270.333329572529,v3d,3.72.9,False,l2c-ch4-v0,mfa,6A,published,False,2026-06-27 04:19:13.895000+00:00,2026-06-27 04:19:13.893000+00:00,116.59965706247203,23.44270349396227,116.58387341960747,23.428055097383545,116.61745050905947,23.458860502764793,0,[],True,https://catalog.carbonmapper.org/l3a,True,https://catalog.carbonmapper.org/l3a,True,https://catalog.carbonmapper.org/l3a,True,https://catalog.carbonmapper.org/l3a,True,https://catalog.carbonmapper.org/l3a,30.00690318287037,Solid waste / landfill,True,Public rate + uncertainty,19.242340677898316,People's Republic of China,CHN,False,530.3834285306732,102.05818621698948,False,2026-05-28 04:09:17.460000+00:00,2026-05-28 04:09:17.460000+00:00,Live API scene_timestamp,30.00690318287037,23.80205148064121,>15-30°,>2-4 m/s,1,1 plume,Not flagged offshore,2026,CM500-b9670064b6
50e96607-c7a8-474b-94a1-87de9eec029a,tan20260528t041352c64s4001-A,CH4,02f624bd-b442-4555-8022-f2151c27891a,2026-05-28 04:13:52.640000+00:00,tan,production,Tanager,1004.4169028903834,123.09246398779968,mfa,44.693323952780034,glint,6.3,,3.259259259259259,175.548805869851,v3d,3.73.1,True,l2c-ch4-v0,mfa,1B2,published,False,2026-06-27 04:19:13.493000+00:00,2026-06-27 04:19:13.491000+00:00,113.74136887274676,4.739404707884404,113.72371729929982,4.727906719760314,113.7543546223131,4.758709312884961,0,[],True,https://catalog.carbonmapper.org/l3a,True,https://catalog.carbonmapper.org/l3a,True,https://catalog.carbonmapper.org/l3a,True,https://catalog.carbonmapper.org/l3a,True,https://catalog.carbonmapper.org/l3a,30.00371357638889,Oil and gas,True,Public rate + uncertainty,12.255116738236863,Offshore / boundary-unassigned,,False,1004.4169028903834,123.09246398779968,False,2026-05-28 04:13:52.640000+00:00,2026-05-28 04:13:52.640000+00:00,Live API scene_timestamp,30.00371357638889,6.3,>5-15°,>2-4 m/s,2,2-3 plumes,Offshore,2026,CM500-ca0e06cce9
f0d5e4cb-d316-4920-a5bc-385dd7613905,tan20260528t041352c64s4001-B,CH4,02f624bd-b442-4555-8022-f2151c27891a,2026-05-28 04:13:52.640000+00:00,tan,production,Tanager,451.52810813400964,57.935818859717685,mfa,44.693323952780034,glint,6.3,,2.4814814814814814,191.0,v3d,3.73.1,True,l2c-ch4-v0,mfa,1B2,published,False,2026-06-27 04:19:13.769000+00:00,2026-06-27 04:19:13.767000+00:00,113.80206189678881,4.437412180604099,113.782013943783,4.431141290742645,113.82429028661997,4.473019883710979,0,[],True,https://catalog.carbonmapper.org/l3a,True,https://catalog.carbonmapper.org/l3a,True,https://catalog.carbonmapper.org/l3a,True,https://catalog.carbonmapper.org/l3a,True,https://catalog.carbonmapper.org/l3a,30.003716770833336,Oil and gas,True,Public rate + uncertainty,12.831054770686132,Offshore / boundary-unassigned,,False,451.5281081340096,57.935818859717685,False,2026-05-28 04:13:52.640000+00:00,2026-05-28 04:13:52.640000+00:00,Live API scene_timestamp,30.003716770833336,6.3,>5-15°,>2-4 m/s,2,2-3 plumes,Offshore,2026,CM500-46dc358270
a8932cb4-228e-4c88-b812-d08965bd39f3,tan20260530t042114c47s4001-B,CH4,62381818-eff8-4858-81f1-c122fd8a2919,2026-05-30 04:21:14.470000+00:00,tan,production,Tanager,,,mfa,35.47808092528962,medium_sensitivity,23.356050868397812,,0.7962962962962963,102.18650758422737,v3d,3.73.1,False,l2c-ch4-v0,mfa,6A,published,True,2026-06-29 05:19:14.646000+00:00,2026-06-29 05:19:14.644000+00:00,114.17079011955252,22.544536022827984,114.15388684477253,22.529105347967437,114.18779093202221,22.560148583352717,0,[],True,https://catalog.carbonmapper.org/l3a,True,https://catalog.carbonmapper.org/l3a,True,https://catalog.carbonmapper.org/l3a,True,https://catalog.carbonmapper.org/l3a,True,https://catalog.carbonmapper.org/l3a,30.040279814814813,Solid waste / landfill,True,Hidden / unavailable rate,,Hong Kong,HKG,False,,,True,2026-05-30 04:21:14.470000+00:00,2026-05-30 04:21:14.470000+00:00,Live API scene_timestamp,30.040279814814813,23.356050868397812,>15-30°,0-2 m/s,2,2-3 plumes,Not flagged offshore,2026,CM500-3ecae5a435
62d2ab48-5be6-4b27-954c-19369f08a353,tan20260530t042114c47s4001-A,CH4,62381818-eff8-4858-81f1-c122fd8a2919,2026-05-30 04:21:14.470000+00:00,tan,production,Tanager,,,mfa,35.47808092528962,medium_sensitivity,23.356050868397812,,0.7962962962962963,102.18650758422737,v3d,3.73.1,False,l2c-ch4-v0,mfa,6A,published,True,2026-06-29 05:19:14.846000+00:00,2026-06-29 05:19:14.844000+00:00,114.17434955788684,22.547349884160724,114.15417827741894,22.529110447025108,114.18808237360481,22.56015368944355,0,[],True,https://catalog.carbonmapper.org/l3a,True,https://catalog.carbonmapper.org/l3a,True,https://catalog.carbonmapper.org/l3a,True,https://catalog.carbonmapper.org/l3a,True,https://catalog.carbonmapper.org/l3a,30.04028212962963,Solid waste / landfill,True,Hidden / unavailable rate,,Hong Kong,HKG,False,,,True,2026-05-30 04:21:14.470000+00:00,2026-05-30 04:21:14.470000+00:00,Live API scene_timestamp,30.04028212962963,23.356050868397812,>15-30°,0-2 m/s,2,2-3 plumes,Not flagged offshore,2026,CM500-3ecae5a435
4b0b68d4-8ccd-450d-bd18-3a2bb23a98fe,tan20260531t034151c23s4001-B,CH4,a5ac2e25-187a-40ef-8612-45406be35b04,2026-05-31 03:41:51.230000+00:00,tan,production,Tanager,,,mfa,46.802442110415015,maximum_sensitivity,26.149956299997562,,3.907407407407408,260.99969522011384,v3d,3.73.1,False,l2c-ch4-v0,mfa,6A,published,True,2026-06-30 04:19:14.677000+00:00,2026-06-30 04:19:14.676000+00:00,121.16437483251525,14.68993575708329,121.15157922511551,14.684972651857157,121.18398934398311,14.716321821349897,0,[],True,https://catalog.carbonmapper.org/l3a,True,https://catalog.carbonmapper.org/l3a,True,https://catalog.carbonmapper.org/l3a,True,https://catalog.carbonmapper.org/l3a,True,https://catalog.carbonmapper.org/l3a,30.02596582175926,Solid waste / landfill,True,Hidden / unavailable rate,,Philippines,PHL,True,,,True,2026-05-31 03:41:51.230000+00:00,2026-05-31 03:41:51.230000+00:00,Live API scene_timestamp,30.02596582175926,26.149956299997562,>15-30°,>2-4 m/s,2,2-3 plumes,Not flagged offshore,2026,CM500-5c4211c9ce
bcdd495c-d000-44b6-a5c7-b52b83ab2416,tan20260531t034151c23s4001-A,CH4,a5ac2e25-187a-40ef-8612-45406be35b04,2026-05-31 03:41:51.230000+00:00,tan,production,Tanager,2972.773380224693,393.88680144572896,mfa,46.802442110415015,maximum_sensitivity,26.149956299997562,,3.435185185185185,256.9996952201138,v3d,3.73.1,False,l2c-ch4-v0,mfa,6A,published,False,2026-06-30 04:19:14.409000+00:00,2026-06-30 04:19:14.407000+00:00,121.15612632428144,14.768483777525717,121.1481692388465,14.754935589944926,121.18450373864816,14.790339319531972,0,[],True,https://catalog.carbonmapper.org/l3a,True,https://catalog.carbonmapper.org/l3a,True,https://catalog.carbonmapper.org/l3a,True,https://catalog.carbonmapper.org/l3a,True,https://catalog.carbonmapper.org/l3a,30.025962719907408,Solid waste / landfill,True,Public rate + uncertainty,13.249809220774091,Philippines,PHL,True,2972.773380224693,393.88680144572896,False,2026-05-31 03:41:51.230000+00:00,2026-05-31 03:41:51.230000+00:00,Live API scene_timestamp,30.025962719907408,26.149956299997562,>15-30°,>2-4 m/s,2,2-3 plumes,Not flagged offshore,2026,CM500-cda1f1e271
0e3272a9-a5ca-4a29-9254-e5557eb602cf,tan20260531t034710c72s4001-A,CH4,77a4ce47-9491-4552-b81f-6166f4c5f627,2026-05-31 03:47:10.720000+00:00,tan,production,Tanager,,,mfa,33.16007384315297,standard_sensitivity,3.900140151152733,,1.3981481481481481,280.21046043440595,v3d,3.73.1,False,l2c-ch4-v0,mfa,6A,published,True,2026-06-30 04:19:14.809000+00:00,2026-06-30 04:19:14.807000+00:00,119.49097691438857,-5.175556639458776,119.43557898677581,-5.218797146973452,119.49853256109552,-5.1561014193261485,0,[],True,https://catalog.carbonmapper.org/l3a,True,https://catalog.carbonmapper.org/l3a,True,https://catalog.carbonmapper.org/l3a,True,https://catalog.carbonmapper.org/l3a,True,https://catalog.carbonmapper.org/l3a,30.022269548611114,Solid waste / landfill,True,Hidden / unavailable rate,,Indonesia,IDN,True,,,True,2026-05-31 03:47:10.720000+00:00,2026-05-31 03:47:10.720000+00:00,Live API scene_timestamp,30.022269548611114,3.900140151152733,0-5°,0-2 m/s,1,1 plume,Not flagged offshore,2026,CM500-6403356d12
b01102f1-183f-429e-a45d-512ae53d11ad,tan20260531t051516c36s4001-B,CH4,16839d81-fe08-42f0-9f57-2c7cd01941d5,2026-05-31 05:15:16.360000+00:00,tan,production,Tanager,,,mfa,35.38021208872549,standard_sensitivity,20.37972025732719,,0.7129629629629629,309.78280463799615,v3d,3.73.1,False,l2c-ch4-v0,mfa,6A,published,True,2026-06-30 05:19:14.440000+00:00,2026-06-30 05:19:14.439000+00:00,99.96095687210322,14.053846523968076,99.95361660597304,14.035672244698446,99.98594857910567,14.067036796277844,0,[],True,https://catalog.carbonmapper.org/l3a,True,https://catalog.carbonmapper.org/l3a,True,https://catalog.carbonmapper.org/l3a,True,https://catalog.carbonmapper.org/l3a,True,https://catalog.carbonmapper.org/l3a,30.002755555555556,Solid waste / landfill,True,Hidden / unavailable rate,,Thailand,THA,True,,,True,2026-05-31 05:15:16.360000+00:00,2026-05-31 05:15:16.360000+00:00,Live API scene_timestamp,30.002755555555556,20.37972025732719,>15-30°,0-2 m/s,2,2-3 plumes,Not flagged offshore,2026,CM500-be7d89ab39
f8e1c54b-fc23-495a-bf32-eaf195c94e2a,tan20260531t051516c36s4001-A,CH4,16839d81-fe08-42f0-9f57-2c7cd01941d5,2026-05-31 05:15:16.360000+00:00,tan,production,Tanager,,,mfa,35.38021208872549,standard_sensitivity,20.37972025732719,,0.7129629629629629,309.78280463799615,v3d,3.73.1,False,l2c-ch4-v0,mfa,6A,published,True,2026-06-30 05:19:14.608000+00:00,2026-06-30 05:19:14.607000+00:00,99.96559174867207,14.056172764347266,99.95306195787536,14.035676453876203,99.98511422479818,14.067040043745251,0,[],True,https://catalog.carbonmapper.org/l3a,True,https://catalog.carbonmapper.org/l3a,True,https://catalog.carbonmapper.org/l3a,True,https://catalog.carbonmapper.org/l3a,True,https://catalog.carbonmapper.org/l3a,30.0027575,Solid waste / landfill,True,Hidden / unavailable rate,,Thailand,THA,True,,,True,2026-05-31 05:15:16.360000+00:00,2026-05-31 05:15:16.360000+00:00,Live API scene_timestamp,30.0027575,20.37972025732719,>15-30°,0-2 m/s,2,2-3 plumes,Not flagged offshore,2026,CM500-be7d89ab39
3bc231e0-3b7f-4136-9d84-2f80777ab6e9,tan20260604t040915c39s4001-A,CH4,83c75108-8cd9-4194-9595-67808a1d7e6b,2026-06-04 04:09:15.390000+00:00,tan,production,Tanager,,,mfa,37.26341379878285,standard_sensitivity,20.862535348634722,,1.4351851851851851,97.02877250555625,v3d,3.73.1,False,l2c-ch4-v0,mfa,1B1a,published,True,2026-07-04 04:19:16.093000+00:00,2026-07-04 04:19:16.092000+00:00,115.48480760364151,-2.220561787121468,115.46992714338754,-2.235135587685872,115.50050716293433,-2.204578517208216,0,[],True,https://catalog.carbonmapper.org/l3a,True,https://catalog.carbonmapper.org/l3a,True,https://catalog.carbonmapper.org/l3a,True,https://catalog.carbonmapper.org/l3a,True,https://catalog.carbonmapper.org/l3a,30.00695258101852,Coal mining,True,Hidden / unavailable rate,,Indonesia,IDN,True,,,True,2026-06-04 04:09:15.390000+00:00,2026-06-04 04:09:15.390000+00:00,Live API scene_timestamp,30.00695258101852,20.862535348634722,>15-30°,0-2 m/s,1,1 plume,Not flagged offshore,2026,CM500-aa3d4e17f9
2888bfb5-9f1f-4cce-a654-b1a1a2e5be0f,tan20260605t045535c95s4001-A,CH4,f8c7ee58-ea6c-4e7f-bc83-a55d3b1f38bb,2026-06-05 04:55:35.950000+00:00,tan,production,Tanager,951.5667238444469,395.91743273410094,mfa,39.52936090266226,maximum_sensitivity,18.979303737163207,,2.388888888888889,305.0006098385439,v3d,3.73.1,False,l2c-ch4-v0,mfa,6A,published,False,2026-07-05 05:19:16.715000+00:00,2026-07-05 05:19:16.704000+00:00,106.75242562638795,20.816263929514818,106.73848868981041,20.798272253226504,106.77115155263391,20.828803594158593,0,[],True,https://catalog.carbonmapper.org/l3a,True,https://catalog.carbonmapper.org/l3a,True,https://catalog.carbonmapper.org/l3a,True,https://catalog.carbonmapper.org/l3a,True,https://catalog.carbonmapper.org/l3a,30.016444039351853,Solid waste / landfill,True,Public rate + uncertainty,41.60690184021418,Offshore / boundary-unassigned,,False,951.5667238444468,395.91743273410094,False,2026-06-05 04:55:35.950000+00:00,2026-06-05 04:55:35.950000+00:00,Live API scene_timestamp,30.016444039351853,18.979303737163207,>15-30°,>2-4 m/s,1,1 plume,Not flagged offshore,2026,CM500-6a523ff3a1
857fcd1d-fd51-4fbd-b6b9-e9a74f47dd9d,tan20260605t045916c64s4001-A,CH4,844d80ed-7fda-472f-846f-1e7e6a8f823a,2026-06-05 04:59:16.640000+00:00,tan,production,Tanager,4870.34148317388,655.5564883839921,mfa,44.49664918277476,glint,3.9,,5.62037037037037,141.0,v3d,3.73.1,True,l2c-ch4-v0,mfa,1B2,published,False,2026-07-05 05:19:16.501000+00:00,2026-07-05 05:19:16.499000+00:00,102.98789095329136,7.591558046386467,102.96823611439788,7.579354950810425,103.00368621487023,7.614493892355443,0,[],True,https://catalog.carbonmapper.org/l3a,True,https://catalog.carbonmapper.org/l3a,True,https://catalog.carbonmapper.org/l3a,True,https://catalog.carbonmapper.org/l3a,True,https://catalog.carbonmapper.org/l3a,30.013887280092593,Oil and gas,True,Public rate + uncertainty,13.460175033903008,Offshore / boundary-unassigned,,False,4870.34148317388,655.5564883839921,False,2026-06-05 04:59:16.640000+00:00,2026-06-05 04:59:16.640000+00:00,Live API scene_timestamp,30.013887280092593,3.9,0-5°,>4-6 m/s,1,1 plume,Offshore,2026,CM500-501966a3db
d22bb8f3-a7c2-4bbe-bc92-f61cabd37ead,tan20260606t041902c87s4001-A,CH4,1bca9cd8-12d5-4e3c-b240-9610c9866b1e,2026-06-06 04:19:02.870000+00:00,tan,production,Tanager,3523.9155761889556,548.5095981173706,mfa,34.869436590571766,standard_sensitivity,15.482274573488056,,3.074074074074074,333.9998984376572,v3d,3.73.1,True,l2c-ch4-v0,mfa,1B2,published,False,2026-07-06 04:19:14.910000+00:00,2026-07-06 04:19:14.908000+00:00,113.04678273310333,3.371999690899486,113.03510362847386,3.3475205820009717,113.06570329656182,3.3780675610438498,0,[],True,https://catalog.carbonmapper.org/l3a,True,https://catalog.carbonmapper.org/l3a,True,https://catalog.carbonmapper.org/l3a,True,https://catalog.carbonmapper.org/l3a,True,https://catalog.carbonmapper.org/l3a,30.000139351851853,Oil and gas,True,Public rate + uncertainty,15.565344465788048,Offshore / boundary-unassigned,,False,3523.915576188956,548.5095981173706,False,2026-06-06 04:19:02.870000+00:00,2026-06-06 04:19:02.870000+00:00,Live API scene_timestamp,30.000139351851853,15.482274573488056,>15-30°,>2-4 m/s,1,1 plume,Offshore,2026,CM500-05c75beb8c
69de286f-b2fb-47b7-a42d-d999a36c2e8a,tan20260608t043254c92s4001-C,CH4,c926374e-1dc3-4a55-bf9c-006ade85f87a,2026-06-08 04:32:54.920000+00:00,tan,production,Tanager,542.8486403151863,536.0749606269263,mfa,36.31756924558208,maximum_sensitivity,19.424668355492617,,2.1018518518518516,342.5126731856668,v3d,3.77.0,False,l2c-ch4-v0,mfa,6A,published,False,2026-07-08 05:19:14.177000+00:00,2026-07-08 05:19:14.175000+00:00,106.54295513516684,-6.102690977335143,106.52227046828592,-6.122639499669762,106.55327085125842,-6.09208545629669,0,[],True,https://catalog.carbonmapper.org/l3a,True,https://catalog.carbonmapper.org/l3a,True,https://catalog.carbonmapper.org/l3a,True,https://catalog.carbonmapper.org/l3a,True,https://catalog.carbonmapper.org/l3a,30.03216732638889,Solid waste / landfill,True,Public rate + uncertainty,98.7521973557257,Indonesia,IDN,True,542.8486403151863,536.0749606269263,False,2026-06-08 04:32:54.920000+00:00,2026-06-08 04:32:54.920000+00:00,Live API scene_timestamp,30.03216732638889,19.424668355492617,>15-30°,>2-4 m/s,3,2-3 plumes,Not flagged offshore,2026,CM500-e2ea169fd9
5e3814d3-2507-42f9-98f6-0793f4571da7,tan20260608t043254c92s4001-B,CH4,c926374e-1dc3-4a55-bf9c-006ade85f87a,2026-06-08 04:32:54.920000+00:00,tan,production,Tanager,,,mfa,36.31756924558208,maximum_sensitivity,19.424668355492617,,1.787037037037037,63.60113752919866,v3d,3.77.0,False,l2c-ch4-v0,mfa,6A,published,True,2026-07-08 05:19:13.890000+00:00,2026-07-08 05:19:13.888000+00:00,106.64318741503132,-6.566705774941752,106.6286267678804,-6.592167909092999,106.65938119868552,-6.561345491940539,0,[],True,https://catalog.carbonmapper.org/l3a,True,https://catalog.carbonmapper.org/l3a,True,https://catalog.carbonmapper.org/l3a,True,https://catalog.carbonmapper.org/l3a,True,https://catalog.carbonmapper.org/l3a,30.03216400462963,Solid waste / landfill,True,Hidden / unavailable rate,,Indonesia,IDN,True,,,True,2026-06-08 04:32:54.920000+00:00,2026-06-08 04:32:54.920000+00:00,Live API scene_timestamp,30.03216400462963,19.424668355492617,>15-30°,0-2 m/s,3,2-3 plumes,Not flagged offshore,2026,CM500-f12bbc24a3
2250ffab-3be6-4f60-9221-b8fdb450bc18,tan20260608t043254c92s4001-A,CH4,c926374e-1dc3-4a55-bf9c-006ade85f87a,2026-06-08 04:32:54.920000+00:00,tan,production,Tanager,,,mfa,36.31756924558208,maximum_sensitivity,19.424668355492617,,1.4074074074074074,201.57889686099145,v3d,3.77.0,False,l2c-ch4-v0,mfa,6A,published,True,2026-07-08 05:19:14.069000+00:00,2026-07-08 05:19:14.068000+00:00,106.61804535226764,-6.136807643898095,106.58658765412405,-6.160642690027679,106.62683487233902,-6.120356007295947,0,[],True,https://catalog.carbonmapper.org/l3a,True,https://catalog.carbonmapper.org/l3a,True,https://catalog.carbonmapper.org/l3a,True,https://catalog.carbonmapper.org/l3a,True,https://catalog.carbonmapper.org/l3a,30.03216607638889,Solid waste / landfill,True,Hidden / unavailable rate,,Indonesia,IDN,True,,,True,2026-06-08 04:32:54.920000+00:00,2026-06-08 04:32:54.920000+00:00,Live API scene_timestamp,30.03216607638889,19.424668355492617,>15-30°,0-2 m/s,3,2-3 plumes,Not flagged offshore,2026,CM500-55b3807f8d
97bc0e94-8605-4447-8b5b-47e1d5abbe7b,tan20260421t042433c00s4001-B,CH4,261b5043-5859-4890-a7c7-6de513c82dbd,,tan,production,Tanager,,,mfa,38.58318493860612,maximum_sensitivity,25.699315071172123,,0.9629629629629629,35.34180202039973,v3d,3.72.2,False,l2c-ch4-v0,mfa,6A,published,True,2026-05-21 05:19:13.867000+00:00,2026-05-21 05:19:13.865000+00:00,106.99801207252301,-6.350018031926993,106.92638488312066,-6.412797538653918,107.01097819075682,-6.328726630156125,0,[],True,https://catalog.carbonmapper.org/l3a,True,https://catalog.carbonmapper.org/l3a,True,https://catalog.carbonmapper.org/l3a,True,https://catalog.carbonmapper.org/l3a,True,https://catalog.carbonmapper.org/l3a,,Solid waste / landfill,True,Hidden / unavailable rate,,Indonesia,IDN,True,,,True,2026-04-21 04:24:33+00:00,2026-04-21 04:24:33+00:00,Saved cohort datetime fallback,30.037972997685188,25.699315071172123,>15-30°,0-2 m/s,3,2-3 plumes,Not flagged offshore,2026,CM500-6ba45e438c
72f9aad6-94c3-44a4-848e-aa6cad79f401,tan20260421t042433c00s4001-C,CH4,261b5043-5859-4890-a7c7-6de513c82dbd,,tan,production,Tanager,,,mfa,38.58318493860612,maximum_sensitivity,25.699315071172123,,1.111111111111111,27.666365595972696,v3d,3.72.2,False,l2c-ch4-v0,mfa,6A,published,True,2026-05-21 05:19:14.060000+00:00,2026-05-21 05:19:14.058000+00:00,106.99509988083912,-6.346827871990484,106.96818096746638,-6.376358464080216,107.00326835431392,-6.341757281040453,0,[],True,https://catalog.carbonmapper.org/l3a,True,https://catalog.carbonmapper.org/l3a,True,https://catalog.carbonmapper.org/l3a,True,https://catalog.carbonmapper.org/l3a,True,https://catalog.carbonmapper.org/l3a,,Solid waste / landfill,True,Hidden / unavailable rate,,Indonesia,IDN,True,,,True,2026-04-21 04:24:33+00:00,2026-04-21 04:24:33+00:00,Saved cohort datetime fallback,30.037975231481482,25.699315071172123,>15-30°,0-2 m/s,3,2-3 plumes,Not flagged offshore,2026,CM500-6ba45e438c
2d32c745-8dc4-43c1-92a4-4ef8b774ad32,tan20260421t042433c00s4001-D,CH4,261b5043-5859-4890-a7c7-6de513c82dbd,,tan,production,Tanager,,,mfa,38.58318493860612,maximum_sensitivity,25.699315071172123,,0.9629629629629629,35.34180202039973,v3d,3.72.2,False,l2c-ch4-v0,mfa,6A,published,True,2026-05-21 05:19:14.173000+00:00,2026-05-21 05:19:14.171000+00:00,107.02009413757372,-6.350851865546446,107.00448462874614,-6.3664810341293006,107.03521897056224,-6.335665001127248,0,[],True,https://catalog.carbonmapper.org/l3a,True,https://catalog.carbonmapper.org/l3a,True,https://catalog.carbonmapper.org/l3a,True,https://catalog.carbonmapper.org/l3a,True,https://catalog.carbonmapper.org/l3a,,Solid waste / landfill,True,Hidden / unavailable rate,,Indonesia,IDN,True,,,True,2026-04-21 04:24:33+00:00,2026-04-21 04:24:33+00:00,Saved cohort datetime fallback,30.037976539351853,25.699315071172123,>15-30°,0-2 m/s,3,2-3 plumes,Not flagged offshore,2026,CM500-ee9394adc5
b0d0934f-658e-4814-83f6-b5f73a0eab3e,tan20260111t034322c00s4001-A,CH4,c456603b-a043-4009-8c7e-25e221cb91e1,,tan,production,Tanager,715.9359162580171,144.5960043539882,mfa,35.97620463484895,standard_sensitivity,18.149830333119866,,2.8703703703703702,36.353984189374344,v3b,3.48.1,False,l2c-ch4-v0,mfa,6A,published,False,2026-02-10 04:19:11.435000+00:00,2026-02-10 04:19:11.434000+00:00,120.52013057198803,15.298096992973612,120.50243362443223,15.280901482527069,120.53407926711009,15.31142608055156,0,[],True,https://catalog.carbonmapper.org/l3a,True,https://catalog.carbonmapper.org/l3a,True,https://catalog.carbonmapper.org/l3a,True,https://catalog.carbonmapper.org/l3a,True,https://catalog.carbonmapper.org/l3a,,Solid waste / landfill,True,Public rate + uncertainty,20.196780336115594,Philippines,PHL,True,715.9359162580171,144.5960043539882,False,2026-01-11 03:43:22+00:00,2026-01-11 03:43:22+00:00,Saved cohort datetime fallback,30.02487771990741,18.149830333119866,>15-30°,>2-4 m/s,1,1 plume,Not flagged offshore,2026,CM500-8f50a16639
81c59123-fc53-4ad3-8822-65923ec998ef,tan20251128t045302c00s4001-A,CH4,f87dd09b-df89-4556-a671-f2f183710834,,tan,production,Tanager,6887.668552815755,924.2535126345384,mfa,34.78688142707814,standard_sensitivity,20.266874636369973,,6.87037037037037,30.333329572528974,v3a,3.41.4,False,l2c-ch4-v0,mfa,6A,published,False,2025-12-28 05:19:11.325000+00:00,2025-12-28 05:19:11.324000+00:00,99.96076318739858,14.053806412095128,99.944991215278,14.03244976110271,99.97676535277722,14.06327363857596,0,[],True,https://catalog.carbonmapper.org/l3a,True,https://catalog.carbonmapper.org/l3a,True,https://catalog.carbonmapper.org/l3a,True,https://catalog.carbonmapper.org/l3a,True,https://catalog.carbonmapper.org/l3a,,Solid waste / landfill,True,Public rate + uncertainty,13.41896035715443,Thailand,THA,True,6887.668552815755,924.2535126345384,False,2025-11-28 04:53:02+00:00,2025-11-28 04:53:02+00:00,Saved cohort datetime fallback,30.018163483796297,20.266874636369973,>15-30°,>6 m/s,1,1 plume,Not flagged offshore,2025,CM500-be7d89ab39
281b7a37-52b3-4000-ae70-6f2693696ac3,tan20251004t040529c00s4001-A,CH4,72868a7a-83a7-4c08-88a6-4ffab32f8186,,tan,production,Tanager,,,mfa,35.70524605271713,standard_sensitivity,18.3,,1.1018518518518519,329.1662243569257,v3,3.36.0,False,l2c-ch4-v0,mfa,6A,published,True,2025-11-03 04:19:09.371000+00:00,2025-11-03 04:19:09.369000+00:00,109.13442229545046,13.744159483327067,109.11715539379097,13.73275806194704,109.14859456167372,13.763296505214816,0,[],True,https://catalog.carbonmapper.org/l3a,True,https://catalog.carbonmapper.org/l3a,True,https://catalog.carbonmapper.org/l3a,True,https://catalog.carbonmapper.org/l3a,True,https://catalog.carbonmapper.org/l3a,,Solid waste / landfill,True,Hidden / unavailable rate,,Vietnam,VNM,True,,,True,2025-10-04 04:05:29+00:00,2025-10-04 04:05:29+00:00,Saved cohort datetime fallback,30.00949503472222,18.3,>15-30°,0-2 m/s,1,1 plume,Not flagged offshore,2025,CM500-ddf74cefc8
22efe6e9-43dd-4846-bab5-d65d6e26a386,tan20250518t030556c00s4001-A,CH4,286eb05f-15c2-4c3b-905b-c1c1a18e1cc2,,tan,production,Tanager,,,mfa,34.608262134645486,standard_sensitivity,3.939072261685597,,4.805555555555555,91.33526194922301,v3,3.16.0,False,l2c-ch4-v0,mfa,6A,published,True,2025-06-17 03:21:04.575000+00:00,2025-06-17 03:21:04.573000+00:00,121.16410099616974,14.690497524105012,121.1463822748089,14.674351069519922,121.17823191698145,14.704889413737005,0,[],True,https://catalog.carbonmapper.org/l3a,True,https://catalog.carbonmapper.org/l3a,True,https://catalog.carbonmapper.org/l3a,True,https://catalog.carbonmapper.org/l3a,True,https://catalog.carbonmapper.org/l3a,,Solid waste / landfill,True,Hidden / unavailable rate,,Philippines,PHL,True,,,True,2025-05-18 03:05:56+00:00,2025-05-18 03:05:56+00:00,Saved cohort datetime fallback,30.010515914351853,3.939072261685597,0-5°,>4-6 m/s,3,2-3 plumes,Not flagged offshore,2025,CM500-5c4211c9ce
26511b6e-3f59-49fa-9072-617d9f0f69ee,tan20250518t030556c00s4001-B,CH4,286eb05f-15c2-4c3b-905b-c1c1a18e1cc2,,tan,production,Tanager,1909.602037583939,726.3703300545393,mfa,34.608262134645486,standard_sensitivity,3.939072261685597,,1.1574074074074074,83.65666885669764,v3,3.16.0,False,l2c-ch4-v0,mfa,6A,published,False,2025-06-17 03:21:04.735000+00:00,2025-06-17 03:21:04.733000+00:00,121.153212617593,14.771849409955976,121.14004822060079,14.762968321959997,121.17275011908649,14.7948586107027,0,[],True,https://catalog.carbonmapper.org/l3a,True,https://catalog.carbonmapper.org/l3a,True,https://catalog.carbonmapper.org/l3a,True,https://catalog.carbonmapper.org/l3a,True,https://catalog.carbonmapper.org/l3a,,Solid waste / landfill,True,Public rate + uncertainty,38.03778566206157,Philippines,PHL,True,1909.602037583939,726.3703300545393,False,2025-05-18 03:05:56+00:00,2025-05-18 03:05:56+00:00,Saved cohort datetime fallback,30.0105177662037,3.939072261685597,0-5°,0-2 m/s,3,2-3 plumes,Not flagged offshore,2025,CM500-cda1f1e271
8d509b72-8651-4f5d-bc06-4f4e2103cea4,tan20250518t030556c00s4001-C,CH4,286eb05f-15c2-4c3b-905b-c1c1a18e1cc2,,tan,production,Tanager,,,mfa,34.608262134645486,standard_sensitivity,3.939072261685597,,1.1574074074074074,83.65666885669764,v3,3.16.0,False,l2c-ch4-v0,mfa,6A,published,True,2025-06-17 03:21:05.542000+00:00,2025-06-17 03:21:05.541000+00:00,121.15461103128206,14.774886765999625,121.14005284109028,14.762426115550516,121.17275465902074,14.794316405352802,0,[],True,https://catalog.carbonmapper.org/l3a,True,https://catalog.carbonmapper.org/l3a,True,https://catalog.carbonmapper.org/l3a,True,https://catalog.carbonmapper.org/l3a,True,https://catalog.carbonmapper.org/l3a,,Solid waste / landfill,True,Hidden / unavailable rate,,Philippines,PHL,True,,,True,2025-05-18 03:05:56+00:00,2025-05-18 03:05:56+00:00,Saved cohort datetime fallback,30.01052710648148,3.939072261685597,0-5°,0-2 m/s,3,2-3 plumes,Not flagged offshore,2025,CM500-cda1f1e271
15a0b614-6c59-496c-bd86-4074a956b8ea,tan20250517t035130c00s4001-B,CH4,e1d7e115-a543-4fd5-b3a6-e1e3d88e9664,,tan,production,Tanager,,,mfa,32.63004501306194,standard_sensitivity,1.4009600026145679,,1.2407407407407407,43.02211423573599,v3,3.16.0,False,l2c-ch4-v0,mfa,6A,published,True,2025-06-16 04:21:04.627000+00:00,2025-06-16 04:21:04.626000+00:00,106.99776173618835,-6.349070115673925,106.97767831184288,-6.3757996791311085,107.00950164943681,-6.343901869179254,0,[],True,https://catalog.carbonmapper.org/l3a,True,https://catalog.carbonmapper.org/l3a,True,https://catalog.carbonmapper.org/l3a,True,https://catalog.carbonmapper.org/l3a,True,https://catalog.carbonmapper.org/l3a,,Solid waste / landfill,True,Hidden / unavailable rate,,Indonesia,IDN,True,,,True,2025-05-17 03:51:30+00:00,2025-05-17 03:51:30+00:00,Saved cohort datetime fallback,30.02053966435185,1.4009600026145679,0-5°,0-2 m/s,1,1 plume,Not flagged offshore,2025,CM500-6ba45e438c
af24ae0a-f80d-4966-8197-d424ae2d53fa,tan20250511t030934c00s4001-A,CH4,ee1a1b1b-da43-4b17-a0ef-405d3f73b731,,tan,production,Tanager,,,mfa,38.35928186497686,standard_sensitivity,29.1334595506993,,2.2314814814814814,327.33455141203405,v3,3.16.0,False,l2c-ch4-v0,mfa,1B1a,published,True,2025-06-10 03:20:52.426000+00:00,2025-06-10 03:20:52.424000+00:00,115.48416534355323,-2.21928053452595,115.47073599050752,-2.2354077524953144,115.50131602699935,-2.204850670711524,0,[],True,https://catalog.carbonmapper.org/l3a,True,https://catalog.carbonmapper.org/l3a,True,https://catalog.carbonmapper.org/l3a,True,https://catalog.carbonmapper.org/l3a,True,https://catalog.carbonmapper.org/l3a,,Coal mining,True,Hidden / unavailable rate,,Indonesia,IDN,True,,,True,2025-05-11 03:09:34+00:00,2025-05-11 03:09:34+00:00,Saved cohort datetime fallback,30.007852152777776,29.1334595506993,>15-30°,>2-4 m/s,1,1 plume,Not flagged offshore,2025,CM500-aa3d4e17f9
97d9cb9b-7edf-4da8-bcf7-0aaa66d86272,tan20250511t030613c00s4001-A,CH4,7484b9eb-b89a-4983-9226-3ee7af514df8,,tan,production,Tanager,828.1082865559024,280.93836833635186,mfa,37.496732704894654,standard_sensitivity,29.333743834553985,,2.0462962962962963,229.6666365779404,v3,3.16.0,False,l2c-ch4-v0,mfa,6A,published,False,2025-06-10 03:20:52.674000+00:00,2025-06-10 03:20:52.672000+00:00,122.52310923599845,10.708340217292417,122.50843516405963,10.694067430023953,122.53953535827625,10.724896351574802,0,[],True,https://catalog.carbonmapper.org/l3a,True,https://catalog.carbonmapper.org/l3a,True,https://catalog.carbonmapper.org/l3a,True,https://catalog.carbonmapper.org/l3a,True,https://catalog.carbonmapper.org/l3a,,Solid waste / landfill,True,Public rate + uncertainty,33.92531784759369,Philippines,PHL,True,828.1082865559024,280.93836833635186,False,2025-05-11 03:06:13+00:00,2025-05-11 03:06:13+00:00,Saved cohort datetime fallback,30.01018141203704,29.333743834553985,>15-30°,>2-4 m/s,1,1 plume,Not flagged offshore,2025,CM500-3f5d47c3c6
71020792-827e-4b22-a7c5-4b67b8a79b42,tan20250511t030430c00s4001-A,CH4,5118b13a-e8aa-49dd-ab97-74aa2831d1d9,,tan,production,Tanager,2617.263359505197,348.074387874646,mfa,36.00388374812756,standard_sensitivity,29.42678449383792,,3.0,181.33204180384405,v3,3.16.0,False,l2c-ch4-v0,mfa,6A,published,False,2025-06-10 03:20:52.795000+00:00,2025-06-10 03:20:52.794000+00:00,121.16435354734409,14.689243670978229,121.14940262407646,14.679526125746689,121.18125306468127,14.7100645122924,0,[],True,https://catalog.carbonmapper.org/l3a,True,https://catalog.carbonmapper.org/l3a,True,https://catalog.carbonmapper.org/l3a,True,https://catalog.carbonmapper.org/l3a,True,https://catalog.carbonmapper.org/l3a,,Solid waste / landfill,True,Public rate + uncertainty,13.299173222692067,Philippines,PHL,True,2617.263359505197,348.074387874646,False,2025-05-11 03:04:30+00:00,2025-05-11 03:04:30+00:00,Saved cohort datetime fallback,30.011374942129628,29.42678449383792,>15-30°,>2-4 m/s,1,1 plume,Not flagged offshore,2025,CM500-5c4211c9ce
bb283cec-f8be-4979-9cad-47d46cae93cb,tan20250509t042443c00s4001-A,CH4,ae14548e-c7a0-475b-86d0-54c7e70ce6a6,,tan,production,Tanager,329.24136414177843,111.08698334960377,mfa,33.00894572977775,maximum_sensitivity,10.623963150920558,,2.1203703703703707,205.66670428043918,v3,3.16.0,False,l2c-ch4-v0,mfa,6A,published,False,2025-06-08 05:20:52.089000+00:00,2025-06-08 05:20:52.087000+00:00,100.67137432433267,13.585227733604013,100.64487524215255,13.580220019499892,100.68603603848352,13.620496961856777,0,[],True,https://catalog.carbonmapper.org/l3a,True,https://catalog.carbonmapper.org/l3a,True,https://catalog.carbonmapper.org/l3a,True,https://catalog.carbonmapper.org/l3a,True,https://catalog.carbonmapper.org/l3a,,Solid waste / landfill,True,Public rate + uncertainty,33.74028765770977,Thailand,THA,True,329.24136414177843,111.08698334960376,False,2025-05-09 04:24:43+00:00,2025-05-09 04:24:43+00:00,Saved cohort datetime fallback,30.03899408564815,10.623963150920558,>5-15°,>2-4 m/s,1,1 plume,Not flagged offshore,2025,CM500-11f3d4c914
2deaba82-90ef-4a7b-a3b8-8b5f0e5efe26,tan20250508t032900c00s4001-B,CH4,84030c1a-4a84-4c8e-8944-28ef50902beb,,tan,production,Tanager,1342.969065154592,194.91072681180313,mfa,39.99364171191859,maximum_sensitivity,28.086516746300944,,6.092592592592593,130.0,v3,3.16.0,False,l2c-ch4-v0,mfa,6A,published,False,2025-06-07 04:20:46.109000+00:00,2025-06-07 04:20:46.107000+00:00,113.931302179902,22.42065776702602,113.90994433758313,22.407144237414958,113.9435308063517,22.438191407389173,0,[],True,https://catalog.carbonmapper.org/l3a,True,https://catalog.carbonmapper.org/l3a,True,https://catalog.carbonmapper.org/l3a,True,https://catalog.carbonmapper.org/l3a,True,https://catalog.carbonmapper.org/l3a,,Solid waste / landfill,True,Public rate + uncertainty,14.513418951267246,Offshore / boundary-unassigned,,False,1342.969065154592,194.91072681180316,False,2025-05-08 03:29:00+00:00,2025-05-08 03:29:00+00:00,Saved cohort datetime fallback,30.03595033564815,28.086516746300944,>15-30°,>6 m/s,1,1 plume,Not flagged offshore,2025,CM500-35a6d3e878
f911f8cc-1128-4f95-b167-f75400cb2d45,tan20250507t041347c00s4001-A,CH4,ddd84d6a-958b-47ff-bd62-4dab4f2bbe56,,tan,production,Tanager,6499.620599671016,1905.2392056754652,mfa,34.39094677499254,maximum_sensitivity,16.114765031909588,,1.462962962962963,149.2081435404625,v3,3.15.0,False,l2c-ch4-v0,mfa,6A,published,False,2025-06-06 04:20:56.855000+00:00,2025-06-06 04:20:56.854000+00:00,101.35869722258776,3.186294902140602,101.29674742015875,3.1740971236495317,101.38499929109474,3.2622098150926386,0,[],True,https://catalog.carbonmapper.org/l3a,True,https://catalog.carbonmapper.org/l3a,True,https://catalog.carbonmapper.org/l3a,True,https://catalog.carbonmapper.org/l3a,True,https://catalog.carbonmapper.org/l3a,,Solid waste / landfill,True,Public rate + uncertainty,29.31308337861906,Malaysia,MYS,True,6499.620599671016,1905.2392056754647,False,2025-05-07 04:13:47+00:00,2025-05-07 04:13:47+00:00,Saved cohort datetime fallback,30.00497517361111,16.114765031909588,>15-30°,0-2 m/s,3,2-3 plumes,Not flagged offshore,2025,CM500-80f7cd3d7b
77f2bd2e-276c-48e2-a82c-4bc20cc3061f,tan20250507t041347c00s4001-C,CH4,ddd84d6a-958b-47ff-bd62-4dab4f2bbe56,,tan,production,Tanager,657.8255724193702,373.51406751339044,mfa,34.39094677499254,maximum_sensitivity,16.114765031909588,,1.4351851851851851,149.36215920470232,v3,3.15.0,False,l2c-ch4-v0,mfa,other,published,False,2025-06-06 04:20:56.756000+00:00,2025-06-06 04:20:56.754000+00:00,101.41855398187325,3.395497591855752,101.39978606272568,3.3900805454262017,101.43092204518526,3.4214318066316434,0,[],True,https://catalog.carbonmapper.org/l3a,True,https://catalog.carbonmapper.org/l3a,True,https://catalog.carbonmapper.org/l3a,True,https://catalog.carbonmapper.org/l3a,True,https://catalog.carbonmapper.org/l3a,,Other / unclassified,False,Public rate + uncertainty,56.78010755034491,Malaysia,MYS,True,657.8255724193702,373.5140675133904,False,2025-05-07 04:13:47+00:00,2025-05-07 04:13:47+00:00,Saved cohort datetime fallback,30.004974027777777,16.114765031909588,>15-30°,0-2 m/s,3,2-3 plumes,Not flagged offshore,2025,CM500-844914e350
5f3b060c-a3ff-4b39-bc6f-374bd4f04301,tan20250507t041347c00s4001-D,CH4,ddd84d6a-958b-47ff-bd62-4dab4f2bbe56,,tan,production,Tanager,,,mfa,34.39094677499254,maximum_sensitivity,16.114765031909588,,1.462962962962963,149.2081435404625,v3,3.15.0,False,l2c-ch4-v0,mfa,6A,published,True,2025-06-06 04:20:57.144000+00:00,2025-06-06 04:20:57.143000+00:00,101.3619458018249,3.191168665960219,101.30107077900558,3.177047722665186,101.38255478141318,3.258403254346308,0,[],True,https://catalog.carbonmapper.org/l3a,True,https://catalog.carbonmapper.org/l3a,True,https://catalog.carbonmapper.org/l3a,True,https://catalog.carbonmapper.org/l3a,True,https://catalog.carbonmapper.org/l3a,,Solid waste / landfill,True,Hidden / unavailable rate,,Malaysia,MYS,True,,,True,2025-05-07 04:13:47+00:00,2025-05-07 04:13:47+00:00,Saved cohort datetime fallback,30.004978518518516,16.114765031909588,>15-30°,0-2 m/s,3,2-3 plumes,Not flagged offshore,2025,CM500-80f7cd3d7b
ea221605-0fc0-405d-a9d4-83ea163f8c96,tan20250506t045043c00s4001-A,CH4,1a99d3c8-e9bf-4085-b67b-71e8711ed40c,,tan,production,Tanager,421.9764614806456,48.676930975859,mfa,35.527419264975926,standard_sensitivity,29.84248547213384,,1.8055555555555556,331.92182397950825,v3,3.17.0,False,l2c-ch4-v0,mfa,,published,False,2025-06-05 05:20:43.844000+00:00,2025-06-05 05:20:43.843000+00:00,95.73856472045634,17.36187105730221,95.72439590534208,17.348447344825008,95.7572224098383,17.379507793461574,0,[],True,https://catalog.carbonmapper.org/l3a,True,https://catalog.carbonmapper.org/l3a,True,https://catalog.carbonmapper.org/l3a,True,https://catalog.carbonmapper.org/l3a,True,https://catalog.carbonmapper.org/l3a,,Unclassified,False,Public rate + uncertainty,11.535461197304633,Myanmar,MMR,True,421.9764614806456,48.676930975859,False,2025-05-06 04:50:43+00:00,2025-05-06 04:50:43+00:00,Saved cohort datetime fallback,30.020843101851852,29.84248547213384,>15-30°,0-2 m/s,2,2-3 plumes,Not flagged offshore,2025,CM500-61b78f092b
d46911a8-99a7-445d-8cfe-9a494990562e,tan20250506t045043c00s4001-B,CH4,1a99d3c8-e9bf-4085-b67b-71e8711ed40c,,tan,production,Tanager,817.6928472187783,218.44697181377322,mfa,35.527419264975926,standard_sensitivity,29.84248547213384,,3.1481481481481475,308.3338037204484,v3,3.16.0,False,l2c-ch4-v0,mfa,1B2,published,False,2025-06-05 05:20:43.725000+00:00,2025-06-05 05:20:43.723000+00:00,95.64478177941174,16.963777299348877,95.63471558761726,16.95136667166068,95.66662745658955,16.982159664465083,0,[],True,https://catalog.carbonmapper.org/l3a,True,https://catalog.carbonmapper.org/l3a,True,https://catalog.carbonmapper.org/l3a,True,https://catalog.carbonmapper.org/l3a,True,https://catalog.carbonmapper.org/l3a,,Oil and gas,True,Public rate + uncertainty,26.71504007363862,Myanmar,MMR,True,817.6928472187783,218.4469718137732,False,2025-05-06 04:50:43+00:00,2025-05-06 04:50:43+00:00,Saved cohort datetime fallback,30.02084172453704,29.84248547213384,>15-30°,>2-4 m/s,2,2-3 plumes,Not flagged offshore,2025,CM500-53d0093740
18f82178-07fc-4c5c-ab5c-caba58fc22ad,tan20250503t034901c00s4001-A,CH4,81961baa-de6f-45f5-8eb0-0a8e5223ac6a,,tan,production,Tanager,2611.668963608918,305.09684530035764,mfa,33.790005922783784,maximum_sensitivity,9.532664847705036,,1.6481481481481481,100.00030477988622,v3,3.15.0,False,l2c-ch4-v0,mfa,6A,published,False,2025-06-02 04:20:39.434000+00:00,2025-06-02 04:20:39.432000+00:00,106.99734030182503,-6.346242243372118,106.98762412994515,-6.383148337165515,107.04936501188307,-6.321516211622776,0,[],True,https://catalog.carbonmapper.org/l3a,True,https://catalog.carbonmapper.org/l3a,True,https://catalog.carbonmapper.org/l3a,True,https://catalog.carbonmapper.org/l3a,True,https://catalog.carbonmapper.org/l3a,,Solid waste / landfill,True,Public rate + uncertainty,11.682064210724528,Indonesia,IDN,True,2611.668963608918,305.09684530035764,False,2025-05-03 03:49:01+00:00,2025-05-03 03:49:01+00:00,Saved cohort datetime fallback,30.02197261574074,9.532664847705036,>5-15°,0-2 m/s,2,2-3 plumes,Not flagged offshore,2025,CM500-6ba45e438c
4895675f-a8b8-448c-a858-7e0e6bf3b29e,tan20250503t034901c00s4001-C,CH4,81961baa-de6f-45f5-8eb0-0a8e5223ac6a,,tan,production,Tanager,1608.7531336784364,210.62207410685946,mfa,33.790005922783784,maximum_sensitivity,9.532664847705036,,1.5,92.36712892751753,v3,3.25.1,False,l2c-ch4-v0,mfa,6A,published,False,2025-08-19 19:29:03.640000+00:00,2025-08-19 19:29:03.957000+00:00,107.01960076787219,-6.35132909201883,106.9892525579526,-6.374797263662484,107.04201759116081,-6.3220854799753585,0,[],True,https://catalog.carbonmapper.org/l3a,True,https://catalog.carbonmapper.org/l3a,True,https://catalog.carbonmapper.org/l3a,True,https://catalog.carbonmapper.org/l3a,True,https://catalog.carbonmapper.org/l3a,,Solid waste / landfill,True,Public rate + uncertainty,13.092255716404988,Indonesia,IDN,True,1608.7531336784364,210.62207410685943,False,2025-05-03 03:49:01+00:00,2025-05-03 03:49:01+00:00,Saved cohort datetime fallback,108.65280833333334,9.532664847705036,>5-15°,0-2 m/s,2,2-3 plumes,Not flagged offshore,2025,CM500-ee9394adc5
9ad7df51-7b70-410e-8c00-0bf7ed3ab818,tan20250427t030250c00s4001-A,CH4,227f7d76-d10d-4bb4-84ae-827feec7f830,,tan,production,Tanager,,,mfa,34.13129337334625,maximum_sensitivity,9.443036738583158,,4.62037037037037,62.66670428043918,v3,3.12.0,False,l2c-ch4-v0,mfa,6A,published,True,2025-05-27 03:20:30.860000+00:00,2025-05-27 03:20:30.858000+00:00,121.164186697797,14.689752741767514,121.14777803648039,14.673820642272135,121.17962764375528,14.704629259279923,0,[],True,https://catalog.carbonmapper.org/l3a,True,https://catalog.carbonmapper.org/l3a,True,https://catalog.carbonmapper.org/l3a,True,https://catalog.carbonmapper.org/l3a,True,https://catalog.carbonmapper.org/l3a,,Solid waste / landfill,True,Hidden / unavailable rate,,Philippines,PHL,True,,,True,2025-04-27 03:02:50+00:00,2025-04-27 03:02:50+00:00,Saved cohort datetime fallback,30.01227847222222,9.443036738583158,>5-15°,>4-6 m/s,3,2-3 plumes,Not flagged offshore,2025,CM500-5c4211c9ce
c530db3e-776d-4b52-b08f-41fdb8709fbf,tan20250427t030250c00s4001-B,CH4,227f7d76-d10d-4bb4-84ae-827feec7f830,,tan,production,Tanager,4226.99439993611,716.9047798218153,mfa,34.13129337334625,maximum_sensitivity,9.443036738583158,,3.722222222222222,61.333363422059584,v3,3.12.0,False,l2c-ch4-v0,mfa,6A,published,False,2025-05-27 03:20:31.119000+00:00,2025-05-27 03:20:31.117000+00:00,121.15488456302585,14.769117107707917,121.1117148156111,14.733139250270769,121.16565299225472,14.785297732713339,0,[],True,https://catalog.carbonmapper.org/l3a,True,https://catalog.carbonmapper.org/l3a,True,https://catalog.carbonmapper.org/l3a,True,https://catalog.carbonmapper.org/l3a,True,https://catalog.carbonmapper.org/l3a,,Solid waste / landfill,True,Public rate + uncertainty,16.960154473652747,Philippines,PHL,True,4226.99439993611,716.9047798218153,False,2025-04-27 03:02:50+00:00,2025-04-27 03:02:50+00:00,Saved cohort datetime fallback,30.012281469907407,9.443036738583158,>5-15°,>2-4 m/s,3,2-3 plumes,Not flagged offshore,2025,CM500-cda1f1e271
19cf2cd6-67a0-42aa-854c-1684feab2ee5,tan20250427t030250c00s4001-C,CH4,227f7d76-d10d-4bb4-84ae-827feec7f830,,tan,production,Tanager,2268.5532848762737,464.1338971696181,mfa,34.13129337334625,maximum_sensitivity,9.443036738583158,,3.722222222222222,61.333363422059584,v3,3.12.0,False,l2c-ch4-v0,mfa,6A,published,False,2025-05-27 03:20:31.246000+00:00,2025-05-27 03:20:31.244000+00:00,121.1531831398761,14.77262805059776,121.1117148156111,14.733139250270769,121.16565299225472,14.785297732713339,0,[],True,https://catalog.carbonmapper.org/l3a,True,https://catalog.carbonmapper.org/l3a,True,https://catalog.carbonmapper.org/l3a,True,https://catalog.carbonmapper.org/l3a,True,https://catalog.carbonmapper.org/l3a,,Solid waste / landfill,True,Public rate + uncertainty,20.459466403714288,Philippines,PHL,True,2268.5532848762737,464.1338971696181,False,2025-04-27 03:02:50+00:00,2025-04-27 03:02:50+00:00,Saved cohort datetime fallback,30.012282939814813,9.443036738583158,>5-15°,>2-4 m/s,3,2-3 plumes,Not flagged offshore,2025,CM500-cda1f1e271
acb27b65-3b31-48be-860a-0666dc3640b6,tan20250422t044821c00s4001-A,CH4,04a0916c-2948-4f34-b658-b3540e2b3c42,,tan,production,Tanager,259.8509525968915,79.62843606714718,mfa,34.32832669885271,maximum_sensitivity,19.695067174065663,,2.111111111111111,253.3445800071615,v3,3.12.0,False,l2c-ch4-v0,mfa,6A,published,False,2025-05-22 05:20:24.111000+00:00,2025-05-22 05:20:24.109000+00:00,96.1856479204392,16.920865166212963,96.17122876839419,16.905599097133855,96.20340480398937,16.93638213581,0,[],True,https://catalog.carbonmapper.org/l3a,True,https://catalog.carbonmapper.org/l3a,True,https://catalog.carbonmapper.org/l3a,True,https://catalog.carbonmapper.org/l3a,True,https://catalog.carbonmapper.org/l3a,,Solid waste / landfill,True,Public rate + uncertainty,30.643888456578143,Myanmar,MMR,True,259.8509525968915,79.62843606714718,False,2025-04-22 04:48:21+00:00,2025-04-22 04:48:21+00:00,Saved cohort datetime fallback,30.022258229166667,19.695067174065663,>15-30°,>2-4 m/s,2,2-3 plumes,Not flagged offshore,2025,CM500-884b5032de
92eb36fb-98aa-4a7d-a41e-a47f0d90266a,tan20250422t044821c00s4001-B,CH4,04a0916c-2948-4f34-b658-b3540e2b3c42,,tan,production,Tanager,173.1492028208006,65.96936748138108,mfa,34.32832669885271,maximum_sensitivity,19.695067174065663,,2.111111111111111,253.3445800071615,v3,3.12.0,False,l2c-ch4-v0,mfa,6A,published,False,2025-05-22 05:20:24.437000+00:00,2025-05-22 05:20:24.436000+00:00,96.1853947228048,16.91896527339788,96.17038366929006,16.905320467800127,96.20312515838712,16.936374468811955,0,[],True,https://catalog.carbonmapper.org/l3a,True,https://catalog.carbonmapper.org/l3a,True,https://catalog.carbonmapper.org/l3a,True,https://catalog.carbonmapper.org/l3a,True,https://catalog.carbonmapper.org/l3a,,Solid waste / landfill,True,Public rate + uncertainty,38.09972347932526,Myanmar,MMR,True,173.1492028208006,65.96936748138108,False,2025-04-22 04:48:21+00:00,2025-04-22 04:48:21+00:00,Saved cohort datetime fallback,30.022262002314815,19.695067174065663,>15-30°,>2-4 m/s,2,2-3 plumes,Not flagged offshore,2025,CM500-884b5032de
755f0460-52b3-45b9-a363-59dc21220120,tan20250420t030853c00s4001-A,CH4,e326f6cb-8663-4ba2-a2f5-ac7f10079e65,,tan,production,Tanager,,,mfa,36.26118297673979,standard_sensitivity,29.3472291189088,,2.1296296296296298,236.67230796817597,v3c,3.53.1,False,l2c-ch4-v0,mfa,6A,published,True,2026-02-03 14:35:15.426000+00:00,2026-02-03 14:35:15.467000+00:00,115.22247229598037,-8.722235067996337,115.20598058460246,-8.735873364136166,115.23716205612438,-8.705052356992805,0,[],True,https://catalog.carbonmapper.org/l3a,True,https://catalog.carbonmapper.org/l3a,True,https://catalog.carbonmapper.org/l3a,True,https://catalog.carbonmapper.org/l3a,True,https://catalog.carbonmapper.org/l3a,,Solid waste / landfill,True,Hidden / unavailable rate,,Indonesia,IDN,True,,,True,2025-04-20 03:08:53+00:00,2025-04-20 03:08:53+00:00,Saved cohort datetime fallback,289.47664844907405,29.3472291189088,>15-30°,>2-4 m/s,1,1 plume,Not flagged offshore,2025,CM500-703a0f1a8e
590b8fa8-bfda-4f3f-912e-b46746422a80,tan20250420t030156c00s4001-A,CH4,246f3e24-6386-49a3-ab92-1c6b6c868d3e,,tan,production,Tanager,633.0678424040477,137.72190594480566,mfa,33.91661982723156,maximum_sensitivity,9.447392895142647,,3.3888888888888893,83.66772105683653,v3,3.12.0,False,l2c-ch4-v0,mfa,6A,published,False,2025-05-20 03:20:24.211000+00:00,2025-05-20 03:20:24.210000+00:00,121.16363647323251,14.688935021913782,121.14749722737915,14.674089563528097,121.17934686839958,14.704898175270475,0,[],True,https://catalog.carbonmapper.org/l3a,True,https://catalog.carbonmapper.org/l3a,True,https://catalog.carbonmapper.org/l3a,True,https://catalog.carbonmapper.org/l3a,True,https://catalog.carbonmapper.org/l3a,,Solid waste / landfill,True,Public rate + uncertainty,21.754683577326038,Philippines,PHL,True,633.0678424040477,137.72190594480566,False,2025-04-20 03:01:56+00:00,2025-04-20 03:01:56+00:00,Saved cohort datetime fallback,30.012826516203706,9.447392895142647,>5-15°,>2-4 m/s,4,4+ plumes,Not flagged offshore,2025,CM500-5c4211c9ce
e3f2152c-97fc-4c78-ae8b-29d2773a5474,tan20250420t030156c00s4001-B,CH4,246f3e24-6386-49a3-ab92-1c6b6c868d3e,,tan,production,Tanager,,,mfa,33.91661982723156,maximum_sensitivity,9.447392895142647,,0.8425925925925926,108.71622504848155,v3,3.12.0,False,l2c-ch4-v0,mfa,6A,published,True,2025-05-20 03:20:24.353000+00:00,2025-05-20 03:20:24.352000+00:00,121.15377470949863,14.768565998195154,121.14096727801069,14.754558547306116,121.17254891612892,14.785096657395355,0,[],True,https://catalog.carbonmapper.org/l3a,True,https://catalog.carbonmapper.org/l3a,True,https://catalog.carbonmapper.org/l3a,True,https://catalog.carbonmapper.org/l3a,True,https://catalog.carbonmapper.org/l3a,,Solid waste / landfill,True,Hidden / unavailable rate,,Philippines,PHL,True,,,True,2025-04-20 03:01:56+00:00,2025-04-20 03:01:56+00:00,Saved cohort datetime fallback,30.012828159722222,9.447392895142647,>5-15°,0-2 m/s,4,4+ plumes,Not flagged offshore,2025,CM500-cda1f1e271
8da8de72-1492-4184-ac7b-11b789277576,tan20250420t030156c00s4001-C,CH4,246f3e24-6386-49a3-ab92-1c6b6c868d3e,,tan,production,Tanager,,,mfa,33.91661982723156,maximum_sensitivity,9.447392895142647,,0.8425925925925926,108.71622504848155,v3,3.12.0,False,l2c-ch4-v0,mfa,6A,published,True,2025-05-20 03:20:24.450000+00:00,2025-05-20 03:20:24.449000+00:00,121.1568393923354,14.768590481731511,121.14096727801069,14.754558547306116,121.17254891612892,14.785096657395355,0,[],True,https://catalog.carbonmapper.org/l3a,True,https://catalog.carbonmapper.org/l3a,True,https://catalog.carbonmapper.org/l3a,True,https://catalog.carbonmapper.org/l3a,True,https://catalog.carbonmapper.org/l3a,,Solid waste / landfill,True,Hidden / unavailable rate,,Philippines,PHL,True,,,True,2025-04-20 03:01:56+00:00,2025-04-20 03:01:56+00:00,Saved cohort datetime fallback,30.01282928240741,9.447392895142647,>5-15°,0-2 m/s,4,4+ plumes,Not flagged offshore,2025,CM500-cda1f1e271
5f7b2d48-9c1b-4cbb-ab04-c9acea65e21f,tan20250420t030156c00s4001-D,CH4,246f3e24-6386-49a3-ab92-1c6b6c868d3e,,tan,production,Tanager,,,mfa,33.91661982723156,maximum_sensitivity,9.447392895142647,,0.8425925925925926,108.71622504848155,v3,3.12.0,False,l2c-ch4-v0,mfa,6A,published,True,2025-05-20 03:20:24.532000+00:00,2025-05-20 03:20:24.531000+00:00,121.15934914669374,14.768339381954611,121.14096727801069,14.754558547306116,121.17254891612892,14.785096657395355,0,[],True,https://catalog.carbonmapper.org/l3a,True,https://catalog.carbonmapper.org/l3a,True,https://catalog.carbonmapper.org/l3a,True,https://catalog.carbonmapper.org/l3a,True,https://catalog.carbonmapper.org/l3a,,Solid waste / landfill,True,Hidden / unavailable rate,,Philippines,PHL,True,,,True,2025-04-20 03:01:56+00:00,2025-04-20 03:01:56+00:00,Saved cohort datetime fallback,30.012830231481484,9.447392895142647,>5-15°,0-2 m/s,4,4+ plumes,Not flagged offshore,2025,CM500-cda1f1e271
1f007cfa-4e96-48c1-944e-dae415857320,tan20250419t034721c00s4001-A,CH4,f40067be-dbc0-4507-8872-e9ac36213d5c,,tan,production,Tanager,,,mfa,33.232185480178586,maximum_sensitivity,9.575898930505277,,0.9259259259259259,292.59832848936145,v3,3.12.0,False,l2c-ch4-v0,mfa,6A,published,True,2025-05-19 04:20:20.608000+00:00,2025-05-19 04:20:20.606000+00:00,106.99679185865868,-6.344617012686845,106.98463200202687,-6.426773055122774,107.0934293621494,-6.318918322440865,0,[],True,https://catalog.carbonmapper.org/l3a,True,https://catalog.carbonmapper.org/l3a,True,https://catalog.carbonmapper.org/l3a,True,https://catalog.carbonmapper.org/l3a,True,https://catalog.carbonmapper.org/l3a,,Solid waste / landfill,True,Hidden / unavailable rate,,Indonesia,IDN,True,,,True,2025-04-19 03:47:21+00:00,2025-04-19 03:47:21+00:00,Saved cohort datetime fallback,30.02291212962963,9.575898930505277,>5-15°,0-2 m/s,3,2-3 plumes,Not flagged offshore,2025,CM500-6ba45e438c
92dc5c61-b136-49b3-8bcf-2d99151cbb73,tan20250419t034721c00s4001-B,CH4,f40067be-dbc0-4507-8872-e9ac36213d5c,,tan,production,Tanager,,,mfa,33.232185480178586,maximum_sensitivity,9.575898930505277,,1.1388888888888888,300.5267271162868,v3,3.12.0,False,l2c-ch4-v0,mfa,6A,published,True,2025-05-19 04:20:20.910000+00:00,2025-05-19 04:20:20.908000+00:00,106.99789397829916,-6.349223572446341,106.98517519602174,-6.426503619965992,107.09342855061712,-6.319189531096896,0,[],True,https://catalog.carbonmapper.org/l3a,True,https://catalog.carbonmapper.org/l3a,True,https://catalog.carbonmapper.org/l3a,True,https://catalog.carbonmapper.org/l3a,True,https://catalog.carbonmapper.org/l3a,,Solid waste / landfill,True,Hidden / unavailable rate,,Indonesia,IDN,True,,,True,2025-04-19 03:47:21+00:00,2025-04-19 03:47:21+00:00,Saved cohort datetime fallback,30.022915625000003,9.575898930505277,>5-15°,0-2 m/s,3,2-3 plumes,Not flagged offshore,2025,CM500-6ba45e438c
c417c60a-1351-4efb-973e-110e163ba949,tan20250419t034721c00s4001-C,CH4,f40067be-dbc0-4507-8872-e9ac36213d5c,,tan,production,Tanager,,,mfa,33.232185480178586,maximum_sensitivity,9.575898930505277,,1.1388888888888888,300.5267271162868,v3,3.25.1,False,l2c-ch4-v0,mfa,6A,published,True,2025-08-19 19:29:03.640000+00:00,2025-08-19 19:29:04.205000+00:00,106.99876505002078,-6.357494343622633,106.9847257522467,-6.37442480736701,107.01573293777163,-6.343878724502498,0,[],True,https://catalog.carbonmapper.org/l3a,True,https://catalog.carbonmapper.org/l3a,True,https://catalog.carbonmapper.org/l3a,True,https://catalog.carbonmapper.org/l3a,True,https://catalog.carbonmapper.org/l3a,,Solid waste / landfill,True,Hidden / unavailable rate,,Indonesia,IDN,True,,,True,2025-04-19 03:47:21+00:00,2025-04-19 03:47:21+00:00,Saved cohort datetime fallback,122.65396574074074,9.575898930505277,>5-15°,0-2 m/s,3,2-3 plumes,Not flagged offshore,2025,CM500-17f5d3eb36
9495f763-05cf-47a3-88f6-29baca5de2b4,tan20250417t033233c00s4001-A,CH4,d9cd508c-4184-45ce-9535-2d9aad3e5b52,,tan,production,Tanager,,,mfa,35.53494194290542,standard_sensitivity,28.48879157642336,,0.75,197.8873626590456,v3,3.12.0,False,l2c-ch4-v0,mfa,other,published,True,2025-05-17 04:20:12.843000+00:00,2025-05-17 04:20:12.841000+00:00,111.4280798019131,1.715226842216452,111.41571951721895,1.7015737747721993,111.44657179725539,1.7321416919531047,0,[],True,https://catalog.carbonmapper.org/l3a,True,https://catalog.carbonmapper.org/l3a,True,https://catalog.carbonmapper.org/l3a,True,https://catalog.carbonmapper.org/l3a,True,https://catalog.carbonmapper.org/l3a,,Other / unclassified,False,Hidden / unavailable rate,,Malaysia,MYS,True,,,True,2025-04-17 03:32:33+00:00,2025-04-17 03:32:33+00:00,Saved cohort datetime fallback,30.03310003472222,28.48879157642336,>15-30°,0-2 m/s,1,1 plume,Not flagged offshore,2025,CM500-4b4608c0b3
18b8a47b-aa77-46fd-b037-cf30de58a556,tan20250416t041119c00s4001-A,CH4,c20ebbd2-1124-4577-b78c-a7d8353fa627,,tan,production,Tanager,1657.580748995145,544.4089773564707,mfa,33.385526443020346,maximum_sensitivity,12.521846372821141,,1.6018518518518519,344.70069039258385,v3,3.12.0,False,l2c-ch4-v0,mfa,6A,published,False,2025-05-16 04:20:01.095000+00:00,2025-05-16 04:20:01.094000+00:00,101.60446667538064,2.730741381832561,101.59432091106534,2.7152672157554165,101.62489064668355,2.7458022430071107,0,[],True,https://catalog.carbonmapper.org/l3a,True,https://catalog.carbonmapper.org/l3a,True,https://catalog.carbonmapper.org/l3a,True,https://catalog.carbonmapper.org/l3a,True,https://catalog.carbonmapper.org/l3a,,Solid waste / landfill,True,Public rate + uncertainty,32.843587118546175,Malaysia,MYS,True,1657.580748995145,544.4089773564707,False,2025-04-16 04:11:19+00:00,2025-04-16 04:11:19+00:00,Saved cohort datetime fallback,30.006042766203706,12.521846372821141,>5-15°,0-2 m/s,2,2-3 plumes,Not flagged offshore,2025,CM500-384aaa17c4
2cb26b2a-b087-461a-8590-0a91fb76964f,tan20250416t041119c00s4001-B,CH4,c20ebbd2-1124-4577-b78c-a7d8353fa627,,tan,production,Tanager,683.7516716820379,236.60166239342212,mfa,33.385526443020346,maximum_sensitivity,12.521846372821141,,1.6018518518518519,344.70069039258385,v3,3.12.0,False,l2c-ch4-v0,mfa,6A,published,False,2025-05-16 04:20:01.215000+00:00,2025-05-16 04:20:01.214000+00:00,101.60312146455608,2.732099975371464,101.59432091106534,2.7152672157554165,101.62489064668355,2.7458022430071107,0,[],True,https://catalog.carbonmapper.org/l3a,True,https://catalog.carbonmapper.org/l3a,True,https://catalog.carbonmapper.org/l3a,True,https://catalog.carbonmapper.org/l3a,True,https://catalog.carbonmapper.org/l3a,,Solid waste / landfill,True,Public rate + uncertainty,34.603449204208744,Malaysia,MYS,True,683.7516716820379,236.6016623934221,False,2025-04-16 04:11:19+00:00,2025-04-16 04:11:19+00:00,Saved cohort datetime fallback,30.006044155092592,12.521846372821141,>5-15°,0-2 m/s,2,2-3 plumes,Not flagged offshore,2025,CM500-384aaa17c4
ddeb5705-c7b6-4f0c-9c62-239a21bb506c,tan20250416t040627c00s4001-A,CH4,21b5b2f7-a773-492f-aebc-98a859eca9f5,,tan,production,Tanager,1322.391285580159,318.64998539930565,mfa,32.997746543700984,maximum_sensitivity,9.349197230855886,,2.7870370370370368,149.99969522011378,v3,3.12.0,False,l2c-ch4-v0,mfa,6A,published,False,2025-05-16 04:20:00.910000+00:00,2025-05-16 04:20:00.909000+00:00,105.83602688766206,21.33365507022144,105.80548307017588,21.32834921233165,105.85074912997526,21.37023878444602,0,[],True,https://catalog.carbonmapper.org/l3a,True,https://catalog.carbonmapper.org/l3a,True,https://catalog.carbonmapper.org/l3a,True,https://catalog.carbonmapper.org/l3a,True,https://catalog.carbonmapper.org/l3a,,Solid waste / landfill,True,Public rate + uncertainty,24.09649767614036,Vietnam,VNM,True,1322.391285580159,318.64998539930565,False,2025-04-16 04:06:27+00:00,2025-04-16 04:06:27+00:00,Saved cohort datetime fallback,30.00942025462963,9.349197230855886,>5-15°,>2-4 m/s,1,1 plume,Not flagged offshore,2025,CM500-9f80453c2c
dedfd292-81a5-43ba-8db3-1dff4f84ee0f,tan20250413t030109c00s4001-A,CH4,8f87fc82-5067-47f8-8993-a9031e9344ad,,tan,production,Tanager,,,mfa,33.92806245659283,maximum_sensitivity,9.382243918451703,,0.9074074074074074,312.68501716409855,v3,3.11.1,False,l2c-ch4-v0,mfa,6A,published,True,2025-05-13 03:20:05.959000+00:00,2025-05-13 03:20:05.957000+00:00,121.15343655557122,14.77561238497639,121.14260668979045,14.758096059855394,121.17418987106909,14.788905403263678,0,[],True,https://catalog.carbonmapper.org/l3a,True,https://catalog.carbonmapper.org/l3a,True,https://catalog.carbonmapper.org/l3a,True,https://catalog.carbonmapper.org/l3a,True,https://catalog.carbonmapper.org/l3a,,Solid waste / landfill,True,Hidden / unavailable rate,,Philippines,PHL,True,,,True,2025-04-13 03:01:09+00:00,2025-04-13 03:01:09+00:00,Saved cohort datetime fallback,30.013159247685184,9.382243918451703,>5-15°,0-2 m/s,1,1 plume,Not flagged offshore,2025,CM500-cda1f1e271
27ae2ea4-3072-49ad-8da8-9aec08f992e1,tan20250410t032526c00s4001-A,CH4,9fcbcc39-2f8b-4f74-a1b4-332c707f5a4c,,tan,production,Tanager,1985.7072127074528,273.45221198435075,mfa,36.23699828728313,maximum_sensitivity,25.95616027931595,,2.2037037037037037,263.2775632271268,v3,3.8.1-alpha.2+hotfix.245.1360bd52,False,l2c-ch4-v0,mfa,6A,published,False,2025-05-10 04:19:56.433000+00:00,2025-05-10 04:19:56.431000+00:00,114.17293595177684,22.546266051433648,114.15983031967204,22.53787529572233,114.1934434381925,22.568917766168564,0,[],True,https://catalog.carbonmapper.org/l3a,True,https://catalog.carbonmapper.org/l3a,True,https://catalog.carbonmapper.org/l3a,True,https://catalog.carbonmapper.org/l3a,True,https://catalog.carbonmapper.org/l3a,,Solid waste / landfill,True,Public rate + uncertainty,13.771023755889308,Hong Kong,HKG,False,1985.7072127074528,273.45221198435075,False,2025-04-10 03:25:26+00:00,2025-04-10 03:25:26+00:00,Saved cohort datetime fallback,30.037852233796297,25.95616027931595,>15-30°,>2-4 m/s,1,1 plume,Not flagged offshore,2025,CM500-3ecae5a435
f09f0967-3f7d-4868-bce3-c65ffb92230f,tan20250409t040802c00s4001-A,CH4,66544f67-0475-4f8f-bfbb-7d672f250825,,tan,production,Tanager,,,mfa,34.80274800868786,maximum_sensitivity,18.37510005516357,,2.111111111111111,150.6650057162162,v3,3.11.1,False,l2c-ch4-v0,mfa,6A,published,True,2025-05-09 04:19:58.551000+00:00,2025-05-09 04:19:58.550000+00:00,104.88634767357424,11.486949604969372,104.85950433423268,11.475293980746732,104.90614354939261,11.520997199497602,0,[],True,https://catalog.carbonmapper.org/l3a,True,https://catalog.carbonmapper.org/l3a,True,https://catalog.carbonmapper.org/l3a,True,https://catalog.carbonmapper.org/l3a,True,https://catalog.carbonmapper.org/l3a,,Solid waste / landfill,True,Hidden / unavailable rate,,Cambodia,KHM,True,,,True,2025-04-09 04:08:02+00:00,2025-04-09 04:08:02+00:00,Saved cohort datetime fallback,30.00829341435185,18.37510005516357,>15-30°,>2-4 m/s,2,2-3 plumes,Not flagged offshore,2025,CM500-007e566671
c4c1de2c-2eed-4915-8a80-f8b60d92d8d8,tan20250409t040802c00s4001-B,CH4,66544f67-0475-4f8f-bfbb-7d672f250825,,tan,production,Tanager,283.93570749532614,66.20548748184869,mfa,34.80274800868786,maximum_sensitivity,18.37510005516357,,2.111111111111111,150.6650057162162,v3,3.11.1,False,l2c-ch4-v0,mfa,6A,published,False,2025-05-09 04:19:58.702000+00:00,2025-05-09 04:19:58.701000+00:00,104.88772530653009,11.481252609580103,104.8592290433322,11.475023595353795,104.90642119082744,11.520998232764693,0,[],True,https://catalog.carbonmapper.org/l3a,True,https://catalog.carbonmapper.org/l3a,True,https://catalog.carbonmapper.org/l3a,True,https://catalog.carbonmapper.org/l3a,True,https://catalog.carbonmapper.org/l3a,,Solid waste / landfill,True,Public rate + uncertainty,23.3170699331427,Cambodia,KHM,True,283.93570749532614,66.20548748184869,False,2025-04-09 04:08:02+00:00,2025-04-09 04:08:02+00:00,Saved cohort datetime fallback,30.008295162037037,18.37510005516357,>15-30°,>2-4 m/s,2,2-3 plumes,Not flagged offshore,2025,CM500-007e566671
44dae408-7b31-4ce8-91b0-04aad83c5d15,tan20250407t035451c00s4001-A,CH4,85a4acbd-cbd8-47a7-8deb-c02014e43239,,tan,first_light,Tanager,5187.846540662977,923.6269690989329,mfa,33.241228373323985,maximum_sensitivity,11.555250627978847,,3.5648148148148144,80.332753728081,v3,3.8.1-alpha.2+hotfix.245.1360bd52,False,l2c-ch4-v0,mfa,6A,published,False,2025-05-07 04:19:54.686000+00:00,2025-05-07 04:19:54.685000+00:00,106.66643694390248,10.66423705846328,106.56014213823224,10.600176875646625,106.68668888666738,10.724538713126693,0,[],True,https://catalog.carbonmapper.org/l3a,True,https://catalog.carbonmapper.org/l3a,True,https://catalog.carbonmapper.org/l3a,True,https://catalog.carbonmapper.org/l3a,True,https://catalog.carbonmapper.org/l3a,,Solid waste / landfill,True,Public rate + uncertainty,17.803667896870728,Vietnam,VNM,True,5187.846540662977,923.6269690989328,False,2025-04-07 03:54:51+00:00,2025-04-07 03:54:51+00:00,Saved cohort datetime fallback,30.01740377314815,11.555250627978847,>5-15°,>2-4 m/s,2,2-3 plumes,Not flagged offshore,2025,CM500-c87043980e
c058b72c-3e87-4f27-8747-d846ab66dead,tan20250407t035451c00s4001-B,CH4,85a4acbd-cbd8-47a7-8deb-c02014e43239,,tan,first_light,Tanager,,,mfa,33.241228373323985,maximum_sensitivity,11.555250627978847,,3.5648148148148144,80.332753728081,v3,3.8.1-alpha.2+hotfix.245.1360bd52,False,l2c-ch4-v0,mfa,6A,published,True,2025-05-07 04:19:55.856000+00:00,2025-05-07 04:19:55.854000+00:00,106.67330508620732,10.66664136669209,106.56014213823224,10.600176875646625,106.68668888666738,10.724538713126693,0,[],True,https://catalog.carbonmapper.org/l3a,True,https://catalog.carbonmapper.org/l3a,True,https://catalog.carbonmapper.org/l3a,True,https://catalog.carbonmapper.org/l3a,True,https://catalog.carbonmapper.org/l3a,,Solid waste / landfill,True,Hidden / unavailable rate,,Vietnam,VNM,True,,,True,2025-04-07 03:54:51+00:00,2025-04-07 03:54:51+00:00,Saved cohort datetime fallback,30.017417314814818,11.555250627978847,>5-15°,>2-4 m/s,2,2-3 plumes,Not flagged offshore,2025,CM500-c87043980e
da0728cf-443a-4012-9fb9-291e03659200,tan20250405t034554c00s4001-A,CH4,284d0215-881f-480c-bae3-c3ef0ee09e58,,tan,first_light,Tanager,,,mfa,33.030032699014946,standard_sensitivity,7.100043189914336,,1.0185185185185184,8.991735692536738,v3,3.8.1-alpha.2+hotfix.245.1360bd52,False,l2c-ch4-v0,mfa,6A,published,True,2025-05-05 04:19:47.378000+00:00,2025-05-05 04:19:47.377000+00:00,106.64432246420438,-6.566398348944944,106.62589048535594,-6.584581307821799,106.65664349047574,-6.554030221257417,0,[],True,https://catalog.carbonmapper.org/l3a,True,https://catalog.carbonmapper.org/l3a,True,https://catalog.carbonmapper.org/l3a,True,https://catalog.carbonmapper.org/l3a,True,https://catalog.carbonmapper.org/l3a,,Solid waste / landfill,True,Hidden / unavailable rate,,Indonesia,IDN,True,,,True,2025-04-05 03:45:54+00:00,2025-04-05 03:45:54+00:00,Saved cohort datetime fallback,30.023534467592594,7.100043189914336,>5-15°,0-2 m/s,3,2-3 plumes,Not flagged offshore,2025,CM500-f12bbc24a3
a57a4f15-c6e7-4c63-92a7-e4f32f7b8f95,tan20250405t034554c00s4001-B,CH4,284d0215-881f-480c-bae3-c3ef0ee09e58,,tan,first_light,Tanager,1304.8346202820537,220.68576411882577,mfa,33.030032699014946,standard_sensitivity,7.100043189914336,,1.0833333333333333,353.36372741162296,v3,3.8.1-alpha.2+hotfix.245.1360bd52,False,l2c-ch4-v0,mfa,6A,published,False,2025-05-05 04:19:51.050000+00:00,2025-05-05 04:19:51.049000+00:00,106.78831585619275,-6.423190687546395,106.78189329476615,-6.4405489936053435,106.81290813251876,-6.409999322301068,0,[],True,https://catalog.carbonmapper.org/l3a,True,https://catalog.carbonmapper.org/l3a,True,https://catalog.carbonmapper.org/l3a,True,https://catalog.carbonmapper.org/l3a,True,https://catalog.carbonmapper.org/l3a,,Solid waste / landfill,True,Public rate + uncertainty,16.912929860116847,Indonesia,IDN,True,1304.8346202820535,220.68576411882577,False,2025-04-05 03:45:54+00:00,2025-04-05 03:45:54+00:00,Saved cohort datetime fallback,30.02357696759259,7.100043189914336,>5-15°,0-2 m/s,3,2-3 plumes,Not flagged offshore,2025,CM500-13e2da0433
3de61610-4266-46eb-96f1-b189be0d4f60,tan20250405t034554c00s4001-C,CH4,284d0215-881f-480c-bae3-c3ef0ee09e58,,tan,first_light,Tanager,756.4106264232117,249.82151071919665,mfa,33.030032699014946,standard_sensitivity,7.100043189914336,,1.6296296296296298,317.3299021184476,v3,3.8.1-alpha.2+hotfix.245.1360bd52,False,l2c-ch4-v0,mfa,6A,published,False,2025-05-05 04:19:51.149000+00:00,2025-05-05 04:19:51.148000+00:00,106.66335758866518,-6.327061207189445,106.65033835218266,-6.3433402260513985,106.68107654434144,-6.312789319428399,0,[],True,https://catalog.carbonmapper.org/l3a,True,https://catalog.carbonmapper.org/l3a,True,https://catalog.carbonmapper.org/l3a,True,https://catalog.carbonmapper.org/l3a,True,https://catalog.carbonmapper.org/l3a,,Solid waste / landfill,True,Public rate + uncertainty,33.02723441373516,Indonesia,IDN,True,756.4106264232117,249.82151071919665,False,2025-04-05 03:45:54+00:00,2025-04-05 03:45:54+00:00,Saved cohort datetime fallback,30.023578113425927,7.100043189914336,>5-15°,0-2 m/s,3,2-3 plumes,Not flagged offshore,2025,CM500-2e8534e4e3
8440b2d7-f84a-4261-9dce-ff788efcc265,tan20250403t032440c00s4001-A,CH4,9b45d558-2876-481f-bfc2-5695e0d5a81d,,tan,first_light,Tanager,9937.796080744163,1577.378564684505,mfa,36.700151864432826,standard_sensitivity,24.124533335030257,,1.796296296296296,32.99725279528499,v3,3.8.0,False,l2c-ch4-v0,mfa,6A,published,False,2025-05-03 04:19:55.916000+00:00,2025-05-03 04:19:55.914000+00:00,114.17285431870414,22.546420639758963,114.10013080916829,22.504491496583434,114.18430148132069,22.58223065067104,0,[],True,https://catalog.carbonmapper.org/l3a,True,https://catalog.carbonmapper.org/l3a,True,https://catalog.carbonmapper.org/l3a,True,https://catalog.carbonmapper.org/l3a,True,https://catalog.carbonmapper.org/l3a,,Solid waste / landfill,True,Public rate + uncertainty,15.87251893546992,Hong Kong,HKG,False,9937.796080744163,1577.378564684505,False,2025-04-03 03:24:40+00:00,2025-04-03 03:24:40+00:00,Saved cohort datetime fallback,30.03837865740741,24.124533335030257,>15-30°,0-2 m/s,1,1 plume,Not flagged offshore,2025,CM500-3ecae5a435
c0c38ddf-2cb2-4f39-b34a-c66b85fee64b,tan20250322t034407c00s4001-A,CH4,8775f04e-d533-425e-89ec-e0bd02b0b787,,tan,first_light,Tanager,,,mfa,32.687584197113715,standard_sensitivity,6.079439444418826,,3.657407407407407,289.00427669208847,v3,3.6.3,False,l2c-ch4-v0,mfa,6A,published,True,2025-04-21 04:19:38.981000+00:00,2025-04-21 04:19:38.979000+00:00,106.99792562229311,-6.34539935131825,106.98304623004249,-6.3605981678531345,107.01378063527673,-6.329781719244325,0,[],True,https://catalog.carbonmapper.org/l3a,True,https://catalog.carbonmapper.org/l3a,True,https://catalog.carbonmapper.org/l3a,True,https://catalog.carbonmapper.org/l3a,True,https://catalog.carbonmapper.org/l3a,,Solid waste / landfill,True,Hidden / unavailable rate,,Indonesia,IDN,True,,,True,2025-03-22 03:44:07+00:00,2025-03-22 03:44:07+00:00,Saved cohort datetime fallback,30.02467570601852,6.079439444418826,>5-15°,>2-4 m/s,1,1 plume,Not flagged offshore,2025,CM500-6ba45e438c
b60a2c5f-d2b1-46fe-acbd-c4c37a63d07f,tan20250320t032304c00s4001-A,CH4,79ee57aa-f550-4816-b383-cbde4b824142,,tan,first_light,Tanager,2252.033940900086,505.4837787973328,mfa,37.50996199930514,maximum_sensitivity,26.979293704304666,,1.8796296296296298,27.000000000000004,v3,3.6.2,False,l2c-ch4-v0,mfa,6A,published,False,2025-04-19 04:19:37.446000+00:00,2025-04-19 04:19:37.444000+00:00,113.9318901130412,22.420917860136377,113.89199654217612,22.36852376948772,113.95769718577438,22.42926751768271,0,[],True,https://catalog.carbonmapper.org/l3a,True,https://catalog.carbonmapper.org/l3a,True,https://catalog.carbonmapper.org/l3a,True,https://catalog.carbonmapper.org/l3a,True,https://catalog.carbonmapper.org/l3a,,Solid waste / landfill,True,Public rate + uncertainty,22.445655441378587,Offshore / boundary-unassigned,,False,2252.033940900086,505.4837787973328,False,2025-03-20 03:23:04+00:00,2025-03-20 03:23:04+00:00,Saved cohort datetime fallback,30.03927599537037,26.979293704304666,>15-30°,0-2 m/s,1,1 plume,Not flagged offshore,2025,CM500-35a6d3e878
211b4fa0-87ba-4f3c-a859-f6f9f4e40772,tan20250319t040536c00s4001-A,CH4,ad9281d9-39b3-4ba2-9a8b-71b7b525a0f0,,tan,first_light,Tanager,1915.2992629508174,385.44994313655405,mfa,34.50711152380573,maximum_sensitivity,18.80365446913258,,5.944444444444444,37.33322798267438,v3,3.6.2,False,l2c-ch4-v0,mfa,6A,published,False,2025-04-18 04:19:24.549000+00:00,2025-04-18 04:19:24.548000+00:00,104.88910182382917,11.478268714992582,104.85264262337839,11.444092791820395,104.89982866893705,11.490336937632918,0,[],True,https://catalog.carbonmapper.org/l3a,True,https://catalog.carbonmapper.org/l3a,True,https://catalog.carbonmapper.org/l3a,True,https://catalog.carbonmapper.org/l3a,True,https://catalog.carbonmapper.org/l3a,,Solid waste / landfill,True,Public rate + uncertainty,20.124789404591965,Cambodia,KHM,True,1915.2992629508171,385.44994313655405,False,2025-03-19 04:05:36+00:00,2025-03-19 04:05:36+00:00,Saved cohort datetime fallback,30.0095896875,18.80365446913258,>15-30°,>4-6 m/s,3,2-3 plumes,Not flagged offshore,2025,CM500-007e566671
18f9b996-7946-4e21-aff2-ae2699343532,tan20250319t040536c00s4001-B,CH4,ad9281d9-39b3-4ba2-9a8b-71b7b525a0f0,,tan,first_light,Tanager,785.6127491195996,96.85520764316493,mfa,34.50711152380573,maximum_sensitivity,18.80365446913258,,5.944444444444444,37.33322798267438,v3,3.6.2,False,l2c-ch4-v0,mfa,6A,published,False,2025-04-18 04:19:24.626000+00:00,2025-04-18 04:19:24.623000+00:00,104.88524835752428,11.484507376954715,104.85181628005509,11.442739794927473,104.90065991743803,11.490608536240194,0,[],True,https://catalog.carbonmapper.org/l3a,True,https://catalog.carbonmapper.org/l3a,True,https://catalog.carbonmapper.org/l3a,True,https://catalog.carbonmapper.org/l3a,True,https://catalog.carbonmapper.org/l3a,,Solid waste / landfill,True,Public rate + uncertainty,12.328619635018164,Cambodia,KHM,True,785.6127491195996,96.85520764316492,False,2025-03-19 04:05:36+00:00,2025-03-19 04:05:36+00:00,Saved cohort datetime fallback,30.009590578703705,18.80365446913258,>15-30°,>4-6 m/s,3,2-3 plumes,Not flagged offshore,2025,CM500-007e566671
65912f4a-01f0-4b8a-9ec1-af21ccbe1193,tan20250319t040536c00s4001-C,CH4,ad9281d9-39b3-4ba2-9a8b-71b7b525a0f0,,tan,first_light,Tanager,1035.9038739030557,227.73753083251611,mfa,34.50711152380573,maximum_sensitivity,18.80365446913258,,5.944444444444444,37.33322798267438,v3,3.6.2,False,l2c-ch4-v0,mfa,6A,published,False,2025-04-18 04:19:24.690000+00:00,2025-04-18 04:19:24.688000+00:00,104.88744937568204,11.483422990732835,104.85346766105799,11.4443634846194,104.9006547295718,11.490338171388716,0,[],True,https://catalog.carbonmapper.org/l3a,True,https://catalog.carbonmapper.org/l3a,True,https://catalog.carbonmapper.org/l3a,True,https://catalog.carbonmapper.org/l3a,True,https://catalog.carbonmapper.org/l3a,,Solid waste / landfill,True,Public rate + uncertainty,21.984426988814292,Cambodia,KHM,True,1035.9038739030557,227.7375308325161,False,2025-03-19 04:05:36+00:00,2025-03-19 04:05:36+00:00,Saved cohort datetime fallback,30.009591319444443,18.80365446913258,>15-30°,>4-6 m/s,3,2-3 plumes,Not flagged offshore,2025,CM500-007e566671
6f7a9b52-6fdc-4e74-9ccd-febde8ac9e74,tan20250315t034100c00s4001-A,CH4,c8c74957-c63c-4d61-979f-fe0bb2c9bf5a,,tan,first_light,Tanager,,,mfa,37.357065363154405,standard_sensitivity,29.80268276216374,,1.287037037037037,293.95833454250754,v3d,3.72.9,False,l2c-ch4-v0,mfa,6A,published,True,2026-05-29 20:13:27.568000+00:00,2026-05-29 20:13:28.155000+00:00,110.34274593358646,1.379078326352214,110.32724405601004,1.3655197571505913,110.35781761930443,1.396354924309596,0,[],True,https://catalog.carbonmapper.org/l3a,True,https://catalog.carbonmapper.org/l3a,True,https://catalog.carbonmapper.org/l3a,True,https://catalog.carbonmapper.org/l3a,True,https://catalog.carbonmapper.org/l3a,,Solid waste / landfill,True,Hidden / unavailable rate,,Malaysia,MYS,True,,,True,2025-03-15 03:41:00+00:00,2025-03-15 03:41:00+00:00,Saved cohort datetime fallback,440.689207962963,29.80268276216374,>15-30°,0-2 m/s,2,2-3 plumes,Not flagged offshore,2025,CM500-f24278e7fd
ff762840-ae2b-43f2-ab25-70ee280daf76,tan20250315t034100c00s4001-B,CH4,c8c74957-c63c-4d61-979f-fe0bb2c9bf5a,,tan,first_light,Tanager,,,mfa,37.357065363154405,standard_sensitivity,29.80268276216374,,1.287037037037037,293.95833454250754,v3d,3.72.9,False,l2c-ch4-v0,mfa,6A,published,True,2026-05-29 20:13:27.568000+00:00,2026-05-29 20:13:28.238000+00:00,110.34703725074706,1.376091563990101,110.33129047800021,1.3603622824578079,110.36159444709976,1.390657518859297,0,[],True,https://catalog.carbonmapper.org/l3a,True,https://catalog.carbonmapper.org/l3a,True,https://catalog.carbonmapper.org/l3a,True,https://catalog.carbonmapper.org/l3a,True,https://catalog.carbonmapper.org/l3a,,Solid waste / landfill,True,Hidden / unavailable rate,,Malaysia,MYS,True,,,True,2025-03-15 03:41:00+00:00,2025-03-15 03:41:00+00:00,Saved cohort datetime fallback,440.689207962963,29.80268276216374,>15-30°,0-2 m/s,2,2-3 plumes,Not flagged offshore,2025,CM500-f24278e7fd
bf6ee23d-4fdd-46f3-90a3-8c63b0d86da3,tan20250315t033841c00s4001-A,CH4,88423fe5-d544-4772-849e-c1668270b67c,,tan,first_light,Tanager,538.6365245183308,211.76467721872766,mfa,35.80675675963316,standard_sensitivity,29.331793572912506,,1.7037037037037035,111.44751071970249,v3,3.26.1,False,l2c-ch4-v0,mfa,6A,published,False,2025-09-04 19:17:30.711000+00:00,2025-09-04 19:17:30.751000+00:00,109.1333429398855,13.741551414752706,109.1185650901383,13.729514017920604,109.15028409356837,13.76032468835486,0,[],True,https://catalog.carbonmapper.org/l3a,True,https://catalog.carbonmapper.org/l3a,True,https://catalog.carbonmapper.org/l3a,True,https://catalog.carbonmapper.org/l3a,True,https://catalog.carbonmapper.org/l3a,,Solid waste / landfill,True,Public rate + uncertainty,39.31494942867004,Vietnam,VNM,True,538.6365245183308,211.76467721872768,False,2025-03-15 03:38:41+00:00,2025-03-15 03:38:41+00:00,Saved cohort datetime fallback,173.65196424768519,29.331793572912506,>15-30°,0-2 m/s,1,1 plume,Not flagged offshore,2025,CM500-ddf74cefc8
6caeef19-d608-4493-8484-e48f075acd03,tan20250310t035131c00s4001-A,CH4,0b122162-e215-43a7-8537-928a4717f8c6,,tan,first_light,Tanager,1923.6168836112374,469.05404796615824,mfa,32.88336205238193,maximum_sensitivity,10.26657580916744,,3.092592592592592,74.01225560136245,v3,3.1.0,False,l2c-ch4-v0,mfa,6A,published,False,2025-04-09 04:19:25.961000+00:00,2025-04-09 04:19:25.957000+00:00,106.66643251549996,10.66342342661492,106.61729802058693,10.626282944520437,106.67864427495722,10.686571200630496,0,[],True,https://catalog.carbonmapper.org/l3a,True,https://catalog.carbonmapper.org/l3a,True,https://catalog.carbonmapper.org/l3a,True,https://catalog.carbonmapper.org/l3a,True,https://catalog.carbonmapper.org/l3a,,Solid waste / landfill,True,Public rate + uncertainty,24.383963977566854,Vietnam,VNM,True,1923.6168836112372,469.05404796615824,False,2025-03-10 03:51:31+00:00,2025-03-10 03:51:31+00:00,Saved cohort datetime fallback,30.019386122685187,10.26657580916744,>5-15°,>2-4 m/s,1,1 plume,Not flagged offshore,2025,CM500-c87043980e
b4c6f170-f887-4b01-a35e-e47c9cec9664,tan20250308t034218c00s4001-A,CH4,c61bdad8-1b99-4d51-a03f-a03f4a843351,,tan,first_light,Tanager,,,mfa,33.734376907904746,maximum_sensitivity,9.866676406986528,,1.8240740740740742,28.998982982317415,v3,3.18.1,False,l2c-ch4-v0,mfa,6A,published,True,2025-06-06 14:11:07.282000+00:00,2025-06-06 14:11:07.336000+00:00,107.00357006693874,-6.34486206313746,106.94719401333698,-6.407479924777165,107.04375281599471,-6.311244963182332,0,[],True,https://catalog.carbonmapper.org/l3a,True,https://catalog.carbonmapper.org/l3a,True,https://catalog.carbonmapper.org/l3a,True,https://catalog.carbonmapper.org/l3a,True,https://catalog.carbonmapper.org/l3a,,Solid waste / landfill,True,Hidden / unavailable rate,,Indonesia,IDN,True,,,True,2025-03-08 03:42:18+00:00,2025-03-08 03:42:18+00:00,Saved cohort datetime fallback,90.43668150462963,9.866676406986528,>5-15°,0-2 m/s,1,1 plume,Not flagged offshore,2025,CM500-6ba45e438c
315d9031-1c46-44b4-9f45-825844b0f0f7,tan20250304t031537c00s4001-B,CH4,243400b2-9c6b-4011-8006-f435a236ebf8,,tan,first_light,Tanager,,,mfa,32.87685686035613,standard_sensitivity,8.768844225084562,,1.6018518518518519,88.01013180601193,v3,3.18.1,False,l2c-ch4-v0,mfa,other,published,True,2025-06-12 14:46:03.281000+00:00,2025-06-12 14:46:03.474000+00:00,112.7118039301846,-7.527361032778941,112.69526846292455,-7.5405317705049715,112.7260839766427,-7.5097112996507365,0,[],True,https://catalog.carbonmapper.org/l3a,True,https://catalog.carbonmapper.org/l3a,True,https://catalog.carbonmapper.org/l3a,True,https://catalog.carbonmapper.org/l3a,True,https://catalog.carbonmapper.org/l3a,,Other / unclassified,False,Hidden / unavailable rate,,Indonesia,IDN,True,,,True,2025-03-04 03:15:37+00:00,2025-03-04 03:15:37+00:00,Saved cohort datetime fallback,100.4794708449074,8.768844225084562,>5-15°,0-2 m/s,1,1 plume,Not flagged offshore,2025,CM500-07bf199048
59c1ee44-762d-478a-a385-354c9f3ba856,tan20250302t025947c00s4001-A,CH4,52930097-d529-4f23-ae5f-e1833f6c25f0,,tan,first_light,Tanager,505.0913454805102,178.26258576996923,mfa,33.48031053860365,standard_sensitivity,9.375353758611018,,1.7685185185185188,71.45474283555494,v3,3.25.0,False,l2c-ch4-v0,mfa,other,published,False,2025-07-21 15:48:17.756000+00:00,2025-07-21 15:48:17.820000+00:00,117.6578764470292,0.724552919919191,117.64177374693163,0.70872877677242,117.67234104690341,0.7395641205037092,0,[],True,https://catalog.carbonmapper.org/l3a,True,https://catalog.carbonmapper.org/l3a,True,https://catalog.carbonmapper.org/l3a,True,https://catalog.carbonmapper.org/l3a,True,https://catalog.carbonmapper.org/l3a,,Other / unclassified,False,Public rate + uncertainty,35.29313803632531,Indonesia,IDN,True,505.0913454805102,178.26258576996923,False,2025-03-02 02:59:47+00:00,2025-03-02 02:59:47+00:00,Saved cohort datetime fallback,141.53368930555555,9.375353758611018,>5-15°,0-2 m/s,1,1 plume,Not flagged offshore,2025,CM500-942d7b17da
be560525-f30a-4195-9883-d04d66d8648d,tan20250225t031308c00s4001-A,CH4,c2620585-859a-466f-8c5f-e510eebb4996,,tan,first_light,Tanager,288.8324737868129,241.03971827885343,mfa,34.03361818983078,standard_sensitivity,16.43328344460939,,0.5277777777777778,65.00635272957167,v3a,3.41.4,False,l2c-ch4-v0,mfa,1B1a,published,False,2025-12-11 21:53:16.256000+00:00,2025-12-11 21:53:16.940000+00:00,115.4841276553725,-2.219595225325151,115.4685743785497,-2.2392048445754016,115.49888384331285,-2.2089182120660142,0,[],True,https://catalog.carbonmapper.org/l3a,True,https://catalog.carbonmapper.org/l3a,True,https://catalog.carbonmapper.org/l3a,True,https://catalog.carbonmapper.org/l3a,True,https://catalog.carbonmapper.org/l3a,,Coal mining,True,Public rate + uncertainty,83.45312253800267,Indonesia,IDN,True,288.8324737868129,241.03971827885343,False,2025-02-25 03:13:08+00:00,2025-02-25 03:13:08+00:00,Saved cohort datetime fallback,289.77787333333333,16.43328344460939,>15-30°,0-2 m/s,1,1 plume,Not flagged offshore,2025,CM500-aa3d4e17f9
031b1963-5407-4762-a97b-11a3fb44d682,tan20250223t025452c00s4001-A,CH4,7ac46160-8c35-4d14-a5ff-d92a7ae3ca43,,tan,first_light,Tanager,2527.8861872922807,564.0363772139181,mfa,33.12874795587455,maximum_sensitivity,9.873131774091178,,2.388888888888889,69.31782875718709,v3,3.0.1,False,l2c-ch4-v0,mfa,6A,published,False,2025-03-25 03:19:29.878000+00:00,2025-03-25 23:33:17.833000+00:00,121.1543159026974,14.770468158033912,121.11305961582185,14.739918750807304,121.16588041822568,14.790725046968817,0,[],True,https://catalog.carbonmapper.org/l3a,True,https://catalog.carbonmapper.org/l3a,True,https://catalog.carbonmapper.org/l3a,True,https://catalog.carbonmapper.org/l3a,True,https://catalog.carbonmapper.org/l3a,,Solid waste / landfill,True,Public rate + uncertainty,22.312570085209405,Philippines,PHL,True,2527.8861872922807,564.0363772139181,False,2025-02-23 02:54:52+00:00,2025-02-23 02:54:52+00:00,Saved cohort datetime fallback,30.017105069444444,9.873131774091178,>5-15°,>2-4 m/s,2,2-3 plumes,Not flagged offshore,2025,CM500-cda1f1e271
8fe229f8-2da8-4a41-ab89-3554f447644f,tan20250223t025452c00s4001-B,CH4,7ac46160-8c35-4d14-a5ff-d92a7ae3ca43,,tan,first_light,Tanager,,,mfa,33.12874795587455,maximum_sensitivity,9.873131774091178,,5.564814814814814,64.6665349984058,v3,3.0.1,False,l2c-ch4-v0,mfa,6A,published,True,2025-03-25 03:19:30.022000+00:00,2025-03-25 23:34:26.290000+00:00,121.16390818901164,14.68975053808173,121.14720503434702,14.675985171842244,121.17877455130387,14.706522569670181,0,[],True,https://catalog.carbonmapper.org/l3a,True,https://catalog.carbonmapper.org/l3a,True,https://catalog.carbonmapper.org/l3a,True,https://catalog.carbonmapper.org/l3a,True,https://catalog.carbonmapper.org/l3a,,Solid waste / landfill,True,Hidden / unavailable rate,,Philippines,PHL,True,,,True,2025-02-23 02:54:52+00:00,2025-02-23 02:54:52+00:00,Saved cohort datetime fallback,30.01710673611111,9.873131774091178,>5-15°,>4-6 m/s,2,2-3 plumes,Not flagged offshore,2025,CM500-5c4211c9ce
4f31a749-4ff2-4682-804a-d1866c464ef8,tan20250219t023037c00s4001-A,CH4,23bd5eb2-7b15-408f-a6cc-7df60aafa0eb,,tan,first_light,Tanager,516.9716060750278,158.36725329467686,mfa,38.41275798275659,standard_sensitivity,29.002612058924363,,3.7407407407407405,14.325476765671276,v3,3.15.0,False,l2c-ch4-v0,mfa,6A,published,False,2025-05-16 18:50:16.667000+00:00,2025-05-16 18:50:16.715000+00:00,125.55269345064954,7.149160422189681,125.53716688486834,7.135413784845905,125.56794102590646,7.165948570938287,0,[],True,https://catalog.carbonmapper.org/l3a,True,https://catalog.carbonmapper.org/l3a,True,https://catalog.carbonmapper.org/l3a,True,https://catalog.carbonmapper.org/l3a,True,https://catalog.carbonmapper.org/l3a,,Solid waste / landfill,True,Public rate + uncertainty,30.63364630352505,Philippines,PHL,True,516.9716060750278,158.36725329467686,False,2025-02-19 02:30:37+00:00,2025-02-19 02:30:37+00:00,Saved cohort datetime fallback,86.68032021990741,29.002612058924363,>15-30°,>2-4 m/s,1,1 plume,Not flagged offshore,2025,CM500-ac1926fef7
96c011ef-6c3f-4b16-afc1-7415795259f7,tan20250217t034814c00s4001-A,CH4,cf631d04-f19a-4875-8f5d-4befbc930ff4,,tan,first_light,Tanager,,,mfa,39.01772874388945,standard_sensitivity,30.487048376585115,,2.240740740740741,59.332278943163466,v3,3.17.0,False,l2c-ch4-v0,mfa,6A,published,True,2025-03-19 04:19:19.429000+00:00,2025-03-25 22:33:55.057000+00:00,106.66802510980256,10.66521436198012,106.64891189228742,10.642585760464764,106.68247452975065,10.675569279331702,0,[],True,https://catalog.carbonmapper.org/l3a,True,https://catalog.carbonmapper.org/l3a,True,https://catalog.carbonmapper.org/l3a,True,https://catalog.carbonmapper.org/l3a,True,https://catalog.carbonmapper.org/l3a,,Solid waste / landfill,True,Hidden / unavailable rate,,Vietnam,VNM,True,,,True,2025-02-17 03:48:14+00:00,2025-02-17 03:48:14+00:00,Saved cohort datetime fallback,30.021590613425925,30.487048376585115,>30°,>2-4 m/s,1,1 plume,Not flagged offshore,2025,CM500-c87043980e
fab04938-bb02-45f6-8b82-88a3e6f842f0,tan20250215t033949c00s4001-A,CH4,c730e30e-1f89-4147-8404-4e1e80550601,,tan,first_light,Tanager,,,mfa,36.17990367275633,standard_sensitivity,3.352527817433081,,3.6481481481481484,319.9969763063128,v3,3.17.0,False,l2c-ch4-v0,mfa,6A,published,True,2025-03-17 04:19:19.989000+00:00,2025-08-19 19:29:04.341000+00:00,106.9982225359156,-6.345565127869691,106.99092532871515,-6.36490689759591,107.02165883089397,-6.334361929797674,0,[],True,https://catalog.carbonmapper.org/l3a,True,https://catalog.carbonmapper.org/l3a,True,https://catalog.carbonmapper.org/l3a,True,https://catalog.carbonmapper.org/l3a,True,https://catalog.carbonmapper.org/l3a,,Solid waste / landfill,True,Hidden / unavailable rate,,Indonesia,IDN,True,,,True,2025-02-15 03:39:49+00:00,2025-02-15 03:39:49+00:00,Saved cohort datetime fallback,30.027442002314814,3.352527817433081,0-5°,>2-4 m/s,3,2-3 plumes,Not flagged offshore,2025,CM500-6ba45e438c
b4562c65-1e45-4449-ab76-128c4edf811a,tan20250215t033949c00s4001-B,CH4,c730e30e-1f89-4147-8404-4e1e80550601,,tan,first_light,Tanager,,,mfa,36.17990367275633,standard_sensitivity,3.352527817433081,,3.6481481481481484,319.9969763063128,v3,3.25.1,False,l2c-ch4-v0,mfa,6A,published,True,2025-08-19 19:29:03.640000+00:00,2025-08-19 19:29:04.263000+00:00,107.0208919508749,-6.349758200012147,107.00665228865972,-6.365930002937686,107.0373855498909,-6.33538533531664,0,[],True,https://catalog.carbonmapper.org/l3a,True,https://catalog.carbonmapper.org/l3a,True,https://catalog.carbonmapper.org/l3a,True,https://catalog.carbonmapper.org/l3a,True,https://catalog.carbonmapper.org/l3a,,Solid waste / landfill,True,Hidden / unavailable rate,,Indonesia,IDN,True,,,True,2025-02-15 03:39:49+00:00,2025-02-15 03:39:49+00:00,Saved cohort datetime fallback,185.65919722222222,3.352527817433081,0-5°,>2-4 m/s,3,2-3 plumes,Not flagged offshore,2025,CM500-ee9394adc5
86a46738-3d6c-400e-b29f-49fb37852eeb,tan20250215t033949c00s4001-C,CH4,c730e30e-1f89-4147-8404-4e1e80550601,,tan,first_light,Tanager,,,mfa,36.17990367275633,standard_sensitivity,3.352527817433081,,3.6481481481481484,319.9969763063128,v3c,3.56.0,False,l2c-ch4-v0,mfa,6A,published,True,2026-02-23 18:10:09.906000+00:00,2026-02-23 18:10:09.937000+00:00,106.99943149965156,-6.347914522233708,106.99092220894896,-6.364093248858125,107.02165566330467,-6.333548280324443,0,[],True,https://catalog.carbonmapper.org/l3a,True,https://catalog.carbonmapper.org/l3a,True,https://catalog.carbonmapper.org/l3a,True,https://catalog.carbonmapper.org/l3a,True,https://catalog.carbonmapper.org/l3a,,Solid waste / landfill,True,Hidden / unavailable rate,,Indonesia,IDN,True,,,True,2025-02-15 03:39:49+00:00,2025-02-15 03:39:49+00:00,Saved cohort datetime fallback,373.60440863425924,3.352527817433081,0-5°,>2-4 m/s,3,2-3 plumes,Not flagged offshore,2025,CM500-6ba45e438c
d8d2fb93-3bc0-4d8e-ad0a-b17aad428f13,tan20250205t040403c00s4001-A,CH4,60d3ff05-29c4-459d-b323-51d47851a9c7,,tan,first_light,Tanager,1568.696737355656,482.4174897740277,mfa,42.23946170269352,standard_sensitivity,29.602049295852822,,4.009259259259259,32.66653499840579,v3,3.17.0,False,l2c-ch4-v0,mfa,6A,published,False,2025-03-07 04:19:14.189000+00:00,2025-03-25 23:32:05.417000+00:00,104.88484911908336,11.484631193824796,104.83475482014299,11.442231757559812,104.89491134234221,11.501456938068273,0,[],True,https://catalog.carbonmapper.org/l3a,True,https://catalog.carbonmapper.org/l3a,True,https://catalog.carbonmapper.org/l3a,True,https://catalog.carbonmapper.org/l3a,True,https://catalog.carbonmapper.org/l3a,,Solid waste / landfill,True,Public rate + uncertainty,30.752756621859003,Cambodia,KHM,True,1568.696737355656,482.4174897740277,False,2025-02-05 04:04:03+00:00,2025-02-05 04:04:03+00:00,Saved cohort datetime fallback,30.010546168981477,29.602049295852822,>15-30°,>4-6 m/s,3,2-3 plumes,Not flagged offshore,2025,CM500-007e566671
6df5b3f3-6afa-4531-a9b6-e44d0625a119,tan20250205t040403c00s4001-B,CH4,60d3ff05-29c4-459d-b323-51d47851a9c7,,tan,first_light,Tanager,1608.598392539554,244.96267888589858,mfa,42.23946170269352,standard_sensitivity,29.602049295852822,,4.009259259259259,32.66653499840579,v3,3.17.0,False,l2c-ch4-v0,mfa,6A,published,False,2025-03-07 04:19:14.688000+00:00,2025-03-25 23:29:20.800000+00:00,104.88816771845302,11.478772109510388,104.83475482014299,11.442231757559812,104.89491134234221,11.501456938068273,0,[],True,https://catalog.carbonmapper.org/l3a,True,https://catalog.carbonmapper.org/l3a,True,https://catalog.carbonmapper.org/l3a,True,https://catalog.carbonmapper.org/l3a,True,https://catalog.carbonmapper.org/l3a,,Solid waste / landfill,True,Public rate + uncertainty,15.228330453517792,Cambodia,KHM,True,1608.598392539554,244.96267888589855,False,2025-02-05 04:04:03+00:00,2025-02-05 04:04:03+00:00,Saved cohort datetime fallback,30.010551944444444,29.602049295852822,>15-30°,>4-6 m/s,3,2-3 plumes,Not flagged offshore,2025,CM500-007e566671
59bf2bda-06a6-4b51-bc8b-f90bf861f4a3,tan20250205t040403c00s4001-C,CH4,60d3ff05-29c4-459d-b323-51d47851a9c7,,tan,first_light,Tanager,,,mfa,42.23946170269352,standard_sensitivity,29.602049295852822,,4.009259259259259,32.66653499840579,v3,3.37.5,False,l2c-ch4-v0,mfa,6A,published,True,2025-10-23 20:10:52.530000+00:00,2025-10-23 20:10:52.657000+00:00,104.88633844262785,11.483980898718357,104.83475482014299,11.442231757559812,104.89491134234221,11.501456938068273,0,[],True,https://catalog.carbonmapper.org/l3a,True,https://catalog.carbonmapper.org/l3a,True,https://catalog.carbonmapper.org/l3a,True,https://catalog.carbonmapper.org/l3a,True,https://catalog.carbonmapper.org/l3a,,Solid waste / landfill,True,Hidden / unavailable rate,,Cambodia,KHM,True,,,True,2025-02-05 04:04:03+00:00,2025-02-05 04:04:03+00:00,Saved cohort datetime fallback,260.67140659722224,29.602049295852822,>15-30°,>4-6 m/s,3,2-3 plumes,Not flagged offshore,2025,CM500-007e566671
70c50a42-34f5-48b0-84f6-f3f9498dbaac,tan20250205t023102c00s4001-A,CH4,ee3ef266-8404-4510-87e7-9c2f06bd1ff1,,tan,first_light,Tanager,782.5405525438713,166.89225854675166,mfa,43.404467038939885,standard_sensitivity,30.251265710046432,,2.685185185185185,54.666636577940416,v3,3.0.1,False,l2c-ch4-v0,mfa,6A,published,False,2025-03-14 17:44:29.858000+00:00,2025-03-25 23:32:29.143000+00:00,123.92122278181586,10.415934672882784,123.90121787279709,10.40064398058277,123.93256278706782,10.43120194546231,0,[],True,https://catalog.carbonmapper.org/l3a,True,https://catalog.carbonmapper.org/l3a,True,https://catalog.carbonmapper.org/l3a,True,https://catalog.carbonmapper.org/l3a,True,https://catalog.carbonmapper.org/l3a,,Solid waste / landfill,True,Public rate + uncertainty,21.326978902782834,Philippines,PHL,True,782.5405525438713,166.89225854675166,False,2025-02-05 02:31:02+00:00,2025-02-05 02:31:02+00:00,Saved cohort datetime fallback,37.63435020833333,30.251265710046432,>30°,>2-4 m/s,1,1 plume,Not flagged offshore,2025,CM500-00cf8931de
798d7c5c-1d1a-4eec-a92d-d84ed042d10b,tan20250202t025751c00s4001-A,CH4,04313411-5de9-4e16-bc00-5342ff7e1195,,tan,first_light,Tanager,,,mfa,39.37073358949824,standard_sensitivity,29.901833973745596,,0.8425925925925926,258.2367707773312,v3,3.0.1,False,l2c-ch4-v0,mfa,6A,published,True,2025-03-14 17:44:22.458000+00:00,2025-03-25 22:33:01.497000+00:00,121.1561091325355,14.774336346364905,121.08427163163704,14.75088190114499,121.16980088530762,14.833576538227634,0,[],True,https://catalog.carbonmapper.org/l3a,True,https://catalog.carbonmapper.org/l3a,True,https://catalog.carbonmapper.org/l3a,True,https://catalog.carbonmapper.org/l3a,True,https://catalog.carbonmapper.org/l3a,,Solid waste / landfill,True,Hidden / unavailable rate,,Philippines,PHL,True,,,True,2025-02-02 02:57:51+00:00,2025-02-02 02:57:51+00:00,Saved cohort datetime fallback,40.615641875,29.901833973745596,>15-30°,0-2 m/s,2,2-3 plumes,Not flagged offshore,2025,CM500-cda1f1e271
e3730ca3-91c1-4bc8-8f39-57b42a90b781,tan20250202t025751c00s4001-B,CH4,04313411-5de9-4e16-bc00-5342ff7e1195,,tan,first_light,Tanager,1043.9268802360252,328.42611430820756,mfa,39.37073358949824,standard_sensitivity,29.901833973745596,,1.7962962962962965,138.6656878139716,v3,3.0.1,False,l2c-ch4-v0,mfa,6A,published,False,2025-03-14 17:44:10.643000+00:00,2025-03-25 23:32:06.246000+00:00,121.16443995418541,14.689258746622727,121.14662876878276,14.678148741417965,121.17847896203678,14.708687083320354,0,[],True,https://catalog.carbonmapper.org/l3a,True,https://catalog.carbonmapper.org/l3a,True,https://catalog.carbonmapper.org/l3a,True,https://catalog.carbonmapper.org/l3a,True,https://catalog.carbonmapper.org/l3a,,Solid waste / landfill,True,Public rate + uncertainty,31.46064351115784,Philippines,PHL,True,1043.9268802360252,328.4261143082076,False,2025-02-02 02:57:51+00:00,2025-02-02 02:57:51+00:00,Saved cohort datetime fallback,40.61550512731482,29.901833973745596,>15-30°,0-2 m/s,2,2-3 plumes,Not flagged offshore,2025,CM500-5c4211c9ce
d62380bd-3a11-409f-b2d4-a8372cfd47c7,tan20250131t041801c00s4001-A,CH4,50d150fd-d214-46b4-9a9b-ff3a2e18af79,,tan,first_light,Tanager,1593.6892643769584,969.1167400683881,mfa,38.094949233392114,standard_sensitivity,17.2,,0.7685185185185185,170.4040344345979,v3,3.17.0,False,l2c-ch4-v0,mfa,6A,published,False,2025-03-02 04:19:07.577000+00:00,2025-03-25 22:30:24.428000+00:00,100.67125735843831,13.584741268104935,100.64559466197879,13.563955266345754,100.69036814593758,13.607475968854763,0,[],True,https://catalog.carbonmapper.org/l3a,True,https://catalog.carbonmapper.org/l3a,True,https://catalog.carbonmapper.org/l3a,True,https://catalog.carbonmapper.org/l3a,True,https://catalog.carbonmapper.org/l3a,,Solid waste / landfill,True,Public rate + uncertainty,60.80964223896291,Thailand,THA,True,1593.6892643769584,969.116740068388,False,2025-01-31 04:18:01+00:00,2025-01-31 04:18:01+00:00,Saved cohort datetime fallback,30.00077056712963,17.2,>15-30°,0-2 m/s,1,1 plume,Not flagged offshore,2025,CM500-11f3d4c914
04d9a3d5-9511-4f85-b46b-0a445c5a7c83,tan20250129t040523c00s4001-A,CH4,e7f00e45-c566-46cb-9cf0-4bbc361b8655,,tan,first_light,Tanager,,,mfa,41.692517899080585,standard_sensitivity,28.10004392004809,,1.037037037037037,23.334684081075256,v3,3.39.1,False,l2c-ch4-v0,mfa,6A,published,True,2025-11-07 20:04:31.547000+00:00,2025-11-07 20:04:31.592000+00:00,100.31687808163775,14.010801482231585,100.2947759917444,13.990148296789664,100.32654099123062,14.020968993933723,0,[],True,https://catalog.carbonmapper.org/l3a,True,https://catalog.carbonmapper.org/l3a,True,https://catalog.carbonmapper.org/l3a,True,https://catalog.carbonmapper.org/l3a,True,https://catalog.carbonmapper.org/l3a,,Solid waste / landfill,True,Hidden / unavailable rate,,Thailand,THA,True,,,True,2025-01-29 04:05:23+00:00,2025-01-29 04:05:23+00:00,Saved cohort datetime fallback,282.6660711458333,28.10004392004809,>15-30°,0-2 m/s,2,2-3 plumes,Not flagged offshore,2025,CM500-ffc927b3dd
d0f06a16-98b1-4a54-85d6-f95fe1b482e5,tan20250129t040523c00s4001-B,CH4,e7f00e45-c566-46cb-9cf0-4bbc361b8655,,tan,first_light,Tanager,,,mfa,41.692517899080585,standard_sensitivity,28.10004392004809,,1.037037037037037,23.334684081075256,v3,3.39.1,False,l2c-ch4-v0,mfa,6A,published,True,2025-11-07 20:04:31.547000+00:00,2025-11-07 20:04:31.704000+00:00,100.31851864673706,14.006220691010753,100.28417655932053,13.981823090898601,100.32513477674671,14.02129405471822,0,[],True,https://catalog.carbonmapper.org/l3a,True,https://catalog.carbonmapper.org/l3a,True,https://catalog.carbonmapper.org/l3a,True,https://catalog.carbonmapper.org/l3a,True,https://catalog.carbonmapper.org/l3a,,Solid waste / landfill,True,Hidden / unavailable rate,,Thailand,THA,True,,,True,2025-01-29 04:05:23+00:00,2025-01-29 04:05:23+00:00,Saved cohort datetime fallback,282.6660711458333,28.10004392004809,>15-30°,0-2 m/s,2,2-3 plumes,Not flagged offshore,2025,CM500-d649cd310c
12fefb2b-080c-453d-a094-506e22990ad6,tan20250126t025942c00s4001-A,CH4,ca8ceb70-e849-4967-a8bc-156e92ec1171,,tan,first_light,Tanager,4975.578243414561,885.4911421239538,mfa,40.367143845732755,standard_sensitivity,29.40076112866252,,2.888888888888889,45.667383511872174,v3,3.17.0,False,l2c-ch4-v0,mfa,6A,published,False,2025-02-25 03:19:01.620000+00:00,2025-03-25 22:48:49.440000+00:00,121.15348982624181,14.772584174520262,121.13707117194203,14.753985436971782,121.16865265922075,14.78452348174379,0,[],True,https://catalog.carbonmapper.org/l3a,True,https://catalog.carbonmapper.org/l3a,True,https://catalog.carbonmapper.org/l3a,True,https://catalog.carbonmapper.org/l3a,True,https://catalog.carbonmapper.org/l3a,,Solid waste / landfill,True,Public rate + uncertainty,17.796748414035047,Philippines,PHL,True,4975.578243414561,885.4911421239538,False,2025-01-26 02:59:42+00:00,2025-01-26 02:59:42+00:00,Saved cohort datetime fallback,30.01342152777778,29.40076112866252,>15-30°,>2-4 m/s,1,1 plume,Not flagged offshore,2025,CM500-cda1f1e271
2e6a6f67-97eb-4215-a2ec-1cbb9def9d6c,tan20250103t041216c00s4001-A,CH4,033a747d-3c70-4015-8f64-73d17f0671e8,,tan,first_light,Tanager,3181.4461924301254,923.2449373370528,mfa,36.91797362933409,standard_sensitivity,2.1260956564476876,,5.231481481481482,29.3331262999033,v3,3.17.0,False,l2c-ch4-v0,mfa,6A,published,False,2025-02-02 04:19:04.865000+00:00,2025-03-25 22:50:07.798000+00:00,99.96083389898695,14.053358453419705,99.946396842875,14.036243496344829,99.97789076577668,14.06679505145751,0,[],True,https://catalog.carbonmapper.org/l3a,True,https://catalog.carbonmapper.org/l3a,True,https://catalog.carbonmapper.org/l3a,True,https://catalog.carbonmapper.org/l3a,True,https://catalog.carbonmapper.org/l3a,,Solid waste / landfill,True,Public rate + uncertainty,29.01966217545357,Thailand,THA,True,3181.4461924301254,923.2449373370528,False,2025-01-03 04:12:16+00:00,2025-01-03 04:12:16+00:00,Saved cohort datetime fallback,30.0047322337963,2.1260956564476876,0-5°,>4-6 m/s,2,2-3 plumes,Not flagged offshore,2025,CM500-be7d89ab39
81681f35-6c85-4aa8-883e-1bb018101cbb,tan20250103t041216c00s4001-B,CH4,033a747d-3c70-4015-8f64-73d17f0671e8,,tan,first_light,Tanager,1216.3736193751297,223.22388777584018,mfa,36.91797362933409,standard_sensitivity,2.1260956564476876,,5.231481481481482,29.3331262999033,v3,3.17.0,False,l2c-ch4-v0,mfa,6A,published,False,2025-02-02 04:19:05.001000+00:00,2025-03-25 22:32:49.627000+00:00,99.97242231930358,14.057043964083931,99.95558026942481,14.040004479947058,99.987074630634,14.070555958254126,0,[],True,https://catalog.carbonmapper.org/l3a,True,https://catalog.carbonmapper.org/l3a,True,https://catalog.carbonmapper.org/l3a,True,https://catalog.carbonmapper.org/l3a,True,https://catalog.carbonmapper.org/l3a,,Solid waste / landfill,True,Public rate + uncertainty,18.351589036476625,Thailand,THA,True,1216.3736193751297,223.22388777584015,False,2025-01-03 04:12:16+00:00,2025-01-03 04:12:16+00:00,Saved cohort datetime fallback,30.004733807870373,2.1260956564476876,0-5°,>4-6 m/s,2,2-3 plumes,Not flagged offshore,2025,CM500-24ae2ed076
99609455-6b42-4af6-ba27-83ae35c25475,tan20241231t042918c00s4001-A,CH4,6e867067-a6bc-4618-82c4-08e8f706a362,,tan,first_light,Tanager,,,mfa,36.78767302723298,standard_sensitivity,1.7258066954131883,,1.0833333333333333,27.332990578132698,v3,3.0.1,False,l2c-ch4-v0,mfa,6A,published,True,2025-03-10 18:29:37.402000+00:00,2025-03-25 22:32:07.904000+00:00,96.02434489324452,16.894687556598114,95.99639354923102,16.859718609778678,96.04182773541886,16.903464935318233,0,[],True,https://catalog.carbonmapper.org/l3a,True,https://catalog.carbonmapper.org/l3a,True,https://catalog.carbonmapper.org/l3a,True,https://catalog.carbonmapper.org/l3a,True,https://catalog.carbonmapper.org/l3a,,Solid waste / landfill,True,Hidden / unavailable rate,,Myanmar,MMR,True,,,True,2024-12-31 04:29:18+00:00,2024-12-31 04:29:18+00:00,Saved cohort datetime fallback,69.58355789351852,1.7258066954131883,0-5°,0-2 m/s,1,1 plume,Not flagged offshore,2024,CM500-8ca1eb50b6
7adf48d9-bf64-4671-bacc-45647f874cca,tan20241219t040749c00s4001-A,CH4,8e649bfb-19cb-4f20-989c-c45accdfa99d,,tan,first_light,Tanager,1750.213330079008,270.7650185741239,mfa,36.722467418220184,standard_sensitivity,2.8000067674450277,,2.7592592592592595,63.333329572528974,v3,3.17.0,False,l2c-ch4-v0,mfa,6A,published,False,2025-01-31 17:08:28.474000+00:00,2025-03-25 22:31:21.781000+00:00,100.67041717008436,13.579674222166773,100.64443094865833,13.556333333886082,100.67613216551453,13.586879054130694,0,[],True,https://catalog.carbonmapper.org/l3a,True,https://catalog.carbonmapper.org/l3a,True,https://catalog.carbonmapper.org/l3a,True,https://catalog.carbonmapper.org/l3a,True,https://catalog.carbonmapper.org/l3a,,Solid waste / landfill,True,Public rate + uncertainty,15.470400888896274,Thailand,THA,True,1750.213330079008,270.7650185741239,False,2024-12-19 04:07:49+00:00,2024-12-19 04:07:49+00:00,Saved cohort datetime fallback,43.54212354166667,2.8000067674450277,0-5°,>2-4 m/s,1,1 plume,Not flagged offshore,2024,CM500-11f3d4c914
3af21e19-ecfb-4b6d-bf42-7b28702f5663,tan20241026t025418c00s4001-A,CH4,27f0029f-1bce-45b4-aa6b-563e57f00e1a,,tan,first_light,Tanager,,,mfa,45.44737697175506,standard_sensitivity,31.380930360802246,,2.1574074074074074,85.33467947547341,v3,3.18.1,False,l2c-ch4-v0,mfa,other,published,True,2025-06-23 16:52:59.071000+00:00,2025-06-23 16:52:59.214000+00:00,112.71196637571484,-7.52770536436698,112.70045709197177,-7.546750976676322,112.73154567067486,-7.516200953519228,0,[],True,https://catalog.carbonmapper.org/l3a,True,https://catalog.carbonmapper.org/l3a,True,https://catalog.carbonmapper.org/l3a,True,https://catalog.carbonmapper.org/l3a,True,https://catalog.carbonmapper.org/l3a,,Other / unclassified,False,Hidden / unavailable rate,,Indonesia,IDN,True,,,True,2024-10-26 02:54:18+00:00,2024-10-26 02:54:18+00:00,Saved cohort datetime fallback,240.58241980324073,31.380930360802246,>30°,>2-4 m/s,1,1 plume,Not flagged offshore,2024,CM500-07bf199048
