collection,item_id,datetime,cloud_percent,light_haze_percent,quality_category,collection_mode,location_description,sun_elevation,sun_azimuth,view_azimuth,off_nadir,gsd,bbox,centroid_lat,centroid_lon,asset_basic_beta_udm,asset_basic_radiance_hdf5,asset_basic_sr_hdf5,asset_geolocation_array,asset_ortho_beta_udm,asset_ortho_ql_ch4,asset_ortho_radiance_hdf5,asset_ortho_sr_hdf5,asset_ortho_visual,asset_ql_ch4_json,asset_recent_monthly_mosaic,asset_thumbnail
GHG-plumes,20241004_081921_28_4001,2024-10-04T08:19:21.283920Z,0,0,test,standard_sensitivity,"As-Sa'duni, Khasham Subdistrict, Deir ez-Zor District, Deir ez-Zor Governorate, Syria",48.6,161.8,273.1,2.8,39.12,"[40.19931555790359, 35.1517614491419, 40.513167367594555, 35.43527647962926]",35.293518964385584,40.35624146274907,https://storage.googleapis.com/open-cogs/planet-stac/tanager1-release2-core-imagery/basic_beta_udm/20241004_081921_28_4001_basic_beta_udm.tif,https://storage.googleapis.com/open-cogs/planet-stac/tanager1-release2-core-imagery/basic_radiance_hdf5/20241004_081921_28_4001_basic_radiance_hdf5.h5,https://storage.googleapis.com/open-cogs/planet-stac/tanager1-release2-core-imagery/basic_sr_hdf5/20241004_081921_28_4001_basic_sr_hdf5.h5,https://storage.googleapis.com/open-cogs/planet-stac/tanager1-release2-core-imagery/geolocation_array/20241004_081921_28_4001_geolocation_array.tif,https://storage.googleapis.com/open-cogs/planet-stac/tanager1-release2-core-imagery/ortho_beta_udm/20241004_081921_28_4001_ortho_beta_udm.tif,https://storage.googleapis.com/open-cogs/planet-stac/tanager1-release2-core-imagery/ortho_ql_ch4/20241004_081921_28_4001_ortho_ql_ch4.tif,https://storage.googleapis.com/open-cogs/planet-stac/tanager1-release2-core-imagery/ortho_radiance_hdf5/20241004_081921_28_4001_ortho_radiance_hdf5.h5,https://storage.googleapis.com/open-cogs/planet-stac/tanager1-release2-core-imagery/ortho_sr_hdf5/20241004_081921_28_4001_ortho_sr_hdf5.h5,https://storage.googleapis.com/open-cogs/planet-stac/tanager1-release2-core-imagery/ortho_visual/20241004_081921_28_4001_ortho_visual.tif,https://storage.googleapis.com/open-cogs/planet-stac/tanager1-release2-core-imagery/ql_ch4_json/20241004_081921_28_4001_ql_ch4_json.geojson,https://storage.googleapis.com/open-cogs/planet-stac/tanager1-release2-core-imagery/recent_monthly_mosaic/20241004_081921_28_4001_recent_monthly_mosaic.tif,https://storage.googleapis.com/open-cogs/planet-stac/tanager1-release2-core-imagery/thumbnail/20241004_081921_28_4001_thumb.png
GHG-plumes,20250226_065447_19_4001,2025-02-26T06:54:47.197859Z,74,100,standard,standard_sensitivity,"Purovsky Rayon, Yamalo-Nenets Autonomous Okrug, Ural Federal District, Russia",15.0,177.2,19.4,30.5,36.53,"[76.44794348176923, 66.32733893711156, 77.14972482954676, 66.61462353566591]",66.47098123638874,76.798834155658,https://storage.googleapis.com/open-cogs/planet-stac/tanager1-release2-core-imagery/basic_beta_udm/20250226_065447_19_4001_basic_beta_udm.tif,https://storage.googleapis.com/open-cogs/planet-stac/tanager1-release2-core-imagery/basic_radiance_hdf5/20250226_065447_19_4001_basic_radiance_hdf5.h5,,https://storage.googleapis.com/open-cogs/planet-stac/tanager1-release2-core-imagery/geolocation_array/20250226_065447_19_4001_geolocation_array.tif,https://storage.googleapis.com/open-cogs/planet-stac/tanager1-release2-core-imagery/ortho_beta_udm/20250226_065447_19_4001_ortho_beta_udm.tif,https://storage.googleapis.com/open-cogs/planet-stac/tanager1-release2-core-imagery/ortho_ql_ch4/20250226_065447_19_4001_ortho_ql_ch4.tif,https://storage.googleapis.com/open-cogs/planet-stac/tanager1-release2-core-imagery/ortho_radiance_hdf5/20250226_065447_19_4001_ortho_radiance_hdf5.h5,,https://storage.googleapis.com/open-cogs/planet-stac/tanager1-release2-core-imagery/ortho_visual/20250226_065447_19_4001_ortho_visual.tif,https://storage.googleapis.com/open-cogs/planet-stac/tanager1-release2-core-imagery/ql_ch4_json/20250226_065447_19_4001_ql_ch4_json.geojson,https://storage.googleapis.com/open-cogs/planet-stac/tanager1-release2-core-imagery/recent_monthly_mosaic/20250226_065447_19_4001_recent_monthly_mosaic.tif,https://storage.googleapis.com/open-cogs/planet-stac/tanager1-release2-core-imagery/thumbnail/20250226_065447_19_4001_thumb.png
GHG-plumes,20241121_183741_33_4001,2024-11-21T18:37:41.349662Z,0,66,test,maximum_sensitivity,"Casa Grande, Pinal County, Arizona, United States",36.4,169.7,262.2,29.9,43.56,"[-111.97834347267553, 32.6794276333223, -111.62305795505833, 32.86348007412845]",32.771453853725376,-111.80070071386693,https://storage.googleapis.com/open-cogs/planet-stac/tanager1-release2-core-imagery/basic_beta_udm/20241121_183741_33_4001_basic_beta_udm.tif,https://storage.googleapis.com/open-cogs/planet-stac/tanager1-release2-core-imagery/basic_radiance_hdf5/20241121_183741_33_4001_basic_radiance_hdf5.h5,https://storage.googleapis.com/open-cogs/planet-stac/tanager1-release2-core-imagery/basic_sr_hdf5/20241121_183741_33_4001_basic_sr_hdf5.h5,https://storage.googleapis.com/open-cogs/planet-stac/tanager1-release2-core-imagery/geolocation_array/20241121_183741_33_4001_geolocation_array.tif,https://storage.googleapis.com/open-cogs/planet-stac/tanager1-release2-core-imagery/ortho_beta_udm/20241121_183741_33_4001_ortho_beta_udm.tif,https://storage.googleapis.com/open-cogs/planet-stac/tanager1-release2-core-imagery/ortho_ql_ch4/20241121_183741_33_4001_ortho_ql_ch4.tif,https://storage.googleapis.com/open-cogs/planet-stac/tanager1-release2-core-imagery/ortho_radiance_hdf5/20241121_183741_33_4001_ortho_radiance_hdf5.h5,https://storage.googleapis.com/open-cogs/planet-stac/tanager1-release2-core-imagery/ortho_sr_hdf5/20241121_183741_33_4001_ortho_sr_hdf5.h5,https://storage.googleapis.com/open-cogs/planet-stac/tanager1-release2-core-imagery/ortho_visual/20241121_183741_33_4001_ortho_visual.tif,https://storage.googleapis.com/open-cogs/planet-stac/tanager1-release2-core-imagery/ql_ch4_json/20241121_183741_33_4001_ql_ch4_json.geojson,https://storage.googleapis.com/open-cogs/planet-stac/tanager1-release2-core-imagery/recent_monthly_mosaic/20241121_183741_33_4001_recent_monthly_mosaic.tif,https://storage.googleapis.com/open-cogs/planet-stac/tanager1-release2-core-imagery/thumbnail/20241121_183741_33_4001_thumb.png
GHG-plumes,20250219_053251_31_4001,2025-02-19T05:32:51.310080Z,0,0,standard,standard_sensitivity,"Kusmunda, Katghora Tahsil, Korba, Chhattisgarh, 495454, India",52.3,151.1,319.9,0.2,36.01,"[82.54368810046248, 22.231597952731466, 82.78234878328922, 22.493381707878495]",22.36248983030498,82.66301844187585,https://storage.googleapis.com/open-cogs/planet-stac/tanager1-release2-core-imagery/basic_beta_udm/20250219_053251_31_4001_basic_beta_udm.tif,https://storage.googleapis.com/open-cogs/planet-stac/tanager1-release2-core-imagery/basic_radiance_hdf5/20250219_053251_31_4001_basic_radiance_hdf5.h5,https://storage.googleapis.com/open-cogs/planet-stac/tanager1-release2-core-imagery/basic_sr_hdf5/20250219_053251_31_4001_basic_sr_hdf5.h5,https://storage.googleapis.com/open-cogs/planet-stac/tanager1-release2-core-imagery/geolocation_array/20250219_053251_31_4001_geolocation_array.tif,https://storage.googleapis.com/open-cogs/planet-stac/tanager1-release2-core-imagery/ortho_beta_udm/20250219_053251_31_4001_ortho_beta_udm.tif,https://storage.googleapis.com/open-cogs/planet-stac/tanager1-release2-core-imagery/ortho_ql_ch4/20250219_053251_31_4001_ortho_ql_ch4.tif,https://storage.googleapis.com/open-cogs/planet-stac/tanager1-release2-core-imagery/ortho_radiance_hdf5/20250219_053251_31_4001_ortho_radiance_hdf5.h5,https://storage.googleapis.com/open-cogs/planet-stac/tanager1-release2-core-imagery/ortho_sr_hdf5/20250219_053251_31_4001_ortho_sr_hdf5.h5,https://storage.googleapis.com/open-cogs/planet-stac/tanager1-release2-core-imagery/ortho_visual/20250219_053251_31_4001_ortho_visual.tif,https://storage.googleapis.com/open-cogs/planet-stac/tanager1-release2-core-imagery/ql_ch4_json/20250219_053251_31_4001_ql_ch4_json.geojson,https://storage.googleapis.com/open-cogs/planet-stac/tanager1-release2-core-imagery/recent_monthly_mosaic/20250219_053251_31_4001_recent_monthly_mosaic.tif,https://storage.googleapis.com/open-cogs/planet-stac/tanager1-release2-core-imagery/thumbnail/20250219_053251_31_4001_thumb.png
GHG-plumes,20250423_134021_00_4001,2025-04-23T13:40:21Z,14,0,standard,glint,Brazil Offshore,48.5,25.9,211.7,26.3,47.55,"[-42.9547740964792, -25.418478833877003, -42.650096246858844, -25.057926160486236]",-25.238202497181618,-42.80243517166902,https://storage.googleapis.com/open-cogs/planet-stac/tanager1-release2-core-imagery/basic_beta_udm/20250423_134021_00_4001_basic_beta_udm.tif,https://storage.googleapis.com/open-cogs/planet-stac/tanager1-release2-core-imagery/basic_radiance_hdf5/20250423_134021_00_4001_basic_radiance_hdf5.h5,https://storage.googleapis.com/open-cogs/planet-stac/tanager1-release2-core-imagery/basic_sr_hdf5/20250423_134021_00_4001_basic_sr_hdf5.h5,https://storage.googleapis.com/open-cogs/planet-stac/tanager1-release2-core-imagery/geolocation_array/20250423_134021_00_4001_geolocation_array.tif,https://storage.googleapis.com/open-cogs/planet-stac/tanager1-release2-core-imagery/ortho_beta_udm/20250423_134021_00_4001_ortho_beta_udm.tif,https://storage.googleapis.com/open-cogs/planet-stac/tanager1-release2-core-imagery/ortho_ql_ch4/20250423_134021_00_4001_ortho_ql_ch4.tif,https://storage.googleapis.com/open-cogs/planet-stac/tanager1-release2-core-imagery/ortho_radiance_hdf5/20250423_134021_00_4001_ortho_radiance_hdf5.h5,https://storage.googleapis.com/open-cogs/planet-stac/tanager1-release2-core-imagery/ortho_sr_hdf5/20250423_134021_00_4001_ortho_sr_hdf5.h5,https://storage.googleapis.com/open-cogs/planet-stac/tanager1-release2-core-imagery/ortho_visual/20250423_134021_00_4001_ortho_visual.tif,https://storage.googleapis.com/open-cogs/planet-stac/tanager1-release2-core-imagery/ql_ch4_json/20250423_134021_00_4001_ql_ch4_json.geojson,https://storage.googleapis.com/open-cogs/planet-stac/tanager1-release2-core-imagery/recent_monthly_mosaic/20250423_134021_00_4001_recent_monthly_mosaic.tif,https://storage.googleapis.com/open-cogs/planet-stac/tanager1-release2-core-imagery/thumbnail/20250423_134021_00_4001_thumb.png
GHG-plumes,20250423_134026_31_4001,2025-04-23T13:40:26.310080Z,9,0,standard,glint,Brazil Offshore,48.2,25.8,211.6,26.3,47.61,"[-43.03083803278492, -25.754846274505724, -42.72616043410743, -25.39523489919485]",-25.575040586850285,-42.87849923344618,https://storage.googleapis.com/open-cogs/planet-stac/tanager1-release2-core-imagery/basic_beta_udm/20250423_134026_31_4001_basic_beta_udm.tif,https://storage.googleapis.com/open-cogs/planet-stac/tanager1-release2-core-imagery/basic_radiance_hdf5/20250423_134026_31_4001_basic_radiance_hdf5.h5,https://storage.googleapis.com/open-cogs/planet-stac/tanager1-release2-core-imagery/basic_sr_hdf5/20250423_134026_31_4001_basic_sr_hdf5.h5,https://storage.googleapis.com/open-cogs/planet-stac/tanager1-release2-core-imagery/geolocation_array/20250423_134026_31_4001_geolocation_array.tif,https://storage.googleapis.com/open-cogs/planet-stac/tanager1-release2-core-imagery/ortho_beta_udm/20250423_134026_31_4001_ortho_beta_udm.tif,https://storage.googleapis.com/open-cogs/planet-stac/tanager1-release2-core-imagery/ortho_ql_ch4/20250423_134026_31_4001_ortho_ql_ch4.tif,https://storage.googleapis.com/open-cogs/planet-stac/tanager1-release2-core-imagery/ortho_radiance_hdf5/20250423_134026_31_4001_ortho_radiance_hdf5.h5,https://storage.googleapis.com/open-cogs/planet-stac/tanager1-release2-core-imagery/ortho_sr_hdf5/20250423_134026_31_4001_ortho_sr_hdf5.h5,https://storage.googleapis.com/open-cogs/planet-stac/tanager1-release2-core-imagery/ortho_visual/20250423_134026_31_4001_ortho_visual.tif,https://storage.googleapis.com/open-cogs/planet-stac/tanager1-release2-core-imagery/ql_ch4_json/20250423_134026_31_4001_ql_ch4_json.geojson,https://storage.googleapis.com/open-cogs/planet-stac/tanager1-release2-core-imagery/recent_monthly_mosaic/20250423_134026_31_4001_recent_monthly_mosaic.tif,https://storage.googleapis.com/open-cogs/planet-stac/tanager1-release2-core-imagery/thumbnail/20250423_134026_31_4001_thumb.png
GHG-plumes,20250114_062056_92_4001,2025-01-14T06:20:56.925880Z,0,0,test,standard_sensitivity,"Ghazi, Rojhan Tehsil, Rajanpur District, Dera Ghazi Khan Division, Punjab, Pakistan",38.0,159.4,121.1,7.2,36.78,"[69.60383565011445, 27.88233505649382, 69.86323204744868, 28.160856253755565]",28.021595655124692,69.73353384878156,https://storage.googleapis.com/open-cogs/planet-stac/tanager1-release2-core-imagery/basic_beta_udm/20250114_062056_92_4001_basic_beta_udm.tif,https://storage.googleapis.com/open-cogs/planet-stac/tanager1-release2-core-imagery/basic_radiance_hdf5/20250114_062056_92_4001_basic_radiance_hdf5.h5,https://storage.googleapis.com/open-cogs/planet-stac/tanager1-release2-core-imagery/basic_sr_hdf5/20250114_062056_92_4001_basic_sr_hdf5.h5,https://storage.googleapis.com/open-cogs/planet-stac/tanager1-release2-core-imagery/geolocation_array/20250114_062056_92_4001_geolocation_array.tif,https://storage.googleapis.com/open-cogs/planet-stac/tanager1-release2-core-imagery/ortho_beta_udm/20250114_062056_92_4001_ortho_beta_udm.tif,https://storage.googleapis.com/open-cogs/planet-stac/tanager1-release2-core-imagery/ortho_ql_ch4/20250114_062056_92_4001_ortho_ql_ch4.tif,https://storage.googleapis.com/open-cogs/planet-stac/tanager1-release2-core-imagery/ortho_radiance_hdf5/20250114_062056_92_4001_ortho_radiance_hdf5.h5,https://storage.googleapis.com/open-cogs/planet-stac/tanager1-release2-core-imagery/ortho_sr_hdf5/20250114_062056_92_4001_ortho_sr_hdf5.h5,https://storage.googleapis.com/open-cogs/planet-stac/tanager1-release2-core-imagery/ortho_visual/20250114_062056_92_4001_ortho_visual.tif,https://storage.googleapis.com/open-cogs/planet-stac/tanager1-release2-core-imagery/ql_ch4_json/20250114_062056_92_4001_ql_ch4_json.geojson,https://storage.googleapis.com/open-cogs/planet-stac/tanager1-release2-core-imagery/recent_monthly_mosaic/20250114_062056_92_4001_recent_monthly_mosaic.tif,https://storage.googleapis.com/open-cogs/planet-stac/tanager1-release2-core-imagery/thumbnail/20250114_062056_92_4001_thumb.png
GHG-plumes,20250703_063928_86_4001,2025-07-03T06:39:28.862430Z,1,0,standard,standard_sensitivity,"Kurgancha, Baliqchi District, Andijan Region, 170300, Uzbekistan",70.7,152.9,111.7,19.7,37.49,"[71.61545618218229, 40.41481053383, 71.94739165110883, 40.690709577690974]",40.55276005576049,71.78142391664556,https://storage.googleapis.com/open-cogs/planet-stac/tanager1-release2-core-imagery/basic_beta_udm/20250703_063928_86_4001_basic_beta_udm.tif,https://storage.googleapis.com/open-cogs/planet-stac/tanager1-release2-core-imagery/basic_radiance_hdf5/20250703_063928_86_4001_basic_radiance_hdf5.h5,https://storage.googleapis.com/open-cogs/planet-stac/tanager1-release2-core-imagery/basic_sr_hdf5/20250703_063928_86_4001_basic_sr_hdf5.h5,https://storage.googleapis.com/open-cogs/planet-stac/tanager1-release2-core-imagery/geolocation_array/20250703_063928_86_4001_geolocation_array.tif,https://storage.googleapis.com/open-cogs/planet-stac/tanager1-release2-core-imagery/ortho_beta_udm/20250703_063928_86_4001_ortho_beta_udm.tif,,https://storage.googleapis.com/open-cogs/planet-stac/tanager1-release2-core-imagery/ortho_radiance_hdf5/20250703_063928_86_4001_ortho_radiance_hdf5.h5,https://storage.googleapis.com/open-cogs/planet-stac/tanager1-release2-core-imagery/ortho_sr_hdf5/20250703_063928_86_4001_ortho_sr_hdf5.h5,https://storage.googleapis.com/open-cogs/planet-stac/tanager1-release2-core-imagery/ortho_visual/20250703_063928_86_4001_ortho_visual.tif,,,https://storage.googleapis.com/open-cogs/planet-stac/tanager1-release2-core-imagery/thumbnail/20250703_063928_86_4001_thumb.png
energy-mining,20250205_175845_00_4001,2025-02-05T17:58:45Z,0,0,standard,standard_sensitivity,"Eddy County, New Mexico, United States",38.6,158.0,92.8,16.1,38.23,"[-104.04934216451993, 32.73796374223331, -103.75954828506612, 33.01548231991859]",32.876723031075954,-103.90444522479302,https://storage.googleapis.com/open-cogs/planet-stac/tanager1-release2-core-imagery/basic_beta_udm/20250205_175845_00_4001_basic_beta_udm.tif,https://storage.googleapis.com/open-cogs/planet-stac/tanager1-release2-core-imagery/basic_radiance_hdf5/20250205_175845_00_4001_basic_radiance_hdf5.h5,https://storage.googleapis.com/open-cogs/planet-stac/tanager1-release2-core-imagery/basic_sr_hdf5/20250205_175845_00_4001_basic_sr_hdf5.h5,https://storage.googleapis.com/open-cogs/planet-stac/tanager1-release2-core-imagery/geolocation_array/20250205_175845_00_4001_geolocation_array.tif,https://storage.googleapis.com/open-cogs/planet-stac/tanager1-release2-core-imagery/ortho_beta_udm/20250205_175845_00_4001_ortho_beta_udm.tif,,https://storage.googleapis.com/open-cogs/planet-stac/tanager1-release2-core-imagery/ortho_radiance_hdf5/20250205_175845_00_4001_ortho_radiance_hdf5.h5,https://storage.googleapis.com/open-cogs/planet-stac/tanager1-release2-core-imagery/ortho_sr_hdf5/20250205_175845_00_4001_ortho_sr_hdf5.h5,https://storage.googleapis.com/open-cogs/planet-stac/tanager1-release2-core-imagery/ortho_visual/20250205_175845_00_4001_ortho_visual.tif,,,https://storage.googleapis.com/open-cogs/planet-stac/tanager1-release2-core-imagery/thumbnail/20250205_175845_00_4001_thumb.png
energy-mining,20250221_102048_16_4001,2025-02-21T10:20:48.165094Z,0,0,standard,standard_sensitivity,"Jelanjska, Stanari Municipality, Republika Srpska, Bosnia and Herzegovina",34.1,167.7,249.1,29.5,39.12,"[17.665750595313153, 44.699963042492975, 18.049735380834196, 44.86300453892679]",44.781483790709885,17.857742988073674,https://storage.googleapis.com/open-cogs/planet-stac/tanager1-release2-core-imagery/basic_beta_udm/20250221_102048_16_4001_basic_beta_udm.tif,https://storage.googleapis.com/open-cogs/planet-stac/tanager1-release2-core-imagery/basic_radiance_hdf5/20250221_102048_16_4001_basic_radiance_hdf5.h5,https://storage.googleapis.com/open-cogs/planet-stac/tanager1-release2-core-imagery/basic_sr_hdf5/20250221_102048_16_4001_basic_sr_hdf5.h5,https://storage.googleapis.com/open-cogs/planet-stac/tanager1-release2-core-imagery/geolocation_array/20250221_102048_16_4001_geolocation_array.tif,https://storage.googleapis.com/open-cogs/planet-stac/tanager1-release2-core-imagery/ortho_beta_udm/20250221_102048_16_4001_ortho_beta_udm.tif,,https://storage.googleapis.com/open-cogs/planet-stac/tanager1-release2-core-imagery/ortho_radiance_hdf5/20250221_102048_16_4001_ortho_radiance_hdf5.h5,https://storage.googleapis.com/open-cogs/planet-stac/tanager1-release2-core-imagery/ortho_sr_hdf5/20250221_102048_16_4001_ortho_sr_hdf5.h5,https://storage.googleapis.com/open-cogs/planet-stac/tanager1-release2-core-imagery/ortho_visual/20250221_102048_16_4001_ortho_visual.tif,,,https://storage.googleapis.com/open-cogs/planet-stac/tanager1-release2-core-imagery/thumbnail/20250221_102048_16_4001_thumb.png
energy-mining,20250302_030003_92_4001,2025-03-02T03:00:03.925880Z,2,1,standard,standard_sensitivity,"Kutai Timur, East Kalimantan, Kalimantan, Indonesia",68.3,111.1,115.9,9.2,33.0,"[117.51657443149836, 0.42621014699850035, 117.73500193775449, 0.6570144357492134]",0.5416122913738568,117.62578818462643,https://storage.googleapis.com/open-cogs/planet-stac/tanager1-release2-core-imagery/basic_beta_udm/20250302_030003_92_4001_basic_beta_udm.tif,https://storage.googleapis.com/open-cogs/planet-stac/tanager1-release2-core-imagery/basic_radiance_hdf5/20250302_030003_92_4001_basic_radiance_hdf5.h5,https://storage.googleapis.com/open-cogs/planet-stac/tanager1-release2-core-imagery/basic_sr_hdf5/20250302_030003_92_4001_basic_sr_hdf5.h5,https://storage.googleapis.com/open-cogs/planet-stac/tanager1-release2-core-imagery/geolocation_array/20250302_030003_92_4001_geolocation_array.tif,https://storage.googleapis.com/open-cogs/planet-stac/tanager1-release2-core-imagery/ortho_beta_udm/20250302_030003_92_4001_ortho_beta_udm.tif,,https://storage.googleapis.com/open-cogs/planet-stac/tanager1-release2-core-imagery/ortho_radiance_hdf5/20250302_030003_92_4001_ortho_radiance_hdf5.h5,https://storage.googleapis.com/open-cogs/planet-stac/tanager1-release2-core-imagery/ortho_sr_hdf5/20250302_030003_92_4001_ortho_sr_hdf5.h5,https://storage.googleapis.com/open-cogs/planet-stac/tanager1-release2-core-imagery/ortho_visual/20250302_030003_92_4001_ortho_visual.tif,,,https://storage.googleapis.com/open-cogs/planet-stac/tanager1-release2-core-imagery/thumbnail/20250302_030003_92_4001_thumb.png
energy-mining,20250305_053421_32_4001,2025-03-05T05:34:21.321891Z,2,0,standard,standard_sensitivity,"Vindhyanagar, Waidhan, Singrauli, Singrauli Tahsil, Singrauli, Madhya Pradesh, 486889, India",55.8,149.6,98.9,5.0,32.76,"[82.52878832004663, 24.056815087313186, 82.75557333443736, 24.23546088852032]",24.146137987916752,82.64218082724199,https://storage.googleapis.com/open-cogs/planet-stac/tanager1-release2-core-imagery/basic_beta_udm/20250305_053421_32_4001_basic_beta_udm.tif,https://storage.googleapis.com/open-cogs/planet-stac/tanager1-release2-core-imagery/basic_radiance_hdf5/20250305_053421_32_4001_basic_radiance_hdf5.h5,https://storage.googleapis.com/open-cogs/planet-stac/tanager1-release2-core-imagery/basic_sr_hdf5/20250305_053421_32_4001_basic_sr_hdf5.h5,https://storage.googleapis.com/open-cogs/planet-stac/tanager1-release2-core-imagery/geolocation_array/20250305_053421_32_4001_geolocation_array.tif,https://storage.googleapis.com/open-cogs/planet-stac/tanager1-release2-core-imagery/ortho_beta_udm/20250305_053421_32_4001_ortho_beta_udm.tif,,https://storage.googleapis.com/open-cogs/planet-stac/tanager1-release2-core-imagery/ortho_radiance_hdf5/20250305_053421_32_4001_ortho_radiance_hdf5.h5,https://storage.googleapis.com/open-cogs/planet-stac/tanager1-release2-core-imagery/ortho_sr_hdf5/20250305_053421_32_4001_ortho_sr_hdf5.h5,https://storage.googleapis.com/open-cogs/planet-stac/tanager1-release2-core-imagery/ortho_visual/20250305_053421_32_4001_ortho_visual.tif,,,https://storage.googleapis.com/open-cogs/planet-stac/tanager1-release2-core-imagery/thumbnail/20250305_053421_32_4001_thumb.png
energy-mining,20250501_185910_74_4001,2025-05-01T18:59:10.740678Z,1,0,standard,standard_sensitivity,"Ajo, Pima County, Arizona, 85321, United States",71.8,156.8,279.9,23.1,35.8,"[-113.04070562638975, 32.206561845273804, -112.7468769770713, 32.41682582505896]",32.31169383516638,-112.89379130173052,https://storage.googleapis.com/open-cogs/planet-stac/tanager1-release2-core-imagery/basic_beta_udm/20250501_185910_74_4001_basic_beta_udm.tif,https://storage.googleapis.com/open-cogs/planet-stac/tanager1-release2-core-imagery/basic_radiance_hdf5/20250501_185910_74_4001_basic_radiance_hdf5.h5,https://storage.googleapis.com/open-cogs/planet-stac/tanager1-release2-core-imagery/basic_sr_hdf5/20250501_185910_74_4001_basic_sr_hdf5.h5,https://storage.googleapis.com/open-cogs/planet-stac/tanager1-release2-core-imagery/geolocation_array/20250501_185910_74_4001_geolocation_array.tif,https://storage.googleapis.com/open-cogs/planet-stac/tanager1-release2-core-imagery/ortho_beta_udm/20250501_185910_74_4001_ortho_beta_udm.tif,,https://storage.googleapis.com/open-cogs/planet-stac/tanager1-release2-core-imagery/ortho_radiance_hdf5/20250501_185910_74_4001_ortho_radiance_hdf5.h5,https://storage.googleapis.com/open-cogs/planet-stac/tanager1-release2-core-imagery/ortho_sr_hdf5/20250501_185910_74_4001_ortho_sr_hdf5.h5,https://storage.googleapis.com/open-cogs/planet-stac/tanager1-release2-core-imagery/ortho_visual/20250501_185910_74_4001_ortho_visual.tif,,,https://storage.googleapis.com/open-cogs/planet-stac/tanager1-release2-core-imagery/thumbnail/20250501_185910_74_4001_thumb.png
energy-mining,20250503_064345_16_4001,2025-05-03T06:43:45.165094Z,0,0,standard,standard_sensitivity,"Turkkishlak, Ahangaran District, Tashkent Region, Uzbekistan",63.7,162.1,98.6,6.4,39.1,"[70.01626060024712, 40.983943812330835, 70.29739229586556, 41.165806861702436]",41.074875337016636,70.15682644805634,https://storage.googleapis.com/open-cogs/planet-stac/tanager1-release2-core-imagery/basic_beta_udm/20250503_064345_16_4001_basic_beta_udm.tif,https://storage.googleapis.com/open-cogs/planet-stac/tanager1-release2-core-imagery/basic_radiance_hdf5/20250503_064345_16_4001_basic_radiance_hdf5.h5,https://storage.googleapis.com/open-cogs/planet-stac/tanager1-release2-core-imagery/basic_sr_hdf5/20250503_064345_16_4001_basic_sr_hdf5.h5,https://storage.googleapis.com/open-cogs/planet-stac/tanager1-release2-core-imagery/geolocation_array/20250503_064345_16_4001_geolocation_array.tif,https://storage.googleapis.com/open-cogs/planet-stac/tanager1-release2-core-imagery/ortho_beta_udm/20250503_064345_16_4001_ortho_beta_udm.tif,,https://storage.googleapis.com/open-cogs/planet-stac/tanager1-release2-core-imagery/ortho_radiance_hdf5/20250503_064345_16_4001_ortho_radiance_hdf5.h5,https://storage.googleapis.com/open-cogs/planet-stac/tanager1-release2-core-imagery/ortho_sr_hdf5/20250503_064345_16_4001_ortho_sr_hdf5.h5,https://storage.googleapis.com/open-cogs/planet-stac/tanager1-release2-core-imagery/ortho_visual/20250503_064345_16_4001_ortho_visual.tif,,,https://storage.googleapis.com/open-cogs/planet-stac/tanager1-release2-core-imagery/thumbnail/20250503_064345_16_4001_thumb.png
energy-mining,20250504_030711_32_4001,2025-05-04T03:07:11.321891Z,0,2,standard,standard_sensitivity,"Sepaso Barat, Kutai Timur, East Kalimantan, Kalimantan, Indonesia",68.8,43.0,35.1,28.8,36.62,"[117.40635291670101, 0.6531517007186092, 117.6488220344571, 0.8120692270598464]",0.7326104638892278,117.52758747557905,https://storage.googleapis.com/open-cogs/planet-stac/tanager1-release2-core-imagery/basic_beta_udm/20250504_030711_32_4001_basic_beta_udm.tif,https://storage.googleapis.com/open-cogs/planet-stac/tanager1-release2-core-imagery/basic_radiance_hdf5/20250504_030711_32_4001_basic_radiance_hdf5.h5,https://storage.googleapis.com/open-cogs/planet-stac/tanager1-release2-core-imagery/basic_sr_hdf5/20250504_030711_32_4001_basic_sr_hdf5.h5,https://storage.googleapis.com/open-cogs/planet-stac/tanager1-release2-core-imagery/geolocation_array/20250504_030711_32_4001_geolocation_array.tif,https://storage.googleapis.com/open-cogs/planet-stac/tanager1-release2-core-imagery/ortho_beta_udm/20250504_030711_32_4001_ortho_beta_udm.tif,,https://storage.googleapis.com/open-cogs/planet-stac/tanager1-release2-core-imagery/ortho_radiance_hdf5/20250504_030711_32_4001_ortho_radiance_hdf5.h5,https://storage.googleapis.com/open-cogs/planet-stac/tanager1-release2-core-imagery/ortho_sr_hdf5/20250504_030711_32_4001_ortho_sr_hdf5.h5,https://storage.googleapis.com/open-cogs/planet-stac/tanager1-release2-core-imagery/ortho_visual/20250504_030711_32_4001_ortho_visual.tif,,,https://storage.googleapis.com/open-cogs/planet-stac/tanager1-release2-core-imagery/thumbnail/20250504_030711_32_4001_thumb.png
energy-mining,20250516_181930_35_4001,2025-05-16T18:19:30.354656Z,0,0,standard,standard_sensitivity,"Weld County, Colorado, United States",67.8,157.7,103.7,16.5,34.35,"[-104.67287245548741, 40.02260018839325, -104.36822094116403, 40.24283428698649]",40.132717237689874,-104.52054669832572,https://storage.googleapis.com/open-cogs/planet-stac/tanager1-release2-core-imagery/basic_beta_udm/20250516_181930_35_4001_basic_beta_udm.tif,https://storage.googleapis.com/open-cogs/planet-stac/tanager1-release2-core-imagery/basic_radiance_hdf5/20250516_181930_35_4001_basic_radiance_hdf5.h5,https://storage.googleapis.com/open-cogs/planet-stac/tanager1-release2-core-imagery/basic_sr_hdf5/20250516_181930_35_4001_basic_sr_hdf5.h5,https://storage.googleapis.com/open-cogs/planet-stac/tanager1-release2-core-imagery/geolocation_array/20250516_181930_35_4001_geolocation_array.tif,https://storage.googleapis.com/open-cogs/planet-stac/tanager1-release2-core-imagery/ortho_beta_udm/20250516_181930_35_4001_ortho_beta_udm.tif,,https://storage.googleapis.com/open-cogs/planet-stac/tanager1-release2-core-imagery/ortho_radiance_hdf5/20250516_181930_35_4001_ortho_radiance_hdf5.h5,https://storage.googleapis.com/open-cogs/planet-stac/tanager1-release2-core-imagery/ortho_sr_hdf5/20250516_181930_35_4001_ortho_sr_hdf5.h5,https://storage.googleapis.com/open-cogs/planet-stac/tanager1-release2-core-imagery/ortho_visual/20250516_181930_35_4001_ortho_visual.tif,,,https://storage.googleapis.com/open-cogs/planet-stac/tanager1-release2-core-imagery/thumbnail/20250516_181930_35_4001_thumb.png
energy-mining,20250520_171055_87_4001,2025-05-20T17:10:55.870339Z,0,0,standard,standard_sensitivity,"Unorganized North Cochrane, Cochrane District, Northeastern Ontario, Ontario, Canada",60.7,171.8,293.3,4.5,33.1,"[-83.02492002405681, 49.133157348622035, -82.68941665242069, 49.342442537807756]",49.237799943214895,-82.85716833823875,https://storage.googleapis.com/open-cogs/planet-stac/tanager1-release2-core-imagery/basic_beta_udm/20250520_171055_87_4001_basic_beta_udm.tif,https://storage.googleapis.com/open-cogs/planet-stac/tanager1-release2-core-imagery/basic_radiance_hdf5/20250520_171055_87_4001_basic_radiance_hdf5.h5,https://storage.googleapis.com/open-cogs/planet-stac/tanager1-release2-core-imagery/basic_sr_hdf5/20250520_171055_87_4001_basic_sr_hdf5.h5,https://storage.googleapis.com/open-cogs/planet-stac/tanager1-release2-core-imagery/geolocation_array/20250520_171055_87_4001_geolocation_array.tif,https://storage.googleapis.com/open-cogs/planet-stac/tanager1-release2-core-imagery/ortho_beta_udm/20250520_171055_87_4001_ortho_beta_udm.tif,,https://storage.googleapis.com/open-cogs/planet-stac/tanager1-release2-core-imagery/ortho_radiance_hdf5/20250520_171055_87_4001_ortho_radiance_hdf5.h5,https://storage.googleapis.com/open-cogs/planet-stac/tanager1-release2-core-imagery/ortho_sr_hdf5/20250520_171055_87_4001_ortho_sr_hdf5.h5,https://storage.googleapis.com/open-cogs/planet-stac/tanager1-release2-core-imagery/ortho_visual/20250520_171055_87_4001_ortho_visual.tif,,,https://storage.googleapis.com/open-cogs/planet-stac/tanager1-release2-core-imagery/thumbnail/20250520_171055_87_4001_thumb.png
energy-mining,20250528_180922_74_4001,2025-05-28T18:09:22.743839Z,0,0,standard,standard_sensitivity,"Midland County, Texas, United States",77.0,138.4,21.1,28.1,35.21,"[-102.41827502798567, 31.536133517411898, -102.12593430116087, 31.77420915974018]",31.65517133857604,-102.27210466457328,https://storage.googleapis.com/open-cogs/planet-stac/tanager1-release2-core-imagery/basic_beta_udm/20250528_180922_74_4001_basic_beta_udm.tif,https://storage.googleapis.com/open-cogs/planet-stac/tanager1-release2-core-imagery/basic_radiance_hdf5/20250528_180922_74_4001_basic_radiance_hdf5.h5,https://storage.googleapis.com/open-cogs/planet-stac/tanager1-release2-core-imagery/basic_sr_hdf5/20250528_180922_74_4001_basic_sr_hdf5.h5,https://storage.googleapis.com/open-cogs/planet-stac/tanager1-release2-core-imagery/geolocation_array/20250528_180922_74_4001_geolocation_array.tif,https://storage.googleapis.com/open-cogs/planet-stac/tanager1-release2-core-imagery/ortho_beta_udm/20250528_180922_74_4001_ortho_beta_udm.tif,,https://storage.googleapis.com/open-cogs/planet-stac/tanager1-release2-core-imagery/ortho_radiance_hdf5/20250528_180922_74_4001_ortho_radiance_hdf5.h5,https://storage.googleapis.com/open-cogs/planet-stac/tanager1-release2-core-imagery/ortho_sr_hdf5/20250528_180922_74_4001_ortho_sr_hdf5.h5,https://storage.googleapis.com/open-cogs/planet-stac/tanager1-release2-core-imagery/ortho_visual/20250528_180922_74_4001_ortho_visual.tif,,,https://storage.googleapis.com/open-cogs/planet-stac/tanager1-release2-core-imagery/thumbnail/20250528_180922_74_4001_thumb.png
energy-mining,20240925_185504_87_4001,2024-09-25T18:55:04.870339Z,2,0,test,standard_sensitivity,"Nye County, Nevada, United States",49.8,162.5,280.6,11.9,40.86,"[-117.31667064506556, 37.44472932998845, -116.98614317711481, 37.69798381124658]",37.57135657061751,-117.15140691109019,https://storage.googleapis.com/open-cogs/planet-stac/tanager1-release2-core-imagery/basic_beta_udm/20240925_185504_87_4001_basic_beta_udm.tif,https://storage.googleapis.com/open-cogs/planet-stac/tanager1-release2-core-imagery/basic_radiance_hdf5/20240925_185504_87_4001_basic_radiance_hdf5.h5,https://storage.googleapis.com/open-cogs/planet-stac/tanager1-release2-core-imagery/basic_sr_hdf5/20240925_185504_87_4001_basic_sr_hdf5.h5,https://storage.googleapis.com/open-cogs/planet-stac/tanager1-release2-core-imagery/geolocation_array/20240925_185504_87_4001_geolocation_array.tif,https://storage.googleapis.com/open-cogs/planet-stac/tanager1-release2-core-imagery/ortho_beta_udm/20240925_185504_87_4001_ortho_beta_udm.tif,,https://storage.googleapis.com/open-cogs/planet-stac/tanager1-release2-core-imagery/ortho_radiance_hdf5/20240925_185504_87_4001_ortho_radiance_hdf5.h5,https://storage.googleapis.com/open-cogs/planet-stac/tanager1-release2-core-imagery/ortho_sr_hdf5/20240925_185504_87_4001_ortho_sr_hdf5.h5,https://storage.googleapis.com/open-cogs/planet-stac/tanager1-release2-core-imagery/ortho_visual/20240925_185504_87_4001_ortho_visual.tif,,,https://storage.googleapis.com/open-cogs/planet-stac/tanager1-release2-core-imagery/thumbnail/20240925_185504_87_4001_thumb.png
energy-mining,20240925_185509_74_4001,2024-09-25T18:55:09.740678Z,1,0,test,standard_sensitivity,"Esmeralda County, Nevada, United States",50.0,162.3,274.7,12.0,40.24,"[-117.37384880358002, 37.239620275483915, -117.04329670177542, 37.4907683953353]",37.36519433540961,-117.20857275267772,https://storage.googleapis.com/open-cogs/planet-stac/tanager1-release2-core-imagery/basic_beta_udm/20240925_185509_74_4001_basic_beta_udm.tif,https://storage.googleapis.com/open-cogs/planet-stac/tanager1-release2-core-imagery/basic_radiance_hdf5/20240925_185509_74_4001_basic_radiance_hdf5.h5,https://storage.googleapis.com/open-cogs/planet-stac/tanager1-release2-core-imagery/basic_sr_hdf5/20240925_185509_74_4001_basic_sr_hdf5.h5,https://storage.googleapis.com/open-cogs/planet-stac/tanager1-release2-core-imagery/geolocation_array/20240925_185509_74_4001_geolocation_array.tif,https://storage.googleapis.com/open-cogs/planet-stac/tanager1-release2-core-imagery/ortho_beta_udm/20240925_185509_74_4001_ortho_beta_udm.tif,,https://storage.googleapis.com/open-cogs/planet-stac/tanager1-release2-core-imagery/ortho_radiance_hdf5/20240925_185509_74_4001_ortho_radiance_hdf5.h5,https://storage.googleapis.com/open-cogs/planet-stac/tanager1-release2-core-imagery/ortho_sr_hdf5/20240925_185509_74_4001_ortho_sr_hdf5.h5,https://storage.googleapis.com/open-cogs/planet-stac/tanager1-release2-core-imagery/ortho_visual/20240925_185509_74_4001_ortho_visual.tif,,,https://storage.googleapis.com/open-cogs/planet-stac/tanager1-release2-core-imagery/thumbnail/20240925_185509_74_4001_thumb.png
energy-mining,20250222_190233_00_4001,2025-02-22T19:02:33Z,0,0,standard,standard_sensitivity,"Nye County, Nevada, United States",40.4,160.7,34.6,3.9,32.82,"[-117.24101724557605, 37.613169396557275, -116.9786336642985, 37.793399834972504]",37.703284615764886,-117.10982545493727,https://storage.googleapis.com/open-cogs/planet-stac/tanager1-release2-core-imagery/basic_beta_udm/20250222_190233_00_4001_basic_beta_udm.tif,https://storage.googleapis.com/open-cogs/planet-stac/tanager1-release2-core-imagery/basic_radiance_hdf5/20250222_190233_00_4001_basic_radiance_hdf5.h5,https://storage.googleapis.com/open-cogs/planet-stac/tanager1-release2-core-imagery/basic_sr_hdf5/20250222_190233_00_4001_basic_sr_hdf5.h5,https://storage.googleapis.com/open-cogs/planet-stac/tanager1-release2-core-imagery/geolocation_array/20250222_190233_00_4001_geolocation_array.tif,https://storage.googleapis.com/open-cogs/planet-stac/tanager1-release2-core-imagery/ortho_beta_udm/20250222_190233_00_4001_ortho_beta_udm.tif,,https://storage.googleapis.com/open-cogs/planet-stac/tanager1-release2-core-imagery/ortho_radiance_hdf5/20250222_190233_00_4001_ortho_radiance_hdf5.h5,https://storage.googleapis.com/open-cogs/planet-stac/tanager1-release2-core-imagery/ortho_sr_hdf5/20250222_190233_00_4001_ortho_sr_hdf5.h5,https://storage.googleapis.com/open-cogs/planet-stac/tanager1-release2-core-imagery/ortho_visual/20250222_190233_00_4001_ortho_visual.tif,,,https://storage.googleapis.com/open-cogs/planet-stac/tanager1-release2-core-imagery/thumbnail/20250222_190233_00_4001_thumb.png
energy-mining,20250222_190237_16_4001,2025-02-22T19:02:37.165094Z,1,1,standard,standard_sensitivity,"Nye County, Nevada, United States",40.6,160.6,51.6,2.4,32.79,"[-117.27971932598193, 37.47140623647671, -117.01826969869286, 37.651282182877445]",37.561344209677074,-117.1489945123374,https://storage.googleapis.com/open-cogs/planet-stac/tanager1-release2-core-imagery/basic_beta_udm/20250222_190237_16_4001_basic_beta_udm.tif,https://storage.googleapis.com/open-cogs/planet-stac/tanager1-release2-core-imagery/basic_radiance_hdf5/20250222_190237_16_4001_basic_radiance_hdf5.h5,https://storage.googleapis.com/open-cogs/planet-stac/tanager1-release2-core-imagery/basic_sr_hdf5/20250222_190237_16_4001_basic_sr_hdf5.h5,https://storage.googleapis.com/open-cogs/planet-stac/tanager1-release2-core-imagery/geolocation_array/20250222_190237_16_4001_geolocation_array.tif,https://storage.googleapis.com/open-cogs/planet-stac/tanager1-release2-core-imagery/ortho_beta_udm/20250222_190237_16_4001_ortho_beta_udm.tif,,https://storage.googleapis.com/open-cogs/planet-stac/tanager1-release2-core-imagery/ortho_radiance_hdf5/20250222_190237_16_4001_ortho_radiance_hdf5.h5,https://storage.googleapis.com/open-cogs/planet-stac/tanager1-release2-core-imagery/ortho_sr_hdf5/20250222_190237_16_4001_ortho_sr_hdf5.h5,https://storage.googleapis.com/open-cogs/planet-stac/tanager1-release2-core-imagery/ortho_visual/20250222_190237_16_4001_ortho_visual.tif,,,https://storage.googleapis.com/open-cogs/planet-stac/tanager1-release2-core-imagery/thumbnail/20250222_190237_16_4001_thumb.png
energy-mining,20250222_190241_32_4001,2025-02-22T19:02:41.321891Z,1,0,standard,standard_sensitivity,"Esmeralda County, Nevada, United States",40.7,160.6,101.5,1.5,32.72,"[-117.31835976713874, 37.32957039052, -117.05751060488333, 37.50937547369277]",37.41947293210639,-117.18793518601103,https://storage.googleapis.com/open-cogs/planet-stac/tanager1-release2-core-imagery/basic_beta_udm/20250222_190241_32_4001_basic_beta_udm.tif,https://storage.googleapis.com/open-cogs/planet-stac/tanager1-release2-core-imagery/basic_radiance_hdf5/20250222_190241_32_4001_basic_radiance_hdf5.h5,https://storage.googleapis.com/open-cogs/planet-stac/tanager1-release2-core-imagery/basic_sr_hdf5/20250222_190241_32_4001_basic_sr_hdf5.h5,https://storage.googleapis.com/open-cogs/planet-stac/tanager1-release2-core-imagery/geolocation_array/20250222_190241_32_4001_geolocation_array.tif,https://storage.googleapis.com/open-cogs/planet-stac/tanager1-release2-core-imagery/ortho_beta_udm/20250222_190241_32_4001_ortho_beta_udm.tif,,https://storage.googleapis.com/open-cogs/planet-stac/tanager1-release2-core-imagery/ortho_radiance_hdf5/20250222_190241_32_4001_ortho_radiance_hdf5.h5,https://storage.googleapis.com/open-cogs/planet-stac/tanager1-release2-core-imagery/ortho_sr_hdf5/20250222_190241_32_4001_ortho_sr_hdf5.h5,https://storage.googleapis.com/open-cogs/planet-stac/tanager1-release2-core-imagery/ortho_visual/20250222_190241_32_4001_ortho_visual.tif,,,https://storage.googleapis.com/open-cogs/planet-stac/tanager1-release2-core-imagery/thumbnail/20250222_190241_32_4001_thumb.png
energy-mining,20250911_191523_58_4001,2025-09-11T19:15:23.600446Z,13,5,standard,maximum_sensitivity,"Salt Lake City, Salt Lake County, Utah, United States",53.4,176.3,321.4,15.6,34.47,"[-112.16950440997076, 40.641903633476566, -111.85477461731166, 40.90980404207291]",40.77585383777474,-112.01213951364122,https://storage.googleapis.com/open-cogs/planet-stac/tanager1-release2-core-imagery/basic_beta_udm/20250911_191523_58_4001_basic_beta_udm.tif,https://storage.googleapis.com/open-cogs/planet-stac/tanager1-release2-core-imagery/basic_radiance_hdf5/20250911_191523_58_4001_basic_radiance_hdf5.h5,https://storage.googleapis.com/open-cogs/planet-stac/tanager1-release2-core-imagery/basic_sr_hdf5/20250911_191523_58_4001_basic_sr_hdf5.h5,https://storage.googleapis.com/open-cogs/planet-stac/tanager1-release2-core-imagery/geolocation_array/20250911_191523_58_4001_geolocation_array.tif,https://storage.googleapis.com/open-cogs/planet-stac/tanager1-release2-core-imagery/ortho_beta_udm/20250911_191523_58_4001_ortho_beta_udm.tif,,https://storage.googleapis.com/open-cogs/planet-stac/tanager1-release2-core-imagery/ortho_radiance_hdf5/20250911_191523_58_4001_ortho_radiance_hdf5.h5,https://storage.googleapis.com/open-cogs/planet-stac/tanager1-release2-core-imagery/ortho_sr_hdf5/20250911_191523_58_4001_ortho_sr_hdf5.h5,https://storage.googleapis.com/open-cogs/planet-stac/tanager1-release2-core-imagery/ortho_visual/20250911_191523_58_4001_ortho_visual.tif,,,https://storage.googleapis.com/open-cogs/planet-stac/tanager1-release2-core-imagery/thumbnail/20250911_191523_58_4001_thumb.png
energy-mining,20250911_191547_88_4001,2025-09-11T19:15:47.894062Z,3,1,standard,maximum_sensitivity,"South Jordan, Salt Lake County, Utah, United States",53.6,176.3,245.1,15.4,35.86,"[-112.24360558315149, 40.428696308574764, -111.92238187113833, 40.6837632348248]",40.55622977169978,-112.08299372714491,https://storage.googleapis.com/open-cogs/planet-stac/tanager1-release2-core-imagery/basic_beta_udm/20250911_191547_88_4001_basic_beta_udm.tif,https://storage.googleapis.com/open-cogs/planet-stac/tanager1-release2-core-imagery/basic_radiance_hdf5/20250911_191547_88_4001_basic_radiance_hdf5.h5,https://storage.googleapis.com/open-cogs/planet-stac/tanager1-release2-core-imagery/basic_sr_hdf5/20250911_191547_88_4001_basic_sr_hdf5.h5,https://storage.googleapis.com/open-cogs/planet-stac/tanager1-release2-core-imagery/geolocation_array/20250911_191547_88_4001_geolocation_array.tif,https://storage.googleapis.com/open-cogs/planet-stac/tanager1-release2-core-imagery/ortho_beta_udm/20250911_191547_88_4001_ortho_beta_udm.tif,,https://storage.googleapis.com/open-cogs/planet-stac/tanager1-release2-core-imagery/ortho_radiance_hdf5/20250911_191547_88_4001_ortho_radiance_hdf5.h5,https://storage.googleapis.com/open-cogs/planet-stac/tanager1-release2-core-imagery/ortho_sr_hdf5/20250911_191547_88_4001_ortho_sr_hdf5.h5,https://storage.googleapis.com/open-cogs/planet-stac/tanager1-release2-core-imagery/ortho_visual/20250911_191547_88_4001_ortho_visual.tif,,,https://storage.googleapis.com/open-cogs/planet-stac/tanager1-release2-core-imagery/thumbnail/20250911_191547_88_4001_thumb.png
natural-lands,20250221_102048_16_4001,2025-02-21T10:20:48.165094Z,0,0,standard,standard_sensitivity,"Jelanjska, Stanari Municipality, Republika Srpska, Bosnia and Herzegovina",34.1,167.7,249.1,29.5,39.12,"[17.665750595313153, 44.699963042492975, 18.049735380834196, 44.86300453892679]",44.781483790709885,17.857742988073674,https://storage.googleapis.com/open-cogs/planet-stac/tanager1-release2-core-imagery/basic_beta_udm/20250221_102048_16_4001_basic_beta_udm.tif,https://storage.googleapis.com/open-cogs/planet-stac/tanager1-release2-core-imagery/basic_radiance_hdf5/20250221_102048_16_4001_basic_radiance_hdf5.h5,https://storage.googleapis.com/open-cogs/planet-stac/tanager1-release2-core-imagery/basic_sr_hdf5/20250221_102048_16_4001_basic_sr_hdf5.h5,https://storage.googleapis.com/open-cogs/planet-stac/tanager1-release2-core-imagery/geolocation_array/20250221_102048_16_4001_geolocation_array.tif,https://storage.googleapis.com/open-cogs/planet-stac/tanager1-release2-core-imagery/ortho_beta_udm/20250221_102048_16_4001_ortho_beta_udm.tif,,https://storage.googleapis.com/open-cogs/planet-stac/tanager1-release2-core-imagery/ortho_radiance_hdf5/20250221_102048_16_4001_ortho_radiance_hdf5.h5,https://storage.googleapis.com/open-cogs/planet-stac/tanager1-release2-core-imagery/ortho_sr_hdf5/20250221_102048_16_4001_ortho_sr_hdf5.h5,https://storage.googleapis.com/open-cogs/planet-stac/tanager1-release2-core-imagery/ortho_visual/20250221_102048_16_4001_ortho_visual.tif,,,https://storage.googleapis.com/open-cogs/planet-stac/tanager1-release2-core-imagery/thumbnail/20250221_102048_16_4001_thumb.png
natural-lands,20250224_145149_32_4001,2025-02-24T14:51:49.321891Z,0,0,standard,standard_sensitivity,"El Algarrobal, Municipio de Profesor Salvador Mazza, General San Martín, Salta, Argentina",63.6,64.4,113.5,9.3,32.94,"[-63.78114864403159, -22.275135653484412, -63.555157193859884, -22.09475016065558]",-22.184942907069995,-63.66815291894574,https://storage.googleapis.com/open-cogs/planet-stac/tanager1-release2-core-imagery/basic_beta_udm/20250224_145149_32_4001_basic_beta_udm.tif,https://storage.googleapis.com/open-cogs/planet-stac/tanager1-release2-core-imagery/basic_radiance_hdf5/20250224_145149_32_4001_basic_radiance_hdf5.h5,https://storage.googleapis.com/open-cogs/planet-stac/tanager1-release2-core-imagery/basic_sr_hdf5/20250224_145149_32_4001_basic_sr_hdf5.h5,https://storage.googleapis.com/open-cogs/planet-stac/tanager1-release2-core-imagery/geolocation_array/20250224_145149_32_4001_geolocation_array.tif,https://storage.googleapis.com/open-cogs/planet-stac/tanager1-release2-core-imagery/ortho_beta_udm/20250224_145149_32_4001_ortho_beta_udm.tif,,https://storage.googleapis.com/open-cogs/planet-stac/tanager1-release2-core-imagery/ortho_radiance_hdf5/20250224_145149_32_4001_ortho_radiance_hdf5.h5,https://storage.googleapis.com/open-cogs/planet-stac/tanager1-release2-core-imagery/ortho_sr_hdf5/20250224_145149_32_4001_ortho_sr_hdf5.h5,https://storage.googleapis.com/open-cogs/planet-stac/tanager1-release2-core-imagery/ortho_visual/20250224_145149_32_4001_ortho_visual.tif,,,https://storage.googleapis.com/open-cogs/planet-stac/tanager1-release2-core-imagery/thumbnail/20250224_145149_32_4001_thumb.png
natural-lands,20250406_170447_47_4001,2025-04-06T17:04:47.473612Z,28,0,standard,standard_sensitivity,"Cantón Isabela, Galápagos, Ecuador",72.8,65.5,245.5,8.5,32.58,"[-91.49026800468444, -0.4447639449135988, -91.27025274466112, -0.20261043210188864]",-0.3236871885077437,-91.38026037467279,https://storage.googleapis.com/open-cogs/planet-stac/tanager1-release2-core-imagery/basic_beta_udm/20250406_170447_47_4001_basic_beta_udm.tif,https://storage.googleapis.com/open-cogs/planet-stac/tanager1-release2-core-imagery/basic_radiance_hdf5/20250406_170447_47_4001_basic_radiance_hdf5.h5,https://storage.googleapis.com/open-cogs/planet-stac/tanager1-release2-core-imagery/basic_sr_hdf5/20250406_170447_47_4001_basic_sr_hdf5.h5,https://storage.googleapis.com/open-cogs/planet-stac/tanager1-release2-core-imagery/geolocation_array/20250406_170447_47_4001_geolocation_array.tif,https://storage.googleapis.com/open-cogs/planet-stac/tanager1-release2-core-imagery/ortho_beta_udm/20250406_170447_47_4001_ortho_beta_udm.tif,,https://storage.googleapis.com/open-cogs/planet-stac/tanager1-release2-core-imagery/ortho_radiance_hdf5/20250406_170447_47_4001_ortho_radiance_hdf5.h5,https://storage.googleapis.com/open-cogs/planet-stac/tanager1-release2-core-imagery/ortho_sr_hdf5/20250406_170447_47_4001_ortho_sr_hdf5.h5,https://storage.googleapis.com/open-cogs/planet-stac/tanager1-release2-core-imagery/ortho_visual/20250406_170447_47_4001_ortho_visual.tif,,,https://storage.googleapis.com/open-cogs/planet-stac/tanager1-release2-core-imagery/thumbnail/20250406_170447_47_4001_thumb.png
natural-lands,20250409_150657_00_4001,2025-04-09T15:06:57Z,0,0,standard,standard_sensitivity,"Itapuã do Oeste, Região Geográfica Imediata de Porto Velho, Região Geográfica Intermediária de Porto Velho, Rondônia, North Region, 76861-000, Brazil",66.5,44.6,333.7,16.0,34.28,"[-62.94183376844592, -9.210777156680535, -62.71201691661535, -8.957580966280808]",-9.084179061480672,-62.82692534253063,https://storage.googleapis.com/open-cogs/planet-stac/tanager1-release2-core-imagery/basic_beta_udm/20250409_150657_00_4001_basic_beta_udm.tif,https://storage.googleapis.com/open-cogs/planet-stac/tanager1-release2-core-imagery/basic_radiance_hdf5/20250409_150657_00_4001_basic_radiance_hdf5.h5,https://storage.googleapis.com/open-cogs/planet-stac/tanager1-release2-core-imagery/basic_sr_hdf5/20250409_150657_00_4001_basic_sr_hdf5.h5,https://storage.googleapis.com/open-cogs/planet-stac/tanager1-release2-core-imagery/geolocation_array/20250409_150657_00_4001_geolocation_array.tif,https://storage.googleapis.com/open-cogs/planet-stac/tanager1-release2-core-imagery/ortho_beta_udm/20250409_150657_00_4001_ortho_beta_udm.tif,,https://storage.googleapis.com/open-cogs/planet-stac/tanager1-release2-core-imagery/ortho_radiance_hdf5/20250409_150657_00_4001_ortho_radiance_hdf5.h5,https://storage.googleapis.com/open-cogs/planet-stac/tanager1-release2-core-imagery/ortho_sr_hdf5/20250409_150657_00_4001_ortho_sr_hdf5.h5,https://storage.googleapis.com/open-cogs/planet-stac/tanager1-release2-core-imagery/ortho_visual/20250409_150657_00_4001_ortho_visual.tif,,,https://storage.googleapis.com/open-cogs/planet-stac/tanager1-release2-core-imagery/thumbnail/20250409_150657_00_4001_thumb.png
natural-lands,20250501_185910_74_4001,2025-05-01T18:59:10.740678Z,1,0,standard,standard_sensitivity,"Ajo, Pima County, Arizona, 85321, United States",71.8,156.8,279.9,23.1,35.8,"[-113.04070562638975, 32.206561845273804, -112.7468769770713, 32.41682582505896]",32.31169383516638,-112.89379130173052,https://storage.googleapis.com/open-cogs/planet-stac/tanager1-release2-core-imagery/basic_beta_udm/20250501_185910_74_4001_basic_beta_udm.tif,https://storage.googleapis.com/open-cogs/planet-stac/tanager1-release2-core-imagery/basic_radiance_hdf5/20250501_185910_74_4001_basic_radiance_hdf5.h5,https://storage.googleapis.com/open-cogs/planet-stac/tanager1-release2-core-imagery/basic_sr_hdf5/20250501_185910_74_4001_basic_sr_hdf5.h5,https://storage.googleapis.com/open-cogs/planet-stac/tanager1-release2-core-imagery/geolocation_array/20250501_185910_74_4001_geolocation_array.tif,https://storage.googleapis.com/open-cogs/planet-stac/tanager1-release2-core-imagery/ortho_beta_udm/20250501_185910_74_4001_ortho_beta_udm.tif,,https://storage.googleapis.com/open-cogs/planet-stac/tanager1-release2-core-imagery/ortho_radiance_hdf5/20250501_185910_74_4001_ortho_radiance_hdf5.h5,https://storage.googleapis.com/open-cogs/planet-stac/tanager1-release2-core-imagery/ortho_sr_hdf5/20250501_185910_74_4001_ortho_sr_hdf5.h5,https://storage.googleapis.com/open-cogs/planet-stac/tanager1-release2-core-imagery/ortho_visual/20250501_185910_74_4001_ortho_visual.tif,,,https://storage.googleapis.com/open-cogs/planet-stac/tanager1-release2-core-imagery/thumbnail/20250501_185910_74_4001_thumb.png
natural-lands,20250503_064345_16_4001,2025-05-03T06:43:45.165094Z,0,0,standard,standard_sensitivity,"Turkkishlak, Ahangaran District, Tashkent Region, Uzbekistan",63.7,162.1,98.6,6.4,39.1,"[70.01626060024712, 40.983943812330835, 70.29739229586556, 41.165806861702436]",41.074875337016636,70.15682644805634,https://storage.googleapis.com/open-cogs/planet-stac/tanager1-release2-core-imagery/basic_beta_udm/20250503_064345_16_4001_basic_beta_udm.tif,https://storage.googleapis.com/open-cogs/planet-stac/tanager1-release2-core-imagery/basic_radiance_hdf5/20250503_064345_16_4001_basic_radiance_hdf5.h5,https://storage.googleapis.com/open-cogs/planet-stac/tanager1-release2-core-imagery/basic_sr_hdf5/20250503_064345_16_4001_basic_sr_hdf5.h5,https://storage.googleapis.com/open-cogs/planet-stac/tanager1-release2-core-imagery/geolocation_array/20250503_064345_16_4001_geolocation_array.tif,https://storage.googleapis.com/open-cogs/planet-stac/tanager1-release2-core-imagery/ortho_beta_udm/20250503_064345_16_4001_ortho_beta_udm.tif,,https://storage.googleapis.com/open-cogs/planet-stac/tanager1-release2-core-imagery/ortho_radiance_hdf5/20250503_064345_16_4001_ortho_radiance_hdf5.h5,https://storage.googleapis.com/open-cogs/planet-stac/tanager1-release2-core-imagery/ortho_sr_hdf5/20250503_064345_16_4001_ortho_sr_hdf5.h5,https://storage.googleapis.com/open-cogs/planet-stac/tanager1-release2-core-imagery/ortho_visual/20250503_064345_16_4001_ortho_visual.tif,,,https://storage.googleapis.com/open-cogs/planet-stac/tanager1-release2-core-imagery/thumbnail/20250503_064345_16_4001_thumb.png
natural-lands,20250504_025815_32_4001,2025-05-04T02:58:15.321891Z,0,0,standard,standard_sensitivity,"Gwan-ri, Taean-gun, South Chungcheong, 32103, South Korea",67.9,158.4,229.6,1.3,32.64,"[126.19281898075803, 36.792246448782855, 126.45283936308134, 36.972190272557974]",36.882218360670414,126.3228291719197,https://storage.googleapis.com/open-cogs/planet-stac/tanager1-release2-core-imagery/basic_beta_udm/20250504_025815_32_4001_basic_beta_udm.tif,https://storage.googleapis.com/open-cogs/planet-stac/tanager1-release2-core-imagery/basic_radiance_hdf5/20250504_025815_32_4001_basic_radiance_hdf5.h5,https://storage.googleapis.com/open-cogs/planet-stac/tanager1-release2-core-imagery/basic_sr_hdf5/20250504_025815_32_4001_basic_sr_hdf5.h5,https://storage.googleapis.com/open-cogs/planet-stac/tanager1-release2-core-imagery/geolocation_array/20250504_025815_32_4001_geolocation_array.tif,https://storage.googleapis.com/open-cogs/planet-stac/tanager1-release2-core-imagery/ortho_beta_udm/20250504_025815_32_4001_ortho_beta_udm.tif,,https://storage.googleapis.com/open-cogs/planet-stac/tanager1-release2-core-imagery/ortho_radiance_hdf5/20250504_025815_32_4001_ortho_radiance_hdf5.h5,https://storage.googleapis.com/open-cogs/planet-stac/tanager1-release2-core-imagery/ortho_sr_hdf5/20250504_025815_32_4001_ortho_sr_hdf5.h5,https://storage.googleapis.com/open-cogs/planet-stac/tanager1-release2-core-imagery/ortho_visual/20250504_025815_32_4001_ortho_visual.tif,,,https://storage.googleapis.com/open-cogs/planet-stac/tanager1-release2-core-imagery/thumbnail/20250504_025815_32_4001_thumb.png
natural-lands,20250504_092952_87_4001,2025-05-04T09:29:52.870339Z,0,0,standard,standard_sensitivity,"Hex Park, Breede Valley Ward 10, Worcester, Breede Valley Local Municipality, Cape Winelands District Municipality, Western Cape, 6849, South Africa",37.6,21.1,284.6,18.6,38.34,"[19.33409987105026, -33.763913081918886, 19.614334973058824, -33.553969637292674]",-33.65894135960578,19.474217422054544,https://storage.googleapis.com/open-cogs/planet-stac/tanager1-release2-core-imagery/basic_beta_udm/20250504_092952_87_4001_basic_beta_udm.tif,https://storage.googleapis.com/open-cogs/planet-stac/tanager1-release2-core-imagery/basic_radiance_hdf5/20250504_092952_87_4001_basic_radiance_hdf5.h5,https://storage.googleapis.com/open-cogs/planet-stac/tanager1-release2-core-imagery/basic_sr_hdf5/20250504_092952_87_4001_basic_sr_hdf5.h5,https://storage.googleapis.com/open-cogs/planet-stac/tanager1-release2-core-imagery/geolocation_array/20250504_092952_87_4001_geolocation_array.tif,https://storage.googleapis.com/open-cogs/planet-stac/tanager1-release2-core-imagery/ortho_beta_udm/20250504_092952_87_4001_ortho_beta_udm.tif,,https://storage.googleapis.com/open-cogs/planet-stac/tanager1-release2-core-imagery/ortho_radiance_hdf5/20250504_092952_87_4001_ortho_radiance_hdf5.h5,https://storage.googleapis.com/open-cogs/planet-stac/tanager1-release2-core-imagery/ortho_sr_hdf5/20250504_092952_87_4001_ortho_sr_hdf5.h5,https://storage.googleapis.com/open-cogs/planet-stac/tanager1-release2-core-imagery/ortho_visual/20250504_092952_87_4001_ortho_visual.tif,,,https://storage.googleapis.com/open-cogs/planet-stac/tanager1-release2-core-imagery/thumbnail/20250504_092952_87_4001_thumb.png
natural-lands,20250509_090323_87_4001,2025-05-09T09:03:23.870339Z,0,0,standard,standard_sensitivity,"Northern State, Sudan",79.3,103.1,35.3,0.7,32.97,"[32.16517116849356, 20.12731110385063, 32.388618361096846, 20.3296745807319]",20.228492842291267,32.2768947647952,https://storage.googleapis.com/open-cogs/planet-stac/tanager1-release2-core-imagery/basic_beta_udm/20250509_090323_87_4001_basic_beta_udm.tif,https://storage.googleapis.com/open-cogs/planet-stac/tanager1-release2-core-imagery/basic_radiance_hdf5/20250509_090323_87_4001_basic_radiance_hdf5.h5,https://storage.googleapis.com/open-cogs/planet-stac/tanager1-release2-core-imagery/basic_sr_hdf5/20250509_090323_87_4001_basic_sr_hdf5.h5,https://storage.googleapis.com/open-cogs/planet-stac/tanager1-release2-core-imagery/geolocation_array/20250509_090323_87_4001_geolocation_array.tif,https://storage.googleapis.com/open-cogs/planet-stac/tanager1-release2-core-imagery/ortho_beta_udm/20250509_090323_87_4001_ortho_beta_udm.tif,,https://storage.googleapis.com/open-cogs/planet-stac/tanager1-release2-core-imagery/ortho_radiance_hdf5/20250509_090323_87_4001_ortho_radiance_hdf5.h5,https://storage.googleapis.com/open-cogs/planet-stac/tanager1-release2-core-imagery/ortho_sr_hdf5/20250509_090323_87_4001_ortho_sr_hdf5.h5,https://storage.googleapis.com/open-cogs/planet-stac/tanager1-release2-core-imagery/ortho_visual/20250509_090323_87_4001_ortho_visual.tif,,,https://storage.googleapis.com/open-cogs/planet-stac/tanager1-release2-core-imagery/thumbnail/20250509_090323_87_4001_thumb.png
natural-lands,20250510_005001_00_4001,2025-05-10T00:50:01Z,0,0,standard,standard_sensitivity,"Pilliga, Narrabri Shire Council, New South Wales, 2388, Australia",38.9,22.1,346.2,3.4,32.86,"[148.54834330038452, -30.608013893356592, 148.78876457304023, -30.4288218093641]",-30.518417851360347,148.66855393671239,https://storage.googleapis.com/open-cogs/planet-stac/tanager1-release2-core-imagery/basic_beta_udm/20250510_005001_00_4001_basic_beta_udm.tif,https://storage.googleapis.com/open-cogs/planet-stac/tanager1-release2-core-imagery/basic_radiance_hdf5/20250510_005001_00_4001_basic_radiance_hdf5.h5,https://storage.googleapis.com/open-cogs/planet-stac/tanager1-release2-core-imagery/basic_sr_hdf5/20250510_005001_00_4001_basic_sr_hdf5.h5,https://storage.googleapis.com/open-cogs/planet-stac/tanager1-release2-core-imagery/geolocation_array/20250510_005001_00_4001_geolocation_array.tif,https://storage.googleapis.com/open-cogs/planet-stac/tanager1-release2-core-imagery/ortho_beta_udm/20250510_005001_00_4001_ortho_beta_udm.tif,,https://storage.googleapis.com/open-cogs/planet-stac/tanager1-release2-core-imagery/ortho_radiance_hdf5/20250510_005001_00_4001_ortho_radiance_hdf5.h5,https://storage.googleapis.com/open-cogs/planet-stac/tanager1-release2-core-imagery/ortho_sr_hdf5/20250510_005001_00_4001_ortho_sr_hdf5.h5,https://storage.googleapis.com/open-cogs/planet-stac/tanager1-release2-core-imagery/ortho_visual/20250510_005001_00_4001_ortho_visual.tif,,,https://storage.googleapis.com/open-cogs/planet-stac/tanager1-release2-core-imagery/thumbnail/20250510_005001_00_4001_thumb.png
natural-lands,20250511_011730_87_4001,2025-05-11T01:17:30.870339Z,2,0,standard,standard_sensitivity,"Bilibinsky District, Chukotka Autonomous Okrug, Far Eastern Federal District, Russia",39.1,186.2,80.6,3.5,33.47,"[164.47452972372693, 68.56284771842422, 165.12249253423218, 68.78858979861056]",68.67571875851739,164.79851112897956,https://storage.googleapis.com/open-cogs/planet-stac/tanager1-release2-core-imagery/basic_beta_udm/20250511_011730_87_4001_basic_beta_udm.tif,https://storage.googleapis.com/open-cogs/planet-stac/tanager1-release2-core-imagery/basic_radiance_hdf5/20250511_011730_87_4001_basic_radiance_hdf5.h5,https://storage.googleapis.com/open-cogs/planet-stac/tanager1-release2-core-imagery/basic_sr_hdf5/20250511_011730_87_4001_basic_sr_hdf5.h5,https://storage.googleapis.com/open-cogs/planet-stac/tanager1-release2-core-imagery/geolocation_array/20250511_011730_87_4001_geolocation_array.tif,https://storage.googleapis.com/open-cogs/planet-stac/tanager1-release2-core-imagery/ortho_beta_udm/20250511_011730_87_4001_ortho_beta_udm.tif,,https://storage.googleapis.com/open-cogs/planet-stac/tanager1-release2-core-imagery/ortho_radiance_hdf5/20250511_011730_87_4001_ortho_radiance_hdf5.h5,https://storage.googleapis.com/open-cogs/planet-stac/tanager1-release2-core-imagery/ortho_sr_hdf5/20250511_011730_87_4001_ortho_sr_hdf5.h5,https://storage.googleapis.com/open-cogs/planet-stac/tanager1-release2-core-imagery/ortho_visual/20250511_011730_87_4001_ortho_visual.tif,,,https://storage.googleapis.com/open-cogs/planet-stac/tanager1-release2-core-imagery/thumbnail/20250511_011730_87_4001_thumb.png
natural-lands,20250514_115302_15_4001,2025-05-14T11:53:02.151168Z,0,0,standard,standard_sensitivity,"Cantillana, Sevilla, Andalusia, Spain",70.3,161.2,281.4,13.3,33.98,"[-5.907710598861917, 37.49296531948345, -5.618664290018957, 37.724071693308936]",37.608518506396194,-5.763187444440437,https://storage.googleapis.com/open-cogs/planet-stac/tanager1-release2-core-imagery/basic_beta_udm/20250514_115302_15_4001_basic_beta_udm.tif,https://storage.googleapis.com/open-cogs/planet-stac/tanager1-release2-core-imagery/basic_radiance_hdf5/20250514_115302_15_4001_basic_radiance_hdf5.h5,https://storage.googleapis.com/open-cogs/planet-stac/tanager1-release2-core-imagery/basic_sr_hdf5/20250514_115302_15_4001_basic_sr_hdf5.h5,https://storage.googleapis.com/open-cogs/planet-stac/tanager1-release2-core-imagery/geolocation_array/20250514_115302_15_4001_geolocation_array.tif,https://storage.googleapis.com/open-cogs/planet-stac/tanager1-release2-core-imagery/ortho_beta_udm/20250514_115302_15_4001_ortho_beta_udm.tif,,https://storage.googleapis.com/open-cogs/planet-stac/tanager1-release2-core-imagery/ortho_radiance_hdf5/20250514_115302_15_4001_ortho_radiance_hdf5.h5,https://storage.googleapis.com/open-cogs/planet-stac/tanager1-release2-core-imagery/ortho_sr_hdf5/20250514_115302_15_4001_ortho_sr_hdf5.h5,https://storage.googleapis.com/open-cogs/planet-stac/tanager1-release2-core-imagery/ortho_visual/20250514_115302_15_4001_ortho_visual.tif,,,https://storage.googleapis.com/open-cogs/planet-stac/tanager1-release2-core-imagery/thumbnail/20250514_115302_15_4001_thumb.png
natural-lands,20250514_223907_74_4001,2025-05-14T22:39:07.740678Z,0,0,standard,standard_sensitivity,"Unorganized Borough, Alaska, United States",43.4,183.1,140.1,4.0,33.19,"[-158.58874500600015, 65.3805529521238, -158.03260696651554, 65.60180142596407]",65.49117718904392,-158.31067598625785,https://storage.googleapis.com/open-cogs/planet-stac/tanager1-release2-core-imagery/basic_beta_udm/20250514_223907_74_4001_basic_beta_udm.tif,https://storage.googleapis.com/open-cogs/planet-stac/tanager1-release2-core-imagery/basic_radiance_hdf5/20250514_223907_74_4001_basic_radiance_hdf5.h5,https://storage.googleapis.com/open-cogs/planet-stac/tanager1-release2-core-imagery/basic_sr_hdf5/20250514_223907_74_4001_basic_sr_hdf5.h5,https://storage.googleapis.com/open-cogs/planet-stac/tanager1-release2-core-imagery/geolocation_array/20250514_223907_74_4001_geolocation_array.tif,https://storage.googleapis.com/open-cogs/planet-stac/tanager1-release2-core-imagery/ortho_beta_udm/20250514_223907_74_4001_ortho_beta_udm.tif,,https://storage.googleapis.com/open-cogs/planet-stac/tanager1-release2-core-imagery/ortho_radiance_hdf5/20250514_223907_74_4001_ortho_radiance_hdf5.h5,https://storage.googleapis.com/open-cogs/planet-stac/tanager1-release2-core-imagery/ortho_sr_hdf5/20250514_223907_74_4001_ortho_sr_hdf5.h5,https://storage.googleapis.com/open-cogs/planet-stac/tanager1-release2-core-imagery/ortho_visual/20250514_223907_74_4001_ortho_visual.tif,,,https://storage.googleapis.com/open-cogs/planet-stac/tanager1-release2-core-imagery/thumbnail/20250514_223907_74_4001_thumb.png
natural-lands,20250516_121248_87_4001,2025-05-16T12:12:48.870339Z,0,0,standard,standard_sensitivity,"Kahi, Communauté rurale de Kahi, Arrondissement de Gniby, Département de Kaffrine, Kaffrine Region, Senegal",78.0,63.5,291.1,2.4,32.62,"[-15.632646396014753, 14.04021543443446, -15.41679688262803, 14.243047244687682]",14.141631339561071,-15.524721639321392,https://storage.googleapis.com/open-cogs/planet-stac/tanager1-release2-core-imagery/basic_beta_udm/20250516_121248_87_4001_basic_beta_udm.tif,https://storage.googleapis.com/open-cogs/planet-stac/tanager1-release2-core-imagery/basic_radiance_hdf5/20250516_121248_87_4001_basic_radiance_hdf5.h5,https://storage.googleapis.com/open-cogs/planet-stac/tanager1-release2-core-imagery/basic_sr_hdf5/20250516_121248_87_4001_basic_sr_hdf5.h5,https://storage.googleapis.com/open-cogs/planet-stac/tanager1-release2-core-imagery/geolocation_array/20250516_121248_87_4001_geolocation_array.tif,https://storage.googleapis.com/open-cogs/planet-stac/tanager1-release2-core-imagery/ortho_beta_udm/20250516_121248_87_4001_ortho_beta_udm.tif,,https://storage.googleapis.com/open-cogs/planet-stac/tanager1-release2-core-imagery/ortho_radiance_hdf5/20250516_121248_87_4001_ortho_radiance_hdf5.h5,https://storage.googleapis.com/open-cogs/planet-stac/tanager1-release2-core-imagery/ortho_sr_hdf5/20250516_121248_87_4001_ortho_sr_hdf5.h5,https://storage.googleapis.com/open-cogs/planet-stac/tanager1-release2-core-imagery/ortho_visual/20250516_121248_87_4001_ortho_visual.tif,,,https://storage.googleapis.com/open-cogs/planet-stac/tanager1-release2-core-imagery/thumbnail/20250516_121248_87_4001_thumb.png
natural-lands,20250520_171055_87_4001,2025-05-20T17:10:55.870339Z,0,0,standard,standard_sensitivity,"Unorganized North Cochrane, Cochrane District, Northeastern Ontario, Ontario, Canada",60.7,171.8,293.3,4.5,33.1,"[-83.02492002405681, 49.133157348622035, -82.68941665242069, 49.342442537807756]",49.237799943214895,-82.85716833823875,https://storage.googleapis.com/open-cogs/planet-stac/tanager1-release2-core-imagery/basic_beta_udm/20250520_171055_87_4001_basic_beta_udm.tif,https://storage.googleapis.com/open-cogs/planet-stac/tanager1-release2-core-imagery/basic_radiance_hdf5/20250520_171055_87_4001_basic_radiance_hdf5.h5,https://storage.googleapis.com/open-cogs/planet-stac/tanager1-release2-core-imagery/basic_sr_hdf5/20250520_171055_87_4001_basic_sr_hdf5.h5,https://storage.googleapis.com/open-cogs/planet-stac/tanager1-release2-core-imagery/geolocation_array/20250520_171055_87_4001_geolocation_array.tif,https://storage.googleapis.com/open-cogs/planet-stac/tanager1-release2-core-imagery/ortho_beta_udm/20250520_171055_87_4001_ortho_beta_udm.tif,,https://storage.googleapis.com/open-cogs/planet-stac/tanager1-release2-core-imagery/ortho_radiance_hdf5/20250520_171055_87_4001_ortho_radiance_hdf5.h5,https://storage.googleapis.com/open-cogs/planet-stac/tanager1-release2-core-imagery/ortho_sr_hdf5/20250520_171055_87_4001_ortho_sr_hdf5.h5,https://storage.googleapis.com/open-cogs/planet-stac/tanager1-release2-core-imagery/ortho_visual/20250520_171055_87_4001_ortho_visual.tif,,,https://storage.googleapis.com/open-cogs/planet-stac/tanager1-release2-core-imagery/thumbnail/20250520_171055_87_4001_thumb.png
natural-lands,20250521_194038_10_4001,2025-05-21T19:40:38.105080Z,0,0,standard,standard_sensitivity,"Solano County, California, United States",71.5,162.4,283.6,17.7,34.47,"[-122.03417964537175, 38.050450193222844, -121.73305240739047, 38.27611005376413]",38.163280123493486,-121.8836160263811,https://storage.googleapis.com/open-cogs/planet-stac/tanager1-release2-core-imagery/basic_beta_udm/20250521_194038_10_4001_basic_beta_udm.tif,https://storage.googleapis.com/open-cogs/planet-stac/tanager1-release2-core-imagery/basic_radiance_hdf5/20250521_194038_10_4001_basic_radiance_hdf5.h5,https://storage.googleapis.com/open-cogs/planet-stac/tanager1-release2-core-imagery/basic_sr_hdf5/20250521_194038_10_4001_basic_sr_hdf5.h5,https://storage.googleapis.com/open-cogs/planet-stac/tanager1-release2-core-imagery/geolocation_array/20250521_194038_10_4001_geolocation_array.tif,https://storage.googleapis.com/open-cogs/planet-stac/tanager1-release2-core-imagery/ortho_beta_udm/20250521_194038_10_4001_ortho_beta_udm.tif,,https://storage.googleapis.com/open-cogs/planet-stac/tanager1-release2-core-imagery/ortho_radiance_hdf5/20250521_194038_10_4001_ortho_radiance_hdf5.h5,https://storage.googleapis.com/open-cogs/planet-stac/tanager1-release2-core-imagery/ortho_sr_hdf5/20250521_194038_10_4001_ortho_sr_hdf5.h5,https://storage.googleapis.com/open-cogs/planet-stac/tanager1-release2-core-imagery/ortho_visual/20250521_194038_10_4001_ortho_visual.tif,,,https://storage.googleapis.com/open-cogs/planet-stac/tanager1-release2-core-imagery/thumbnail/20250521_194038_10_4001_thumb.png
natural-lands,20250601_104901_58_4001,2025-06-01T10:49:01.582000Z,0,0,standard,standard_sensitivity,Algeria,73.0,148.3,101.6,19.9,35.03,"[7.5174573391889, 36.87386550739371, 7.809339376236341, 37.05991800372398]",36.96689175555885,7.663398357712621,https://storage.googleapis.com/open-cogs/planet-stac/tanager1-release2-core-imagery/basic_beta_udm/20250601_104901_58_4001_basic_beta_udm.tif,https://storage.googleapis.com/open-cogs/planet-stac/tanager1-release2-core-imagery/basic_radiance_hdf5/20250601_104901_58_4001_basic_radiance_hdf5.h5,https://storage.googleapis.com/open-cogs/planet-stac/tanager1-release2-core-imagery/basic_sr_hdf5/20250601_104901_58_4001_basic_sr_hdf5.h5,https://storage.googleapis.com/open-cogs/planet-stac/tanager1-release2-core-imagery/geolocation_array/20250601_104901_58_4001_geolocation_array.tif,https://storage.googleapis.com/open-cogs/planet-stac/tanager1-release2-core-imagery/ortho_beta_udm/20250601_104901_58_4001_ortho_beta_udm.tif,,https://storage.googleapis.com/open-cogs/planet-stac/tanager1-release2-core-imagery/ortho_radiance_hdf5/20250601_104901_58_4001_ortho_radiance_hdf5.h5,https://storage.googleapis.com/open-cogs/planet-stac/tanager1-release2-core-imagery/ortho_sr_hdf5/20250601_104901_58_4001_ortho_sr_hdf5.h5,https://storage.googleapis.com/open-cogs/planet-stac/tanager1-release2-core-imagery/ortho_visual/20250601_104901_58_4001_ortho_visual.tif,,,https://storage.googleapis.com/open-cogs/planet-stac/tanager1-release2-core-imagery/thumbnail/20250601_104901_58_4001_thumb.png
natural-lands,20250606_030446_90_4001,2025-06-06T03:04:46.903891Z,0,0,standard,standard_sensitivity,"Nanutarra, Shire Of Ashburton, Western Australia, 6751, Australia",42.0,20.5,207.7,0.9,32.69,"[116.9334257244304, -22.737690664593273, 117.15610650742212, -22.55868570646349]",-22.648188185528383,117.04476611592627,https://storage.googleapis.com/open-cogs/planet-stac/tanager1-release2-core-imagery/basic_beta_udm/20250606_030446_90_4001_basic_beta_udm.tif,https://storage.googleapis.com/open-cogs/planet-stac/tanager1-release2-core-imagery/basic_radiance_hdf5/20250606_030446_90_4001_basic_radiance_hdf5.h5,https://storage.googleapis.com/open-cogs/planet-stac/tanager1-release2-core-imagery/basic_sr_hdf5/20250606_030446_90_4001_basic_sr_hdf5.h5,https://storage.googleapis.com/open-cogs/planet-stac/tanager1-release2-core-imagery/geolocation_array/20250606_030446_90_4001_geolocation_array.tif,https://storage.googleapis.com/open-cogs/planet-stac/tanager1-release2-core-imagery/ortho_beta_udm/20250606_030446_90_4001_ortho_beta_udm.tif,,https://storage.googleapis.com/open-cogs/planet-stac/tanager1-release2-core-imagery/ortho_radiance_hdf5/20250606_030446_90_4001_ortho_radiance_hdf5.h5,https://storage.googleapis.com/open-cogs/planet-stac/tanager1-release2-core-imagery/ortho_sr_hdf5/20250606_030446_90_4001_ortho_sr_hdf5.h5,https://storage.googleapis.com/open-cogs/planet-stac/tanager1-release2-core-imagery/ortho_visual/20250606_030446_90_4001_ortho_visual.tif,,,https://storage.googleapis.com/open-cogs/planet-stac/tanager1-release2-core-imagery/thumbnail/20250606_030446_90_4001_thumb.png
natural-lands,20250606_090504_75_4001,2025-06-06T09:05:04.757094Z,7,0,standard,standard_sensitivity,"Red Sea, Egypt",79.9,117.2,104.3,3.5,32.67,"[33.537270713942306, 27.5663964373475, 33.77103449941458, 27.74616704683149]",27.656281742089497,33.654152606678444,https://storage.googleapis.com/open-cogs/planet-stac/tanager1-release2-core-imagery/basic_beta_udm/20250606_090504_75_4001_basic_beta_udm.tif,https://storage.googleapis.com/open-cogs/planet-stac/tanager1-release2-core-imagery/basic_radiance_hdf5/20250606_090504_75_4001_basic_radiance_hdf5.h5,https://storage.googleapis.com/open-cogs/planet-stac/tanager1-release2-core-imagery/basic_sr_hdf5/20250606_090504_75_4001_basic_sr_hdf5.h5,https://storage.googleapis.com/open-cogs/planet-stac/tanager1-release2-core-imagery/geolocation_array/20250606_090504_75_4001_geolocation_array.tif,https://storage.googleapis.com/open-cogs/planet-stac/tanager1-release2-core-imagery/ortho_beta_udm/20250606_090504_75_4001_ortho_beta_udm.tif,,https://storage.googleapis.com/open-cogs/planet-stac/tanager1-release2-core-imagery/ortho_radiance_hdf5/20250606_090504_75_4001_ortho_radiance_hdf5.h5,https://storage.googleapis.com/open-cogs/planet-stac/tanager1-release2-core-imagery/ortho_sr_hdf5/20250606_090504_75_4001_ortho_sr_hdf5.h5,https://storage.googleapis.com/open-cogs/planet-stac/tanager1-release2-core-imagery/ortho_visual/20250606_090504_75_4001_ortho_visual.tif,,,https://storage.googleapis.com/open-cogs/planet-stac/tanager1-release2-core-imagery/thumbnail/20250606_090504_75_4001_thumb.png
natural-lands,20250606_152952_74_4001,2025-06-06T15:29:52.747094Z,0,0,standard,standard_sensitivity,"Milluni Bajo, El Alto, Pedro Domingo Murillo, La Paz, Bolivia",48.0,21.5,304.6,1.9,32.7,"[-68.31619748001575, -16.52314831101167, -68.1047511954604, -16.34496745551132]",-16.434057883261495,-68.21047433773808,https://storage.googleapis.com/open-cogs/planet-stac/tanager1-release2-core-imagery/basic_beta_udm/20250606_152952_74_4001_basic_beta_udm.tif,https://storage.googleapis.com/open-cogs/planet-stac/tanager1-release2-core-imagery/basic_radiance_hdf5/20250606_152952_74_4001_basic_radiance_hdf5.h5,,https://storage.googleapis.com/open-cogs/planet-stac/tanager1-release2-core-imagery/geolocation_array/20250606_152952_74_4001_geolocation_array.tif,https://storage.googleapis.com/open-cogs/planet-stac/tanager1-release2-core-imagery/ortho_beta_udm/20250606_152952_74_4001_ortho_beta_udm.tif,,https://storage.googleapis.com/open-cogs/planet-stac/tanager1-release2-core-imagery/ortho_radiance_hdf5/20250606_152952_74_4001_ortho_radiance_hdf5.h5,,https://storage.googleapis.com/open-cogs/planet-stac/tanager1-release2-core-imagery/ortho_visual/20250606_152952_74_4001_ortho_visual.tif,,,https://storage.googleapis.com/open-cogs/planet-stac/tanager1-release2-core-imagery/thumbnail/20250606_152952_74_4001_thumb.png
natural-lands,20250608_014315_58_4001,2025-06-08T01:43:15.582000Z,0,0,standard,standard_sensitivity,"Mcarthur, Roper Gulf Region, Northern Territory, 0852, Australia",47.8,24.1,90.2,24.3,36.01,"[136.47217098712412, -15.883575280508039, 136.72768591319192, -15.704085369567002]",-15.79383032503752,136.59992845015802,https://storage.googleapis.com/open-cogs/planet-stac/tanager1-release2-core-imagery/basic_beta_udm/20250608_014315_58_4001_basic_beta_udm.tif,https://storage.googleapis.com/open-cogs/planet-stac/tanager1-release2-core-imagery/basic_radiance_hdf5/20250608_014315_58_4001_basic_radiance_hdf5.h5,https://storage.googleapis.com/open-cogs/planet-stac/tanager1-release2-core-imagery/basic_sr_hdf5/20250608_014315_58_4001_basic_sr_hdf5.h5,https://storage.googleapis.com/open-cogs/planet-stac/tanager1-release2-core-imagery/geolocation_array/20250608_014315_58_4001_geolocation_array.tif,https://storage.googleapis.com/open-cogs/planet-stac/tanager1-release2-core-imagery/ortho_beta_udm/20250608_014315_58_4001_ortho_beta_udm.tif,,https://storage.googleapis.com/open-cogs/planet-stac/tanager1-release2-core-imagery/ortho_radiance_hdf5/20250608_014315_58_4001_ortho_radiance_hdf5.h5,https://storage.googleapis.com/open-cogs/planet-stac/tanager1-release2-core-imagery/ortho_sr_hdf5/20250608_014315_58_4001_ortho_sr_hdf5.h5,https://storage.googleapis.com/open-cogs/planet-stac/tanager1-release2-core-imagery/ortho_visual/20250608_014315_58_4001_ortho_visual.tif,,,https://storage.googleapis.com/open-cogs/planet-stac/tanager1-release2-core-imagery/thumbnail/20250608_014315_58_4001_thumb.png
natural-lands,20250608_074757_58_4001,2025-06-08T07:47:57.582000Z,53,0,standard,standard_sensitivity,"Hat District, Al Mahrah Governorate, Yemen",78.2,61.1,87.8,1.6,32.81,"[51.50414955647137, 17.428852900557494, 51.71835136565062, 17.607585575430605]",17.51821923799405,51.61125046106099,https://storage.googleapis.com/open-cogs/planet-stac/tanager1-release2-core-imagery/basic_beta_udm/20250608_074757_58_4001_basic_beta_udm.tif,https://storage.googleapis.com/open-cogs/planet-stac/tanager1-release2-core-imagery/basic_radiance_hdf5/20250608_074757_58_4001_basic_radiance_hdf5.h5,https://storage.googleapis.com/open-cogs/planet-stac/tanager1-release2-core-imagery/basic_sr_hdf5/20250608_074757_58_4001_basic_sr_hdf5.h5,https://storage.googleapis.com/open-cogs/planet-stac/tanager1-release2-core-imagery/geolocation_array/20250608_074757_58_4001_geolocation_array.tif,https://storage.googleapis.com/open-cogs/planet-stac/tanager1-release2-core-imagery/ortho_beta_udm/20250608_074757_58_4001_ortho_beta_udm.tif,,https://storage.googleapis.com/open-cogs/planet-stac/tanager1-release2-core-imagery/ortho_radiance_hdf5/20250608_074757_58_4001_ortho_radiance_hdf5.h5,https://storage.googleapis.com/open-cogs/planet-stac/tanager1-release2-core-imagery/ortho_sr_hdf5/20250608_074757_58_4001_ortho_sr_hdf5.h5,https://storage.googleapis.com/open-cogs/planet-stac/tanager1-release2-core-imagery/ortho_visual/20250608_074757_58_4001_ortho_visual.tif,,,https://storage.googleapis.com/open-cogs/planet-stac/tanager1-release2-core-imagery/thumbnail/20250608_074757_58_4001_thumb.png
natural-lands,20250608_091605_90_4001,2025-06-08T09:16:05.903891Z,2,0,standard,standard_sensitivity,"Çumra, Konya, Central Anatolia Region, 42500, Turkey",73.7,152.2,113.0,5.8,32.72,"[32.44227196464563, 37.51375341016496, 32.70580618046614, 37.69491765950834]",37.60433553483665,32.574039072555884,https://storage.googleapis.com/open-cogs/planet-stac/tanager1-release2-core-imagery/basic_beta_udm/20250608_091605_90_4001_basic_beta_udm.tif,https://storage.googleapis.com/open-cogs/planet-stac/tanager1-release2-core-imagery/basic_radiance_hdf5/20250608_091605_90_4001_basic_radiance_hdf5.h5,https://storage.googleapis.com/open-cogs/planet-stac/tanager1-release2-core-imagery/basic_sr_hdf5/20250608_091605_90_4001_basic_sr_hdf5.h5,https://storage.googleapis.com/open-cogs/planet-stac/tanager1-release2-core-imagery/geolocation_array/20250608_091605_90_4001_geolocation_array.tif,https://storage.googleapis.com/open-cogs/planet-stac/tanager1-release2-core-imagery/ortho_beta_udm/20250608_091605_90_4001_ortho_beta_udm.tif,,https://storage.googleapis.com/open-cogs/planet-stac/tanager1-release2-core-imagery/ortho_radiance_hdf5/20250608_091605_90_4001_ortho_radiance_hdf5.h5,https://storage.googleapis.com/open-cogs/planet-stac/tanager1-release2-core-imagery/ortho_sr_hdf5/20250608_091605_90_4001_ortho_sr_hdf5.h5,https://storage.googleapis.com/open-cogs/planet-stac/tanager1-release2-core-imagery/ortho_visual/20250608_091605_90_4001_ortho_visual.tif,,,https://storage.googleapis.com/open-cogs/planet-stac/tanager1-release2-core-imagery/thumbnail/20250608_091605_90_4001_thumb.png
natural-lands,20250331_113403_16_4001,2025-03-31T11:34:03.165094Z,0,0,standard,standard_sensitivity,"La Puebla de los Infantes, Sevilla, Andalusia, Spain",54.5,157.4,99.7,19.5,34.8,"[-5.55529655989628, 37.70232599681291, -5.26039819150465, 37.88713585470073]",37.794730925756824,-5.407847375700465,https://storage.googleapis.com/open-cogs/planet-stac/tanager1-release2-core-imagery/basic_beta_udm/20250331_113403_16_4001_basic_beta_udm.tif,https://storage.googleapis.com/open-cogs/planet-stac/tanager1-release2-core-imagery/basic_radiance_hdf5/20250331_113403_16_4001_basic_radiance_hdf5.h5,https://storage.googleapis.com/open-cogs/planet-stac/tanager1-release2-core-imagery/basic_sr_hdf5/20250331_113403_16_4001_basic_sr_hdf5.h5,https://storage.googleapis.com/open-cogs/planet-stac/tanager1-release2-core-imagery/geolocation_array/20250331_113403_16_4001_geolocation_array.tif,https://storage.googleapis.com/open-cogs/planet-stac/tanager1-release2-core-imagery/ortho_beta_udm/20250331_113403_16_4001_ortho_beta_udm.tif,,https://storage.googleapis.com/open-cogs/planet-stac/tanager1-release2-core-imagery/ortho_radiance_hdf5/20250331_113403_16_4001_ortho_radiance_hdf5.h5,https://storage.googleapis.com/open-cogs/planet-stac/tanager1-release2-core-imagery/ortho_sr_hdf5/20250331_113403_16_4001_ortho_sr_hdf5.h5,https://storage.googleapis.com/open-cogs/planet-stac/tanager1-release2-core-imagery/ortho_visual/20250331_113403_16_4001_ortho_visual.tif,,,https://storage.googleapis.com/open-cogs/planet-stac/tanager1-release2-core-imagery/thumbnail/20250331_113403_16_4001_thumb.png
natural-lands,20240925_185504_87_4001,2024-09-25T18:55:04.870339Z,2,0,test,standard_sensitivity,"Nye County, Nevada, United States",49.8,162.5,280.6,11.9,40.86,"[-117.31667064506556, 37.44472932998845, -116.98614317711481, 37.69798381124658]",37.57135657061751,-117.15140691109019,https://storage.googleapis.com/open-cogs/planet-stac/tanager1-release2-core-imagery/basic_beta_udm/20240925_185504_87_4001_basic_beta_udm.tif,https://storage.googleapis.com/open-cogs/planet-stac/tanager1-release2-core-imagery/basic_radiance_hdf5/20240925_185504_87_4001_basic_radiance_hdf5.h5,https://storage.googleapis.com/open-cogs/planet-stac/tanager1-release2-core-imagery/basic_sr_hdf5/20240925_185504_87_4001_basic_sr_hdf5.h5,https://storage.googleapis.com/open-cogs/planet-stac/tanager1-release2-core-imagery/geolocation_array/20240925_185504_87_4001_geolocation_array.tif,https://storage.googleapis.com/open-cogs/planet-stac/tanager1-release2-core-imagery/ortho_beta_udm/20240925_185504_87_4001_ortho_beta_udm.tif,,https://storage.googleapis.com/open-cogs/planet-stac/tanager1-release2-core-imagery/ortho_radiance_hdf5/20240925_185504_87_4001_ortho_radiance_hdf5.h5,https://storage.googleapis.com/open-cogs/planet-stac/tanager1-release2-core-imagery/ortho_sr_hdf5/20240925_185504_87_4001_ortho_sr_hdf5.h5,https://storage.googleapis.com/open-cogs/planet-stac/tanager1-release2-core-imagery/ortho_visual/20240925_185504_87_4001_ortho_visual.tif,,,https://storage.googleapis.com/open-cogs/planet-stac/tanager1-release2-core-imagery/thumbnail/20240925_185504_87_4001_thumb.png
natural-lands,20240925_185509_74_4001,2024-09-25T18:55:09.740678Z,1,0,test,standard_sensitivity,"Esmeralda County, Nevada, United States",50.0,162.3,274.7,12.0,40.24,"[-117.37384880358002, 37.239620275483915, -117.04329670177542, 37.4907683953353]",37.36519433540961,-117.20857275267772,https://storage.googleapis.com/open-cogs/planet-stac/tanager1-release2-core-imagery/basic_beta_udm/20240925_185509_74_4001_basic_beta_udm.tif,https://storage.googleapis.com/open-cogs/planet-stac/tanager1-release2-core-imagery/basic_radiance_hdf5/20240925_185509_74_4001_basic_radiance_hdf5.h5,https://storage.googleapis.com/open-cogs/planet-stac/tanager1-release2-core-imagery/basic_sr_hdf5/20240925_185509_74_4001_basic_sr_hdf5.h5,https://storage.googleapis.com/open-cogs/planet-stac/tanager1-release2-core-imagery/geolocation_array/20240925_185509_74_4001_geolocation_array.tif,https://storage.googleapis.com/open-cogs/planet-stac/tanager1-release2-core-imagery/ortho_beta_udm/20240925_185509_74_4001_ortho_beta_udm.tif,,https://storage.googleapis.com/open-cogs/planet-stac/tanager1-release2-core-imagery/ortho_radiance_hdf5/20240925_185509_74_4001_ortho_radiance_hdf5.h5,https://storage.googleapis.com/open-cogs/planet-stac/tanager1-release2-core-imagery/ortho_sr_hdf5/20240925_185509_74_4001_ortho_sr_hdf5.h5,https://storage.googleapis.com/open-cogs/planet-stac/tanager1-release2-core-imagery/ortho_visual/20240925_185509_74_4001_ortho_visual.tif,,,https://storage.googleapis.com/open-cogs/planet-stac/tanager1-release2-core-imagery/thumbnail/20240925_185509_74_4001_thumb.png
natural-lands,20250222_190233_00_4001,2025-02-22T19:02:33Z,0,0,standard,standard_sensitivity,"Nye County, Nevada, United States",40.4,160.7,34.6,3.9,32.82,"[-117.24101724557605, 37.613169396557275, -116.9786336642985, 37.793399834972504]",37.703284615764886,-117.10982545493727,https://storage.googleapis.com/open-cogs/planet-stac/tanager1-release2-core-imagery/basic_beta_udm/20250222_190233_00_4001_basic_beta_udm.tif,https://storage.googleapis.com/open-cogs/planet-stac/tanager1-release2-core-imagery/basic_radiance_hdf5/20250222_190233_00_4001_basic_radiance_hdf5.h5,https://storage.googleapis.com/open-cogs/planet-stac/tanager1-release2-core-imagery/basic_sr_hdf5/20250222_190233_00_4001_basic_sr_hdf5.h5,https://storage.googleapis.com/open-cogs/planet-stac/tanager1-release2-core-imagery/geolocation_array/20250222_190233_00_4001_geolocation_array.tif,https://storage.googleapis.com/open-cogs/planet-stac/tanager1-release2-core-imagery/ortho_beta_udm/20250222_190233_00_4001_ortho_beta_udm.tif,,https://storage.googleapis.com/open-cogs/planet-stac/tanager1-release2-core-imagery/ortho_radiance_hdf5/20250222_190233_00_4001_ortho_radiance_hdf5.h5,https://storage.googleapis.com/open-cogs/planet-stac/tanager1-release2-core-imagery/ortho_sr_hdf5/20250222_190233_00_4001_ortho_sr_hdf5.h5,https://storage.googleapis.com/open-cogs/planet-stac/tanager1-release2-core-imagery/ortho_visual/20250222_190233_00_4001_ortho_visual.tif,,,https://storage.googleapis.com/open-cogs/planet-stac/tanager1-release2-core-imagery/thumbnail/20250222_190233_00_4001_thumb.png
natural-lands,20250222_190237_16_4001,2025-02-22T19:02:37.165094Z,1,1,standard,standard_sensitivity,"Nye County, Nevada, United States",40.6,160.6,51.6,2.4,32.79,"[-117.27971932598193, 37.47140623647671, -117.01826969869286, 37.651282182877445]",37.561344209677074,-117.1489945123374,https://storage.googleapis.com/open-cogs/planet-stac/tanager1-release2-core-imagery/basic_beta_udm/20250222_190237_16_4001_basic_beta_udm.tif,https://storage.googleapis.com/open-cogs/planet-stac/tanager1-release2-core-imagery/basic_radiance_hdf5/20250222_190237_16_4001_basic_radiance_hdf5.h5,https://storage.googleapis.com/open-cogs/planet-stac/tanager1-release2-core-imagery/basic_sr_hdf5/20250222_190237_16_4001_basic_sr_hdf5.h5,https://storage.googleapis.com/open-cogs/planet-stac/tanager1-release2-core-imagery/geolocation_array/20250222_190237_16_4001_geolocation_array.tif,https://storage.googleapis.com/open-cogs/planet-stac/tanager1-release2-core-imagery/ortho_beta_udm/20250222_190237_16_4001_ortho_beta_udm.tif,,https://storage.googleapis.com/open-cogs/planet-stac/tanager1-release2-core-imagery/ortho_radiance_hdf5/20250222_190237_16_4001_ortho_radiance_hdf5.h5,https://storage.googleapis.com/open-cogs/planet-stac/tanager1-release2-core-imagery/ortho_sr_hdf5/20250222_190237_16_4001_ortho_sr_hdf5.h5,https://storage.googleapis.com/open-cogs/planet-stac/tanager1-release2-core-imagery/ortho_visual/20250222_190237_16_4001_ortho_visual.tif,,,https://storage.googleapis.com/open-cogs/planet-stac/tanager1-release2-core-imagery/thumbnail/20250222_190237_16_4001_thumb.png
natural-lands,20250222_190241_32_4001,2025-02-22T19:02:41.321891Z,1,0,standard,standard_sensitivity,"Esmeralda County, Nevada, United States",40.7,160.6,101.5,1.5,32.72,"[-117.31835976713874, 37.32957039052, -117.05751060488333, 37.50937547369277]",37.41947293210639,-117.18793518601103,https://storage.googleapis.com/open-cogs/planet-stac/tanager1-release2-core-imagery/basic_beta_udm/20250222_190241_32_4001_basic_beta_udm.tif,https://storage.googleapis.com/open-cogs/planet-stac/tanager1-release2-core-imagery/basic_radiance_hdf5/20250222_190241_32_4001_basic_radiance_hdf5.h5,https://storage.googleapis.com/open-cogs/planet-stac/tanager1-release2-core-imagery/basic_sr_hdf5/20250222_190241_32_4001_basic_sr_hdf5.h5,https://storage.googleapis.com/open-cogs/planet-stac/tanager1-release2-core-imagery/geolocation_array/20250222_190241_32_4001_geolocation_array.tif,https://storage.googleapis.com/open-cogs/planet-stac/tanager1-release2-core-imagery/ortho_beta_udm/20250222_190241_32_4001_ortho_beta_udm.tif,,https://storage.googleapis.com/open-cogs/planet-stac/tanager1-release2-core-imagery/ortho_radiance_hdf5/20250222_190241_32_4001_ortho_radiance_hdf5.h5,https://storage.googleapis.com/open-cogs/planet-stac/tanager1-release2-core-imagery/ortho_sr_hdf5/20250222_190241_32_4001_ortho_sr_hdf5.h5,https://storage.googleapis.com/open-cogs/planet-stac/tanager1-release2-core-imagery/ortho_visual/20250222_190241_32_4001_ortho_visual.tif,,,https://storage.googleapis.com/open-cogs/planet-stac/tanager1-release2-core-imagery/thumbnail/20250222_190241_32_4001_thumb.png
natural-lands,20241025_185051_28_4001,2024-10-25T18:50:51.283920Z,1,0,test,standard_sensitivity,"Northridge, Northridge South Neighborhood Council District, Los Angeles, Los Angeles County, California, 91324, United States",42.0,164.4,144.9,8.6,39.46,"[-118.69420166460431, 34.0955449153891, -118.38325746459464, 34.381417658559606]",34.23848128697435,-118.53872956459946,https://storage.googleapis.com/open-cogs/planet-stac/tanager1-release2-core-imagery/basic_beta_udm/20241025_185051_28_4001_basic_beta_udm.tif,https://storage.googleapis.com/open-cogs/planet-stac/tanager1-release2-core-imagery/basic_radiance_hdf5/20241025_185051_28_4001_basic_radiance_hdf5.h5,https://storage.googleapis.com/open-cogs/planet-stac/tanager1-release2-core-imagery/basic_sr_hdf5/20241025_185051_28_4001_basic_sr_hdf5.h5,https://storage.googleapis.com/open-cogs/planet-stac/tanager1-release2-core-imagery/geolocation_array/20241025_185051_28_4001_geolocation_array.tif,https://storage.googleapis.com/open-cogs/planet-stac/tanager1-release2-core-imagery/ortho_beta_udm/20241025_185051_28_4001_ortho_beta_udm.tif,,https://storage.googleapis.com/open-cogs/planet-stac/tanager1-release2-core-imagery/ortho_radiance_hdf5/20241025_185051_28_4001_ortho_radiance_hdf5.h5,https://storage.googleapis.com/open-cogs/planet-stac/tanager1-release2-core-imagery/ortho_sr_hdf5/20241025_185051_28_4001_ortho_sr_hdf5.h5,https://storage.googleapis.com/open-cogs/planet-stac/tanager1-release2-core-imagery/ortho_visual/20241025_185051_28_4001_ortho_visual.tif,,,https://storage.googleapis.com/open-cogs/planet-stac/tanager1-release2-core-imagery/thumbnail/20241025_185051_28_4001_thumb.png
natural-lands,20241025_185056_92_4001,2024-10-25T18:50:56.925880Z,50,0,test,standard_sensitivity,"Malibu, Los Angeles County, California, United States",42.2,164.3,151.1,9.7,40.01,"[-118.75590205410725, 33.85595426881101, -118.44538301046094, 34.14253944260727]",33.999246855709146,-118.6006425322841,https://storage.googleapis.com/open-cogs/planet-stac/tanager1-release2-core-imagery/basic_beta_udm/20241025_185056_92_4001_basic_beta_udm.tif,https://storage.googleapis.com/open-cogs/planet-stac/tanager1-release2-core-imagery/basic_radiance_hdf5/20241025_185056_92_4001_basic_radiance_hdf5.h5,https://storage.googleapis.com/open-cogs/planet-stac/tanager1-release2-core-imagery/basic_sr_hdf5/20241025_185056_92_4001_basic_sr_hdf5.h5,https://storage.googleapis.com/open-cogs/planet-stac/tanager1-release2-core-imagery/geolocation_array/20241025_185056_92_4001_geolocation_array.tif,https://storage.googleapis.com/open-cogs/planet-stac/tanager1-release2-core-imagery/ortho_beta_udm/20241025_185056_92_4001_ortho_beta_udm.tif,,https://storage.googleapis.com/open-cogs/planet-stac/tanager1-release2-core-imagery/ortho_radiance_hdf5/20241025_185056_92_4001_ortho_radiance_hdf5.h5,https://storage.googleapis.com/open-cogs/planet-stac/tanager1-release2-core-imagery/ortho_sr_hdf5/20241025_185056_92_4001_ortho_sr_hdf5.h5,https://storage.googleapis.com/open-cogs/planet-stac/tanager1-release2-core-imagery/ortho_visual/20241025_185056_92_4001_ortho_visual.tif,,,https://storage.googleapis.com/open-cogs/planet-stac/tanager1-release2-core-imagery/thumbnail/20241025_185056_92_4001_thumb.png
natural-lands,20241215_185902_00_4001,2024-12-15T18:59:02.012445Z,0,0,test,maximum_sensitivity,"Los Angeles County, California, United States",31.3,166.3,333.5,8.6,39.86,"[-118.81364824617775, 34.071149135992606, -118.54827599957004, 34.26475852812107]",34.16795383205684,-118.6809621228739,https://storage.googleapis.com/open-cogs/planet-stac/tanager1-release2-core-imagery/basic_beta_udm/20241215_185902_00_4001_basic_beta_udm.tif,https://storage.googleapis.com/open-cogs/planet-stac/tanager1-release2-core-imagery/basic_radiance_hdf5/20241215_185902_00_4001_basic_radiance_hdf5.h5,https://storage.googleapis.com/open-cogs/planet-stac/tanager1-release2-core-imagery/basic_sr_hdf5/20241215_185902_00_4001_basic_sr_hdf5.h5,https://storage.googleapis.com/open-cogs/planet-stac/tanager1-release2-core-imagery/geolocation_array/20241215_185902_00_4001_geolocation_array.tif,https://storage.googleapis.com/open-cogs/planet-stac/tanager1-release2-core-imagery/ortho_beta_udm/20241215_185902_00_4001_ortho_beta_udm.tif,,https://storage.googleapis.com/open-cogs/planet-stac/tanager1-release2-core-imagery/ortho_radiance_hdf5/20241215_185902_00_4001_ortho_radiance_hdf5.h5,https://storage.googleapis.com/open-cogs/planet-stac/tanager1-release2-core-imagery/ortho_sr_hdf5/20241215_185902_00_4001_ortho_sr_hdf5.h5,https://storage.googleapis.com/open-cogs/planet-stac/tanager1-release2-core-imagery/ortho_visual/20241215_185902_00_4001_ortho_visual.tif,,,https://storage.googleapis.com/open-cogs/planet-stac/tanager1-release2-core-imagery/thumbnail/20241215_185902_00_4001_thumb.png
natural-lands,20241215_185916_33_4001,2024-12-15T18:59:16.349662Z,0,0,test,maximum_sensitivity,"Malibu, Los Angeles County, California, United States",31.4,166.3,244.2,6.8,37.45,"[-118.84705590250647, 33.91950767743557, -118.59241930222035, 34.10982552617667]",34.01466660180612,-118.71973760236341,https://storage.googleapis.com/open-cogs/planet-stac/tanager1-release2-core-imagery/basic_beta_udm/20241215_185916_33_4001_basic_beta_udm.tif,https://storage.googleapis.com/open-cogs/planet-stac/tanager1-release2-core-imagery/basic_radiance_hdf5/20241215_185916_33_4001_basic_radiance_hdf5.h5,https://storage.googleapis.com/open-cogs/planet-stac/tanager1-release2-core-imagery/basic_sr_hdf5/20241215_185916_33_4001_basic_sr_hdf5.h5,https://storage.googleapis.com/open-cogs/planet-stac/tanager1-release2-core-imagery/geolocation_array/20241215_185916_33_4001_geolocation_array.tif,https://storage.googleapis.com/open-cogs/planet-stac/tanager1-release2-core-imagery/ortho_beta_udm/20241215_185916_33_4001_ortho_beta_udm.tif,,https://storage.googleapis.com/open-cogs/planet-stac/tanager1-release2-core-imagery/ortho_radiance_hdf5/20241215_185916_33_4001_ortho_radiance_hdf5.h5,https://storage.googleapis.com/open-cogs/planet-stac/tanager1-release2-core-imagery/ortho_sr_hdf5/20241215_185916_33_4001_ortho_sr_hdf5.h5,https://storage.googleapis.com/open-cogs/planet-stac/tanager1-release2-core-imagery/ortho_visual/20241215_185916_33_4001_ortho_visual.tif,,,https://storage.googleapis.com/open-cogs/planet-stac/tanager1-release2-core-imagery/thumbnail/20241215_185916_33_4001_thumb.png
natural-lands,20250123_185507_64_4001,2025-01-23T18:55:07.641960Z,1,1,test,standard_sensitivity,"Los Angeles County, California, United States",33.7,159.8,100.0,19.7,39.03,"[-118.6858447146261, 34.38606908543905, -118.37556404531472, 34.66724439417294]",34.52665673980599,-118.53070437997042,https://storage.googleapis.com/open-cogs/planet-stac/tanager1-release2-core-imagery/basic_beta_udm/20250123_185507_64_4001_basic_beta_udm.tif,https://storage.googleapis.com/open-cogs/planet-stac/tanager1-release2-core-imagery/basic_radiance_hdf5/20250123_185507_64_4001_basic_radiance_hdf5.h5,https://storage.googleapis.com/open-cogs/planet-stac/tanager1-release2-core-imagery/basic_sr_hdf5/20250123_185507_64_4001_basic_sr_hdf5.h5,https://storage.googleapis.com/open-cogs/planet-stac/tanager1-release2-core-imagery/geolocation_array/20250123_185507_64_4001_geolocation_array.tif,https://storage.googleapis.com/open-cogs/planet-stac/tanager1-release2-core-imagery/ortho_beta_udm/20250123_185507_64_4001_ortho_beta_udm.tif,,https://storage.googleapis.com/open-cogs/planet-stac/tanager1-release2-core-imagery/ortho_radiance_hdf5/20250123_185507_64_4001_ortho_radiance_hdf5.h5,https://storage.googleapis.com/open-cogs/planet-stac/tanager1-release2-core-imagery/ortho_sr_hdf5/20250123_185507_64_4001_ortho_sr_hdf5.h5,https://storage.googleapis.com/open-cogs/planet-stac/tanager1-release2-core-imagery/ortho_visual/20250123_185507_64_4001_ortho_visual.tif,,,https://storage.googleapis.com/open-cogs/planet-stac/tanager1-release2-core-imagery/thumbnail/20250123_185507_64_4001_thumb.png
natural-lands,20250123_185518_92_4001,2025-01-23T18:55:18.925880Z,0,2,test,standard_sensitivity,"Unincorporated Santa Monica Mountains, Los Angeles County, California, United States",34.1,159.6,109.6,20.0,39.0,"[-118.81000229560739, 33.90531288319584, -118.5024818852516, 34.19042451838735]",34.0478687007916,-118.65624209042949,https://storage.googleapis.com/open-cogs/planet-stac/tanager1-release2-core-imagery/basic_beta_udm/20250123_185518_92_4001_basic_beta_udm.tif,https://storage.googleapis.com/open-cogs/planet-stac/tanager1-release2-core-imagery/basic_radiance_hdf5/20250123_185518_92_4001_basic_radiance_hdf5.h5,https://storage.googleapis.com/open-cogs/planet-stac/tanager1-release2-core-imagery/basic_sr_hdf5/20250123_185518_92_4001_basic_sr_hdf5.h5,https://storage.googleapis.com/open-cogs/planet-stac/tanager1-release2-core-imagery/geolocation_array/20250123_185518_92_4001_geolocation_array.tif,https://storage.googleapis.com/open-cogs/planet-stac/tanager1-release2-core-imagery/ortho_beta_udm/20250123_185518_92_4001_ortho_beta_udm.tif,,https://storage.googleapis.com/open-cogs/planet-stac/tanager1-release2-core-imagery/ortho_radiance_hdf5/20250123_185518_92_4001_ortho_radiance_hdf5.h5,https://storage.googleapis.com/open-cogs/planet-stac/tanager1-release2-core-imagery/ortho_sr_hdf5/20250123_185518_92_4001_ortho_sr_hdf5.h5,https://storage.googleapis.com/open-cogs/planet-stac/tanager1-release2-core-imagery/ortho_visual/20250123_185518_92_4001_ortho_visual.tif,,,https://storage.googleapis.com/open-cogs/planet-stac/tanager1-release2-core-imagery/thumbnail/20250123_185518_92_4001_thumb.png
natural-lands,20250407_192235_24_4001,2025-04-07T19:22:35.245103Z,0,0,standard,standard_sensitivity,"Los Angeles County, California, United States",61.5,161.9,254.8,28.1,50.22,"[-118.91225079556148, 34.40828111008142, -118.57653149397706, 34.6398282590991]",34.524054684590254,-118.74439114476927,https://storage.googleapis.com/open-cogs/planet-stac/tanager1-release2-core-imagery/basic_beta_udm/20250407_192235_24_4001_basic_beta_udm.tif,https://storage.googleapis.com/open-cogs/planet-stac/tanager1-release2-core-imagery/basic_radiance_hdf5/20250407_192235_24_4001_basic_radiance_hdf5.h5,https://storage.googleapis.com/open-cogs/planet-stac/tanager1-release2-core-imagery/basic_sr_hdf5/20250407_192235_24_4001_basic_sr_hdf5.h5,https://storage.googleapis.com/open-cogs/planet-stac/tanager1-release2-core-imagery/geolocation_array/20250407_192235_24_4001_geolocation_array.tif,https://storage.googleapis.com/open-cogs/planet-stac/tanager1-release2-core-imagery/ortho_beta_udm/20250407_192235_24_4001_ortho_beta_udm.tif,,https://storage.googleapis.com/open-cogs/planet-stac/tanager1-release2-core-imagery/ortho_radiance_hdf5/20250407_192235_24_4001_ortho_radiance_hdf5.h5,https://storage.googleapis.com/open-cogs/planet-stac/tanager1-release2-core-imagery/ortho_sr_hdf5/20250407_192235_24_4001_ortho_sr_hdf5.h5,https://storage.googleapis.com/open-cogs/planet-stac/tanager1-release2-core-imagery/ortho_visual/20250407_192235_24_4001_ortho_visual.tif,,,https://storage.googleapis.com/open-cogs/planet-stac/tanager1-release2-core-imagery/thumbnail/20250407_192235_24_4001_thumb.png
natural-lands,20250407_192229_16_4001,2025-04-07T19:22:29.163402Z,0,0,standard,standard_sensitivity,"Los Angeles County, California, United States",61.3,162.1,259.3,27.2,37.13,"[-118.86237599536464, 34.61374608573343, -118.52380770193382, 34.851110553811765]",34.732428319772595,-118.69309184864923,https://storage.googleapis.com/open-cogs/planet-stac/tanager1-release2-core-imagery/basic_beta_udm/20250407_192229_16_4001_basic_beta_udm.tif,https://storage.googleapis.com/open-cogs/planet-stac/tanager1-release2-core-imagery/basic_radiance_hdf5/20250407_192229_16_4001_basic_radiance_hdf5.h5,https://storage.googleapis.com/open-cogs/planet-stac/tanager1-release2-core-imagery/basic_sr_hdf5/20250407_192229_16_4001_basic_sr_hdf5.h5,https://storage.googleapis.com/open-cogs/planet-stac/tanager1-release2-core-imagery/geolocation_array/20250407_192229_16_4001_geolocation_array.tif,https://storage.googleapis.com/open-cogs/planet-stac/tanager1-release2-core-imagery/ortho_beta_udm/20250407_192229_16_4001_ortho_beta_udm.tif,,https://storage.googleapis.com/open-cogs/planet-stac/tanager1-release2-core-imagery/ortho_radiance_hdf5/20250407_192229_16_4001_ortho_radiance_hdf5.h5,https://storage.googleapis.com/open-cogs/planet-stac/tanager1-release2-core-imagery/ortho_sr_hdf5/20250407_192229_16_4001_ortho_sr_hdf5.h5,https://storage.googleapis.com/open-cogs/planet-stac/tanager1-release2-core-imagery/ortho_visual/20250407_192229_16_4001_ortho_visual.tif,,,https://storage.googleapis.com/open-cogs/planet-stac/tanager1-release2-core-imagery/thumbnail/20250407_192229_16_4001_thumb.png
natural-lands,20250407_192247_40_4001,2025-04-07T19:22:47.400208Z,0,0,standard,standard_sensitivity,"Unincorporated Santa Monica Mountains, Los Angeles County, California, United States",61.9,161.6,246.8,30.3,37.78,"[-119.01937403961095, 33.99859860193953, -118.67629892201833, 34.219884240264086]",34.10924142110181,-118.84783648081464,https://storage.googleapis.com/open-cogs/planet-stac/tanager1-release2-core-imagery/basic_beta_udm/20250407_192247_40_4001_basic_beta_udm.tif,https://storage.googleapis.com/open-cogs/planet-stac/tanager1-release2-core-imagery/basic_radiance_hdf5/20250407_192247_40_4001_basic_radiance_hdf5.h5,https://storage.googleapis.com/open-cogs/planet-stac/tanager1-release2-core-imagery/basic_sr_hdf5/20250407_192247_40_4001_basic_sr_hdf5.h5,https://storage.googleapis.com/open-cogs/planet-stac/tanager1-release2-core-imagery/geolocation_array/20250407_192247_40_4001_geolocation_array.tif,https://storage.googleapis.com/open-cogs/planet-stac/tanager1-release2-core-imagery/ortho_beta_udm/20250407_192247_40_4001_ortho_beta_udm.tif,,https://storage.googleapis.com/open-cogs/planet-stac/tanager1-release2-core-imagery/ortho_radiance_hdf5/20250407_192247_40_4001_ortho_radiance_hdf5.h5,https://storage.googleapis.com/open-cogs/planet-stac/tanager1-release2-core-imagery/ortho_sr_hdf5/20250407_192247_40_4001_ortho_sr_hdf5.h5,https://storage.googleapis.com/open-cogs/planet-stac/tanager1-release2-core-imagery/ortho_visual/20250407_192247_40_4001_ortho_visual.tif,,,https://storage.googleapis.com/open-cogs/planet-stac/tanager1-release2-core-imagery/thumbnail/20250407_192247_40_4001_thumb.png
natural-lands,20250920_193148_33_4001,2025-09-20T19:31:48.345860Z,3,0,standard,maximum_sensitivity,"Warner Center, Woodland Hills-Warner Center Neighborhood Council District, Los Angeles, Los Angeles County, California, 91367, United States",56.4,173.0,102.8,3.1,33.85,"[-118.70415626805001, 34.054700997474875, -118.4438741982455, 34.26128510412193]",34.1579930507984,-118.57401523314775,https://storage.googleapis.com/open-cogs/planet-stac/tanager1-release2-core-imagery/basic_beta_udm/20250920_193148_33_4001_basic_beta_udm.tif,https://storage.googleapis.com/open-cogs/planet-stac/tanager1-release2-core-imagery/basic_radiance_hdf5/20250920_193148_33_4001_basic_radiance_hdf5.h5,https://storage.googleapis.com/open-cogs/planet-stac/tanager1-release2-core-imagery/basic_sr_hdf5/20250920_193148_33_4001_basic_sr_hdf5.h5,https://storage.googleapis.com/open-cogs/planet-stac/tanager1-release2-core-imagery/geolocation_array/20250920_193148_33_4001_geolocation_array.tif,https://storage.googleapis.com/open-cogs/planet-stac/tanager1-release2-core-imagery/ortho_beta_udm/20250920_193148_33_4001_ortho_beta_udm.tif,,https://storage.googleapis.com/open-cogs/planet-stac/tanager1-release2-core-imagery/ortho_radiance_hdf5/20250920_193148_33_4001_ortho_radiance_hdf5.h5,https://storage.googleapis.com/open-cogs/planet-stac/tanager1-release2-core-imagery/ortho_sr_hdf5/20250920_193148_33_4001_ortho_sr_hdf5.h5,https://storage.googleapis.com/open-cogs/planet-stac/tanager1-release2-core-imagery/ortho_visual/20250920_193148_33_4001_ortho_visual.tif,,,https://storage.googleapis.com/open-cogs/planet-stac/tanager1-release2-core-imagery/thumbnail/20250920_193148_33_4001_thumb.png
natural-lands,20250920_193207_61_4001,2025-09-20T19:32:07.628088Z,42,0,standard,maximum_sensitivity,"Malibu, Los Angeles County, California, United States",56.6,173.0,180.4,15.6,34.0,"[-118.75136948452425, 33.905480796436365, -118.4874634629537, 34.0939322961548]",33.999706546295585,-118.61941647373897,https://storage.googleapis.com/open-cogs/planet-stac/tanager1-release2-core-imagery/basic_beta_udm/20250920_193207_61_4001_basic_beta_udm.tif,https://storage.googleapis.com/open-cogs/planet-stac/tanager1-release2-core-imagery/basic_radiance_hdf5/20250920_193207_61_4001_basic_radiance_hdf5.h5,https://storage.googleapis.com/open-cogs/planet-stac/tanager1-release2-core-imagery/basic_sr_hdf5/20250920_193207_61_4001_basic_sr_hdf5.h5,https://storage.googleapis.com/open-cogs/planet-stac/tanager1-release2-core-imagery/geolocation_array/20250920_193207_61_4001_geolocation_array.tif,https://storage.googleapis.com/open-cogs/planet-stac/tanager1-release2-core-imagery/ortho_beta_udm/20250920_193207_61_4001_ortho_beta_udm.tif,,https://storage.googleapis.com/open-cogs/planet-stac/tanager1-release2-core-imagery/ortho_radiance_hdf5/20250920_193207_61_4001_ortho_radiance_hdf5.h5,https://storage.googleapis.com/open-cogs/planet-stac/tanager1-release2-core-imagery/ortho_sr_hdf5/20250920_193207_61_4001_ortho_sr_hdf5.h5,https://storage.googleapis.com/open-cogs/planet-stac/tanager1-release2-core-imagery/ortho_visual/20250920_193207_61_4001_ortho_visual.tif,,,https://storage.googleapis.com/open-cogs/planet-stac/tanager1-release2-core-imagery/thumbnail/20250920_193207_61_4001_thumb.png
natural-lands,20250726_192403_06_4001,2025-07-26T19:24:03.073869Z,2,0,standard,maximum_sensitivity,"Simi Valley, Ventura County, California, United States",72.9,149.0,102.7,6.9,33.84,"[-118.7910628466147, 34.17803482712942, -118.52667364950617, 34.3907528102107]",34.28439381867006,-118.65886824806043,https://storage.googleapis.com/open-cogs/planet-stac/tanager1-release2-core-imagery/basic_beta_udm/20250726_192403_06_4001_basic_beta_udm.tif,https://storage.googleapis.com/open-cogs/planet-stac/tanager1-release2-core-imagery/basic_radiance_hdf5/20250726_192403_06_4001_basic_radiance_hdf5.h5,https://storage.googleapis.com/open-cogs/planet-stac/tanager1-release2-core-imagery/basic_sr_hdf5/20250726_192403_06_4001_basic_sr_hdf5.h5,https://storage.googleapis.com/open-cogs/planet-stac/tanager1-release2-core-imagery/geolocation_array/20250726_192403_06_4001_geolocation_array.tif,https://storage.googleapis.com/open-cogs/planet-stac/tanager1-release2-core-imagery/ortho_beta_udm/20250726_192403_06_4001_ortho_beta_udm.tif,,https://storage.googleapis.com/open-cogs/planet-stac/tanager1-release2-core-imagery/ortho_radiance_hdf5/20250726_192403_06_4001_ortho_radiance_hdf5.h5,https://storage.googleapis.com/open-cogs/planet-stac/tanager1-release2-core-imagery/ortho_sr_hdf5/20250726_192403_06_4001_ortho_sr_hdf5.h5,https://storage.googleapis.com/open-cogs/planet-stac/tanager1-release2-core-imagery/ortho_visual/20250726_192403_06_4001_ortho_visual.tif,,,https://storage.googleapis.com/open-cogs/planet-stac/tanager1-release2-core-imagery/thumbnail/20250726_192403_06_4001_thumb.png
natural-lands,20250726_192422_87_4001,2025-07-26T19:24:22.887105Z,1,0,standard,maximum_sensitivity,"Unincorporated Santa Monica Mountains, Los Angeles County, California, United States",73.0,148.8,168.6,17.0,35.17,"[-118.84336011674677, 33.99952075931865, -118.57294146689644, 34.21932506980487]",34.10942291456176,-118.7081507918216,https://storage.googleapis.com/open-cogs/planet-stac/tanager1-release2-core-imagery/basic_beta_udm/20250726_192422_87_4001_basic_beta_udm.tif,https://storage.googleapis.com/open-cogs/planet-stac/tanager1-release2-core-imagery/basic_radiance_hdf5/20250726_192422_87_4001_basic_radiance_hdf5.h5,https://storage.googleapis.com/open-cogs/planet-stac/tanager1-release2-core-imagery/basic_sr_hdf5/20250726_192422_87_4001_basic_sr_hdf5.h5,https://storage.googleapis.com/open-cogs/planet-stac/tanager1-release2-core-imagery/geolocation_array/20250726_192422_87_4001_geolocation_array.tif,https://storage.googleapis.com/open-cogs/planet-stac/tanager1-release2-core-imagery/ortho_beta_udm/20250726_192422_87_4001_ortho_beta_udm.tif,,https://storage.googleapis.com/open-cogs/planet-stac/tanager1-release2-core-imagery/ortho_radiance_hdf5/20250726_192422_87_4001_ortho_radiance_hdf5.h5,https://storage.googleapis.com/open-cogs/planet-stac/tanager1-release2-core-imagery/ortho_sr_hdf5/20250726_192422_87_4001_ortho_sr_hdf5.h5,https://storage.googleapis.com/open-cogs/planet-stac/tanager1-release2-core-imagery/ortho_visual/20250726_192422_87_4001_ortho_visual.tif,,,https://storage.googleapis.com/open-cogs/planet-stac/tanager1-release2-core-imagery/thumbnail/20250726_192422_87_4001_thumb.png
natural-lands,20250724_190927_83_4001,2025-07-24T19:09:27.831062Z,2,2,standard,standard_sensitivity,"Sevier County, Utah, United States",70.4,162.2,283.8,17.3,33.95,"[-112.15694419678182, 38.463985293499114, -111.8669470913326, 38.652203283812256]",38.55809428865568,-112.01194564405722,https://storage.googleapis.com/open-cogs/planet-stac/tanager1-release2-core-imagery/basic_beta_udm/20250724_190927_83_4001_basic_beta_udm.tif,https://storage.googleapis.com/open-cogs/planet-stac/tanager1-release2-core-imagery/basic_radiance_hdf5/20250724_190927_83_4001_basic_radiance_hdf5.h5,https://storage.googleapis.com/open-cogs/planet-stac/tanager1-release2-core-imagery/basic_sr_hdf5/20250724_190927_83_4001_basic_sr_hdf5.h5,https://storage.googleapis.com/open-cogs/planet-stac/tanager1-release2-core-imagery/geolocation_array/20250724_190927_83_4001_geolocation_array.tif,https://storage.googleapis.com/open-cogs/planet-stac/tanager1-release2-core-imagery/ortho_beta_udm/20250724_190927_83_4001_ortho_beta_udm.tif,,https://storage.googleapis.com/open-cogs/planet-stac/tanager1-release2-core-imagery/ortho_radiance_hdf5/20250724_190927_83_4001_ortho_radiance_hdf5.h5,https://storage.googleapis.com/open-cogs/planet-stac/tanager1-release2-core-imagery/ortho_sr_hdf5/20250724_190927_83_4001_ortho_sr_hdf5.h5,https://storage.googleapis.com/open-cogs/planet-stac/tanager1-release2-core-imagery/ortho_visual/20250724_190927_83_4001_ortho_visual.tif,,,https://storage.googleapis.com/open-cogs/planet-stac/tanager1-release2-core-imagery/thumbnail/20250724_190927_83_4001_thumb.png
natural-lands,20250902_190116_02_4001,2025-09-02T19:01:16.026000Z,22,18,standard,standard_sensitivity,"Sevier County, Utah, United States",58.4,167.6,49.2,27.3,38.79,"[-112.16645139013285, 38.53540100928208, -111.82839137277982, 38.76436060528663]",38.64988080728436,-111.99742138145633,https://storage.googleapis.com/open-cogs/planet-stac/tanager1-release2-core-imagery/basic_beta_udm/20250902_190116_02_4001_basic_beta_udm.tif,https://storage.googleapis.com/open-cogs/planet-stac/tanager1-release2-core-imagery/basic_radiance_hdf5/20250902_190116_02_4001_basic_radiance_hdf5.h5,https://storage.googleapis.com/open-cogs/planet-stac/tanager1-release2-core-imagery/basic_sr_hdf5/20250902_190116_02_4001_basic_sr_hdf5.h5,https://storage.googleapis.com/open-cogs/planet-stac/tanager1-release2-core-imagery/geolocation_array/20250902_190116_02_4001_geolocation_array.tif,https://storage.googleapis.com/open-cogs/planet-stac/tanager1-release2-core-imagery/ortho_beta_udm/20250902_190116_02_4001_ortho_beta_udm.tif,,https://storage.googleapis.com/open-cogs/planet-stac/tanager1-release2-core-imagery/ortho_radiance_hdf5/20250902_190116_02_4001_ortho_radiance_hdf5.h5,https://storage.googleapis.com/open-cogs/planet-stac/tanager1-release2-core-imagery/ortho_sr_hdf5/20250902_190116_02_4001_ortho_sr_hdf5.h5,https://storage.googleapis.com/open-cogs/planet-stac/tanager1-release2-core-imagery/ortho_visual/20250902_190116_02_4001_ortho_visual.tif,,,https://storage.googleapis.com/open-cogs/planet-stac/tanager1-release2-core-imagery/thumbnail/20250902_190116_02_4001_thumb.png
natural-lands,20250902_190121_86_4001,2025-09-02T19:01:21.867088Z,43,35,standard,standard_sensitivity,"Piute County, Utah, United States",58.6,167.4,52.1,25.9,35.01,"[-112.22237351676492, 38.31920594961846, -111.8886450813673, 38.55263786891655]",38.435921909267506,-112.0555092990661,https://storage.googleapis.com/open-cogs/planet-stac/tanager1-release2-core-imagery/basic_beta_udm/20250902_190121_86_4001_basic_beta_udm.tif,https://storage.googleapis.com/open-cogs/planet-stac/tanager1-release2-core-imagery/basic_radiance_hdf5/20250902_190121_86_4001_basic_radiance_hdf5.h5,https://storage.googleapis.com/open-cogs/planet-stac/tanager1-release2-core-imagery/basic_sr_hdf5/20250902_190121_86_4001_basic_sr_hdf5.h5,https://storage.googleapis.com/open-cogs/planet-stac/tanager1-release2-core-imagery/geolocation_array/20250902_190121_86_4001_geolocation_array.tif,https://storage.googleapis.com/open-cogs/planet-stac/tanager1-release2-core-imagery/ortho_beta_udm/20250902_190121_86_4001_ortho_beta_udm.tif,,https://storage.googleapis.com/open-cogs/planet-stac/tanager1-release2-core-imagery/ortho_radiance_hdf5/20250902_190121_86_4001_ortho_radiance_hdf5.h5,https://storage.googleapis.com/open-cogs/planet-stac/tanager1-release2-core-imagery/ortho_sr_hdf5/20250902_190121_86_4001_ortho_sr_hdf5.h5,https://storage.googleapis.com/open-cogs/planet-stac/tanager1-release2-core-imagery/ortho_visual/20250902_190121_86_4001_ortho_visual.tif,,,https://storage.googleapis.com/open-cogs/planet-stac/tanager1-release2-core-imagery/thumbnail/20250902_190121_86_4001_thumb.png
natural-lands,20250929_085917_91_4001,2025-09-29T08:59:17.911094Z,0,0,standard,standard_sensitivity,"Horo Guduru, Oromia Region, Ethiopia",76.0,156.0,284.8,9.5,34.64,"[36.978000690358044, 10.129310638827087, 37.19150188368721, 10.313251923758308]",10.221281281292697,37.08475128702263,https://storage.googleapis.com/open-cogs/planet-stac/tanager1-release2-core-imagery/basic_beta_udm/20250929_085917_91_4001_basic_beta_udm.tif,https://storage.googleapis.com/open-cogs/planet-stac/tanager1-release2-core-imagery/basic_radiance_hdf5/20250929_085917_91_4001_basic_radiance_hdf5.h5,https://storage.googleapis.com/open-cogs/planet-stac/tanager1-release2-core-imagery/basic_sr_hdf5/20250929_085917_91_4001_basic_sr_hdf5.h5,https://storage.googleapis.com/open-cogs/planet-stac/tanager1-release2-core-imagery/geolocation_array/20250929_085917_91_4001_geolocation_array.tif,https://storage.googleapis.com/open-cogs/planet-stac/tanager1-release2-core-imagery/ortho_beta_udm/20250929_085917_91_4001_ortho_beta_udm.tif,,https://storage.googleapis.com/open-cogs/planet-stac/tanager1-release2-core-imagery/ortho_radiance_hdf5/20250929_085917_91_4001_ortho_radiance_hdf5.h5,https://storage.googleapis.com/open-cogs/planet-stac/tanager1-release2-core-imagery/ortho_sr_hdf5/20250929_085917_91_4001_ortho_sr_hdf5.h5,https://storage.googleapis.com/open-cogs/planet-stac/tanager1-release2-core-imagery/ortho_visual/20250929_085917_91_4001_ortho_visual.tif,,,https://storage.googleapis.com/open-cogs/planet-stac/tanager1-release2-core-imagery/thumbnail/20250929_085917_91_4001_thumb.png
natural-lands,20250929_085922_06_4001,2025-09-29T08:59:22.067891Z,1,0,standard,standard_sensitivity,"Horo Guduru, Oromia Region, Ethiopia",76.2,155.7,274.1,9.5,33.49,"[36.94721761065949, 9.983507013648, 37.16187942272023, 10.165802573205477]",10.074654793426738,37.05454851668986,https://storage.googleapis.com/open-cogs/planet-stac/tanager1-release2-core-imagery/basic_beta_udm/20250929_085922_06_4001_basic_beta_udm.tif,https://storage.googleapis.com/open-cogs/planet-stac/tanager1-release2-core-imagery/basic_radiance_hdf5/20250929_085922_06_4001_basic_radiance_hdf5.h5,https://storage.googleapis.com/open-cogs/planet-stac/tanager1-release2-core-imagery/basic_sr_hdf5/20250929_085922_06_4001_basic_sr_hdf5.h5,https://storage.googleapis.com/open-cogs/planet-stac/tanager1-release2-core-imagery/geolocation_array/20250929_085922_06_4001_geolocation_array.tif,https://storage.googleapis.com/open-cogs/planet-stac/tanager1-release2-core-imagery/ortho_beta_udm/20250929_085922_06_4001_ortho_beta_udm.tif,,https://storage.googleapis.com/open-cogs/planet-stac/tanager1-release2-core-imagery/ortho_radiance_hdf5/20250929_085922_06_4001_ortho_radiance_hdf5.h5,https://storage.googleapis.com/open-cogs/planet-stac/tanager1-release2-core-imagery/ortho_sr_hdf5/20250929_085922_06_4001_ortho_sr_hdf5.h5,https://storage.googleapis.com/open-cogs/planet-stac/tanager1-release2-core-imagery/ortho_visual/20250929_085922_06_4001_ortho_visual.tif,,,https://storage.googleapis.com/open-cogs/planet-stac/tanager1-release2-core-imagery/thumbnail/20250929_085922_06_4001_thumb.png
natural-lands,20250928_111052_93_4001,2025-09-28T11:10:52.935088Z,0,0,standard,standard_sensitivity,"Tchintabaraden, Tahoua Region, Niger",71.0,167.4,280.7,20.0,36.22,"[5.715663028929186, 16.250181387721256, 5.972452335473613, 16.509091481834403]",16.37963643477783,5.8440576822014,https://storage.googleapis.com/open-cogs/planet-stac/tanager1-release2-core-imagery/basic_beta_udm/20250928_111052_93_4001_basic_beta_udm.tif,https://storage.googleapis.com/open-cogs/planet-stac/tanager1-release2-core-imagery/basic_radiance_hdf5/20250928_111052_93_4001_basic_radiance_hdf5.h5,https://storage.googleapis.com/open-cogs/planet-stac/tanager1-release2-core-imagery/basic_sr_hdf5/20250928_111052_93_4001_basic_sr_hdf5.h5,https://storage.googleapis.com/open-cogs/planet-stac/tanager1-release2-core-imagery/geolocation_array/20250928_111052_93_4001_geolocation_array.tif,https://storage.googleapis.com/open-cogs/planet-stac/tanager1-release2-core-imagery/ortho_beta_udm/20250928_111052_93_4001_ortho_beta_udm.tif,,https://storage.googleapis.com/open-cogs/planet-stac/tanager1-release2-core-imagery/ortho_radiance_hdf5/20250928_111052_93_4001_ortho_radiance_hdf5.h5,https://storage.googleapis.com/open-cogs/planet-stac/tanager1-release2-core-imagery/ortho_sr_hdf5/20250928_111052_93_4001_ortho_sr_hdf5.h5,https://storage.googleapis.com/open-cogs/planet-stac/tanager1-release2-core-imagery/ortho_visual/20250928_111052_93_4001_ortho_visual.tif,,,https://storage.googleapis.com/open-cogs/planet-stac/tanager1-release2-core-imagery/thumbnail/20250928_111052_93_4001_thumb.png
natural-lands,20250926_092059_95_4001,2025-09-26T09:20:59.952000Z,8,0,standard,standard_sensitivity,"El Gouna, Red Sea, 84513, Egypt",60.9,171.9,331.6,4.6,32.93,"[33.51147360689734, 27.333639798504727, 33.75755119812752, 27.565149621161954]",27.449394709833342,33.63451240251243,https://storage.googleapis.com/open-cogs/planet-stac/tanager1-release2-core-imagery/basic_beta_udm/20250926_092059_95_4001_basic_beta_udm.tif,https://storage.googleapis.com/open-cogs/planet-stac/tanager1-release2-core-imagery/basic_radiance_hdf5/20250926_092059_95_4001_basic_radiance_hdf5.h5,https://storage.googleapis.com/open-cogs/planet-stac/tanager1-release2-core-imagery/basic_sr_hdf5/20250926_092059_95_4001_basic_sr_hdf5.h5,https://storage.googleapis.com/open-cogs/planet-stac/tanager1-release2-core-imagery/geolocation_array/20250926_092059_95_4001_geolocation_array.tif,https://storage.googleapis.com/open-cogs/planet-stac/tanager1-release2-core-imagery/ortho_beta_udm/20250926_092059_95_4001_ortho_beta_udm.tif,,https://storage.googleapis.com/open-cogs/planet-stac/tanager1-release2-core-imagery/ortho_radiance_hdf5/20250926_092059_95_4001_ortho_radiance_hdf5.h5,https://storage.googleapis.com/open-cogs/planet-stac/tanager1-release2-core-imagery/ortho_sr_hdf5/20250926_092059_95_4001_ortho_sr_hdf5.h5,https://storage.googleapis.com/open-cogs/planet-stac/tanager1-release2-core-imagery/ortho_visual/20250926_092059_95_4001_ortho_visual.tif,,,https://storage.googleapis.com/open-cogs/planet-stac/tanager1-release2-core-imagery/thumbnail/20250926_092059_95_4001_thumb.png
natural-lands,20250626_082641_74_4001,2025-06-26T08:26:41.747094Z,0,0,standard,standard_sensitivity,"Uachave, Cidade de Quelimane, Zambezia Province, Zona Centro, 2400, Mozambique",45.5,22.7,99.6,13.6,34.68,"[36.768422052829266, -17.966579048731468, 36.99832734297846, -17.778402617226725]",-17.872490832979096,36.88337469790386,https://storage.googleapis.com/open-cogs/planet-stac/tanager1-release2-core-imagery/basic_beta_udm/20250626_082641_74_4001_basic_beta_udm.tif,https://storage.googleapis.com/open-cogs/planet-stac/tanager1-release2-core-imagery/basic_radiance_hdf5/20250626_082641_74_4001_basic_radiance_hdf5.h5,https://storage.googleapis.com/open-cogs/planet-stac/tanager1-release2-core-imagery/basic_sr_hdf5/20250626_082641_74_4001_basic_sr_hdf5.h5,https://storage.googleapis.com/open-cogs/planet-stac/tanager1-release2-core-imagery/geolocation_array/20250626_082641_74_4001_geolocation_array.tif,https://storage.googleapis.com/open-cogs/planet-stac/tanager1-release2-core-imagery/ortho_beta_udm/20250626_082641_74_4001_ortho_beta_udm.tif,,https://storage.googleapis.com/open-cogs/planet-stac/tanager1-release2-core-imagery/ortho_radiance_hdf5/20250626_082641_74_4001_ortho_radiance_hdf5.h5,https://storage.googleapis.com/open-cogs/planet-stac/tanager1-release2-core-imagery/ortho_sr_hdf5/20250626_082641_74_4001_ortho_sr_hdf5.h5,https://storage.googleapis.com/open-cogs/planet-stac/tanager1-release2-core-imagery/ortho_visual/20250626_082641_74_4001_ortho_visual.tif,,,https://storage.googleapis.com/open-cogs/planet-stac/tanager1-release2-core-imagery/thumbnail/20250626_082641_74_4001_thumb.png
natural-lands,20250827_091448_68_4001,2025-08-27T09:14:48.684999Z,0,0,standard,standard_sensitivity,"Kafue District, Lusaka Province, Zambia",61.1,28.9,62.3,3.4,32.8,"[27.829793458188515, -15.679111293427106, 28.04283648822219, -15.499360407073477]",-15.58923585025029,27.936314973205352,https://storage.googleapis.com/open-cogs/planet-stac/tanager1-release2-core-imagery/basic_beta_udm/20250827_091448_68_4001_basic_beta_udm.tif,https://storage.googleapis.com/open-cogs/planet-stac/tanager1-release2-core-imagery/basic_radiance_hdf5/20250827_091448_68_4001_basic_radiance_hdf5.h5,https://storage.googleapis.com/open-cogs/planet-stac/tanager1-release2-core-imagery/basic_sr_hdf5/20250827_091448_68_4001_basic_sr_hdf5.h5,https://storage.googleapis.com/open-cogs/planet-stac/tanager1-release2-core-imagery/geolocation_array/20250827_091448_68_4001_geolocation_array.tif,https://storage.googleapis.com/open-cogs/planet-stac/tanager1-release2-core-imagery/ortho_beta_udm/20250827_091448_68_4001_ortho_beta_udm.tif,,https://storage.googleapis.com/open-cogs/planet-stac/tanager1-release2-core-imagery/ortho_radiance_hdf5/20250827_091448_68_4001_ortho_radiance_hdf5.h5,https://storage.googleapis.com/open-cogs/planet-stac/tanager1-release2-core-imagery/ortho_sr_hdf5/20250827_091448_68_4001_ortho_sr_hdf5.h5,https://storage.googleapis.com/open-cogs/planet-stac/tanager1-release2-core-imagery/ortho_visual/20250827_091448_68_4001_ortho_visual.tif,,,https://storage.googleapis.com/open-cogs/planet-stac/tanager1-release2-core-imagery/thumbnail/20250827_091448_68_4001_thumb.png
natural-lands,20250827_091452_85_4001,2025-08-27T09:14:52.850093Z,0,0,standard,standard_sensitivity,"Kafue District, Lusaka Province, Zambia",61.0,28.8,94.2,2.6,32.87,"[27.80013979984794, -15.8241936585786, 28.01315886534744, -15.64470416874186]",-15.73444891366023,27.906649332597688,https://storage.googleapis.com/open-cogs/planet-stac/tanager1-release2-core-imagery/basic_beta_udm/20250827_091452_85_4001_basic_beta_udm.tif,https://storage.googleapis.com/open-cogs/planet-stac/tanager1-release2-core-imagery/basic_radiance_hdf5/20250827_091452_85_4001_basic_radiance_hdf5.h5,https://storage.googleapis.com/open-cogs/planet-stac/tanager1-release2-core-imagery/basic_sr_hdf5/20250827_091452_85_4001_basic_sr_hdf5.h5,https://storage.googleapis.com/open-cogs/planet-stac/tanager1-release2-core-imagery/geolocation_array/20250827_091452_85_4001_geolocation_array.tif,https://storage.googleapis.com/open-cogs/planet-stac/tanager1-release2-core-imagery/ortho_beta_udm/20250827_091452_85_4001_ortho_beta_udm.tif,,https://storage.googleapis.com/open-cogs/planet-stac/tanager1-release2-core-imagery/ortho_radiance_hdf5/20250827_091452_85_4001_ortho_radiance_hdf5.h5,https://storage.googleapis.com/open-cogs/planet-stac/tanager1-release2-core-imagery/ortho_sr_hdf5/20250827_091452_85_4001_ortho_sr_hdf5.h5,https://storage.googleapis.com/open-cogs/planet-stac/tanager1-release2-core-imagery/ortho_visual/20250827_091452_85_4001_ortho_visual.tif,,,https://storage.googleapis.com/open-cogs/planet-stac/tanager1-release2-core-imagery/thumbnail/20250827_091452_85_4001_thumb.png
natural-lands,20250827_091457_00_4001,2025-08-27T09:14:57.006890Z,0,0,standard,standard_sensitivity,"Lubombo, Mazabuka District, Southern Province, Zambia",60.9,28.7,130.6,3.0,32.89,"[27.770290089170402, -15.970468967102358, 27.98352877585958, -15.789335072339563]",-15.87990201972096,27.876909432514992,https://storage.googleapis.com/open-cogs/planet-stac/tanager1-release2-core-imagery/basic_beta_udm/20250827_091457_00_4001_basic_beta_udm.tif,https://storage.googleapis.com/open-cogs/planet-stac/tanager1-release2-core-imagery/basic_radiance_hdf5/20250827_091457_00_4001_basic_radiance_hdf5.h5,https://storage.googleapis.com/open-cogs/planet-stac/tanager1-release2-core-imagery/basic_sr_hdf5/20250827_091457_00_4001_basic_sr_hdf5.h5,https://storage.googleapis.com/open-cogs/planet-stac/tanager1-release2-core-imagery/geolocation_array/20250827_091457_00_4001_geolocation_array.tif,https://storage.googleapis.com/open-cogs/planet-stac/tanager1-release2-core-imagery/ortho_beta_udm/20250827_091457_00_4001_ortho_beta_udm.tif,,https://storage.googleapis.com/open-cogs/planet-stac/tanager1-release2-core-imagery/ortho_radiance_hdf5/20250827_091457_00_4001_ortho_radiance_hdf5.h5,https://storage.googleapis.com/open-cogs/planet-stac/tanager1-release2-core-imagery/ortho_sr_hdf5/20250827_091457_00_4001_ortho_sr_hdf5.h5,https://storage.googleapis.com/open-cogs/planet-stac/tanager1-release2-core-imagery/ortho_visual/20250827_091457_00_4001_ortho_visual.tif,,,https://storage.googleapis.com/open-cogs/planet-stac/tanager1-release2-core-imagery/thumbnail/20250827_091457_00_4001_thumb.png
natural-lands,20250829_092857_80_4001,2025-08-29T09:28:57.802000Z,0,0,standard,standard_sensitivity,"Zambezi, Namibia",60.2,26.3,286.9,10.4,33.72,"[24.987542570197018, -17.848370964243085, 25.224630485951828, -17.593718166612902]",-17.721044565427995,25.10608652807442,https://storage.googleapis.com/open-cogs/planet-stac/tanager1-release2-core-imagery/basic_beta_udm/20250829_092857_80_4001_basic_beta_udm.tif,https://storage.googleapis.com/open-cogs/planet-stac/tanager1-release2-core-imagery/basic_radiance_hdf5/20250829_092857_80_4001_basic_radiance_hdf5.h5,https://storage.googleapis.com/open-cogs/planet-stac/tanager1-release2-core-imagery/basic_sr_hdf5/20250829_092857_80_4001_basic_sr_hdf5.h5,https://storage.googleapis.com/open-cogs/planet-stac/tanager1-release2-core-imagery/geolocation_array/20250829_092857_80_4001_geolocation_array.tif,https://storage.googleapis.com/open-cogs/planet-stac/tanager1-release2-core-imagery/ortho_beta_udm/20250829_092857_80_4001_ortho_beta_udm.tif,,https://storage.googleapis.com/open-cogs/planet-stac/tanager1-release2-core-imagery/ortho_radiance_hdf5/20250829_092857_80_4001_ortho_radiance_hdf5.h5,https://storage.googleapis.com/open-cogs/planet-stac/tanager1-release2-core-imagery/ortho_sr_hdf5/20250829_092857_80_4001_ortho_sr_hdf5.h5,https://storage.googleapis.com/open-cogs/planet-stac/tanager1-release2-core-imagery/ortho_visual/20250829_092857_80_4001_ortho_visual.tif,,,https://storage.googleapis.com/open-cogs/planet-stac/tanager1-release2-core-imagery/thumbnail/20250829_092857_80_4001_thumb.png
natural-lands,20250829_092903_90_4001,2025-08-29T09:29:03.908592Z,0,0,standard,standard_sensitivity,"Chobe District, Botswana",60.0,26.1,272.9,10.4,33.72,"[24.941794524145596, -18.06570498520229, 25.179483848894012, -17.812387583553747]",-17.93904628437802,25.060639186519804,https://storage.googleapis.com/open-cogs/planet-stac/tanager1-release2-core-imagery/basic_beta_udm/20250829_092903_90_4001_basic_beta_udm.tif,https://storage.googleapis.com/open-cogs/planet-stac/tanager1-release2-core-imagery/basic_radiance_hdf5/20250829_092903_90_4001_basic_radiance_hdf5.h5,https://storage.googleapis.com/open-cogs/planet-stac/tanager1-release2-core-imagery/basic_sr_hdf5/20250829_092903_90_4001_basic_sr_hdf5.h5,https://storage.googleapis.com/open-cogs/planet-stac/tanager1-release2-core-imagery/geolocation_array/20250829_092903_90_4001_geolocation_array.tif,https://storage.googleapis.com/open-cogs/planet-stac/tanager1-release2-core-imagery/ortho_beta_udm/20250829_092903_90_4001_ortho_beta_udm.tif,,https://storage.googleapis.com/open-cogs/planet-stac/tanager1-release2-core-imagery/ortho_radiance_hdf5/20250829_092903_90_4001_ortho_radiance_hdf5.h5,https://storage.googleapis.com/open-cogs/planet-stac/tanager1-release2-core-imagery/ortho_sr_hdf5/20250829_092903_90_4001_ortho_sr_hdf5.h5,https://storage.googleapis.com/open-cogs/planet-stac/tanager1-release2-core-imagery/ortho_visual/20250829_092903_90_4001_ortho_visual.tif,,,https://storage.googleapis.com/open-cogs/planet-stac/tanager1-release2-core-imagery/thumbnail/20250829_092903_90_4001_thumb.png
natural-lands,20250829_093133_42_4001,2025-08-29T09:31:33.424999Z,0,0,standard,standard_sensitivity,"Mier Local Municipality, ZF Mgcawu District Municipality, Northern Cape, South Africa",50.0,27.1,99.1,26.3,39.61,"[19.888927674110246, -27.24644199880596, 20.192447404181344, -26.985308144166197]",-27.11587507148608,20.040687539145793,https://storage.googleapis.com/open-cogs/planet-stac/tanager1-release2-core-imagery/basic_beta_udm/20250829_093133_42_4001_basic_beta_udm.tif,https://storage.googleapis.com/open-cogs/planet-stac/tanager1-release2-core-imagery/basic_radiance_hdf5/20250829_093133_42_4001_basic_radiance_hdf5.h5,https://storage.googleapis.com/open-cogs/planet-stac/tanager1-release2-core-imagery/basic_sr_hdf5/20250829_093133_42_4001_basic_sr_hdf5.h5,https://storage.googleapis.com/open-cogs/planet-stac/tanager1-release2-core-imagery/geolocation_array/20250829_093133_42_4001_geolocation_array.tif,https://storage.googleapis.com/open-cogs/planet-stac/tanager1-release2-core-imagery/ortho_beta_udm/20250829_093133_42_4001_ortho_beta_udm.tif,,https://storage.googleapis.com/open-cogs/planet-stac/tanager1-release2-core-imagery/ortho_radiance_hdf5/20250829_093133_42_4001_ortho_radiance_hdf5.h5,https://storage.googleapis.com/open-cogs/planet-stac/tanager1-release2-core-imagery/ortho_sr_hdf5/20250829_093133_42_4001_ortho_sr_hdf5.h5,https://storage.googleapis.com/open-cogs/planet-stac/tanager1-release2-core-imagery/ortho_visual/20250829_093133_42_4001_ortho_visual.tif,,,https://storage.googleapis.com/open-cogs/planet-stac/tanager1-release2-core-imagery/thumbnail/20250829_093133_42_4001_thumb.png
natural-lands,20250918_112731_80_4001,2025-09-18T11:27:31.809999Z,0,0,standard,standard_sensitivity,"Serémange-Erzange, Thionville, Moselle, Grand Est, Metropolitan France, 57290, France",42.4,179.3,72.5,2.6,33.49,"[5.906317229344888, 49.18895417986519, 6.258874351459775, 49.44721298309165]",49.31808358147842,6.082595790402332,https://storage.googleapis.com/open-cogs/planet-stac/tanager1-release2-core-imagery/basic_beta_udm/20250918_112731_80_4001_basic_beta_udm.tif,https://storage.googleapis.com/open-cogs/planet-stac/tanager1-release2-core-imagery/basic_radiance_hdf5/20250918_112731_80_4001_basic_radiance_hdf5.h5,https://storage.googleapis.com/open-cogs/planet-stac/tanager1-release2-core-imagery/basic_sr_hdf5/20250918_112731_80_4001_basic_sr_hdf5.h5,https://storage.googleapis.com/open-cogs/planet-stac/tanager1-release2-core-imagery/geolocation_array/20250918_112731_80_4001_geolocation_array.tif,https://storage.googleapis.com/open-cogs/planet-stac/tanager1-release2-core-imagery/ortho_beta_udm/20250918_112731_80_4001_ortho_beta_udm.tif,,https://storage.googleapis.com/open-cogs/planet-stac/tanager1-release2-core-imagery/ortho_radiance_hdf5/20250918_112731_80_4001_ortho_radiance_hdf5.h5,https://storage.googleapis.com/open-cogs/planet-stac/tanager1-release2-core-imagery/ortho_sr_hdf5/20250918_112731_80_4001_ortho_sr_hdf5.h5,https://storage.googleapis.com/open-cogs/planet-stac/tanager1-release2-core-imagery/ortho_visual/20250918_112731_80_4001_ortho_visual.tif,,,https://storage.googleapis.com/open-cogs/planet-stac/tanager1-release2-core-imagery/thumbnail/20250918_112731_80_4001_thumb.png
natural-lands,20250918_112737_91_4001,2025-09-18T11:27:37.916591Z,0,0,standard,standard_sensitivity,"Rezonville, Rezonville-Vionville, Metz, Moselle, Grand Est, Metropolitan France, 57130, France",42.6,179.2,130.7,2.5,33.67,"[5.8266066171361794, 48.973921494025674, 6.178159783292147, 49.23180239005103]",49.10286194203835,6.0023832002141635,https://storage.googleapis.com/open-cogs/planet-stac/tanager1-release2-core-imagery/basic_beta_udm/20250918_112737_91_4001_basic_beta_udm.tif,https://storage.googleapis.com/open-cogs/planet-stac/tanager1-release2-core-imagery/basic_radiance_hdf5/20250918_112737_91_4001_basic_radiance_hdf5.h5,https://storage.googleapis.com/open-cogs/planet-stac/tanager1-release2-core-imagery/basic_sr_hdf5/20250918_112737_91_4001_basic_sr_hdf5.h5,https://storage.googleapis.com/open-cogs/planet-stac/tanager1-release2-core-imagery/geolocation_array/20250918_112737_91_4001_geolocation_array.tif,https://storage.googleapis.com/open-cogs/planet-stac/tanager1-release2-core-imagery/ortho_beta_udm/20250918_112737_91_4001_ortho_beta_udm.tif,,https://storage.googleapis.com/open-cogs/planet-stac/tanager1-release2-core-imagery/ortho_radiance_hdf5/20250918_112737_91_4001_ortho_radiance_hdf5.h5,https://storage.googleapis.com/open-cogs/planet-stac/tanager1-release2-core-imagery/ortho_sr_hdf5/20250918_112737_91_4001_ortho_sr_hdf5.h5,https://storage.googleapis.com/open-cogs/planet-stac/tanager1-release2-core-imagery/ortho_visual/20250918_112737_91_4001_ortho_visual.tif,,,https://storage.googleapis.com/open-cogs/planet-stac/tanager1-release2-core-imagery/thumbnail/20250918_112737_91_4001_thumb.png
natural-lands,20250812_110905_82_4001,2025-08-12T11:09:05.824999Z,0,0,standard,standard_sensitivity,"Kleingartach, Eppingen, Verwaltungsgemeinschaft Eppingen, Landkreis Heilbronn, Baden-Württemberg, Germany",55.5,171.5,90.2,6.9,33.82,"[8.821414647094775, 48.965061119271844, 9.176234472487836, 49.22405691792841]",49.09455901860012,8.998824559791306,https://storage.googleapis.com/open-cogs/planet-stac/tanager1-release2-core-imagery/basic_beta_udm/20250812_110905_82_4001_basic_beta_udm.tif,https://storage.googleapis.com/open-cogs/planet-stac/tanager1-release2-core-imagery/basic_radiance_hdf5/20250812_110905_82_4001_basic_radiance_hdf5.h5,https://storage.googleapis.com/open-cogs/planet-stac/tanager1-release2-core-imagery/basic_sr_hdf5/20250812_110905_82_4001_basic_sr_hdf5.h5,https://storage.googleapis.com/open-cogs/planet-stac/tanager1-release2-core-imagery/geolocation_array/20250812_110905_82_4001_geolocation_array.tif,https://storage.googleapis.com/open-cogs/planet-stac/tanager1-release2-core-imagery/ortho_beta_udm/20250812_110905_82_4001_ortho_beta_udm.tif,,https://storage.googleapis.com/open-cogs/planet-stac/tanager1-release2-core-imagery/ortho_radiance_hdf5/20250812_110905_82_4001_ortho_radiance_hdf5.h5,https://storage.googleapis.com/open-cogs/planet-stac/tanager1-release2-core-imagery/ortho_sr_hdf5/20250812_110905_82_4001_ortho_sr_hdf5.h5,https://storage.googleapis.com/open-cogs/planet-stac/tanager1-release2-core-imagery/ortho_visual/20250812_110905_82_4001_ortho_visual.tif,,,https://storage.googleapis.com/open-cogs/planet-stac/tanager1-release2-core-imagery/thumbnail/20250812_110905_82_4001_thumb.png
natural-lands,20250831_185120_93_4001,2025-08-31T18:51:20.930000Z,1,0,standard,standard_sensitivity,"Municipio de Loreto, Baja California Sur, Mexico",70.4,153.9,97.7,15.1,34.77,"[-111.49869779143773, 26.021766922100355, -111.2383457667967, 26.276589806259274]",26.149178364179814,-111.36852177911722,https://storage.googleapis.com/open-cogs/planet-stac/tanager1-release2-core-imagery/basic_beta_udm/20250831_185120_93_4001_basic_beta_udm.tif,https://storage.googleapis.com/open-cogs/planet-stac/tanager1-release2-core-imagery/basic_radiance_hdf5/20250831_185120_93_4001_basic_radiance_hdf5.h5,https://storage.googleapis.com/open-cogs/planet-stac/tanager1-release2-core-imagery/basic_sr_hdf5/20250831_185120_93_4001_basic_sr_hdf5.h5,https://storage.googleapis.com/open-cogs/planet-stac/tanager1-release2-core-imagery/geolocation_array/20250831_185120_93_4001_geolocation_array.tif,https://storage.googleapis.com/open-cogs/planet-stac/tanager1-release2-core-imagery/ortho_beta_udm/20250831_185120_93_4001_ortho_beta_udm.tif,,https://storage.googleapis.com/open-cogs/planet-stac/tanager1-release2-core-imagery/ortho_radiance_hdf5/20250831_185120_93_4001_ortho_radiance_hdf5.h5,https://storage.googleapis.com/open-cogs/planet-stac/tanager1-release2-core-imagery/ortho_sr_hdf5/20250831_185120_93_4001_ortho_sr_hdf5.h5,https://storage.googleapis.com/open-cogs/planet-stac/tanager1-release2-core-imagery/ortho_visual/20250831_185120_93_4001_ortho_visual.tif,,,https://storage.googleapis.com/open-cogs/planet-stac/tanager1-release2-core-imagery/thumbnail/20250831_185120_93_4001_thumb.png
natural-lands,20250729_185845_51_4001,2025-07-29T18:58:45.514605Z,8,0,standard,standard_sensitivity,"Heroica Caborca, Caborca, Sonora, 83600, Mexico",75.4,143.4,251.2,1.0,32.92,"[-112.35152610061388, 30.510458180476334, -112.10467219405524, 30.720423793326443]",30.61544098690139,-112.22809914733456,https://storage.googleapis.com/open-cogs/planet-stac/tanager1-release2-core-imagery/basic_beta_udm/20250729_185845_51_4001_basic_beta_udm.tif,https://storage.googleapis.com/open-cogs/planet-stac/tanager1-release2-core-imagery/basic_radiance_hdf5/20250729_185845_51_4001_basic_radiance_hdf5.h5,https://storage.googleapis.com/open-cogs/planet-stac/tanager1-release2-core-imagery/basic_sr_hdf5/20250729_185845_51_4001_basic_sr_hdf5.h5,https://storage.googleapis.com/open-cogs/planet-stac/tanager1-release2-core-imagery/geolocation_array/20250729_185845_51_4001_geolocation_array.tif,https://storage.googleapis.com/open-cogs/planet-stac/tanager1-release2-core-imagery/ortho_beta_udm/20250729_185845_51_4001_ortho_beta_udm.tif,,https://storage.googleapis.com/open-cogs/planet-stac/tanager1-release2-core-imagery/ortho_radiance_hdf5/20250729_185845_51_4001_ortho_radiance_hdf5.h5,https://storage.googleapis.com/open-cogs/planet-stac/tanager1-release2-core-imagery/ortho_sr_hdf5/20250729_185845_51_4001_ortho_sr_hdf5.h5,https://storage.googleapis.com/open-cogs/planet-stac/tanager1-release2-core-imagery/ortho_visual/20250729_185845_51_4001_ortho_visual.tif,,,https://storage.googleapis.com/open-cogs/planet-stac/tanager1-release2-core-imagery/thumbnail/20250729_185845_51_4001_thumb.png
natural-lands,20250729_185850_46_4001,2025-07-29T18:58:50.467914Z,2,0,standard,standard_sensitivity,"Caborca, Sonora, Mexico",75.5,142.9,209.9,2.8,33.02,"[-112.39323116227324, 30.33601237070398, -112.14660776322879, 30.54683588720036]",30.44142412895217,-112.269919462751,https://storage.googleapis.com/open-cogs/planet-stac/tanager1-release2-core-imagery/basic_beta_udm/20250729_185850_46_4001_basic_beta_udm.tif,https://storage.googleapis.com/open-cogs/planet-stac/tanager1-release2-core-imagery/basic_radiance_hdf5/20250729_185850_46_4001_basic_radiance_hdf5.h5,https://storage.googleapis.com/open-cogs/planet-stac/tanager1-release2-core-imagery/basic_sr_hdf5/20250729_185850_46_4001_basic_sr_hdf5.h5,https://storage.googleapis.com/open-cogs/planet-stac/tanager1-release2-core-imagery/geolocation_array/20250729_185850_46_4001_geolocation_array.tif,https://storage.googleapis.com/open-cogs/planet-stac/tanager1-release2-core-imagery/ortho_beta_udm/20250729_185850_46_4001_ortho_beta_udm.tif,,https://storage.googleapis.com/open-cogs/planet-stac/tanager1-release2-core-imagery/ortho_radiance_hdf5/20250729_185850_46_4001_ortho_radiance_hdf5.h5,https://storage.googleapis.com/open-cogs/planet-stac/tanager1-release2-core-imagery/ortho_sr_hdf5/20250729_185850_46_4001_ortho_sr_hdf5.h5,https://storage.googleapis.com/open-cogs/planet-stac/tanager1-release2-core-imagery/ortho_visual/20250729_185850_46_4001_ortho_visual.tif,,,https://storage.googleapis.com/open-cogs/planet-stac/tanager1-release2-core-imagery/thumbnail/20250729_185850_46_4001_thumb.png
natural-lands,20250824_171853_67_4001,2025-08-24T17:18:53.676000Z,7,0,standard,standard_sensitivity,"Fraternidad Antorchista, Othón P. Blanco, Quintana Roo, 77029, Mexico",78.2,129.7,348.2,2.8,32.76,"[-88.46562243511693, 18.45601576175502, -88.24944511677322, 18.63698222713863]",18.546498994446825,-88.35753377594507,https://storage.googleapis.com/open-cogs/planet-stac/tanager1-release2-core-imagery/basic_beta_udm/20250824_171853_67_4001_basic_beta_udm.tif,https://storage.googleapis.com/open-cogs/planet-stac/tanager1-release2-core-imagery/basic_radiance_hdf5/20250824_171853_67_4001_basic_radiance_hdf5.h5,https://storage.googleapis.com/open-cogs/planet-stac/tanager1-release2-core-imagery/basic_sr_hdf5/20250824_171853_67_4001_basic_sr_hdf5.h5,https://storage.googleapis.com/open-cogs/planet-stac/tanager1-release2-core-imagery/geolocation_array/20250824_171853_67_4001_geolocation_array.tif,https://storage.googleapis.com/open-cogs/planet-stac/tanager1-release2-core-imagery/ortho_beta_udm/20250824_171853_67_4001_ortho_beta_udm.tif,,https://storage.googleapis.com/open-cogs/planet-stac/tanager1-release2-core-imagery/ortho_radiance_hdf5/20250824_171853_67_4001_ortho_radiance_hdf5.h5,https://storage.googleapis.com/open-cogs/planet-stac/tanager1-release2-core-imagery/ortho_sr_hdf5/20250824_171853_67_4001_ortho_sr_hdf5.h5,https://storage.googleapis.com/open-cogs/planet-stac/tanager1-release2-core-imagery/ortho_visual/20250824_171853_67_4001_ortho_visual.tif,,,https://storage.googleapis.com/open-cogs/planet-stac/tanager1-release2-core-imagery/thumbnail/20250824_171853_67_4001_thumb.png
natural-lands,20250824_171857_84_4001,2025-08-24T17:18:57.841094Z,6,0,standard,standard_sensitivity,"Corozal Town, Corozal, Belize",78.3,129.1,315.8,1.3,32.86,"[-88.49591740594977, 18.310226290436674, -88.28001192163296, 18.491052576270565]",18.400639433353618,-88.38796466379137,https://storage.googleapis.com/open-cogs/planet-stac/tanager1-release2-core-imagery/basic_beta_udm/20250824_171857_84_4001_basic_beta_udm.tif,https://storage.googleapis.com/open-cogs/planet-stac/tanager1-release2-core-imagery/basic_radiance_hdf5/20250824_171857_84_4001_basic_radiance_hdf5.h5,https://storage.googleapis.com/open-cogs/planet-stac/tanager1-release2-core-imagery/basic_sr_hdf5/20250824_171857_84_4001_basic_sr_hdf5.h5,https://storage.googleapis.com/open-cogs/planet-stac/tanager1-release2-core-imagery/geolocation_array/20250824_171857_84_4001_geolocation_array.tif,https://storage.googleapis.com/open-cogs/planet-stac/tanager1-release2-core-imagery/ortho_beta_udm/20250824_171857_84_4001_ortho_beta_udm.tif,,https://storage.googleapis.com/open-cogs/planet-stac/tanager1-release2-core-imagery/ortho_radiance_hdf5/20250824_171857_84_4001_ortho_radiance_hdf5.h5,https://storage.googleapis.com/open-cogs/planet-stac/tanager1-release2-core-imagery/ortho_sr_hdf5/20250824_171857_84_4001_ortho_sr_hdf5.h5,https://storage.googleapis.com/open-cogs/planet-stac/tanager1-release2-core-imagery/ortho_visual/20250824_171857_84_4001_ortho_visual.tif,,,https://storage.googleapis.com/open-cogs/planet-stac/tanager1-release2-core-imagery/thumbnail/20250824_171857_84_4001_thumb.png
natural-lands,20250223_165538_00_4001,2025-02-23T16:55:38Z,0,0,standard,standard_sensitivity,"Jucuapa, Usulután, El Salvador",61.0,141.7,282.3,10.7,32.91,"[-88.50779321835216, 13.42440065954396, -88.29021297687412, 13.60368285515338]",13.51404175734867,-88.39900309761313,https://storage.googleapis.com/open-cogs/planet-stac/tanager1-release2-core-imagery/basic_beta_udm/20250223_165538_00_4001_basic_beta_udm.tif,https://storage.googleapis.com/open-cogs/planet-stac/tanager1-release2-core-imagery/basic_radiance_hdf5/20250223_165538_00_4001_basic_radiance_hdf5.h5,https://storage.googleapis.com/open-cogs/planet-stac/tanager1-release2-core-imagery/basic_sr_hdf5/20250223_165538_00_4001_basic_sr_hdf5.h5,https://storage.googleapis.com/open-cogs/planet-stac/tanager1-release2-core-imagery/geolocation_array/20250223_165538_00_4001_geolocation_array.tif,https://storage.googleapis.com/open-cogs/planet-stac/tanager1-release2-core-imagery/ortho_beta_udm/20250223_165538_00_4001_ortho_beta_udm.tif,,https://storage.googleapis.com/open-cogs/planet-stac/tanager1-release2-core-imagery/ortho_radiance_hdf5/20250223_165538_00_4001_ortho_radiance_hdf5.h5,https://storage.googleapis.com/open-cogs/planet-stac/tanager1-release2-core-imagery/ortho_sr_hdf5/20250223_165538_00_4001_ortho_sr_hdf5.h5,https://storage.googleapis.com/open-cogs/planet-stac/tanager1-release2-core-imagery/ortho_visual/20250223_165538_00_4001_ortho_visual.tif,,,https://storage.googleapis.com/open-cogs/planet-stac/tanager1-release2-core-imagery/thumbnail/20250223_165538_00_4001_thumb.png
natural-lands,20250223_165546_32_4001,2025-02-23T16:55:46.321891Z,0,0,standard,standard_sensitivity,"Usulután, 3401, El Salvador",61.2,141.3,263.4,11.2,32.85,"[-88.56425877863482, 13.139414553891845, -88.34746243694369, 13.316052417927148]",13.227733485909496,-88.45586060778925,https://storage.googleapis.com/open-cogs/planet-stac/tanager1-release2-core-imagery/basic_beta_udm/20250223_165546_32_4001_basic_beta_udm.tif,https://storage.googleapis.com/open-cogs/planet-stac/tanager1-release2-core-imagery/basic_radiance_hdf5/20250223_165546_32_4001_basic_radiance_hdf5.h5,https://storage.googleapis.com/open-cogs/planet-stac/tanager1-release2-core-imagery/basic_sr_hdf5/20250223_165546_32_4001_basic_sr_hdf5.h5,https://storage.googleapis.com/open-cogs/planet-stac/tanager1-release2-core-imagery/geolocation_array/20250223_165546_32_4001_geolocation_array.tif,https://storage.googleapis.com/open-cogs/planet-stac/tanager1-release2-core-imagery/ortho_beta_udm/20250223_165546_32_4001_ortho_beta_udm.tif,,https://storage.googleapis.com/open-cogs/planet-stac/tanager1-release2-core-imagery/ortho_radiance_hdf5/20250223_165546_32_4001_ortho_radiance_hdf5.h5,https://storage.googleapis.com/open-cogs/planet-stac/tanager1-release2-core-imagery/ortho_sr_hdf5/20250223_165546_32_4001_ortho_sr_hdf5.h5,https://storage.googleapis.com/open-cogs/planet-stac/tanager1-release2-core-imagery/ortho_visual/20250223_165546_32_4001_ortho_visual.tif,,,https://storage.googleapis.com/open-cogs/planet-stac/tanager1-release2-core-imagery/thumbnail/20250223_165546_32_4001_thumb.png
natural-lands,20250724_144826_58_4001,2025-07-24T14:48:26.582000Z,0,0,standard,standard_sensitivity,"Primera Sección, Partido de Tigre, Buenos Aires, Argentina",33.3,20.5,291.3,8.9,34.07,"[-58.7141055901102, -34.46006129358023, -58.45417106848554, -34.2687386805137]",-34.364399987046966,-58.58413832929787,https://storage.googleapis.com/open-cogs/planet-stac/tanager1-release2-core-imagery/basic_beta_udm/20250724_144826_58_4001_basic_beta_udm.tif,https://storage.googleapis.com/open-cogs/planet-stac/tanager1-release2-core-imagery/basic_radiance_hdf5/20250724_144826_58_4001_basic_radiance_hdf5.h5,https://storage.googleapis.com/open-cogs/planet-stac/tanager1-release2-core-imagery/basic_sr_hdf5/20250724_144826_58_4001_basic_sr_hdf5.h5,https://storage.googleapis.com/open-cogs/planet-stac/tanager1-release2-core-imagery/geolocation_array/20250724_144826_58_4001_geolocation_array.tif,https://storage.googleapis.com/open-cogs/planet-stac/tanager1-release2-core-imagery/ortho_beta_udm/20250724_144826_58_4001_ortho_beta_udm.tif,,https://storage.googleapis.com/open-cogs/planet-stac/tanager1-release2-core-imagery/ortho_radiance_hdf5/20250724_144826_58_4001_ortho_radiance_hdf5.h5,https://storage.googleapis.com/open-cogs/planet-stac/tanager1-release2-core-imagery/ortho_sr_hdf5/20250724_144826_58_4001_ortho_sr_hdf5.h5,https://storage.googleapis.com/open-cogs/planet-stac/tanager1-release2-core-imagery/ortho_visual/20250724_144826_58_4001_ortho_visual.tif,,,https://storage.googleapis.com/open-cogs/planet-stac/tanager1-release2-core-imagery/thumbnail/20250724_144826_58_4001_thumb.png
natural-lands,20250626_144415_59_4001,2025-06-26T14:44:15.592000Z,0,0,standard,standard_sensitivity,"Primera Sección, Partido de Tigre, Buenos Aires, Argentina",29.8,19.3,297.2,7.2,34.01,"[-58.71473853983964, -34.46908463794435, -58.45751916041572, -34.281466565267806]",-34.37527560160608,-58.58612885012768,https://storage.googleapis.com/open-cogs/planet-stac/tanager1-release2-core-imagery/basic_beta_udm/20250626_144415_59_4001_basic_beta_udm.tif,https://storage.googleapis.com/open-cogs/planet-stac/tanager1-release2-core-imagery/basic_radiance_hdf5/20250626_144415_59_4001_basic_radiance_hdf5.h5,https://storage.googleapis.com/open-cogs/planet-stac/tanager1-release2-core-imagery/basic_sr_hdf5/20250626_144415_59_4001_basic_sr_hdf5.h5,https://storage.googleapis.com/open-cogs/planet-stac/tanager1-release2-core-imagery/geolocation_array/20250626_144415_59_4001_geolocation_array.tif,https://storage.googleapis.com/open-cogs/planet-stac/tanager1-release2-core-imagery/ortho_beta_udm/20250626_144415_59_4001_ortho_beta_udm.tif,,https://storage.googleapis.com/open-cogs/planet-stac/tanager1-release2-core-imagery/ortho_radiance_hdf5/20250626_144415_59_4001_ortho_radiance_hdf5.h5,https://storage.googleapis.com/open-cogs/planet-stac/tanager1-release2-core-imagery/ortho_sr_hdf5/20250626_144415_59_4001_ortho_sr_hdf5.h5,https://storage.googleapis.com/open-cogs/planet-stac/tanager1-release2-core-imagery/ortho_visual/20250626_144415_59_4001_ortho_visual.tif,,,https://storage.googleapis.com/open-cogs/planet-stac/tanager1-release2-core-imagery/thumbnail/20250626_144415_59_4001_thumb.png
natural-lands,20250313_143015_00_4001,2025-03-13T14:30:15.012445Z,6,0,standard,maximum_sensitivity,"Primera Sección, Partido de Tigre, Buenos Aires, Argentina",51.6,39.5,342.7,13.5,33.27,"[-58.71267781557721, -34.46134920996579, -58.45143963819473, -34.27153350433598]",-34.36644135715088,-58.58205872688597,https://storage.googleapis.com/open-cogs/planet-stac/tanager1-release2-core-imagery/basic_beta_udm/20250313_143015_00_4001_basic_beta_udm.tif,https://storage.googleapis.com/open-cogs/planet-stac/tanager1-release2-core-imagery/basic_radiance_hdf5/20250313_143015_00_4001_basic_radiance_hdf5.h5,https://storage.googleapis.com/open-cogs/planet-stac/tanager1-release2-core-imagery/basic_sr_hdf5/20250313_143015_00_4001_basic_sr_hdf5.h5,https://storage.googleapis.com/open-cogs/planet-stac/tanager1-release2-core-imagery/geolocation_array/20250313_143015_00_4001_geolocation_array.tif,https://storage.googleapis.com/open-cogs/planet-stac/tanager1-release2-core-imagery/ortho_beta_udm/20250313_143015_00_4001_ortho_beta_udm.tif,,https://storage.googleapis.com/open-cogs/planet-stac/tanager1-release2-core-imagery/ortho_radiance_hdf5/20250313_143015_00_4001_ortho_radiance_hdf5.h5,https://storage.googleapis.com/open-cogs/planet-stac/tanager1-release2-core-imagery/ortho_sr_hdf5/20250313_143015_00_4001_ortho_sr_hdf5.h5,https://storage.googleapis.com/open-cogs/planet-stac/tanager1-release2-core-imagery/ortho_visual/20250313_143015_00_4001_ortho_visual.tif,,,https://storage.googleapis.com/open-cogs/planet-stac/tanager1-release2-core-imagery/thumbnail/20250313_143015_00_4001_thumb.png
natural-lands,20250213_142717_00_4001,2025-02-13T14:27:17.012445Z,0,0,standard,maximum_sensitivity,"Primera Sección, Partido de Tigre, Buenos Aires, Argentina",58.8,53.3,314.8,10.5,38.95,"[-58.73105365752559, -34.52749605640904, -58.45334640503978, -34.268462454276225]",-34.397979255342634,-58.59220003128269,https://storage.googleapis.com/open-cogs/planet-stac/tanager1-release2-core-imagery/basic_beta_udm/20250213_142717_00_4001_basic_beta_udm.tif,https://storage.googleapis.com/open-cogs/planet-stac/tanager1-release2-core-imagery/basic_radiance_hdf5/20250213_142717_00_4001_basic_radiance_hdf5.h5,https://storage.googleapis.com/open-cogs/planet-stac/tanager1-release2-core-imagery/basic_sr_hdf5/20250213_142717_00_4001_basic_sr_hdf5.h5,https://storage.googleapis.com/open-cogs/planet-stac/tanager1-release2-core-imagery/geolocation_array/20250213_142717_00_4001_geolocation_array.tif,https://storage.googleapis.com/open-cogs/planet-stac/tanager1-release2-core-imagery/ortho_beta_udm/20250213_142717_00_4001_ortho_beta_udm.tif,,https://storage.googleapis.com/open-cogs/planet-stac/tanager1-release2-core-imagery/ortho_radiance_hdf5/20250213_142717_00_4001_ortho_radiance_hdf5.h5,https://storage.googleapis.com/open-cogs/planet-stac/tanager1-release2-core-imagery/ortho_sr_hdf5/20250213_142717_00_4001_ortho_sr_hdf5.h5,https://storage.googleapis.com/open-cogs/planet-stac/tanager1-release2-core-imagery/ortho_visual/20250213_142717_00_4001_ortho_visual.tif,,,https://storage.googleapis.com/open-cogs/planet-stac/tanager1-release2-core-imagery/thumbnail/20250213_142717_00_4001_thumb.png
natural-lands,20250806_164239_82_4001,2025-08-06T16:42:39.829999Z,0,0,standard,standard_sensitivity,"Knoxdale-Merivale, Nepean, Ottawa, Eastern Ontario, Ontario, Canada",60.6,167.2,100.9,8.2,33.81,"[-75.89004777761014, 45.215354537799016, -75.56138884666743, 45.4737270371206]",45.344540787459806,-75.72571831213878,https://storage.googleapis.com/open-cogs/planet-stac/tanager1-release2-core-imagery/basic_beta_udm/20250806_164239_82_4001_basic_beta_udm.tif,https://storage.googleapis.com/open-cogs/planet-stac/tanager1-release2-core-imagery/basic_radiance_hdf5/20250806_164239_82_4001_basic_radiance_hdf5.h5,https://storage.googleapis.com/open-cogs/planet-stac/tanager1-release2-core-imagery/basic_sr_hdf5/20250806_164239_82_4001_basic_sr_hdf5.h5,https://storage.googleapis.com/open-cogs/planet-stac/tanager1-release2-core-imagery/geolocation_array/20250806_164239_82_4001_geolocation_array.tif,https://storage.googleapis.com/open-cogs/planet-stac/tanager1-release2-core-imagery/ortho_beta_udm/20250806_164239_82_4001_ortho_beta_udm.tif,,https://storage.googleapis.com/open-cogs/planet-stac/tanager1-release2-core-imagery/ortho_radiance_hdf5/20250806_164239_82_4001_ortho_radiance_hdf5.h5,https://storage.googleapis.com/open-cogs/planet-stac/tanager1-release2-core-imagery/ortho_sr_hdf5/20250806_164239_82_4001_ortho_sr_hdf5.h5,https://storage.googleapis.com/open-cogs/planet-stac/tanager1-release2-core-imagery/ortho_visual/20250806_164239_82_4001_ortho_visual.tif,,,https://storage.googleapis.com/open-cogs/planet-stac/tanager1-release2-core-imagery/thumbnail/20250806_164239_82_4001_thumb.png
natural-lands,20250806_164245_93_4001,2025-08-06T16:42:45.936591Z,0,0,standard,standard_sensitivity,"Rideau-Jock, Ottawa, Eastern Ontario, Ontario, Canada",60.8,167.0,117.9,8.5,34.18,"[-75.96108050711169, 44.99735716532049, -75.63316694970604, 45.25746429990243]",45.12741073261146,-75.79712372840886,https://storage.googleapis.com/open-cogs/planet-stac/tanager1-release2-core-imagery/basic_beta_udm/20250806_164245_93_4001_basic_beta_udm.tif,https://storage.googleapis.com/open-cogs/planet-stac/tanager1-release2-core-imagery/basic_radiance_hdf5/20250806_164245_93_4001_basic_radiance_hdf5.h5,https://storage.googleapis.com/open-cogs/planet-stac/tanager1-release2-core-imagery/basic_sr_hdf5/20250806_164245_93_4001_basic_sr_hdf5.h5,https://storage.googleapis.com/open-cogs/planet-stac/tanager1-release2-core-imagery/geolocation_array/20250806_164245_93_4001_geolocation_array.tif,https://storage.googleapis.com/open-cogs/planet-stac/tanager1-release2-core-imagery/ortho_beta_udm/20250806_164245_93_4001_ortho_beta_udm.tif,,https://storage.googleapis.com/open-cogs/planet-stac/tanager1-release2-core-imagery/ortho_radiance_hdf5/20250806_164245_93_4001_ortho_radiance_hdf5.h5,https://storage.googleapis.com/open-cogs/planet-stac/tanager1-release2-core-imagery/ortho_sr_hdf5/20250806_164245_93_4001_ortho_sr_hdf5.h5,https://storage.googleapis.com/open-cogs/planet-stac/tanager1-release2-core-imagery/ortho_visual/20250806_164245_93_4001_ortho_visual.tif,,,https://storage.googleapis.com/open-cogs/planet-stac/tanager1-release2-core-imagery/thumbnail/20250806_164245_93_4001_thumb.png
agriculture,20250224_145149_32_4001,2025-02-24T14:51:49.321891Z,0,0,standard,standard_sensitivity,"El Algarrobal, Municipio de Profesor Salvador Mazza, General San Martín, Salta, Argentina",63.6,64.4,113.5,9.3,32.94,"[-63.78114864403159, -22.275135653484412, -63.555157193859884, -22.09475016065558]",-22.184942907069995,-63.66815291894574,https://storage.googleapis.com/open-cogs/planet-stac/tanager1-release2-core-imagery/basic_beta_udm/20250224_145149_32_4001_basic_beta_udm.tif,https://storage.googleapis.com/open-cogs/planet-stac/tanager1-release2-core-imagery/basic_radiance_hdf5/20250224_145149_32_4001_basic_radiance_hdf5.h5,https://storage.googleapis.com/open-cogs/planet-stac/tanager1-release2-core-imagery/basic_sr_hdf5/20250224_145149_32_4001_basic_sr_hdf5.h5,https://storage.googleapis.com/open-cogs/planet-stac/tanager1-release2-core-imagery/geolocation_array/20250224_145149_32_4001_geolocation_array.tif,https://storage.googleapis.com/open-cogs/planet-stac/tanager1-release2-core-imagery/ortho_beta_udm/20250224_145149_32_4001_ortho_beta_udm.tif,,https://storage.googleapis.com/open-cogs/planet-stac/tanager1-release2-core-imagery/ortho_radiance_hdf5/20250224_145149_32_4001_ortho_radiance_hdf5.h5,https://storage.googleapis.com/open-cogs/planet-stac/tanager1-release2-core-imagery/ortho_sr_hdf5/20250224_145149_32_4001_ortho_sr_hdf5.h5,https://storage.googleapis.com/open-cogs/planet-stac/tanager1-release2-core-imagery/ortho_visual/20250224_145149_32_4001_ortho_visual.tif,,,https://storage.googleapis.com/open-cogs/planet-stac/tanager1-release2-core-imagery/thumbnail/20250224_145149_32_4001_thumb.png
agriculture,20250301_143913_32_4001,2025-03-01T14:39:13.321891Z,1,0,standard,standard_sensitivity,"Mariscal Estigarribia, Boquerón, Región Occidental, 160201, Paraguay",62.6,60.9,105.7,12.8,33.53,"[-60.75184521805192, -22.238182359096506, -60.519421211991364, -22.056520430178207]",-22.147351394637354,-60.63563321502164,https://storage.googleapis.com/open-cogs/planet-stac/tanager1-release2-core-imagery/basic_beta_udm/20250301_143913_32_4001_basic_beta_udm.tif,https://storage.googleapis.com/open-cogs/planet-stac/tanager1-release2-core-imagery/basic_radiance_hdf5/20250301_143913_32_4001_basic_radiance_hdf5.h5,https://storage.googleapis.com/open-cogs/planet-stac/tanager1-release2-core-imagery/basic_sr_hdf5/20250301_143913_32_4001_basic_sr_hdf5.h5,https://storage.googleapis.com/open-cogs/planet-stac/tanager1-release2-core-imagery/geolocation_array/20250301_143913_32_4001_geolocation_array.tif,https://storage.googleapis.com/open-cogs/planet-stac/tanager1-release2-core-imagery/ortho_beta_udm/20250301_143913_32_4001_ortho_beta_udm.tif,,https://storage.googleapis.com/open-cogs/planet-stac/tanager1-release2-core-imagery/ortho_radiance_hdf5/20250301_143913_32_4001_ortho_radiance_hdf5.h5,https://storage.googleapis.com/open-cogs/planet-stac/tanager1-release2-core-imagery/ortho_sr_hdf5/20250301_143913_32_4001_ortho_sr_hdf5.h5,https://storage.googleapis.com/open-cogs/planet-stac/tanager1-release2-core-imagery/ortho_visual/20250301_143913_32_4001_ortho_visual.tif,,,https://storage.googleapis.com/open-cogs/planet-stac/tanager1-release2-core-imagery/thumbnail/20250301_143913_32_4001_thumb.png
agriculture,20250311_061550_53_4001,2025-03-11T06:15:50.531984Z,0,0,standard,standard_sensitivity,"Vagra Taluka, Bharuch, Gujarat, India",60.2,146.7,222.9,3.3,32.88,"[72.52601201182728, 21.748814618723884, 72.75563624889065, 21.962014968245693]",21.85541479348479,72.64082413035896,https://storage.googleapis.com/open-cogs/planet-stac/tanager1-release2-core-imagery/basic_beta_udm/20250311_061550_53_4001_basic_beta_udm.tif,https://storage.googleapis.com/open-cogs/planet-stac/tanager1-release2-core-imagery/basic_radiance_hdf5/20250311_061550_53_4001_basic_radiance_hdf5.h5,https://storage.googleapis.com/open-cogs/planet-stac/tanager1-release2-core-imagery/basic_sr_hdf5/20250311_061550_53_4001_basic_sr_hdf5.h5,https://storage.googleapis.com/open-cogs/planet-stac/tanager1-release2-core-imagery/geolocation_array/20250311_061550_53_4001_geolocation_array.tif,https://storage.googleapis.com/open-cogs/planet-stac/tanager1-release2-core-imagery/ortho_beta_udm/20250311_061550_53_4001_ortho_beta_udm.tif,,https://storage.googleapis.com/open-cogs/planet-stac/tanager1-release2-core-imagery/ortho_radiance_hdf5/20250311_061550_53_4001_ortho_radiance_hdf5.h5,https://storage.googleapis.com/open-cogs/planet-stac/tanager1-release2-core-imagery/ortho_sr_hdf5/20250311_061550_53_4001_ortho_sr_hdf5.h5,https://storage.googleapis.com/open-cogs/planet-stac/tanager1-release2-core-imagery/ortho_visual/20250311_061550_53_4001_ortho_visual.tif,,,https://storage.googleapis.com/open-cogs/planet-stac/tanager1-release2-core-imagery/thumbnail/20250311_061550_53_4001_thumb.png
agriculture,20250321_054913_40_4001,2025-03-21T05:49:13.400208Z,0,0,standard,standard_sensitivity,"Ghatampur, Kanpur Nagar, Uttar Pradesh, India",60.7,149.8,193.9,3.0,32.68,"[80.06735554572315, 26.135792026021303, 80.31270554835088, 26.3811424978424]",26.25846726193185,80.19003054703701,https://storage.googleapis.com/open-cogs/planet-stac/tanager1-release2-core-imagery/basic_beta_udm/20250321_054913_40_4001_basic_beta_udm.tif,https://storage.googleapis.com/open-cogs/planet-stac/tanager1-release2-core-imagery/basic_radiance_hdf5/20250321_054913_40_4001_basic_radiance_hdf5.h5,https://storage.googleapis.com/open-cogs/planet-stac/tanager1-release2-core-imagery/basic_sr_hdf5/20250321_054913_40_4001_basic_sr_hdf5.h5,https://storage.googleapis.com/open-cogs/planet-stac/tanager1-release2-core-imagery/geolocation_array/20250321_054913_40_4001_geolocation_array.tif,https://storage.googleapis.com/open-cogs/planet-stac/tanager1-release2-core-imagery/ortho_beta_udm/20250321_054913_40_4001_ortho_beta_udm.tif,,https://storage.googleapis.com/open-cogs/planet-stac/tanager1-release2-core-imagery/ortho_radiance_hdf5/20250321_054913_40_4001_ortho_radiance_hdf5.h5,https://storage.googleapis.com/open-cogs/planet-stac/tanager1-release2-core-imagery/ortho_sr_hdf5/20250321_054913_40_4001_ortho_sr_hdf5.h5,https://storage.googleapis.com/open-cogs/planet-stac/tanager1-release2-core-imagery/ortho_visual/20250321_054913_40_4001_ortho_visual.tif,,,https://storage.googleapis.com/open-cogs/planet-stac/tanager1-release2-core-imagery/thumbnail/20250321_054913_40_4001_thumb.png
agriculture,20250430_101724_87_4001,2025-04-30T10:17:24.870339Z,2,0,standard,standard_sensitivity,"Massafra, Taranto, Apulia, 74016, Italy",63.5,163.0,189.9,27.8,33.65,"[16.99557744300894, 40.469410119509135, 17.309731355940727, 40.68053607525974]",40.57497309738444,17.152654399474834,https://storage.googleapis.com/open-cogs/planet-stac/tanager1-release2-core-imagery/basic_beta_udm/20250430_101724_87_4001_basic_beta_udm.tif,https://storage.googleapis.com/open-cogs/planet-stac/tanager1-release2-core-imagery/basic_radiance_hdf5/20250430_101724_87_4001_basic_radiance_hdf5.h5,https://storage.googleapis.com/open-cogs/planet-stac/tanager1-release2-core-imagery/basic_sr_hdf5/20250430_101724_87_4001_basic_sr_hdf5.h5,https://storage.googleapis.com/open-cogs/planet-stac/tanager1-release2-core-imagery/geolocation_array/20250430_101724_87_4001_geolocation_array.tif,https://storage.googleapis.com/open-cogs/planet-stac/tanager1-release2-core-imagery/ortho_beta_udm/20250430_101724_87_4001_ortho_beta_udm.tif,,https://storage.googleapis.com/open-cogs/planet-stac/tanager1-release2-core-imagery/ortho_radiance_hdf5/20250430_101724_87_4001_ortho_radiance_hdf5.h5,https://storage.googleapis.com/open-cogs/planet-stac/tanager1-release2-core-imagery/ortho_sr_hdf5/20250430_101724_87_4001_ortho_sr_hdf5.h5,https://storage.googleapis.com/open-cogs/planet-stac/tanager1-release2-core-imagery/ortho_visual/20250430_101724_87_4001_ortho_visual.tif,,,https://storage.googleapis.com/open-cogs/planet-stac/tanager1-release2-core-imagery/thumbnail/20250430_101724_87_4001_thumb.png
agriculture,20250501_143138_87_4001,2025-05-01T14:31:38.870339Z,0,0,standard,standard_sensitivity,"Campo Verde, Região Geográfica Imediata de Cuiabá, Região Metropolitana do Vale do Rio Cuiabá, Região Geográfica Intermediária de Cuiabá, Mato Grosso, Central-West Region, 78840-000, Brazil",55.3,28.5,90.6,3.3,32.7,"[-55.13891467964305, -15.560638438969928, -54.92092351075826, -15.3580842209153]",-15.459361329942613,-55.029919095200654,https://storage.googleapis.com/open-cogs/planet-stac/tanager1-release2-core-imagery/basic_beta_udm/20250501_143138_87_4001_basic_beta_udm.tif,https://storage.googleapis.com/open-cogs/planet-stac/tanager1-release2-core-imagery/basic_radiance_hdf5/20250501_143138_87_4001_basic_radiance_hdf5.h5,https://storage.googleapis.com/open-cogs/planet-stac/tanager1-release2-core-imagery/basic_sr_hdf5/20250501_143138_87_4001_basic_sr_hdf5.h5,https://storage.googleapis.com/open-cogs/planet-stac/tanager1-release2-core-imagery/geolocation_array/20250501_143138_87_4001_geolocation_array.tif,https://storage.googleapis.com/open-cogs/planet-stac/tanager1-release2-core-imagery/ortho_beta_udm/20250501_143138_87_4001_ortho_beta_udm.tif,,https://storage.googleapis.com/open-cogs/planet-stac/tanager1-release2-core-imagery/ortho_radiance_hdf5/20250501_143138_87_4001_ortho_radiance_hdf5.h5,https://storage.googleapis.com/open-cogs/planet-stac/tanager1-release2-core-imagery/ortho_sr_hdf5/20250501_143138_87_4001_ortho_sr_hdf5.h5,https://storage.googleapis.com/open-cogs/planet-stac/tanager1-release2-core-imagery/ortho_visual/20250501_143138_87_4001_ortho_visual.tif,,,https://storage.googleapis.com/open-cogs/planet-stac/tanager1-release2-core-imagery/thumbnail/20250501_143138_87_4001_thumb.png
agriculture,20250503_112042_00_4001,2025-05-03T11:20:42Z,3,1,standard,standard_sensitivity,"Almere Buiten, Almere, Flevoland, Netherlands, 1335 GR, Netherlands",53.3,174.0,306.2,5.5,33.19,"[5.1335944396702, 52.29679604805844, 5.487539043361088, 52.48484955491355]",52.390822801485996,5.310566741515644,https://storage.googleapis.com/open-cogs/planet-stac/tanager1-release2-core-imagery/basic_beta_udm/20250503_112042_00_4001_basic_beta_udm.tif,https://storage.googleapis.com/open-cogs/planet-stac/tanager1-release2-core-imagery/basic_radiance_hdf5/20250503_112042_00_4001_basic_radiance_hdf5.h5,https://storage.googleapis.com/open-cogs/planet-stac/tanager1-release2-core-imagery/basic_sr_hdf5/20250503_112042_00_4001_basic_sr_hdf5.h5,https://storage.googleapis.com/open-cogs/planet-stac/tanager1-release2-core-imagery/geolocation_array/20250503_112042_00_4001_geolocation_array.tif,https://storage.googleapis.com/open-cogs/planet-stac/tanager1-release2-core-imagery/ortho_beta_udm/20250503_112042_00_4001_ortho_beta_udm.tif,,https://storage.googleapis.com/open-cogs/planet-stac/tanager1-release2-core-imagery/ortho_radiance_hdf5/20250503_112042_00_4001_ortho_radiance_hdf5.h5,https://storage.googleapis.com/open-cogs/planet-stac/tanager1-release2-core-imagery/ortho_sr_hdf5/20250503_112042_00_4001_ortho_sr_hdf5.h5,https://storage.googleapis.com/open-cogs/planet-stac/tanager1-release2-core-imagery/ortho_visual/20250503_112042_00_4001_ortho_visual.tif,,,https://storage.googleapis.com/open-cogs/planet-stac/tanager1-release2-core-imagery/thumbnail/20250503_112042_00_4001_thumb.png
agriculture,20250503_112046_16_4001,2025-05-03T11:20:46.165094Z,1,0,standard,standard_sensitivity,"Eemnes, Utrecht, Netherlands",53.5,173.9,287.5,5.1,33.16,"[5.075078850258345, 52.156923386218786, 5.427545571415263, 52.34302695462647]",52.24997517042263,5.251312210836804,https://storage.googleapis.com/open-cogs/planet-stac/tanager1-release2-core-imagery/basic_beta_udm/20250503_112046_16_4001_basic_beta_udm.tif,https://storage.googleapis.com/open-cogs/planet-stac/tanager1-release2-core-imagery/basic_radiance_hdf5/20250503_112046_16_4001_basic_radiance_hdf5.h5,https://storage.googleapis.com/open-cogs/planet-stac/tanager1-release2-core-imagery/basic_sr_hdf5/20250503_112046_16_4001_basic_sr_hdf5.h5,https://storage.googleapis.com/open-cogs/planet-stac/tanager1-release2-core-imagery/geolocation_array/20250503_112046_16_4001_geolocation_array.tif,https://storage.googleapis.com/open-cogs/planet-stac/tanager1-release2-core-imagery/ortho_beta_udm/20250503_112046_16_4001_ortho_beta_udm.tif,,https://storage.googleapis.com/open-cogs/planet-stac/tanager1-release2-core-imagery/ortho_radiance_hdf5/20250503_112046_16_4001_ortho_radiance_hdf5.h5,https://storage.googleapis.com/open-cogs/planet-stac/tanager1-release2-core-imagery/ortho_sr_hdf5/20250503_112046_16_4001_ortho_sr_hdf5.h5,https://storage.googleapis.com/open-cogs/planet-stac/tanager1-release2-core-imagery/ortho_visual/20250503_112046_16_4001_ortho_visual.tif,,,https://storage.googleapis.com/open-cogs/planet-stac/tanager1-release2-core-imagery/thumbnail/20250503_112046_16_4001_thumb.png
agriculture,20250503_112050_32_4001,2025-05-03T11:20:50.321891Z,0,0,standard,standard_sensitivity,"De Bilt, Utrecht, Netherlands",53.6,173.8,268.3,5.4,33.18,"[5.017767314192949, 52.01703082760698, 5.368318220947324, 52.20236760796049]",52.109699217783735,5.1930427675701365,https://storage.googleapis.com/open-cogs/planet-stac/tanager1-release2-core-imagery/basic_beta_udm/20250503_112050_32_4001_basic_beta_udm.tif,https://storage.googleapis.com/open-cogs/planet-stac/tanager1-release2-core-imagery/basic_radiance_hdf5/20250503_112050_32_4001_basic_radiance_hdf5.h5,https://storage.googleapis.com/open-cogs/planet-stac/tanager1-release2-core-imagery/basic_sr_hdf5/20250503_112050_32_4001_basic_sr_hdf5.h5,https://storage.googleapis.com/open-cogs/planet-stac/tanager1-release2-core-imagery/geolocation_array/20250503_112050_32_4001_geolocation_array.tif,https://storage.googleapis.com/open-cogs/planet-stac/tanager1-release2-core-imagery/ortho_beta_udm/20250503_112050_32_4001_ortho_beta_udm.tif,,https://storage.googleapis.com/open-cogs/planet-stac/tanager1-release2-core-imagery/ortho_radiance_hdf5/20250503_112050_32_4001_ortho_radiance_hdf5.h5,https://storage.googleapis.com/open-cogs/planet-stac/tanager1-release2-core-imagery/ortho_sr_hdf5/20250503_112050_32_4001_ortho_sr_hdf5.h5,https://storage.googleapis.com/open-cogs/planet-stac/tanager1-release2-core-imagery/ortho_visual/20250503_112050_32_4001_ortho_visual.tif,,,https://storage.googleapis.com/open-cogs/planet-stac/tanager1-release2-core-imagery/thumbnail/20250503_112050_32_4001_thumb.png
agriculture,20250504_030711_32_4001,2025-05-04T03:07:11.321891Z,0,2,standard,standard_sensitivity,"Sepaso Barat, Kutai Timur, East Kalimantan, Kalimantan, Indonesia",68.8,43.0,35.1,28.8,36.62,"[117.40635291670101, 0.6531517007186092, 117.6488220344571, 0.8120692270598464]",0.7326104638892278,117.52758747557905,https://storage.googleapis.com/open-cogs/planet-stac/tanager1-release2-core-imagery/basic_beta_udm/20250504_030711_32_4001_basic_beta_udm.tif,https://storage.googleapis.com/open-cogs/planet-stac/tanager1-release2-core-imagery/basic_radiance_hdf5/20250504_030711_32_4001_basic_radiance_hdf5.h5,https://storage.googleapis.com/open-cogs/planet-stac/tanager1-release2-core-imagery/basic_sr_hdf5/20250504_030711_32_4001_basic_sr_hdf5.h5,https://storage.googleapis.com/open-cogs/planet-stac/tanager1-release2-core-imagery/geolocation_array/20250504_030711_32_4001_geolocation_array.tif,https://storage.googleapis.com/open-cogs/planet-stac/tanager1-release2-core-imagery/ortho_beta_udm/20250504_030711_32_4001_ortho_beta_udm.tif,,https://storage.googleapis.com/open-cogs/planet-stac/tanager1-release2-core-imagery/ortho_radiance_hdf5/20250504_030711_32_4001_ortho_radiance_hdf5.h5,https://storage.googleapis.com/open-cogs/planet-stac/tanager1-release2-core-imagery/ortho_sr_hdf5/20250504_030711_32_4001_ortho_sr_hdf5.h5,https://storage.googleapis.com/open-cogs/planet-stac/tanager1-release2-core-imagery/ortho_visual/20250504_030711_32_4001_ortho_visual.tif,,,https://storage.googleapis.com/open-cogs/planet-stac/tanager1-release2-core-imagery/thumbnail/20250504_030711_32_4001_thumb.png
agriculture,20250504_092952_87_4001,2025-05-04T09:29:52.870339Z,0,0,standard,standard_sensitivity,"Hex Park, Breede Valley Ward 10, Worcester, Breede Valley Local Municipality, Cape Winelands District Municipality, Western Cape, 6849, South Africa",37.6,21.1,284.6,18.6,38.34,"[19.33409987105026, -33.763913081918886, 19.614334973058824, -33.553969637292674]",-33.65894135960578,19.474217422054544,https://storage.googleapis.com/open-cogs/planet-stac/tanager1-release2-core-imagery/basic_beta_udm/20250504_092952_87_4001_basic_beta_udm.tif,https://storage.googleapis.com/open-cogs/planet-stac/tanager1-release2-core-imagery/basic_radiance_hdf5/20250504_092952_87_4001_basic_radiance_hdf5.h5,https://storage.googleapis.com/open-cogs/planet-stac/tanager1-release2-core-imagery/basic_sr_hdf5/20250504_092952_87_4001_basic_sr_hdf5.h5,https://storage.googleapis.com/open-cogs/planet-stac/tanager1-release2-core-imagery/geolocation_array/20250504_092952_87_4001_geolocation_array.tif,https://storage.googleapis.com/open-cogs/planet-stac/tanager1-release2-core-imagery/ortho_beta_udm/20250504_092952_87_4001_ortho_beta_udm.tif,,https://storage.googleapis.com/open-cogs/planet-stac/tanager1-release2-core-imagery/ortho_radiance_hdf5/20250504_092952_87_4001_ortho_radiance_hdf5.h5,https://storage.googleapis.com/open-cogs/planet-stac/tanager1-release2-core-imagery/ortho_sr_hdf5/20250504_092952_87_4001_ortho_sr_hdf5.h5,https://storage.googleapis.com/open-cogs/planet-stac/tanager1-release2-core-imagery/ortho_visual/20250504_092952_87_4001_ortho_visual.tif,,,https://storage.googleapis.com/open-cogs/planet-stac/tanager1-release2-core-imagery/thumbnail/20250504_092952_87_4001_thumb.png
agriculture,20250510_005001_00_4001,2025-05-10T00:50:01Z,0,0,standard,standard_sensitivity,"Pilliga, Narrabri Shire Council, New South Wales, 2388, Australia",38.9,22.1,346.2,3.4,32.86,"[148.54834330038452, -30.608013893356592, 148.78876457304023, -30.4288218093641]",-30.518417851360347,148.66855393671239,https://storage.googleapis.com/open-cogs/planet-stac/tanager1-release2-core-imagery/basic_beta_udm/20250510_005001_00_4001_basic_beta_udm.tif,https://storage.googleapis.com/open-cogs/planet-stac/tanager1-release2-core-imagery/basic_radiance_hdf5/20250510_005001_00_4001_basic_radiance_hdf5.h5,https://storage.googleapis.com/open-cogs/planet-stac/tanager1-release2-core-imagery/basic_sr_hdf5/20250510_005001_00_4001_basic_sr_hdf5.h5,https://storage.googleapis.com/open-cogs/planet-stac/tanager1-release2-core-imagery/geolocation_array/20250510_005001_00_4001_geolocation_array.tif,https://storage.googleapis.com/open-cogs/planet-stac/tanager1-release2-core-imagery/ortho_beta_udm/20250510_005001_00_4001_ortho_beta_udm.tif,,https://storage.googleapis.com/open-cogs/planet-stac/tanager1-release2-core-imagery/ortho_radiance_hdf5/20250510_005001_00_4001_ortho_radiance_hdf5.h5,https://storage.googleapis.com/open-cogs/planet-stac/tanager1-release2-core-imagery/ortho_sr_hdf5/20250510_005001_00_4001_ortho_sr_hdf5.h5,https://storage.googleapis.com/open-cogs/planet-stac/tanager1-release2-core-imagery/ortho_visual/20250510_005001_00_4001_ortho_visual.tif,,,https://storage.googleapis.com/open-cogs/planet-stac/tanager1-release2-core-imagery/thumbnail/20250510_005001_00_4001_thumb.png
agriculture,20250510_112042_16_4001,2025-05-10T11:20:42.165094Z,0,8,standard,standard_sensitivity,"Ringkøbing-Skjern Municipality, Central Denmark Region, Denmark",51.5,178.9,295.6,13.6,34.13,"[7.997740757183325, 56.15220365744295, 8.405910856438574, 56.345874664333316]",56.24903916088813,8.20182580681095,https://storage.googleapis.com/open-cogs/planet-stac/tanager1-release2-core-imagery/basic_beta_udm/20250510_112042_16_4001_basic_beta_udm.tif,https://storage.googleapis.com/open-cogs/planet-stac/tanager1-release2-core-imagery/basic_radiance_hdf5/20250510_112042_16_4001_basic_radiance_hdf5.h5,https://storage.googleapis.com/open-cogs/planet-stac/tanager1-release2-core-imagery/basic_sr_hdf5/20250510_112042_16_4001_basic_sr_hdf5.h5,https://storage.googleapis.com/open-cogs/planet-stac/tanager1-release2-core-imagery/geolocation_array/20250510_112042_16_4001_geolocation_array.tif,https://storage.googleapis.com/open-cogs/planet-stac/tanager1-release2-core-imagery/ortho_beta_udm/20250510_112042_16_4001_ortho_beta_udm.tif,,https://storage.googleapis.com/open-cogs/planet-stac/tanager1-release2-core-imagery/ortho_radiance_hdf5/20250510_112042_16_4001_ortho_radiance_hdf5.h5,https://storage.googleapis.com/open-cogs/planet-stac/tanager1-release2-core-imagery/ortho_sr_hdf5/20250510_112042_16_4001_ortho_sr_hdf5.h5,https://storage.googleapis.com/open-cogs/planet-stac/tanager1-release2-core-imagery/ortho_visual/20250510_112042_16_4001_ortho_visual.tif,,,https://storage.googleapis.com/open-cogs/planet-stac/tanager1-release2-core-imagery/thumbnail/20250510_112042_16_4001_thumb.png
agriculture,20250514_115302_15_4001,2025-05-14T11:53:02.151168Z,0,0,standard,standard_sensitivity,"Cantillana, Sevilla, Andalusia, Spain",70.3,161.2,281.4,13.3,33.98,"[-5.907710598861917, 37.49296531948345, -5.618664290018957, 37.724071693308936]",37.608518506396194,-5.763187444440437,https://storage.googleapis.com/open-cogs/planet-stac/tanager1-release2-core-imagery/basic_beta_udm/20250514_115302_15_4001_basic_beta_udm.tif,https://storage.googleapis.com/open-cogs/planet-stac/tanager1-release2-core-imagery/basic_radiance_hdf5/20250514_115302_15_4001_basic_radiance_hdf5.h5,https://storage.googleapis.com/open-cogs/planet-stac/tanager1-release2-core-imagery/basic_sr_hdf5/20250514_115302_15_4001_basic_sr_hdf5.h5,https://storage.googleapis.com/open-cogs/planet-stac/tanager1-release2-core-imagery/geolocation_array/20250514_115302_15_4001_geolocation_array.tif,https://storage.googleapis.com/open-cogs/planet-stac/tanager1-release2-core-imagery/ortho_beta_udm/20250514_115302_15_4001_ortho_beta_udm.tif,,https://storage.googleapis.com/open-cogs/planet-stac/tanager1-release2-core-imagery/ortho_radiance_hdf5/20250514_115302_15_4001_ortho_radiance_hdf5.h5,https://storage.googleapis.com/open-cogs/planet-stac/tanager1-release2-core-imagery/ortho_sr_hdf5/20250514_115302_15_4001_ortho_sr_hdf5.h5,https://storage.googleapis.com/open-cogs/planet-stac/tanager1-release2-core-imagery/ortho_visual/20250514_115302_15_4001_ortho_visual.tif,,,https://storage.googleapis.com/open-cogs/planet-stac/tanager1-release2-core-imagery/thumbnail/20250514_115302_15_4001_thumb.png
agriculture,20250516_121248_87_4001,2025-05-16T12:12:48.870339Z,0,0,standard,standard_sensitivity,"Kahi, Communauté rurale de Kahi, Arrondissement de Gniby, Département de Kaffrine, Kaffrine Region, Senegal",78.0,63.5,291.1,2.4,32.62,"[-15.632646396014753, 14.04021543443446, -15.41679688262803, 14.243047244687682]",14.141631339561071,-15.524721639321392,https://storage.googleapis.com/open-cogs/planet-stac/tanager1-release2-core-imagery/basic_beta_udm/20250516_121248_87_4001_basic_beta_udm.tif,https://storage.googleapis.com/open-cogs/planet-stac/tanager1-release2-core-imagery/basic_radiance_hdf5/20250516_121248_87_4001_basic_radiance_hdf5.h5,https://storage.googleapis.com/open-cogs/planet-stac/tanager1-release2-core-imagery/basic_sr_hdf5/20250516_121248_87_4001_basic_sr_hdf5.h5,https://storage.googleapis.com/open-cogs/planet-stac/tanager1-release2-core-imagery/geolocation_array/20250516_121248_87_4001_geolocation_array.tif,https://storage.googleapis.com/open-cogs/planet-stac/tanager1-release2-core-imagery/ortho_beta_udm/20250516_121248_87_4001_ortho_beta_udm.tif,,https://storage.googleapis.com/open-cogs/planet-stac/tanager1-release2-core-imagery/ortho_radiance_hdf5/20250516_121248_87_4001_ortho_radiance_hdf5.h5,https://storage.googleapis.com/open-cogs/planet-stac/tanager1-release2-core-imagery/ortho_sr_hdf5/20250516_121248_87_4001_ortho_sr_hdf5.h5,https://storage.googleapis.com/open-cogs/planet-stac/tanager1-release2-core-imagery/ortho_visual/20250516_121248_87_4001_ortho_visual.tif,,,https://storage.googleapis.com/open-cogs/planet-stac/tanager1-release2-core-imagery/thumbnail/20250516_121248_87_4001_thumb.png
agriculture,20250516_181930_35_4001,2025-05-16T18:19:30.354656Z,0,0,standard,standard_sensitivity,"Weld County, Colorado, United States",67.8,157.7,103.7,16.5,34.35,"[-104.67287245548741, 40.02260018839325, -104.36822094116403, 40.24283428698649]",40.132717237689874,-104.52054669832572,https://storage.googleapis.com/open-cogs/planet-stac/tanager1-release2-core-imagery/basic_beta_udm/20250516_181930_35_4001_basic_beta_udm.tif,https://storage.googleapis.com/open-cogs/planet-stac/tanager1-release2-core-imagery/basic_radiance_hdf5/20250516_181930_35_4001_basic_radiance_hdf5.h5,https://storage.googleapis.com/open-cogs/planet-stac/tanager1-release2-core-imagery/basic_sr_hdf5/20250516_181930_35_4001_basic_sr_hdf5.h5,https://storage.googleapis.com/open-cogs/planet-stac/tanager1-release2-core-imagery/geolocation_array/20250516_181930_35_4001_geolocation_array.tif,https://storage.googleapis.com/open-cogs/planet-stac/tanager1-release2-core-imagery/ortho_beta_udm/20250516_181930_35_4001_ortho_beta_udm.tif,,https://storage.googleapis.com/open-cogs/planet-stac/tanager1-release2-core-imagery/ortho_radiance_hdf5/20250516_181930_35_4001_ortho_radiance_hdf5.h5,https://storage.googleapis.com/open-cogs/planet-stac/tanager1-release2-core-imagery/ortho_sr_hdf5/20250516_181930_35_4001_ortho_sr_hdf5.h5,https://storage.googleapis.com/open-cogs/planet-stac/tanager1-release2-core-imagery/ortho_visual/20250516_181930_35_4001_ortho_visual.tif,,,https://storage.googleapis.com/open-cogs/planet-stac/tanager1-release2-core-imagery/thumbnail/20250516_181930_35_4001_thumb.png
agriculture,20250521_194038_10_4001,2025-05-21T19:40:38.105080Z,0,0,standard,standard_sensitivity,"Solano County, California, United States",71.5,162.4,283.6,17.7,34.47,"[-122.03417964537175, 38.050450193222844, -121.73305240739047, 38.27611005376413]",38.163280123493486,-121.8836160263811,https://storage.googleapis.com/open-cogs/planet-stac/tanager1-release2-core-imagery/basic_beta_udm/20250521_194038_10_4001_basic_beta_udm.tif,https://storage.googleapis.com/open-cogs/planet-stac/tanager1-release2-core-imagery/basic_radiance_hdf5/20250521_194038_10_4001_basic_radiance_hdf5.h5,https://storage.googleapis.com/open-cogs/planet-stac/tanager1-release2-core-imagery/basic_sr_hdf5/20250521_194038_10_4001_basic_sr_hdf5.h5,https://storage.googleapis.com/open-cogs/planet-stac/tanager1-release2-core-imagery/geolocation_array/20250521_194038_10_4001_geolocation_array.tif,https://storage.googleapis.com/open-cogs/planet-stac/tanager1-release2-core-imagery/ortho_beta_udm/20250521_194038_10_4001_ortho_beta_udm.tif,,https://storage.googleapis.com/open-cogs/planet-stac/tanager1-release2-core-imagery/ortho_radiance_hdf5/20250521_194038_10_4001_ortho_radiance_hdf5.h5,https://storage.googleapis.com/open-cogs/planet-stac/tanager1-release2-core-imagery/ortho_sr_hdf5/20250521_194038_10_4001_ortho_sr_hdf5.h5,https://storage.googleapis.com/open-cogs/planet-stac/tanager1-release2-core-imagery/ortho_visual/20250521_194038_10_4001_ortho_visual.tif,,,https://storage.googleapis.com/open-cogs/planet-stac/tanager1-release2-core-imagery/thumbnail/20250521_194038_10_4001_thumb.png
agriculture,20250606_085958_90_4001,2025-06-06T08:59:58.900000Z,0,0,standard,standard_sensitivity,"Раздольненское сельское поселение, Kushchovsky District, Krasnodar Krai, 352019, Russia",65.6,168.8,316.6,5.3,33.32,"[39.50305964366291, 46.62636473736233, 39.82573121592697, 46.8476742363746]",46.73701948686846,39.664395429794936,https://storage.googleapis.com/open-cogs/planet-stac/tanager1-release2-core-imagery/basic_beta_udm/20250606_085958_90_4001_basic_beta_udm.tif,https://storage.googleapis.com/open-cogs/planet-stac/tanager1-release2-core-imagery/basic_radiance_hdf5/20250606_085958_90_4001_basic_radiance_hdf5.h5,https://storage.googleapis.com/open-cogs/planet-stac/tanager1-release2-core-imagery/basic_sr_hdf5/20250606_085958_90_4001_basic_sr_hdf5.h5,https://storage.googleapis.com/open-cogs/planet-stac/tanager1-release2-core-imagery/geolocation_array/20250606_085958_90_4001_geolocation_array.tif,https://storage.googleapis.com/open-cogs/planet-stac/tanager1-release2-core-imagery/ortho_beta_udm/20250606_085958_90_4001_ortho_beta_udm.tif,,https://storage.googleapis.com/open-cogs/planet-stac/tanager1-release2-core-imagery/ortho_radiance_hdf5/20250606_085958_90_4001_ortho_radiance_hdf5.h5,https://storage.googleapis.com/open-cogs/planet-stac/tanager1-release2-core-imagery/ortho_sr_hdf5/20250606_085958_90_4001_ortho_sr_hdf5.h5,https://storage.googleapis.com/open-cogs/planet-stac/tanager1-release2-core-imagery/ortho_visual/20250606_085958_90_4001_ortho_visual.tif,,,https://storage.googleapis.com/open-cogs/planet-stac/tanager1-release2-core-imagery/thumbnail/20250606_085958_90_4001_thumb.png
agriculture,20250606_103541_58_4001,2025-06-06T10:35:41.582000Z,0,0,standard,standard_sensitivity,"Pianoneve, Buseto Palizzolo, Trapani, Sicily, 91012, Italy",73.2,153.4,87.5,6.0,33.0,"[12.542565509841118, 37.92609075376818, 12.809970734291424, 38.10746652975989]",38.016778641764034,12.676268122066272,https://storage.googleapis.com/open-cogs/planet-stac/tanager1-release2-core-imagery/basic_beta_udm/20250606_103541_58_4001_basic_beta_udm.tif,https://storage.googleapis.com/open-cogs/planet-stac/tanager1-release2-core-imagery/basic_radiance_hdf5/20250606_103541_58_4001_basic_radiance_hdf5.h5,https://storage.googleapis.com/open-cogs/planet-stac/tanager1-release2-core-imagery/basic_sr_hdf5/20250606_103541_58_4001_basic_sr_hdf5.h5,https://storage.googleapis.com/open-cogs/planet-stac/tanager1-release2-core-imagery/geolocation_array/20250606_103541_58_4001_geolocation_array.tif,https://storage.googleapis.com/open-cogs/planet-stac/tanager1-release2-core-imagery/ortho_beta_udm/20250606_103541_58_4001_ortho_beta_udm.tif,,https://storage.googleapis.com/open-cogs/planet-stac/tanager1-release2-core-imagery/ortho_radiance_hdf5/20250606_103541_58_4001_ortho_radiance_hdf5.h5,https://storage.googleapis.com/open-cogs/planet-stac/tanager1-release2-core-imagery/ortho_sr_hdf5/20250606_103541_58_4001_ortho_sr_hdf5.h5,https://storage.googleapis.com/open-cogs/planet-stac/tanager1-release2-core-imagery/ortho_visual/20250606_103541_58_4001_ortho_visual.tif,,,https://storage.googleapis.com/open-cogs/planet-stac/tanager1-release2-core-imagery/thumbnail/20250606_103541_58_4001_thumb.png
agriculture,20250608_091605_90_4001,2025-06-08T09:16:05.903891Z,2,0,standard,standard_sensitivity,"Çumra, Konya, Central Anatolia Region, 42500, Turkey",73.7,152.2,113.0,5.8,32.72,"[32.44227196464563, 37.51375341016496, 32.70580618046614, 37.69491765950834]",37.60433553483665,32.574039072555884,https://storage.googleapis.com/open-cogs/planet-stac/tanager1-release2-core-imagery/basic_beta_udm/20250608_091605_90_4001_basic_beta_udm.tif,https://storage.googleapis.com/open-cogs/planet-stac/tanager1-release2-core-imagery/basic_radiance_hdf5/20250608_091605_90_4001_basic_radiance_hdf5.h5,https://storage.googleapis.com/open-cogs/planet-stac/tanager1-release2-core-imagery/basic_sr_hdf5/20250608_091605_90_4001_basic_sr_hdf5.h5,https://storage.googleapis.com/open-cogs/planet-stac/tanager1-release2-core-imagery/geolocation_array/20250608_091605_90_4001_geolocation_array.tif,https://storage.googleapis.com/open-cogs/planet-stac/tanager1-release2-core-imagery/ortho_beta_udm/20250608_091605_90_4001_ortho_beta_udm.tif,,https://storage.googleapis.com/open-cogs/planet-stac/tanager1-release2-core-imagery/ortho_radiance_hdf5/20250608_091605_90_4001_ortho_radiance_hdf5.h5,https://storage.googleapis.com/open-cogs/planet-stac/tanager1-release2-core-imagery/ortho_sr_hdf5/20250608_091605_90_4001_ortho_sr_hdf5.h5,https://storage.googleapis.com/open-cogs/planet-stac/tanager1-release2-core-imagery/ortho_visual/20250608_091605_90_4001_ortho_visual.tif,,,https://storage.googleapis.com/open-cogs/planet-stac/tanager1-release2-core-imagery/thumbnail/20250608_091605_90_4001_thumb.png
agriculture,20250331_113403_16_4001,2025-03-31T11:34:03.165094Z,0,0,standard,standard_sensitivity,"La Puebla de los Infantes, Sevilla, Andalusia, Spain",54.5,157.4,99.7,19.5,34.8,"[-5.55529655989628, 37.70232599681291, -5.26039819150465, 37.88713585470073]",37.794730925756824,-5.407847375700465,https://storage.googleapis.com/open-cogs/planet-stac/tanager1-release2-core-imagery/basic_beta_udm/20250331_113403_16_4001_basic_beta_udm.tif,https://storage.googleapis.com/open-cogs/planet-stac/tanager1-release2-core-imagery/basic_radiance_hdf5/20250331_113403_16_4001_basic_radiance_hdf5.h5,https://storage.googleapis.com/open-cogs/planet-stac/tanager1-release2-core-imagery/basic_sr_hdf5/20250331_113403_16_4001_basic_sr_hdf5.h5,https://storage.googleapis.com/open-cogs/planet-stac/tanager1-release2-core-imagery/geolocation_array/20250331_113403_16_4001_geolocation_array.tif,https://storage.googleapis.com/open-cogs/planet-stac/tanager1-release2-core-imagery/ortho_beta_udm/20250331_113403_16_4001_ortho_beta_udm.tif,,https://storage.googleapis.com/open-cogs/planet-stac/tanager1-release2-core-imagery/ortho_radiance_hdf5/20250331_113403_16_4001_ortho_radiance_hdf5.h5,https://storage.googleapis.com/open-cogs/planet-stac/tanager1-release2-core-imagery/ortho_sr_hdf5/20250331_113403_16_4001_ortho_sr_hdf5.h5,https://storage.googleapis.com/open-cogs/planet-stac/tanager1-release2-core-imagery/ortho_visual/20250331_113403_16_4001_ortho_visual.tif,,,https://storage.googleapis.com/open-cogs/planet-stac/tanager1-release2-core-imagery/thumbnail/20250331_113403_16_4001_thumb.png
agriculture,20250412_111800_00_4001,2025-04-12T11:18:00Z,0,0,standard,standard_sensitivity,"East, Groningen, Netherlands",45.5,174.3,291.4,13.1,34.49,"[6.41786233591305, 53.13448000525837, 6.79440447154125, 53.32534623833208]",53.22991312179522,6.606133403727149,https://storage.googleapis.com/open-cogs/planet-stac/tanager1-release2-core-imagery/basic_beta_udm/20250412_111800_00_4001_basic_beta_udm.tif,https://storage.googleapis.com/open-cogs/planet-stac/tanager1-release2-core-imagery/basic_radiance_hdf5/20250412_111800_00_4001_basic_radiance_hdf5.h5,https://storage.googleapis.com/open-cogs/planet-stac/tanager1-release2-core-imagery/basic_sr_hdf5/20250412_111800_00_4001_basic_sr_hdf5.h5,https://storage.googleapis.com/open-cogs/planet-stac/tanager1-release2-core-imagery/geolocation_array/20250412_111800_00_4001_geolocation_array.tif,https://storage.googleapis.com/open-cogs/planet-stac/tanager1-release2-core-imagery/ortho_beta_udm/20250412_111800_00_4001_ortho_beta_udm.tif,,https://storage.googleapis.com/open-cogs/planet-stac/tanager1-release2-core-imagery/ortho_radiance_hdf5/20250412_111800_00_4001_ortho_radiance_hdf5.h5,https://storage.googleapis.com/open-cogs/planet-stac/tanager1-release2-core-imagery/ortho_sr_hdf5/20250412_111800_00_4001_ortho_sr_hdf5.h5,https://storage.googleapis.com/open-cogs/planet-stac/tanager1-release2-core-imagery/ortho_visual/20250412_111800_00_4001_ortho_visual.tif,,,https://storage.googleapis.com/open-cogs/planet-stac/tanager1-release2-core-imagery/thumbnail/20250412_111800_00_4001_thumb.png
agriculture,20250412_111804_16_4001,2025-04-12T11:18:04.165094Z,0,0,standard,standard_sensitivity,"Donderen, Tynaarlo, Drenthe, Netherlands",45.7,174.2,283.7,13.1,34.17,"[6.357320312980707, 52.994861093783186, 6.732547053634636, 53.184024256854464]",53.08944267531882,6.544933683307671,https://storage.googleapis.com/open-cogs/planet-stac/tanager1-release2-core-imagery/basic_beta_udm/20250412_111804_16_4001_basic_beta_udm.tif,https://storage.googleapis.com/open-cogs/planet-stac/tanager1-release2-core-imagery/basic_radiance_hdf5/20250412_111804_16_4001_basic_radiance_hdf5.h5,https://storage.googleapis.com/open-cogs/planet-stac/tanager1-release2-core-imagery/basic_sr_hdf5/20250412_111804_16_4001_basic_sr_hdf5.h5,https://storage.googleapis.com/open-cogs/planet-stac/tanager1-release2-core-imagery/geolocation_array/20250412_111804_16_4001_geolocation_array.tif,https://storage.googleapis.com/open-cogs/planet-stac/tanager1-release2-core-imagery/ortho_beta_udm/20250412_111804_16_4001_ortho_beta_udm.tif,,https://storage.googleapis.com/open-cogs/planet-stac/tanager1-release2-core-imagery/ortho_radiance_hdf5/20250412_111804_16_4001_ortho_radiance_hdf5.h5,https://storage.googleapis.com/open-cogs/planet-stac/tanager1-release2-core-imagery/ortho_sr_hdf5/20250412_111804_16_4001_ortho_sr_hdf5.h5,https://storage.googleapis.com/open-cogs/planet-stac/tanager1-release2-core-imagery/ortho_visual/20250412_111804_16_4001_ortho_visual.tif,,,https://storage.googleapis.com/open-cogs/planet-stac/tanager1-release2-core-imagery/thumbnail/20250412_111804_16_4001_thumb.png
agriculture,20250412_111808_32_4001,2025-04-12T11:18:08.321891Z,0,0,standard,standard_sensitivity,"Smilde, Midden-Drenthe, Drenthe, Netherlands",45.8,174.1,276.1,13.2,34.5,"[6.297361525858228, 52.855271391325324, 6.671826891672239, 53.04277667077608]",52.9490240310507,6.484594208765234,https://storage.googleapis.com/open-cogs/planet-stac/tanager1-release2-core-imagery/basic_beta_udm/20250412_111808_32_4001_basic_beta_udm.tif,https://storage.googleapis.com/open-cogs/planet-stac/tanager1-release2-core-imagery/basic_radiance_hdf5/20250412_111808_32_4001_basic_radiance_hdf5.h5,https://storage.googleapis.com/open-cogs/planet-stac/tanager1-release2-core-imagery/basic_sr_hdf5/20250412_111808_32_4001_basic_sr_hdf5.h5,https://storage.googleapis.com/open-cogs/planet-stac/tanager1-release2-core-imagery/geolocation_array/20250412_111808_32_4001_geolocation_array.tif,https://storage.googleapis.com/open-cogs/planet-stac/tanager1-release2-core-imagery/ortho_beta_udm/20250412_111808_32_4001_ortho_beta_udm.tif,,https://storage.googleapis.com/open-cogs/planet-stac/tanager1-release2-core-imagery/ortho_radiance_hdf5/20250412_111808_32_4001_ortho_radiance_hdf5.h5,https://storage.googleapis.com/open-cogs/planet-stac/tanager1-release2-core-imagery/ortho_sr_hdf5/20250412_111808_32_4001_ortho_sr_hdf5.h5,https://storage.googleapis.com/open-cogs/planet-stac/tanager1-release2-core-imagery/ortho_visual/20250412_111808_32_4001_ortho_visual.tif,,,https://storage.googleapis.com/open-cogs/planet-stac/tanager1-release2-core-imagery/thumbnail/20250412_111808_32_4001_thumb.png
agriculture,20250914_171551_87_4001,2025-09-14T17:15:51.886317Z,1,0,standard,maximum_sensitivity,"South Rockwood, Monroe County, Michigan, United States",51.0,175.1,164.2,9.3,33.71,"[-83.40243323393392, 41.92722232885645, -83.0899726338002, 42.187816085646844]",42.057519207251644,-83.24620293386707,https://storage.googleapis.com/open-cogs/planet-stac/tanager1-release2-core-imagery/basic_beta_udm/20250914_171551_87_4001_basic_beta_udm.tif,https://storage.googleapis.com/open-cogs/planet-stac/tanager1-release2-core-imagery/basic_radiance_hdf5/20250914_171551_87_4001_basic_radiance_hdf5.h5,https://storage.googleapis.com/open-cogs/planet-stac/tanager1-release2-core-imagery/basic_sr_hdf5/20250914_171551_87_4001_basic_sr_hdf5.h5,https://storage.googleapis.com/open-cogs/planet-stac/tanager1-release2-core-imagery/geolocation_array/20250914_171551_87_4001_geolocation_array.tif,https://storage.googleapis.com/open-cogs/planet-stac/tanager1-release2-core-imagery/ortho_beta_udm/20250914_171551_87_4001_ortho_beta_udm.tif,,https://storage.googleapis.com/open-cogs/planet-stac/tanager1-release2-core-imagery/ortho_radiance_hdf5/20250914_171551_87_4001_ortho_radiance_hdf5.h5,https://storage.googleapis.com/open-cogs/planet-stac/tanager1-release2-core-imagery/ortho_sr_hdf5/20250914_171551_87_4001_ortho_sr_hdf5.h5,https://storage.googleapis.com/open-cogs/planet-stac/tanager1-release2-core-imagery/ortho_visual/20250914_171551_87_4001_ortho_visual.tif,,,https://storage.googleapis.com/open-cogs/planet-stac/tanager1-release2-core-imagery/thumbnail/20250914_171551_87_4001_thumb.png
agriculture,20250929_085917_91_4001,2025-09-29T08:59:17.911094Z,0,0,standard,standard_sensitivity,"Horo Guduru, Oromia Region, Ethiopia",76.0,156.0,284.8,9.5,34.64,"[36.978000690358044, 10.129310638827087, 37.19150188368721, 10.313251923758308]",10.221281281292697,37.08475128702263,https://storage.googleapis.com/open-cogs/planet-stac/tanager1-release2-core-imagery/basic_beta_udm/20250929_085917_91_4001_basic_beta_udm.tif,https://storage.googleapis.com/open-cogs/planet-stac/tanager1-release2-core-imagery/basic_radiance_hdf5/20250929_085917_91_4001_basic_radiance_hdf5.h5,https://storage.googleapis.com/open-cogs/planet-stac/tanager1-release2-core-imagery/basic_sr_hdf5/20250929_085917_91_4001_basic_sr_hdf5.h5,https://storage.googleapis.com/open-cogs/planet-stac/tanager1-release2-core-imagery/geolocation_array/20250929_085917_91_4001_geolocation_array.tif,https://storage.googleapis.com/open-cogs/planet-stac/tanager1-release2-core-imagery/ortho_beta_udm/20250929_085917_91_4001_ortho_beta_udm.tif,,https://storage.googleapis.com/open-cogs/planet-stac/tanager1-release2-core-imagery/ortho_radiance_hdf5/20250929_085917_91_4001_ortho_radiance_hdf5.h5,https://storage.googleapis.com/open-cogs/planet-stac/tanager1-release2-core-imagery/ortho_sr_hdf5/20250929_085917_91_4001_ortho_sr_hdf5.h5,https://storage.googleapis.com/open-cogs/planet-stac/tanager1-release2-core-imagery/ortho_visual/20250929_085917_91_4001_ortho_visual.tif,,,https://storage.googleapis.com/open-cogs/planet-stac/tanager1-release2-core-imagery/thumbnail/20250929_085917_91_4001_thumb.png
agriculture,20250929_085922_06_4001,2025-09-29T08:59:22.067891Z,1,0,standard,standard_sensitivity,"Horo Guduru, Oromia Region, Ethiopia",76.2,155.7,274.1,9.5,33.49,"[36.94721761065949, 9.983507013648, 37.16187942272023, 10.165802573205477]",10.074654793426738,37.05454851668986,https://storage.googleapis.com/open-cogs/planet-stac/tanager1-release2-core-imagery/basic_beta_udm/20250929_085922_06_4001_basic_beta_udm.tif,https://storage.googleapis.com/open-cogs/planet-stac/tanager1-release2-core-imagery/basic_radiance_hdf5/20250929_085922_06_4001_basic_radiance_hdf5.h5,https://storage.googleapis.com/open-cogs/planet-stac/tanager1-release2-core-imagery/basic_sr_hdf5/20250929_085922_06_4001_basic_sr_hdf5.h5,https://storage.googleapis.com/open-cogs/planet-stac/tanager1-release2-core-imagery/geolocation_array/20250929_085922_06_4001_geolocation_array.tif,https://storage.googleapis.com/open-cogs/planet-stac/tanager1-release2-core-imagery/ortho_beta_udm/20250929_085922_06_4001_ortho_beta_udm.tif,,https://storage.googleapis.com/open-cogs/planet-stac/tanager1-release2-core-imagery/ortho_radiance_hdf5/20250929_085922_06_4001_ortho_radiance_hdf5.h5,https://storage.googleapis.com/open-cogs/planet-stac/tanager1-release2-core-imagery/ortho_sr_hdf5/20250929_085922_06_4001_ortho_sr_hdf5.h5,https://storage.googleapis.com/open-cogs/planet-stac/tanager1-release2-core-imagery/ortho_visual/20250929_085922_06_4001_ortho_visual.tif,,,https://storage.googleapis.com/open-cogs/planet-stac/tanager1-release2-core-imagery/thumbnail/20250929_085922_06_4001_thumb.png
agriculture,20250827_091448_68_4001,2025-08-27T09:14:48.684999Z,0,0,standard,standard_sensitivity,"Kafue District, Lusaka Province, Zambia",61.1,28.9,62.3,3.4,32.8,"[27.829793458188515, -15.679111293427106, 28.04283648822219, -15.499360407073477]",-15.58923585025029,27.936314973205352,https://storage.googleapis.com/open-cogs/planet-stac/tanager1-release2-core-imagery/basic_beta_udm/20250827_091448_68_4001_basic_beta_udm.tif,https://storage.googleapis.com/open-cogs/planet-stac/tanager1-release2-core-imagery/basic_radiance_hdf5/20250827_091448_68_4001_basic_radiance_hdf5.h5,https://storage.googleapis.com/open-cogs/planet-stac/tanager1-release2-core-imagery/basic_sr_hdf5/20250827_091448_68_4001_basic_sr_hdf5.h5,https://storage.googleapis.com/open-cogs/planet-stac/tanager1-release2-core-imagery/geolocation_array/20250827_091448_68_4001_geolocation_array.tif,https://storage.googleapis.com/open-cogs/planet-stac/tanager1-release2-core-imagery/ortho_beta_udm/20250827_091448_68_4001_ortho_beta_udm.tif,,https://storage.googleapis.com/open-cogs/planet-stac/tanager1-release2-core-imagery/ortho_radiance_hdf5/20250827_091448_68_4001_ortho_radiance_hdf5.h5,https://storage.googleapis.com/open-cogs/planet-stac/tanager1-release2-core-imagery/ortho_sr_hdf5/20250827_091448_68_4001_ortho_sr_hdf5.h5,https://storage.googleapis.com/open-cogs/planet-stac/tanager1-release2-core-imagery/ortho_visual/20250827_091448_68_4001_ortho_visual.tif,,,https://storage.googleapis.com/open-cogs/planet-stac/tanager1-release2-core-imagery/thumbnail/20250827_091448_68_4001_thumb.png
agriculture,20250827_091457_00_4001,2025-08-27T09:14:57.006890Z,0,0,standard,standard_sensitivity,"Lubombo, Mazabuka District, Southern Province, Zambia",60.9,28.7,130.6,3.0,32.89,"[27.770290089170402, -15.970468967102358, 27.98352877585958, -15.789335072339563]",-15.87990201972096,27.876909432514992,https://storage.googleapis.com/open-cogs/planet-stac/tanager1-release2-core-imagery/basic_beta_udm/20250827_091457_00_4001_basic_beta_udm.tif,https://storage.googleapis.com/open-cogs/planet-stac/tanager1-release2-core-imagery/basic_radiance_hdf5/20250827_091457_00_4001_basic_radiance_hdf5.h5,https://storage.googleapis.com/open-cogs/planet-stac/tanager1-release2-core-imagery/basic_sr_hdf5/20250827_091457_00_4001_basic_sr_hdf5.h5,https://storage.googleapis.com/open-cogs/planet-stac/tanager1-release2-core-imagery/geolocation_array/20250827_091457_00_4001_geolocation_array.tif,https://storage.googleapis.com/open-cogs/planet-stac/tanager1-release2-core-imagery/ortho_beta_udm/20250827_091457_00_4001_ortho_beta_udm.tif,,https://storage.googleapis.com/open-cogs/planet-stac/tanager1-release2-core-imagery/ortho_radiance_hdf5/20250827_091457_00_4001_ortho_radiance_hdf5.h5,https://storage.googleapis.com/open-cogs/planet-stac/tanager1-release2-core-imagery/ortho_sr_hdf5/20250827_091457_00_4001_ortho_sr_hdf5.h5,https://storage.googleapis.com/open-cogs/planet-stac/tanager1-release2-core-imagery/ortho_visual/20250827_091457_00_4001_ortho_visual.tif,,,https://storage.googleapis.com/open-cogs/planet-stac/tanager1-release2-core-imagery/thumbnail/20250827_091457_00_4001_thumb.png
agriculture,20250918_112737_91_4001,2025-09-18T11:27:37.916591Z,0,0,standard,standard_sensitivity,"Rezonville, Rezonville-Vionville, Metz, Moselle, Grand Est, Metropolitan France, 57130, France",42.6,179.2,130.7,2.5,33.67,"[5.8266066171361794, 48.973921494025674, 6.178159783292147, 49.23180239005103]",49.10286194203835,6.0023832002141635,https://storage.googleapis.com/open-cogs/planet-stac/tanager1-release2-core-imagery/basic_beta_udm/20250918_112737_91_4001_basic_beta_udm.tif,https://storage.googleapis.com/open-cogs/planet-stac/tanager1-release2-core-imagery/basic_radiance_hdf5/20250918_112737_91_4001_basic_radiance_hdf5.h5,https://storage.googleapis.com/open-cogs/planet-stac/tanager1-release2-core-imagery/basic_sr_hdf5/20250918_112737_91_4001_basic_sr_hdf5.h5,https://storage.googleapis.com/open-cogs/planet-stac/tanager1-release2-core-imagery/geolocation_array/20250918_112737_91_4001_geolocation_array.tif,https://storage.googleapis.com/open-cogs/planet-stac/tanager1-release2-core-imagery/ortho_beta_udm/20250918_112737_91_4001_ortho_beta_udm.tif,,https://storage.googleapis.com/open-cogs/planet-stac/tanager1-release2-core-imagery/ortho_radiance_hdf5/20250918_112737_91_4001_ortho_radiance_hdf5.h5,https://storage.googleapis.com/open-cogs/planet-stac/tanager1-release2-core-imagery/ortho_sr_hdf5/20250918_112737_91_4001_ortho_sr_hdf5.h5,https://storage.googleapis.com/open-cogs/planet-stac/tanager1-release2-core-imagery/ortho_visual/20250918_112737_91_4001_ortho_visual.tif,,,https://storage.googleapis.com/open-cogs/planet-stac/tanager1-release2-core-imagery/thumbnail/20250918_112737_91_4001_thumb.png
agriculture,20250812_110905_82_4001,2025-08-12T11:09:05.824999Z,0,0,standard,standard_sensitivity,"Kleingartach, Eppingen, Verwaltungsgemeinschaft Eppingen, Landkreis Heilbronn, Baden-Württemberg, Germany",55.5,171.5,90.2,6.9,33.82,"[8.821414647094775, 48.965061119271844, 9.176234472487836, 49.22405691792841]",49.09455901860012,8.998824559791306,https://storage.googleapis.com/open-cogs/planet-stac/tanager1-release2-core-imagery/basic_beta_udm/20250812_110905_82_4001_basic_beta_udm.tif,https://storage.googleapis.com/open-cogs/planet-stac/tanager1-release2-core-imagery/basic_radiance_hdf5/20250812_110905_82_4001_basic_radiance_hdf5.h5,https://storage.googleapis.com/open-cogs/planet-stac/tanager1-release2-core-imagery/basic_sr_hdf5/20250812_110905_82_4001_basic_sr_hdf5.h5,https://storage.googleapis.com/open-cogs/planet-stac/tanager1-release2-core-imagery/geolocation_array/20250812_110905_82_4001_geolocation_array.tif,https://storage.googleapis.com/open-cogs/planet-stac/tanager1-release2-core-imagery/ortho_beta_udm/20250812_110905_82_4001_ortho_beta_udm.tif,,https://storage.googleapis.com/open-cogs/planet-stac/tanager1-release2-core-imagery/ortho_radiance_hdf5/20250812_110905_82_4001_ortho_radiance_hdf5.h5,https://storage.googleapis.com/open-cogs/planet-stac/tanager1-release2-core-imagery/ortho_sr_hdf5/20250812_110905_82_4001_ortho_sr_hdf5.h5,https://storage.googleapis.com/open-cogs/planet-stac/tanager1-release2-core-imagery/ortho_visual/20250812_110905_82_4001_ortho_visual.tif,,,https://storage.googleapis.com/open-cogs/planet-stac/tanager1-release2-core-imagery/thumbnail/20250812_110905_82_4001_thumb.png
agriculture,20250729_185845_51_4001,2025-07-29T18:58:45.514605Z,8,0,standard,standard_sensitivity,"Heroica Caborca, Caborca, Sonora, 83600, Mexico",75.4,143.4,251.2,1.0,32.92,"[-112.35152610061388, 30.510458180476334, -112.10467219405524, 30.720423793326443]",30.61544098690139,-112.22809914733456,https://storage.googleapis.com/open-cogs/planet-stac/tanager1-release2-core-imagery/basic_beta_udm/20250729_185845_51_4001_basic_beta_udm.tif,https://storage.googleapis.com/open-cogs/planet-stac/tanager1-release2-core-imagery/basic_radiance_hdf5/20250729_185845_51_4001_basic_radiance_hdf5.h5,https://storage.googleapis.com/open-cogs/planet-stac/tanager1-release2-core-imagery/basic_sr_hdf5/20250729_185845_51_4001_basic_sr_hdf5.h5,https://storage.googleapis.com/open-cogs/planet-stac/tanager1-release2-core-imagery/geolocation_array/20250729_185845_51_4001_geolocation_array.tif,https://storage.googleapis.com/open-cogs/planet-stac/tanager1-release2-core-imagery/ortho_beta_udm/20250729_185845_51_4001_ortho_beta_udm.tif,,https://storage.googleapis.com/open-cogs/planet-stac/tanager1-release2-core-imagery/ortho_radiance_hdf5/20250729_185845_51_4001_ortho_radiance_hdf5.h5,https://storage.googleapis.com/open-cogs/planet-stac/tanager1-release2-core-imagery/ortho_sr_hdf5/20250729_185845_51_4001_ortho_sr_hdf5.h5,https://storage.googleapis.com/open-cogs/planet-stac/tanager1-release2-core-imagery/ortho_visual/20250729_185845_51_4001_ortho_visual.tif,,,https://storage.googleapis.com/open-cogs/planet-stac/tanager1-release2-core-imagery/thumbnail/20250729_185845_51_4001_thumb.png
agriculture,20250729_185850_46_4001,2025-07-29T18:58:50.467914Z,2,0,standard,standard_sensitivity,"Caborca, Sonora, Mexico",75.5,142.9,209.9,2.8,33.02,"[-112.39323116227324, 30.33601237070398, -112.14660776322879, 30.54683588720036]",30.44142412895217,-112.269919462751,https://storage.googleapis.com/open-cogs/planet-stac/tanager1-release2-core-imagery/basic_beta_udm/20250729_185850_46_4001_basic_beta_udm.tif,https://storage.googleapis.com/open-cogs/planet-stac/tanager1-release2-core-imagery/basic_radiance_hdf5/20250729_185850_46_4001_basic_radiance_hdf5.h5,https://storage.googleapis.com/open-cogs/planet-stac/tanager1-release2-core-imagery/basic_sr_hdf5/20250729_185850_46_4001_basic_sr_hdf5.h5,https://storage.googleapis.com/open-cogs/planet-stac/tanager1-release2-core-imagery/geolocation_array/20250729_185850_46_4001_geolocation_array.tif,https://storage.googleapis.com/open-cogs/planet-stac/tanager1-release2-core-imagery/ortho_beta_udm/20250729_185850_46_4001_ortho_beta_udm.tif,,https://storage.googleapis.com/open-cogs/planet-stac/tanager1-release2-core-imagery/ortho_radiance_hdf5/20250729_185850_46_4001_ortho_radiance_hdf5.h5,https://storage.googleapis.com/open-cogs/planet-stac/tanager1-release2-core-imagery/ortho_sr_hdf5/20250729_185850_46_4001_ortho_sr_hdf5.h5,https://storage.googleapis.com/open-cogs/planet-stac/tanager1-release2-core-imagery/ortho_visual/20250729_185850_46_4001_ortho_visual.tif,,,https://storage.googleapis.com/open-cogs/planet-stac/tanager1-release2-core-imagery/thumbnail/20250729_185850_46_4001_thumb.png
agriculture,20250223_165538_00_4001,2025-02-23T16:55:38Z,0,0,standard,standard_sensitivity,"Jucuapa, Usulután, El Salvador",61.0,141.7,282.3,10.7,32.91,"[-88.50779321835216, 13.42440065954396, -88.29021297687412, 13.60368285515338]",13.51404175734867,-88.39900309761313,https://storage.googleapis.com/open-cogs/planet-stac/tanager1-release2-core-imagery/basic_beta_udm/20250223_165538_00_4001_basic_beta_udm.tif,https://storage.googleapis.com/open-cogs/planet-stac/tanager1-release2-core-imagery/basic_radiance_hdf5/20250223_165538_00_4001_basic_radiance_hdf5.h5,https://storage.googleapis.com/open-cogs/planet-stac/tanager1-release2-core-imagery/basic_sr_hdf5/20250223_165538_00_4001_basic_sr_hdf5.h5,https://storage.googleapis.com/open-cogs/planet-stac/tanager1-release2-core-imagery/geolocation_array/20250223_165538_00_4001_geolocation_array.tif,https://storage.googleapis.com/open-cogs/planet-stac/tanager1-release2-core-imagery/ortho_beta_udm/20250223_165538_00_4001_ortho_beta_udm.tif,,https://storage.googleapis.com/open-cogs/planet-stac/tanager1-release2-core-imagery/ortho_radiance_hdf5/20250223_165538_00_4001_ortho_radiance_hdf5.h5,https://storage.googleapis.com/open-cogs/planet-stac/tanager1-release2-core-imagery/ortho_sr_hdf5/20250223_165538_00_4001_ortho_sr_hdf5.h5,https://storage.googleapis.com/open-cogs/planet-stac/tanager1-release2-core-imagery/ortho_visual/20250223_165538_00_4001_ortho_visual.tif,,,https://storage.googleapis.com/open-cogs/planet-stac/tanager1-release2-core-imagery/thumbnail/20250223_165538_00_4001_thumb.png
agriculture,20250223_165542_16_4001,2025-02-23T16:55:42.165094Z,0,0,standard,standard_sensitivity,"Colonia Usuluteca, Usulután, 3401, El Salvador",61.1,141.5,272.6,10.8,34.38,"[-88.53558942589413, 13.281823945511158, -88.31985918967453, 13.459855747549268]",13.370839846530213,-88.42772430778433,https://storage.googleapis.com/open-cogs/planet-stac/tanager1-release2-core-imagery/basic_beta_udm/20250223_165542_16_4001_basic_beta_udm.tif,https://storage.googleapis.com/open-cogs/planet-stac/tanager1-release2-core-imagery/basic_radiance_hdf5/20250223_165542_16_4001_basic_radiance_hdf5.h5,https://storage.googleapis.com/open-cogs/planet-stac/tanager1-release2-core-imagery/basic_sr_hdf5/20250223_165542_16_4001_basic_sr_hdf5.h5,https://storage.googleapis.com/open-cogs/planet-stac/tanager1-release2-core-imagery/geolocation_array/20250223_165542_16_4001_geolocation_array.tif,https://storage.googleapis.com/open-cogs/planet-stac/tanager1-release2-core-imagery/ortho_beta_udm/20250223_165542_16_4001_ortho_beta_udm.tif,,https://storage.googleapis.com/open-cogs/planet-stac/tanager1-release2-core-imagery/ortho_radiance_hdf5/20250223_165542_16_4001_ortho_radiance_hdf5.h5,https://storage.googleapis.com/open-cogs/planet-stac/tanager1-release2-core-imagery/ortho_sr_hdf5/20250223_165542_16_4001_ortho_sr_hdf5.h5,https://storage.googleapis.com/open-cogs/planet-stac/tanager1-release2-core-imagery/ortho_visual/20250223_165542_16_4001_ortho_visual.tif,,,https://storage.googleapis.com/open-cogs/planet-stac/tanager1-release2-core-imagery/thumbnail/20250223_165542_16_4001_thumb.png
agriculture,20250916_144254_01_4001,2025-09-16T14:42:54.013127Z,0,0,standard,standard_sensitivity,"Virrey Del Pino, Partido de La Matanza, Buenos Aires, Argentina",49.6,26.2,104.2,25.3,39.6,"[-58.859267244142785, -34.97993090173719, -58.54432173629534, -34.763515172056046]",-34.87172303689662,-58.70179449021906,https://storage.googleapis.com/open-cogs/planet-stac/tanager1-release2-core-imagery/basic_beta_udm/20250916_144254_01_4001_basic_beta_udm.tif,https://storage.googleapis.com/open-cogs/planet-stac/tanager1-release2-core-imagery/basic_radiance_hdf5/20250916_144254_01_4001_basic_radiance_hdf5.h5,https://storage.googleapis.com/open-cogs/planet-stac/tanager1-release2-core-imagery/basic_sr_hdf5/20250916_144254_01_4001_basic_sr_hdf5.h5,https://storage.googleapis.com/open-cogs/planet-stac/tanager1-release2-core-imagery/geolocation_array/20250916_144254_01_4001_geolocation_array.tif,https://storage.googleapis.com/open-cogs/planet-stac/tanager1-release2-core-imagery/ortho_beta_udm/20250916_144254_01_4001_ortho_beta_udm.tif,,https://storage.googleapis.com/open-cogs/planet-stac/tanager1-release2-core-imagery/ortho_radiance_hdf5/20250916_144254_01_4001_ortho_radiance_hdf5.h5,https://storage.googleapis.com/open-cogs/planet-stac/tanager1-release2-core-imagery/ortho_sr_hdf5/20250916_144254_01_4001_ortho_sr_hdf5.h5,https://storage.googleapis.com/open-cogs/planet-stac/tanager1-release2-core-imagery/ortho_visual/20250916_144254_01_4001_ortho_visual.tif,,,https://storage.googleapis.com/open-cogs/planet-stac/tanager1-release2-core-imagery/thumbnail/20250916_144254_01_4001_thumb.png
agriculture,20250407_035509_25_4001,2025-04-07T03:55:09.265846Z,1,8,standard,maximum_sensitivity,"Xã Bình Hưng, Ho Chi Minh City, Vietnam",74.7,103.0,77.6,4.3,33.22,"[106.56597038950946, 10.586277284470714, 106.77946758310465, 10.77718728721292]",10.681732285841818,106.67271898630705,https://storage.googleapis.com/open-cogs/planet-stac/tanager1-release2-core-imagery/basic_beta_udm/20250407_035509_25_4001_basic_beta_udm.tif,https://storage.googleapis.com/open-cogs/planet-stac/tanager1-release2-core-imagery/basic_radiance_hdf5/20250407_035509_25_4001_basic_radiance_hdf5.h5,https://storage.googleapis.com/open-cogs/planet-stac/tanager1-release2-core-imagery/basic_sr_hdf5/20250407_035509_25_4001_basic_sr_hdf5.h5,https://storage.googleapis.com/open-cogs/planet-stac/tanager1-release2-core-imagery/geolocation_array/20250407_035509_25_4001_geolocation_array.tif,https://storage.googleapis.com/open-cogs/planet-stac/tanager1-release2-core-imagery/ortho_beta_udm/20250407_035509_25_4001_ortho_beta_udm.tif,,https://storage.googleapis.com/open-cogs/planet-stac/tanager1-release2-core-imagery/ortho_radiance_hdf5/20250407_035509_25_4001_ortho_radiance_hdf5.h5,https://storage.googleapis.com/open-cogs/planet-stac/tanager1-release2-core-imagery/ortho_sr_hdf5/20250407_035509_25_4001_ortho_sr_hdf5.h5,https://storage.googleapis.com/open-cogs/planet-stac/tanager1-release2-core-imagery/ortho_visual/20250407_035509_25_4001_ortho_visual.tif,,,https://storage.googleapis.com/open-cogs/planet-stac/tanager1-release2-core-imagery/thumbnail/20250407_035509_25_4001_thumb.png
agriculture,20250407_035527_47_4001,2025-04-07T03:55:27.486058Z,0,1,standard,maximum_sensitivity,"Tân Lân, Xã Tân Lân, Tây Ninh Province, Vietnam",74.8,102.5,174.7,13.5,31.82,"[106.53005721289843, 10.426990452983638, 106.74715978426075, 10.622452514498487]",10.524721483741063,106.63860849857959,https://storage.googleapis.com/open-cogs/planet-stac/tanager1-release2-core-imagery/basic_beta_udm/20250407_035527_47_4001_basic_beta_udm.tif,https://storage.googleapis.com/open-cogs/planet-stac/tanager1-release2-core-imagery/basic_radiance_hdf5/20250407_035527_47_4001_basic_radiance_hdf5.h5,https://storage.googleapis.com/open-cogs/planet-stac/tanager1-release2-core-imagery/basic_sr_hdf5/20250407_035527_47_4001_basic_sr_hdf5.h5,https://storage.googleapis.com/open-cogs/planet-stac/tanager1-release2-core-imagery/geolocation_array/20250407_035527_47_4001_geolocation_array.tif,https://storage.googleapis.com/open-cogs/planet-stac/tanager1-release2-core-imagery/ortho_beta_udm/20250407_035527_47_4001_ortho_beta_udm.tif,,https://storage.googleapis.com/open-cogs/planet-stac/tanager1-release2-core-imagery/ortho_radiance_hdf5/20250407_035527_47_4001_ortho_radiance_hdf5.h5,https://storage.googleapis.com/open-cogs/planet-stac/tanager1-release2-core-imagery/ortho_sr_hdf5/20250407_035527_47_4001_ortho_sr_hdf5.h5,https://storage.googleapis.com/open-cogs/planet-stac/tanager1-release2-core-imagery/ortho_visual/20250407_035527_47_4001_ortho_visual.tif,,,https://storage.googleapis.com/open-cogs/planet-stac/tanager1-release2-core-imagery/thumbnail/20250407_035527_47_4001_thumb.png
agriculture,20250506_044922_74_4001,2025-05-06T04:49:22.740678Z,0,0,standard,standard_sensitivity,"Yae Lel Thit, Kamma Township, Thayet District, Magway, Myanmar",78.6,101.0,18.7,27.2,33.97,"[95.00698753378737, 19.028278321692287, 95.25692603811174, 19.22886492708767]",19.128571624389977,95.13195678594955,https://storage.googleapis.com/open-cogs/planet-stac/tanager1-release2-core-imagery/basic_beta_udm/20250506_044922_74_4001_basic_beta_udm.tif,https://storage.googleapis.com/open-cogs/planet-stac/tanager1-release2-core-imagery/basic_radiance_hdf5/20250506_044922_74_4001_basic_radiance_hdf5.h5,https://storage.googleapis.com/open-cogs/planet-stac/tanager1-release2-core-imagery/basic_sr_hdf5/20250506_044922_74_4001_basic_sr_hdf5.h5,https://storage.googleapis.com/open-cogs/planet-stac/tanager1-release2-core-imagery/geolocation_array/20250506_044922_74_4001_geolocation_array.tif,https://storage.googleapis.com/open-cogs/planet-stac/tanager1-release2-core-imagery/ortho_beta_udm/20250506_044922_74_4001_ortho_beta_udm.tif,,https://storage.googleapis.com/open-cogs/planet-stac/tanager1-release2-core-imagery/ortho_radiance_hdf5/20250506_044922_74_4001_ortho_radiance_hdf5.h5,https://storage.googleapis.com/open-cogs/planet-stac/tanager1-release2-core-imagery/ortho_sr_hdf5/20250506_044922_74_4001_ortho_sr_hdf5.h5,https://storage.googleapis.com/open-cogs/planet-stac/tanager1-release2-core-imagery/ortho_visual/20250506_044922_74_4001_ortho_visual.tif,,,https://storage.googleapis.com/open-cogs/planet-stac/tanager1-release2-core-imagery/thumbnail/20250506_044922_74_4001_thumb.png
agriculture,20250806_164245_93_4001,2025-08-06T16:42:45.936591Z,0,0,standard,standard_sensitivity,"Rideau-Jock, Ottawa, Eastern Ontario, Ontario, Canada",60.8,167.0,117.9,8.5,34.18,"[-75.96108050711169, 44.99735716532049, -75.63316694970604, 45.25746429990243]",45.12741073261146,-75.79712372840886,https://storage.googleapis.com/open-cogs/planet-stac/tanager1-release2-core-imagery/basic_beta_udm/20250806_164245_93_4001_basic_beta_udm.tif,https://storage.googleapis.com/open-cogs/planet-stac/tanager1-release2-core-imagery/basic_radiance_hdf5/20250806_164245_93_4001_basic_radiance_hdf5.h5,https://storage.googleapis.com/open-cogs/planet-stac/tanager1-release2-core-imagery/basic_sr_hdf5/20250806_164245_93_4001_basic_sr_hdf5.h5,https://storage.googleapis.com/open-cogs/planet-stac/tanager1-release2-core-imagery/geolocation_array/20250806_164245_93_4001_geolocation_array.tif,https://storage.googleapis.com/open-cogs/planet-stac/tanager1-release2-core-imagery/ortho_beta_udm/20250806_164245_93_4001_ortho_beta_udm.tif,,https://storage.googleapis.com/open-cogs/planet-stac/tanager1-release2-core-imagery/ortho_radiance_hdf5/20250806_164245_93_4001_ortho_radiance_hdf5.h5,https://storage.googleapis.com/open-cogs/planet-stac/tanager1-release2-core-imagery/ortho_sr_hdf5/20250806_164245_93_4001_ortho_sr_hdf5.h5,https://storage.googleapis.com/open-cogs/planet-stac/tanager1-release2-core-imagery/ortho_visual/20250806_164245_93_4001_ortho_visual.tif,,,https://storage.googleapis.com/open-cogs/planet-stac/tanager1-release2-core-imagery/thumbnail/20250806_164245_93_4001_thumb.png
agriculture,20250426_111955_00_4001,2025-04-26T11:19:55Z,1,0,standard,standard_sensitivity,"Almere Buiten, Almere, Flevoland, Netherlands, 1335 GR, Netherlands",51.2,173.6,305.5,5.8,33.16,"[5.135367023633787, 52.29357769998531, 5.4894530154233765, 52.48053991788155]",52.38705880893343,5.312410019528581,https://storage.googleapis.com/open-cogs/planet-stac/tanager1-release2-core-imagery/basic_beta_udm/20250426_111955_00_4001_basic_beta_udm.tif,https://storage.googleapis.com/open-cogs/planet-stac/tanager1-release2-core-imagery/basic_radiance_hdf5/20250426_111955_00_4001_basic_radiance_hdf5.h5,https://storage.googleapis.com/open-cogs/planet-stac/tanager1-release2-core-imagery/basic_sr_hdf5/20250426_111955_00_4001_basic_sr_hdf5.h5,https://storage.googleapis.com/open-cogs/planet-stac/tanager1-release2-core-imagery/geolocation_array/20250426_111955_00_4001_geolocation_array.tif,https://storage.googleapis.com/open-cogs/planet-stac/tanager1-release2-core-imagery/ortho_beta_udm/20250426_111955_00_4001_ortho_beta_udm.tif,,https://storage.googleapis.com/open-cogs/planet-stac/tanager1-release2-core-imagery/ortho_radiance_hdf5/20250426_111955_00_4001_ortho_radiance_hdf5.h5,https://storage.googleapis.com/open-cogs/planet-stac/tanager1-release2-core-imagery/ortho_sr_hdf5/20250426_111955_00_4001_ortho_sr_hdf5.h5,https://storage.googleapis.com/open-cogs/planet-stac/tanager1-release2-core-imagery/ortho_visual/20250426_111955_00_4001_ortho_visual.tif,,,https://storage.googleapis.com/open-cogs/planet-stac/tanager1-release2-core-imagery/thumbnail/20250426_111955_00_4001_thumb.png
agriculture,20250426_111959_16_4001,2025-04-26T11:19:59.165094Z,1,0,standard,standard_sensitivity,"Eemnes, Utrecht, Netherlands",51.3,173.5,287.7,5.4,33.11,"[5.077073962507073, 52.15320187405376, 5.429537047954588, 52.339522716456926]",52.24636229525534,5.253305505230831,https://storage.googleapis.com/open-cogs/planet-stac/tanager1-release2-core-imagery/basic_beta_udm/20250426_111959_16_4001_basic_beta_udm.tif,https://storage.googleapis.com/open-cogs/planet-stac/tanager1-release2-core-imagery/basic_radiance_hdf5/20250426_111959_16_4001_basic_radiance_hdf5.h5,https://storage.googleapis.com/open-cogs/planet-stac/tanager1-release2-core-imagery/basic_sr_hdf5/20250426_111959_16_4001_basic_sr_hdf5.h5,https://storage.googleapis.com/open-cogs/planet-stac/tanager1-release2-core-imagery/geolocation_array/20250426_111959_16_4001_geolocation_array.tif,https://storage.googleapis.com/open-cogs/planet-stac/tanager1-release2-core-imagery/ortho_beta_udm/20250426_111959_16_4001_ortho_beta_udm.tif,,https://storage.googleapis.com/open-cogs/planet-stac/tanager1-release2-core-imagery/ortho_radiance_hdf5/20250426_111959_16_4001_ortho_radiance_hdf5.h5,https://storage.googleapis.com/open-cogs/planet-stac/tanager1-release2-core-imagery/ortho_sr_hdf5/20250426_111959_16_4001_ortho_sr_hdf5.h5,https://storage.googleapis.com/open-cogs/planet-stac/tanager1-release2-core-imagery/ortho_visual/20250426_111959_16_4001_ortho_visual.tif,,,https://storage.googleapis.com/open-cogs/planet-stac/tanager1-release2-core-imagery/thumbnail/20250426_111959_16_4001_thumb.png
agriculture,20250426_112003_32_4001,2025-04-26T11:20:03.321891Z,1,0,standard,standard_sensitivity,"De Bilt, Utrecht, Netherlands",51.4,173.4,269.3,5.6,33.09,"[5.019179616389819, 52.01279907987673, 5.370495964145497, 52.198436394570685]",52.10561773722371,5.194837790267657,https://storage.googleapis.com/open-cogs/planet-stac/tanager1-release2-core-imagery/basic_beta_udm/20250426_112003_32_4001_basic_beta_udm.tif,https://storage.googleapis.com/open-cogs/planet-stac/tanager1-release2-core-imagery/basic_radiance_hdf5/20250426_112003_32_4001_basic_radiance_hdf5.h5,https://storage.googleapis.com/open-cogs/planet-stac/tanager1-release2-core-imagery/basic_sr_hdf5/20250426_112003_32_4001_basic_sr_hdf5.h5,https://storage.googleapis.com/open-cogs/planet-stac/tanager1-release2-core-imagery/geolocation_array/20250426_112003_32_4001_geolocation_array.tif,https://storage.googleapis.com/open-cogs/planet-stac/tanager1-release2-core-imagery/ortho_beta_udm/20250426_112003_32_4001_ortho_beta_udm.tif,,https://storage.googleapis.com/open-cogs/planet-stac/tanager1-release2-core-imagery/ortho_radiance_hdf5/20250426_112003_32_4001_ortho_radiance_hdf5.h5,https://storage.googleapis.com/open-cogs/planet-stac/tanager1-release2-core-imagery/ortho_sr_hdf5/20250426_112003_32_4001_ortho_sr_hdf5.h5,https://storage.googleapis.com/open-cogs/planet-stac/tanager1-release2-core-imagery/ortho_visual/20250426_112003_32_4001_ortho_visual.tif,,,https://storage.googleapis.com/open-cogs/planet-stac/tanager1-release2-core-imagery/thumbnail/20250426_112003_32_4001_thumb.png
agriculture,20250114_062056_92_4001,2025-01-14T06:20:56.925880Z,0,0,test,standard_sensitivity,"Ghazi, Rojhan Tehsil, Rajanpur District, Dera Ghazi Khan Division, Punjab, Pakistan",38.0,159.4,121.1,7.2,36.78,"[69.60383565011445, 27.88233505649382, 69.86323204744868, 28.160856253755565]",28.021595655124692,69.73353384878156,https://storage.googleapis.com/open-cogs/planet-stac/tanager1-release2-core-imagery/basic_beta_udm/20250114_062056_92_4001_basic_beta_udm.tif,https://storage.googleapis.com/open-cogs/planet-stac/tanager1-release2-core-imagery/basic_radiance_hdf5/20250114_062056_92_4001_basic_radiance_hdf5.h5,https://storage.googleapis.com/open-cogs/planet-stac/tanager1-release2-core-imagery/basic_sr_hdf5/20250114_062056_92_4001_basic_sr_hdf5.h5,https://storage.googleapis.com/open-cogs/planet-stac/tanager1-release2-core-imagery/geolocation_array/20250114_062056_92_4001_geolocation_array.tif,https://storage.googleapis.com/open-cogs/planet-stac/tanager1-release2-core-imagery/ortho_beta_udm/20250114_062056_92_4001_ortho_beta_udm.tif,https://storage.googleapis.com/open-cogs/planet-stac/tanager1-release2-core-imagery/ortho_ql_ch4/20250114_062056_92_4001_ortho_ql_ch4.tif,https://storage.googleapis.com/open-cogs/planet-stac/tanager1-release2-core-imagery/ortho_radiance_hdf5/20250114_062056_92_4001_ortho_radiance_hdf5.h5,https://storage.googleapis.com/open-cogs/planet-stac/tanager1-release2-core-imagery/ortho_sr_hdf5/20250114_062056_92_4001_ortho_sr_hdf5.h5,https://storage.googleapis.com/open-cogs/planet-stac/tanager1-release2-core-imagery/ortho_visual/20250114_062056_92_4001_ortho_visual.tif,https://storage.googleapis.com/open-cogs/planet-stac/tanager1-release2-core-imagery/ql_ch4_json/20250114_062056_92_4001_ql_ch4_json.geojson,https://storage.googleapis.com/open-cogs/planet-stac/tanager1-release2-core-imagery/recent_monthly_mosaic/20250114_062056_92_4001_recent_monthly_mosaic.tif,https://storage.googleapis.com/open-cogs/planet-stac/tanager1-release2-core-imagery/thumbnail/20250114_062056_92_4001_thumb.png
coastal-water-bodies,20250225_153627_16_4001,2025-02-25T15:36:27.165094Z,0,0,standard,standard_sensitivity,"Puerta Maraven, Parroquia Cardón, Municipio Carirubana, Falcon State, 4154, Venezuela",61.9,136.0,92.6,9.4,33.11,"[-70.32509059776979, 11.57209928342325, -70.1113904053638, 11.749848258957487]",11.660973771190369,-70.2182405015668,https://storage.googleapis.com/open-cogs/planet-stac/tanager1-release2-core-imagery/basic_beta_udm/20250225_153627_16_4001_basic_beta_udm.tif,https://storage.googleapis.com/open-cogs/planet-stac/tanager1-release2-core-imagery/basic_radiance_hdf5/20250225_153627_16_4001_basic_radiance_hdf5.h5,https://storage.googleapis.com/open-cogs/planet-stac/tanager1-release2-core-imagery/basic_sr_hdf5/20250225_153627_16_4001_basic_sr_hdf5.h5,https://storage.googleapis.com/open-cogs/planet-stac/tanager1-release2-core-imagery/geolocation_array/20250225_153627_16_4001_geolocation_array.tif,https://storage.googleapis.com/open-cogs/planet-stac/tanager1-release2-core-imagery/ortho_beta_udm/20250225_153627_16_4001_ortho_beta_udm.tif,,https://storage.googleapis.com/open-cogs/planet-stac/tanager1-release2-core-imagery/ortho_radiance_hdf5/20250225_153627_16_4001_ortho_radiance_hdf5.h5,https://storage.googleapis.com/open-cogs/planet-stac/tanager1-release2-core-imagery/ortho_sr_hdf5/20250225_153627_16_4001_ortho_sr_hdf5.h5,https://storage.googleapis.com/open-cogs/planet-stac/tanager1-release2-core-imagery/ortho_visual/20250225_153627_16_4001_ortho_visual.tif,,,https://storage.googleapis.com/open-cogs/planet-stac/tanager1-release2-core-imagery/thumbnail/20250225_153627_16_4001_thumb.png
coastal-water-bodies,20250302_030003_92_4001,2025-03-02T03:00:03.925880Z,2,1,standard,standard_sensitivity,"Kutai Timur, East Kalimantan, Kalimantan, Indonesia",68.3,111.1,115.9,9.2,33.0,"[117.51657443149836, 0.42621014699850035, 117.73500193775449, 0.6570144357492134]",0.5416122913738568,117.62578818462643,https://storage.googleapis.com/open-cogs/planet-stac/tanager1-release2-core-imagery/basic_beta_udm/20250302_030003_92_4001_basic_beta_udm.tif,https://storage.googleapis.com/open-cogs/planet-stac/tanager1-release2-core-imagery/basic_radiance_hdf5/20250302_030003_92_4001_basic_radiance_hdf5.h5,https://storage.googleapis.com/open-cogs/planet-stac/tanager1-release2-core-imagery/basic_sr_hdf5/20250302_030003_92_4001_basic_sr_hdf5.h5,https://storage.googleapis.com/open-cogs/planet-stac/tanager1-release2-core-imagery/geolocation_array/20250302_030003_92_4001_geolocation_array.tif,https://storage.googleapis.com/open-cogs/planet-stac/tanager1-release2-core-imagery/ortho_beta_udm/20250302_030003_92_4001_ortho_beta_udm.tif,,https://storage.googleapis.com/open-cogs/planet-stac/tanager1-release2-core-imagery/ortho_radiance_hdf5/20250302_030003_92_4001_ortho_radiance_hdf5.h5,https://storage.googleapis.com/open-cogs/planet-stac/tanager1-release2-core-imagery/ortho_sr_hdf5/20250302_030003_92_4001_ortho_sr_hdf5.h5,https://storage.googleapis.com/open-cogs/planet-stac/tanager1-release2-core-imagery/ortho_visual/20250302_030003_92_4001_ortho_visual.tif,,,https://storage.googleapis.com/open-cogs/planet-stac/tanager1-release2-core-imagery/thumbnail/20250302_030003_92_4001_thumb.png
coastal-water-bodies,20250311_061550_53_4001,2025-03-11T06:15:50.531984Z,0,0,standard,standard_sensitivity,"Vagra Taluka, Bharuch, Gujarat, India",60.2,146.7,222.9,3.3,32.88,"[72.52601201182728, 21.748814618723884, 72.75563624889065, 21.962014968245693]",21.85541479348479,72.64082413035896,https://storage.googleapis.com/open-cogs/planet-stac/tanager1-release2-core-imagery/basic_beta_udm/20250311_061550_53_4001_basic_beta_udm.tif,https://storage.googleapis.com/open-cogs/planet-stac/tanager1-release2-core-imagery/basic_radiance_hdf5/20250311_061550_53_4001_basic_radiance_hdf5.h5,https://storage.googleapis.com/open-cogs/planet-stac/tanager1-release2-core-imagery/basic_sr_hdf5/20250311_061550_53_4001_basic_sr_hdf5.h5,https://storage.googleapis.com/open-cogs/planet-stac/tanager1-release2-core-imagery/geolocation_array/20250311_061550_53_4001_geolocation_array.tif,https://storage.googleapis.com/open-cogs/planet-stac/tanager1-release2-core-imagery/ortho_beta_udm/20250311_061550_53_4001_ortho_beta_udm.tif,,https://storage.googleapis.com/open-cogs/planet-stac/tanager1-release2-core-imagery/ortho_radiance_hdf5/20250311_061550_53_4001_ortho_radiance_hdf5.h5,https://storage.googleapis.com/open-cogs/planet-stac/tanager1-release2-core-imagery/ortho_sr_hdf5/20250311_061550_53_4001_ortho_sr_hdf5.h5,https://storage.googleapis.com/open-cogs/planet-stac/tanager1-release2-core-imagery/ortho_visual/20250311_061550_53_4001_ortho_visual.tif,,,https://storage.googleapis.com/open-cogs/planet-stac/tanager1-release2-core-imagery/thumbnail/20250311_061550_53_4001_thumb.png
coastal-water-bodies,20250406_170447_47_4001,2025-04-06T17:04:47.473612Z,28,0,standard,standard_sensitivity,"Cantón Isabela, Galápagos, Ecuador",72.8,65.5,245.5,8.5,32.58,"[-91.49026800468444, -0.4447639449135988, -91.27025274466112, -0.20261043210188864]",-0.3236871885077437,-91.38026037467279,https://storage.googleapis.com/open-cogs/planet-stac/tanager1-release2-core-imagery/basic_beta_udm/20250406_170447_47_4001_basic_beta_udm.tif,https://storage.googleapis.com/open-cogs/planet-stac/tanager1-release2-core-imagery/basic_radiance_hdf5/20250406_170447_47_4001_basic_radiance_hdf5.h5,https://storage.googleapis.com/open-cogs/planet-stac/tanager1-release2-core-imagery/basic_sr_hdf5/20250406_170447_47_4001_basic_sr_hdf5.h5,https://storage.googleapis.com/open-cogs/planet-stac/tanager1-release2-core-imagery/geolocation_array/20250406_170447_47_4001_geolocation_array.tif,https://storage.googleapis.com/open-cogs/planet-stac/tanager1-release2-core-imagery/ortho_beta_udm/20250406_170447_47_4001_ortho_beta_udm.tif,,https://storage.googleapis.com/open-cogs/planet-stac/tanager1-release2-core-imagery/ortho_radiance_hdf5/20250406_170447_47_4001_ortho_radiance_hdf5.h5,https://storage.googleapis.com/open-cogs/planet-stac/tanager1-release2-core-imagery/ortho_sr_hdf5/20250406_170447_47_4001_ortho_sr_hdf5.h5,https://storage.googleapis.com/open-cogs/planet-stac/tanager1-release2-core-imagery/ortho_visual/20250406_170447_47_4001_ortho_visual.tif,,,https://storage.googleapis.com/open-cogs/planet-stac/tanager1-release2-core-imagery/thumbnail/20250406_170447_47_4001_thumb.png
coastal-water-bodies,20250411_163421_16_4001,2025-04-11T16:34:21.163402Z,17,0,standard,standard_sensitivity,"Qikiqtaaluk Region, Nunavut, Canada",32.2,181.6,24.4,4.3,33.29,"[-67.28425291635293, 66.21612233391994, -66.66713554355412, 66.47846850878915]",66.34729542135454,-66.97569422995352,https://storage.googleapis.com/open-cogs/planet-stac/tanager1-release2-core-imagery/basic_beta_udm/20250411_163421_16_4001_basic_beta_udm.tif,https://storage.googleapis.com/open-cogs/planet-stac/tanager1-release2-core-imagery/basic_radiance_hdf5/20250411_163421_16_4001_basic_radiance_hdf5.h5,https://storage.googleapis.com/open-cogs/planet-stac/tanager1-release2-core-imagery/basic_sr_hdf5/20250411_163421_16_4001_basic_sr_hdf5.h5,https://storage.googleapis.com/open-cogs/planet-stac/tanager1-release2-core-imagery/geolocation_array/20250411_163421_16_4001_geolocation_array.tif,https://storage.googleapis.com/open-cogs/planet-stac/tanager1-release2-core-imagery/ortho_beta_udm/20250411_163421_16_4001_ortho_beta_udm.tif,,https://storage.googleapis.com/open-cogs/planet-stac/tanager1-release2-core-imagery/ortho_radiance_hdf5/20250411_163421_16_4001_ortho_radiance_hdf5.h5,https://storage.googleapis.com/open-cogs/planet-stac/tanager1-release2-core-imagery/ortho_sr_hdf5/20250411_163421_16_4001_ortho_sr_hdf5.h5,https://storage.googleapis.com/open-cogs/planet-stac/tanager1-release2-core-imagery/ortho_visual/20250411_163421_16_4001_ortho_visual.tif,,,https://storage.googleapis.com/open-cogs/planet-stac/tanager1-release2-core-imagery/thumbnail/20250411_163421_16_4001_thumb.png
coastal-water-bodies,20250419_173128_87_4001,2025-04-19T17:31:28.870339Z,0,99,standard,standard_sensitivity,"Qikiqtaaluk Region, Nunavut, Canada",45.3,174.1,88.8,2.8,33.15,"[-87.56537814371967, 55.93863795212564, -87.16967005876353, 56.15055236062911]",56.044595156377376,-87.3675241012416,https://storage.googleapis.com/open-cogs/planet-stac/tanager1-release2-core-imagery/basic_beta_udm/20250419_173128_87_4001_basic_beta_udm.tif,https://storage.googleapis.com/open-cogs/planet-stac/tanager1-release2-core-imagery/basic_radiance_hdf5/20250419_173128_87_4001_basic_radiance_hdf5.h5,https://storage.googleapis.com/open-cogs/planet-stac/tanager1-release2-core-imagery/basic_sr_hdf5/20250419_173128_87_4001_basic_sr_hdf5.h5,https://storage.googleapis.com/open-cogs/planet-stac/tanager1-release2-core-imagery/geolocation_array/20250419_173128_87_4001_geolocation_array.tif,https://storage.googleapis.com/open-cogs/planet-stac/tanager1-release2-core-imagery/ortho_beta_udm/20250419_173128_87_4001_ortho_beta_udm.tif,,https://storage.googleapis.com/open-cogs/planet-stac/tanager1-release2-core-imagery/ortho_radiance_hdf5/20250419_173128_87_4001_ortho_radiance_hdf5.h5,https://storage.googleapis.com/open-cogs/planet-stac/tanager1-release2-core-imagery/ortho_sr_hdf5/20250419_173128_87_4001_ortho_sr_hdf5.h5,https://storage.googleapis.com/open-cogs/planet-stac/tanager1-release2-core-imagery/ortho_visual/20250419_173128_87_4001_ortho_visual.tif,,,https://storage.googleapis.com/open-cogs/planet-stac/tanager1-release2-core-imagery/thumbnail/20250419_173128_87_4001_thumb.png
coastal-water-bodies,20250423_193451_57_4001,2025-04-23T19:34:51.575584Z,1,0,standard,standard_sensitivity,"Portland, Multnomah County, Oregon, United States",56.5,165.0,96.3,13.3,33.79,"[-122.76819693192827, 45.40673977536642, -122.43464386819207, 45.6390137210567]",45.52287674821156,-122.60142040006016,https://storage.googleapis.com/open-cogs/planet-stac/tanager1-release2-core-imagery/basic_beta_udm/20250423_193451_57_4001_basic_beta_udm.tif,https://storage.googleapis.com/open-cogs/planet-stac/tanager1-release2-core-imagery/basic_radiance_hdf5/20250423_193451_57_4001_basic_radiance_hdf5.h5,https://storage.googleapis.com/open-cogs/planet-stac/tanager1-release2-core-imagery/basic_sr_hdf5/20250423_193451_57_4001_basic_sr_hdf5.h5,https://storage.googleapis.com/open-cogs/planet-stac/tanager1-release2-core-imagery/geolocation_array/20250423_193451_57_4001_geolocation_array.tif,https://storage.googleapis.com/open-cogs/planet-stac/tanager1-release2-core-imagery/ortho_beta_udm/20250423_193451_57_4001_ortho_beta_udm.tif,,https://storage.googleapis.com/open-cogs/planet-stac/tanager1-release2-core-imagery/ortho_radiance_hdf5/20250423_193451_57_4001_ortho_radiance_hdf5.h5,https://storage.googleapis.com/open-cogs/planet-stac/tanager1-release2-core-imagery/ortho_sr_hdf5/20250423_193451_57_4001_ortho_sr_hdf5.h5,https://storage.googleapis.com/open-cogs/planet-stac/tanager1-release2-core-imagery/ortho_visual/20250423_193451_57_4001_ortho_visual.tif,,,https://storage.googleapis.com/open-cogs/planet-stac/tanager1-release2-core-imagery/thumbnail/20250423_193451_57_4001_thumb.png
coastal-water-bodies,20250430_101724_87_4001,2025-04-30T10:17:24.870339Z,2,0,standard,standard_sensitivity,"Massafra, Taranto, Apulia, 74016, Italy",63.5,163.0,189.9,27.8,33.65,"[16.99557744300894, 40.469410119509135, 17.309731355940727, 40.68053607525974]",40.57497309738444,17.152654399474834,https://storage.googleapis.com/open-cogs/planet-stac/tanager1-release2-core-imagery/basic_beta_udm/20250430_101724_87_4001_basic_beta_udm.tif,https://storage.googleapis.com/open-cogs/planet-stac/tanager1-release2-core-imagery/basic_radiance_hdf5/20250430_101724_87_4001_basic_radiance_hdf5.h5,https://storage.googleapis.com/open-cogs/planet-stac/tanager1-release2-core-imagery/basic_sr_hdf5/20250430_101724_87_4001_basic_sr_hdf5.h5,https://storage.googleapis.com/open-cogs/planet-stac/tanager1-release2-core-imagery/geolocation_array/20250430_101724_87_4001_geolocation_array.tif,https://storage.googleapis.com/open-cogs/planet-stac/tanager1-release2-core-imagery/ortho_beta_udm/20250430_101724_87_4001_ortho_beta_udm.tif,,https://storage.googleapis.com/open-cogs/planet-stac/tanager1-release2-core-imagery/ortho_radiance_hdf5/20250430_101724_87_4001_ortho_radiance_hdf5.h5,https://storage.googleapis.com/open-cogs/planet-stac/tanager1-release2-core-imagery/ortho_sr_hdf5/20250430_101724_87_4001_ortho_sr_hdf5.h5,https://storage.googleapis.com/open-cogs/planet-stac/tanager1-release2-core-imagery/ortho_visual/20250430_101724_87_4001_ortho_visual.tif,,,https://storage.googleapis.com/open-cogs/planet-stac/tanager1-release2-core-imagery/thumbnail/20250430_101724_87_4001_thumb.png
coastal-water-bodies,20250503_020525_16_4001,2025-05-03T02:05:25.165094Z,0,0,standard,standard_sensitivity,"Hekinan, Aichi Prefecture, 447-0027, Japan",68.5,150.3,100.2,22.7,35.75,"[136.8192004364177, 34.77734881435356, 137.1154208494391, 34.96284648404972]",34.87009764920164,136.9673106429284,https://storage.googleapis.com/open-cogs/planet-stac/tanager1-release2-core-imagery/basic_beta_udm/20250503_020525_16_4001_basic_beta_udm.tif,https://storage.googleapis.com/open-cogs/planet-stac/tanager1-release2-core-imagery/basic_radiance_hdf5/20250503_020525_16_4001_basic_radiance_hdf5.h5,https://storage.googleapis.com/open-cogs/planet-stac/tanager1-release2-core-imagery/basic_sr_hdf5/20250503_020525_16_4001_basic_sr_hdf5.h5,https://storage.googleapis.com/open-cogs/planet-stac/tanager1-release2-core-imagery/geolocation_array/20250503_020525_16_4001_geolocation_array.tif,https://storage.googleapis.com/open-cogs/planet-stac/tanager1-release2-core-imagery/ortho_beta_udm/20250503_020525_16_4001_ortho_beta_udm.tif,,https://storage.googleapis.com/open-cogs/planet-stac/tanager1-release2-core-imagery/ortho_radiance_hdf5/20250503_020525_16_4001_ortho_radiance_hdf5.h5,https://storage.googleapis.com/open-cogs/planet-stac/tanager1-release2-core-imagery/ortho_sr_hdf5/20250503_020525_16_4001_ortho_sr_hdf5.h5,https://storage.googleapis.com/open-cogs/planet-stac/tanager1-release2-core-imagery/ortho_visual/20250503_020525_16_4001_ortho_visual.tif,,,https://storage.googleapis.com/open-cogs/planet-stac/tanager1-release2-core-imagery/thumbnail/20250503_020525_16_4001_thumb.png
coastal-water-bodies,20250504_025815_32_4001,2025-05-04T02:58:15.321891Z,0,0,standard,standard_sensitivity,"Gwan-ri, Taean-gun, South Chungcheong, 32103, South Korea",67.9,158.4,229.6,1.3,32.64,"[126.19281898075803, 36.792246448782855, 126.45283936308134, 36.972190272557974]",36.882218360670414,126.3228291719197,https://storage.googleapis.com/open-cogs/planet-stac/tanager1-release2-core-imagery/basic_beta_udm/20250504_025815_32_4001_basic_beta_udm.tif,https://storage.googleapis.com/open-cogs/planet-stac/tanager1-release2-core-imagery/basic_radiance_hdf5/20250504_025815_32_4001_basic_radiance_hdf5.h5,https://storage.googleapis.com/open-cogs/planet-stac/tanager1-release2-core-imagery/basic_sr_hdf5/20250504_025815_32_4001_basic_sr_hdf5.h5,https://storage.googleapis.com/open-cogs/planet-stac/tanager1-release2-core-imagery/geolocation_array/20250504_025815_32_4001_geolocation_array.tif,https://storage.googleapis.com/open-cogs/planet-stac/tanager1-release2-core-imagery/ortho_beta_udm/20250504_025815_32_4001_ortho_beta_udm.tif,,https://storage.googleapis.com/open-cogs/planet-stac/tanager1-release2-core-imagery/ortho_radiance_hdf5/20250504_025815_32_4001_ortho_radiance_hdf5.h5,https://storage.googleapis.com/open-cogs/planet-stac/tanager1-release2-core-imagery/ortho_sr_hdf5/20250504_025815_32_4001_ortho_sr_hdf5.h5,https://storage.googleapis.com/open-cogs/planet-stac/tanager1-release2-core-imagery/ortho_visual/20250504_025815_32_4001_ortho_visual.tif,,,https://storage.googleapis.com/open-cogs/planet-stac/tanager1-release2-core-imagery/thumbnail/20250504_025815_32_4001_thumb.png
coastal-water-bodies,20250510_112042_16_4001,2025-05-10T11:20:42.165094Z,0,8,standard,standard_sensitivity,"Ringkøbing-Skjern Municipality, Central Denmark Region, Denmark",51.5,178.9,295.6,13.6,34.13,"[7.997740757183325, 56.15220365744295, 8.405910856438574, 56.345874664333316]",56.24903916088813,8.20182580681095,https://storage.googleapis.com/open-cogs/planet-stac/tanager1-release2-core-imagery/basic_beta_udm/20250510_112042_16_4001_basic_beta_udm.tif,https://storage.googleapis.com/open-cogs/planet-stac/tanager1-release2-core-imagery/basic_radiance_hdf5/20250510_112042_16_4001_basic_radiance_hdf5.h5,https://storage.googleapis.com/open-cogs/planet-stac/tanager1-release2-core-imagery/basic_sr_hdf5/20250510_112042_16_4001_basic_sr_hdf5.h5,https://storage.googleapis.com/open-cogs/planet-stac/tanager1-release2-core-imagery/geolocation_array/20250510_112042_16_4001_geolocation_array.tif,https://storage.googleapis.com/open-cogs/planet-stac/tanager1-release2-core-imagery/ortho_beta_udm/20250510_112042_16_4001_ortho_beta_udm.tif,,https://storage.googleapis.com/open-cogs/planet-stac/tanager1-release2-core-imagery/ortho_radiance_hdf5/20250510_112042_16_4001_ortho_radiance_hdf5.h5,https://storage.googleapis.com/open-cogs/planet-stac/tanager1-release2-core-imagery/ortho_sr_hdf5/20250510_112042_16_4001_ortho_sr_hdf5.h5,https://storage.googleapis.com/open-cogs/planet-stac/tanager1-release2-core-imagery/ortho_visual/20250510_112042_16_4001_ortho_visual.tif,,,https://storage.googleapis.com/open-cogs/planet-stac/tanager1-release2-core-imagery/thumbnail/20250510_112042_16_4001_thumb.png
coastal-water-bodies,20250511_074311_00_4001,2025-05-11T07:43:11Z,51,0,standard,standard_sensitivity,"Tarif, Al Dhafrah Region, Abu Dhabi Emirate, United Arab Emirates",79.2,122.8,209.1,25.8,34.78,"[53.63200686177432, 23.990203106931855, 53.89428889725334, 24.192030163555803]",24.09111663524383,53.76314787951383,https://storage.googleapis.com/open-cogs/planet-stac/tanager1-release2-core-imagery/basic_beta_udm/20250511_074311_00_4001_basic_beta_udm.tif,https://storage.googleapis.com/open-cogs/planet-stac/tanager1-release2-core-imagery/basic_radiance_hdf5/20250511_074311_00_4001_basic_radiance_hdf5.h5,https://storage.googleapis.com/open-cogs/planet-stac/tanager1-release2-core-imagery/basic_sr_hdf5/20250511_074311_00_4001_basic_sr_hdf5.h5,https://storage.googleapis.com/open-cogs/planet-stac/tanager1-release2-core-imagery/geolocation_array/20250511_074311_00_4001_geolocation_array.tif,https://storage.googleapis.com/open-cogs/planet-stac/tanager1-release2-core-imagery/ortho_beta_udm/20250511_074311_00_4001_ortho_beta_udm.tif,,https://storage.googleapis.com/open-cogs/planet-stac/tanager1-release2-core-imagery/ortho_radiance_hdf5/20250511_074311_00_4001_ortho_radiance_hdf5.h5,https://storage.googleapis.com/open-cogs/planet-stac/tanager1-release2-core-imagery/ortho_sr_hdf5/20250511_074311_00_4001_ortho_sr_hdf5.h5,https://storage.googleapis.com/open-cogs/planet-stac/tanager1-release2-core-imagery/ortho_visual/20250511_074311_00_4001_ortho_visual.tif,,,https://storage.googleapis.com/open-cogs/planet-stac/tanager1-release2-core-imagery/thumbnail/20250511_074311_00_4001_thumb.png
coastal-water-bodies,20250514_193937_64_4001,2025-05-14T19:39:37.641960Z,1,29,standard,standard_sensitivity,"Albany, Alameda County, California, United States",70.1,161.7,292.1,14.0,33.13,"[-122.44823541841015, 37.77660397256651, -122.15591119743321, 38.012250199128566]",37.89442708584754,-122.30207330792169,https://storage.googleapis.com/open-cogs/planet-stac/tanager1-release2-core-imagery/basic_beta_udm/20250514_193937_64_4001_basic_beta_udm.tif,https://storage.googleapis.com/open-cogs/planet-stac/tanager1-release2-core-imagery/basic_radiance_hdf5/20250514_193937_64_4001_basic_radiance_hdf5.h5,https://storage.googleapis.com/open-cogs/planet-stac/tanager1-release2-core-imagery/basic_sr_hdf5/20250514_193937_64_4001_basic_sr_hdf5.h5,https://storage.googleapis.com/open-cogs/planet-stac/tanager1-release2-core-imagery/geolocation_array/20250514_193937_64_4001_geolocation_array.tif,https://storage.googleapis.com/open-cogs/planet-stac/tanager1-release2-core-imagery/ortho_beta_udm/20250514_193937_64_4001_ortho_beta_udm.tif,,https://storage.googleapis.com/open-cogs/planet-stac/tanager1-release2-core-imagery/ortho_radiance_hdf5/20250514_193937_64_4001_ortho_radiance_hdf5.h5,https://storage.googleapis.com/open-cogs/planet-stac/tanager1-release2-core-imagery/ortho_sr_hdf5/20250514_193937_64_4001_ortho_sr_hdf5.h5,https://storage.googleapis.com/open-cogs/planet-stac/tanager1-release2-core-imagery/ortho_visual/20250514_193937_64_4001_ortho_visual.tif,,,https://storage.googleapis.com/open-cogs/planet-stac/tanager1-release2-core-imagery/thumbnail/20250514_193937_64_4001_thumb.png
coastal-water-bodies,20250516_132954_74_4001,2025-05-16T13:29:54.740678Z,0,0,standard,standard_sensitivity,Offshore Greenland,33.1,191.9,124.9,20.4,35.77,"[-13.405720172273035, 75.80715114914175, -12.285382180335944, 76.06218747985285]",75.9346693144973,-12.84555117630449,https://storage.googleapis.com/open-cogs/planet-stac/tanager1-release2-core-imagery/basic_beta_udm/20250516_132954_74_4001_basic_beta_udm.tif,https://storage.googleapis.com/open-cogs/planet-stac/tanager1-release2-core-imagery/basic_radiance_hdf5/20250516_132954_74_4001_basic_radiance_hdf5.h5,https://storage.googleapis.com/open-cogs/planet-stac/tanager1-release2-core-imagery/basic_sr_hdf5/20250516_132954_74_4001_basic_sr_hdf5.h5,https://storage.googleapis.com/open-cogs/planet-stac/tanager1-release2-core-imagery/geolocation_array/20250516_132954_74_4001_geolocation_array.tif,https://storage.googleapis.com/open-cogs/planet-stac/tanager1-release2-core-imagery/ortho_beta_udm/20250516_132954_74_4001_ortho_beta_udm.tif,,https://storage.googleapis.com/open-cogs/planet-stac/tanager1-release2-core-imagery/ortho_radiance_hdf5/20250516_132954_74_4001_ortho_radiance_hdf5.h5,https://storage.googleapis.com/open-cogs/planet-stac/tanager1-release2-core-imagery/ortho_sr_hdf5/20250516_132954_74_4001_ortho_sr_hdf5.h5,https://storage.googleapis.com/open-cogs/planet-stac/tanager1-release2-core-imagery/ortho_visual/20250516_132954_74_4001_ortho_visual.tif,,,https://storage.googleapis.com/open-cogs/planet-stac/tanager1-release2-core-imagery/thumbnail/20250516_132954_74_4001_thumb.png
coastal-water-bodies,20250516_164837_16_4001,2025-05-16T16:48:37.165094Z,3,3,standard,standard_sensitivity,"Jacksonville, Duval County, Florida, United States",76.5,143.3,285.8,7.3,32.85,"[-81.69369938031545, 30.259070621905575, -81.45079750932877, 30.439677039738726]",30.349373830822152,-81.57224844482211,https://storage.googleapis.com/open-cogs/planet-stac/tanager1-release2-core-imagery/basic_beta_udm/20250516_164837_16_4001_basic_beta_udm.tif,https://storage.googleapis.com/open-cogs/planet-stac/tanager1-release2-core-imagery/basic_radiance_hdf5/20250516_164837_16_4001_basic_radiance_hdf5.h5,https://storage.googleapis.com/open-cogs/planet-stac/tanager1-release2-core-imagery/basic_sr_hdf5/20250516_164837_16_4001_basic_sr_hdf5.h5,https://storage.googleapis.com/open-cogs/planet-stac/tanager1-release2-core-imagery/geolocation_array/20250516_164837_16_4001_geolocation_array.tif,https://storage.googleapis.com/open-cogs/planet-stac/tanager1-release2-core-imagery/ortho_beta_udm/20250516_164837_16_4001_ortho_beta_udm.tif,,https://storage.googleapis.com/open-cogs/planet-stac/tanager1-release2-core-imagery/ortho_radiance_hdf5/20250516_164837_16_4001_ortho_radiance_hdf5.h5,https://storage.googleapis.com/open-cogs/planet-stac/tanager1-release2-core-imagery/ortho_sr_hdf5/20250516_164837_16_4001_ortho_sr_hdf5.h5,https://storage.googleapis.com/open-cogs/planet-stac/tanager1-release2-core-imagery/ortho_visual/20250516_164837_16_4001_ortho_visual.tif,,,https://storage.googleapis.com/open-cogs/planet-stac/tanager1-release2-core-imagery/thumbnail/20250516_164837_16_4001_thumb.png
coastal-water-bodies,20250601_104901_58_4001,2025-06-01T10:49:01.582000Z,0,0,standard,standard_sensitivity,Algeria,73.0,148.3,101.6,19.9,35.03,"[7.5174573391889, 36.87386550739371, 7.809339376236341, 37.05991800372398]",36.96689175555885,7.663398357712621,https://storage.googleapis.com/open-cogs/planet-stac/tanager1-release2-core-imagery/basic_beta_udm/20250601_104901_58_4001_basic_beta_udm.tif,https://storage.googleapis.com/open-cogs/planet-stac/tanager1-release2-core-imagery/basic_radiance_hdf5/20250601_104901_58_4001_basic_radiance_hdf5.h5,https://storage.googleapis.com/open-cogs/planet-stac/tanager1-release2-core-imagery/basic_sr_hdf5/20250601_104901_58_4001_basic_sr_hdf5.h5,https://storage.googleapis.com/open-cogs/planet-stac/tanager1-release2-core-imagery/geolocation_array/20250601_104901_58_4001_geolocation_array.tif,https://storage.googleapis.com/open-cogs/planet-stac/tanager1-release2-core-imagery/ortho_beta_udm/20250601_104901_58_4001_ortho_beta_udm.tif,,https://storage.googleapis.com/open-cogs/planet-stac/tanager1-release2-core-imagery/ortho_radiance_hdf5/20250601_104901_58_4001_ortho_radiance_hdf5.h5,https://storage.googleapis.com/open-cogs/planet-stac/tanager1-release2-core-imagery/ortho_sr_hdf5/20250601_104901_58_4001_ortho_sr_hdf5.h5,https://storage.googleapis.com/open-cogs/planet-stac/tanager1-release2-core-imagery/ortho_visual/20250601_104901_58_4001_ortho_visual.tif,,,https://storage.googleapis.com/open-cogs/planet-stac/tanager1-release2-core-imagery/thumbnail/20250601_104901_58_4001_thumb.png
coastal-water-bodies,20250606_090504_75_4001,2025-06-06T09:05:04.757094Z,7,0,standard,standard_sensitivity,"Red Sea, Egypt",79.9,117.2,104.3,3.5,32.67,"[33.537270713942306, 27.5663964373475, 33.77103449941458, 27.74616704683149]",27.656281742089497,33.654152606678444,https://storage.googleapis.com/open-cogs/planet-stac/tanager1-release2-core-imagery/basic_beta_udm/20250606_090504_75_4001_basic_beta_udm.tif,https://storage.googleapis.com/open-cogs/planet-stac/tanager1-release2-core-imagery/basic_radiance_hdf5/20250606_090504_75_4001_basic_radiance_hdf5.h5,https://storage.googleapis.com/open-cogs/planet-stac/tanager1-release2-core-imagery/basic_sr_hdf5/20250606_090504_75_4001_basic_sr_hdf5.h5,https://storage.googleapis.com/open-cogs/planet-stac/tanager1-release2-core-imagery/geolocation_array/20250606_090504_75_4001_geolocation_array.tif,https://storage.googleapis.com/open-cogs/planet-stac/tanager1-release2-core-imagery/ortho_beta_udm/20250606_090504_75_4001_ortho_beta_udm.tif,,https://storage.googleapis.com/open-cogs/planet-stac/tanager1-release2-core-imagery/ortho_radiance_hdf5/20250606_090504_75_4001_ortho_radiance_hdf5.h5,https://storage.googleapis.com/open-cogs/planet-stac/tanager1-release2-core-imagery/ortho_sr_hdf5/20250606_090504_75_4001_ortho_sr_hdf5.h5,https://storage.googleapis.com/open-cogs/planet-stac/tanager1-release2-core-imagery/ortho_visual/20250606_090504_75_4001_ortho_visual.tif,,,https://storage.googleapis.com/open-cogs/planet-stac/tanager1-release2-core-imagery/thumbnail/20250606_090504_75_4001_thumb.png
coastal-water-bodies,20250606_103541_58_4001,2025-06-06T10:35:41.582000Z,0,0,standard,standard_sensitivity,"Pianoneve, Buseto Palizzolo, Trapani, Sicily, 91012, Italy",73.2,153.4,87.5,6.0,33.0,"[12.542565509841118, 37.92609075376818, 12.809970734291424, 38.10746652975989]",38.016778641764034,12.676268122066272,https://storage.googleapis.com/open-cogs/planet-stac/tanager1-release2-core-imagery/basic_beta_udm/20250606_103541_58_4001_basic_beta_udm.tif,https://storage.googleapis.com/open-cogs/planet-stac/tanager1-release2-core-imagery/basic_radiance_hdf5/20250606_103541_58_4001_basic_radiance_hdf5.h5,https://storage.googleapis.com/open-cogs/planet-stac/tanager1-release2-core-imagery/basic_sr_hdf5/20250606_103541_58_4001_basic_sr_hdf5.h5,https://storage.googleapis.com/open-cogs/planet-stac/tanager1-release2-core-imagery/geolocation_array/20250606_103541_58_4001_geolocation_array.tif,https://storage.googleapis.com/open-cogs/planet-stac/tanager1-release2-core-imagery/ortho_beta_udm/20250606_103541_58_4001_ortho_beta_udm.tif,,https://storage.googleapis.com/open-cogs/planet-stac/tanager1-release2-core-imagery/ortho_radiance_hdf5/20250606_103541_58_4001_ortho_radiance_hdf5.h5,https://storage.googleapis.com/open-cogs/planet-stac/tanager1-release2-core-imagery/ortho_sr_hdf5/20250606_103541_58_4001_ortho_sr_hdf5.h5,https://storage.googleapis.com/open-cogs/planet-stac/tanager1-release2-core-imagery/ortho_visual/20250606_103541_58_4001_ortho_visual.tif,,,https://storage.googleapis.com/open-cogs/planet-stac/tanager1-release2-core-imagery/thumbnail/20250606_103541_58_4001_thumb.png
coastal-water-bodies,20250606_181248_58_4001,2025-06-06T18:12:48.582000Z,11,0,standard,standard_sensitivity,"Sirmilik National Park, Qikiqtaaluk Region, Nunavut, Canada",38.6,194.0,96.7,4.0,33.28,"[-82.09185337480105, 73.60771264242672, -81.26062188660306, 73.82291013892336]",73.71531139067504,-81.67623763070205,https://storage.googleapis.com/open-cogs/planet-stac/tanager1-release2-core-imagery/basic_beta_udm/20250606_181248_58_4001_basic_beta_udm.tif,https://storage.googleapis.com/open-cogs/planet-stac/tanager1-release2-core-imagery/basic_radiance_hdf5/20250606_181248_58_4001_basic_radiance_hdf5.h5,https://storage.googleapis.com/open-cogs/planet-stac/tanager1-release2-core-imagery/basic_sr_hdf5/20250606_181248_58_4001_basic_sr_hdf5.h5,https://storage.googleapis.com/open-cogs/planet-stac/tanager1-release2-core-imagery/geolocation_array/20250606_181248_58_4001_geolocation_array.tif,https://storage.googleapis.com/open-cogs/planet-stac/tanager1-release2-core-imagery/ortho_beta_udm/20250606_181248_58_4001_ortho_beta_udm.tif,,https://storage.googleapis.com/open-cogs/planet-stac/tanager1-release2-core-imagery/ortho_radiance_hdf5/20250606_181248_58_4001_ortho_radiance_hdf5.h5,https://storage.googleapis.com/open-cogs/planet-stac/tanager1-release2-core-imagery/ortho_sr_hdf5/20250606_181248_58_4001_ortho_sr_hdf5.h5,https://storage.googleapis.com/open-cogs/planet-stac/tanager1-release2-core-imagery/ortho_visual/20250606_181248_58_4001_ortho_visual.tif,,,https://storage.googleapis.com/open-cogs/planet-stac/tanager1-release2-core-imagery/thumbnail/20250606_181248_58_4001_thumb.png
coastal-water-bodies,20250608_014315_58_4001,2025-06-08T01:43:15.582000Z,0,0,standard,standard_sensitivity,"Mcarthur, Roper Gulf Region, Northern Territory, 0852, Australia",47.8,24.1,90.2,24.3,36.01,"[136.47217098712412, -15.883575280508039, 136.72768591319192, -15.704085369567002]",-15.79383032503752,136.59992845015802,https://storage.googleapis.com/open-cogs/planet-stac/tanager1-release2-core-imagery/basic_beta_udm/20250608_014315_58_4001_basic_beta_udm.tif,https://storage.googleapis.com/open-cogs/planet-stac/tanager1-release2-core-imagery/basic_radiance_hdf5/20250608_014315_58_4001_basic_radiance_hdf5.h5,https://storage.googleapis.com/open-cogs/planet-stac/tanager1-release2-core-imagery/basic_sr_hdf5/20250608_014315_58_4001_basic_sr_hdf5.h5,https://storage.googleapis.com/open-cogs/planet-stac/tanager1-release2-core-imagery/geolocation_array/20250608_014315_58_4001_geolocation_array.tif,https://storage.googleapis.com/open-cogs/planet-stac/tanager1-release2-core-imagery/ortho_beta_udm/20250608_014315_58_4001_ortho_beta_udm.tif,,https://storage.googleapis.com/open-cogs/planet-stac/tanager1-release2-core-imagery/ortho_radiance_hdf5/20250608_014315_58_4001_ortho_radiance_hdf5.h5,https://storage.googleapis.com/open-cogs/planet-stac/tanager1-release2-core-imagery/ortho_sr_hdf5/20250608_014315_58_4001_ortho_sr_hdf5.h5,https://storage.googleapis.com/open-cogs/planet-stac/tanager1-release2-core-imagery/ortho_visual/20250608_014315_58_4001_ortho_visual.tif,,,https://storage.googleapis.com/open-cogs/planet-stac/tanager1-release2-core-imagery/thumbnail/20250608_014315_58_4001_thumb.png
coastal-water-bodies,20250712_100036_58_4001,2025-07-12T10:00:36.582998Z,2,0,standard,standard_sensitivity,"Ντεπώ, 5th District of Thessaloniki, Thessaloniki Municipal Unit, Municipality of Thessaloniki, Thessaloniki Regional Unit, Central Macedonia, Macedonia and Thrace, 546 46, Greece",70.0,156.9,82.1,7.9,33.73,"[22.822307550239948, 40.5091318791534, 23.103709836950323, 40.69061388229191]",40.59987288072266,22.963008693595135,https://storage.googleapis.com/open-cogs/planet-stac/tanager1-release2-core-imagery/basic_beta_udm/20250712_100036_58_4001_basic_beta_udm.tif,https://storage.googleapis.com/open-cogs/planet-stac/tanager1-release2-core-imagery/basic_radiance_hdf5/20250712_100036_58_4001_basic_radiance_hdf5.h5,https://storage.googleapis.com/open-cogs/planet-stac/tanager1-release2-core-imagery/basic_sr_hdf5/20250712_100036_58_4001_basic_sr_hdf5.h5,https://storage.googleapis.com/open-cogs/planet-stac/tanager1-release2-core-imagery/geolocation_array/20250712_100036_58_4001_geolocation_array.tif,https://storage.googleapis.com/open-cogs/planet-stac/tanager1-release2-core-imagery/ortho_beta_udm/20250712_100036_58_4001_ortho_beta_udm.tif,,https://storage.googleapis.com/open-cogs/planet-stac/tanager1-release2-core-imagery/ortho_radiance_hdf5/20250712_100036_58_4001_ortho_radiance_hdf5.h5,https://storage.googleapis.com/open-cogs/planet-stac/tanager1-release2-core-imagery/ortho_sr_hdf5/20250712_100036_58_4001_ortho_sr_hdf5.h5,https://storage.googleapis.com/open-cogs/planet-stac/tanager1-release2-core-imagery/ortho_visual/20250712_100036_58_4001_ortho_visual.tif,,,https://storage.googleapis.com/open-cogs/planet-stac/tanager1-release2-core-imagery/thumbnail/20250712_100036_58_4001_thumb.png
coastal-water-bodies,20250712_100040_74_4001,2025-07-12T10:00:40.748092Z,0,0,standard,standard_sensitivity,"Επανομή, Thermaikos Municipality, Thessaloniki Regional Unit, Central Macedonia, Macedonia and Thrace, 575 00, Greece",70.2,156.7,94.8,7.5,33.27,"[22.78138617668787, 40.36670631578734, 23.06150957833444, 40.54854774222121]",40.45762702900427,22.921447877511156,https://storage.googleapis.com/open-cogs/planet-stac/tanager1-release2-core-imagery/basic_beta_udm/20250712_100040_74_4001_basic_beta_udm.tif,https://storage.googleapis.com/open-cogs/planet-stac/tanager1-release2-core-imagery/basic_radiance_hdf5/20250712_100040_74_4001_basic_radiance_hdf5.h5,https://storage.googleapis.com/open-cogs/planet-stac/tanager1-release2-core-imagery/basic_sr_hdf5/20250712_100040_74_4001_basic_sr_hdf5.h5,https://storage.googleapis.com/open-cogs/planet-stac/tanager1-release2-core-imagery/geolocation_array/20250712_100040_74_4001_geolocation_array.tif,https://storage.googleapis.com/open-cogs/planet-stac/tanager1-release2-core-imagery/ortho_beta_udm/20250712_100040_74_4001_ortho_beta_udm.tif,,https://storage.googleapis.com/open-cogs/planet-stac/tanager1-release2-core-imagery/ortho_radiance_hdf5/20250712_100040_74_4001_ortho_radiance_hdf5.h5,https://storage.googleapis.com/open-cogs/planet-stac/tanager1-release2-core-imagery/ortho_sr_hdf5/20250712_100040_74_4001_ortho_sr_hdf5.h5,https://storage.googleapis.com/open-cogs/planet-stac/tanager1-release2-core-imagery/ortho_visual/20250712_100040_74_4001_ortho_visual.tif,,,https://storage.googleapis.com/open-cogs/planet-stac/tanager1-release2-core-imagery/thumbnail/20250712_100040_74_4001_thumb.png
coastal-water-bodies,20250919_170233_04_4001,2025-09-19T17:02:33.040000Z,0,0,standard,standard_sensitivity,"Town of Webster, Monroe County, New York, 14580, United States",48.0,179.7,288.7,16.0,35.46,"[-77.63611996091299, 43.12267077491917, -77.30210400350924, 43.383808223015016]",43.25323949896709,-77.46911198221112,https://storage.googleapis.com/open-cogs/planet-stac/tanager1-release2-core-imagery/basic_beta_udm/20250919_170233_04_4001_basic_beta_udm.tif,https://storage.googleapis.com/open-cogs/planet-stac/tanager1-release2-core-imagery/basic_radiance_hdf5/20250919_170233_04_4001_basic_radiance_hdf5.h5,https://storage.googleapis.com/open-cogs/planet-stac/tanager1-release2-core-imagery/basic_sr_hdf5/20250919_170233_04_4001_basic_sr_hdf5.h5,https://storage.googleapis.com/open-cogs/planet-stac/tanager1-release2-core-imagery/geolocation_array/20250919_170233_04_4001_geolocation_array.tif,https://storage.googleapis.com/open-cogs/planet-stac/tanager1-release2-core-imagery/ortho_beta_udm/20250919_170233_04_4001_ortho_beta_udm.tif,,https://storage.googleapis.com/open-cogs/planet-stac/tanager1-release2-core-imagery/ortho_radiance_hdf5/20250919_170233_04_4001_ortho_radiance_hdf5.h5,https://storage.googleapis.com/open-cogs/planet-stac/tanager1-release2-core-imagery/ortho_sr_hdf5/20250919_170233_04_4001_ortho_sr_hdf5.h5,https://storage.googleapis.com/open-cogs/planet-stac/tanager1-release2-core-imagery/ortho_visual/20250919_170233_04_4001_ortho_visual.tif,,,https://storage.googleapis.com/open-cogs/planet-stac/tanager1-release2-core-imagery/thumbnail/20250919_170233_04_4001_thumb.png
coastal-water-bodies,20250903_164714_08_4001,2025-09-03T16:47:14.086999Z,1,0,standard,standard_sensitivity,"Town of Webster, Monroe County, New York, 14580, United States",53.7,170.8,93.2,17.7,36.08,"[-77.64123596139332, 43.122689125045405, -77.30193512878917, 43.379680011229496]",43.25118456813745,-77.47158554509124,https://storage.googleapis.com/open-cogs/planet-stac/tanager1-release2-core-imagery/basic_beta_udm/20250903_164714_08_4001_basic_beta_udm.tif,https://storage.googleapis.com/open-cogs/planet-stac/tanager1-release2-core-imagery/basic_radiance_hdf5/20250903_164714_08_4001_basic_radiance_hdf5.h5,https://storage.googleapis.com/open-cogs/planet-stac/tanager1-release2-core-imagery/basic_sr_hdf5/20250903_164714_08_4001_basic_sr_hdf5.h5,https://storage.googleapis.com/open-cogs/planet-stac/tanager1-release2-core-imagery/geolocation_array/20250903_164714_08_4001_geolocation_array.tif,https://storage.googleapis.com/open-cogs/planet-stac/tanager1-release2-core-imagery/ortho_beta_udm/20250903_164714_08_4001_ortho_beta_udm.tif,,https://storage.googleapis.com/open-cogs/planet-stac/tanager1-release2-core-imagery/ortho_radiance_hdf5/20250903_164714_08_4001_ortho_radiance_hdf5.h5,https://storage.googleapis.com/open-cogs/planet-stac/tanager1-release2-core-imagery/ortho_sr_hdf5/20250903_164714_08_4001_ortho_sr_hdf5.h5,https://storage.googleapis.com/open-cogs/planet-stac/tanager1-release2-core-imagery/ortho_visual/20250903_164714_08_4001_ortho_visual.tif,,,https://storage.googleapis.com/open-cogs/planet-stac/tanager1-release2-core-imagery/thumbnail/20250903_164714_08_4001_thumb.png
coastal-water-bodies,20250801_165544_61_4001,2025-08-01T16:55:44.617000Z,0,0,standard,standard_sensitivity,"Monroe County, New York, United States",64.1,168.7,289.7,13.6,35.16,"[-77.66699413876005, 43.21591713637559, -77.35943465790183, 43.41294397675724]",43.314430556566414,-77.51321439833094,https://storage.googleapis.com/open-cogs/planet-stac/tanager1-release2-core-imagery/basic_beta_udm/20250801_165544_61_4001_basic_beta_udm.tif,https://storage.googleapis.com/open-cogs/planet-stac/tanager1-release2-core-imagery/basic_radiance_hdf5/20250801_165544_61_4001_basic_radiance_hdf5.h5,https://storage.googleapis.com/open-cogs/planet-stac/tanager1-release2-core-imagery/basic_sr_hdf5/20250801_165544_61_4001_basic_sr_hdf5.h5,https://storage.googleapis.com/open-cogs/planet-stac/tanager1-release2-core-imagery/geolocation_array/20250801_165544_61_4001_geolocation_array.tif,https://storage.googleapis.com/open-cogs/planet-stac/tanager1-release2-core-imagery/ortho_beta_udm/20250801_165544_61_4001_ortho_beta_udm.tif,,https://storage.googleapis.com/open-cogs/planet-stac/tanager1-release2-core-imagery/ortho_radiance_hdf5/20250801_165544_61_4001_ortho_radiance_hdf5.h5,https://storage.googleapis.com/open-cogs/planet-stac/tanager1-release2-core-imagery/ortho_sr_hdf5/20250801_165544_61_4001_ortho_sr_hdf5.h5,https://storage.googleapis.com/open-cogs/planet-stac/tanager1-release2-core-imagery/ortho_visual/20250801_165544_61_4001_ortho_visual.tif,,,https://storage.googleapis.com/open-cogs/planet-stac/tanager1-release2-core-imagery/thumbnail/20250801_165544_61_4001_thumb.png
coastal-water-bodies,20250704_165204_61_4001,2025-07-04T16:52:04.617000Z,0,0,standard,standard_sensitivity,"Monroe County, New York, United States",69.0,165.4,292.6,13.3,35.04,"[-77.66597314473135, 43.21887071657264, -77.35892461648284, 43.415879224761575]",43.3173749706671,-77.5124488806071,https://storage.googleapis.com/open-cogs/planet-stac/tanager1-release2-core-imagery/basic_beta_udm/20250704_165204_61_4001_basic_beta_udm.tif,https://storage.googleapis.com/open-cogs/planet-stac/tanager1-release2-core-imagery/basic_radiance_hdf5/20250704_165204_61_4001_basic_radiance_hdf5.h5,https://storage.googleapis.com/open-cogs/planet-stac/tanager1-release2-core-imagery/basic_sr_hdf5/20250704_165204_61_4001_basic_sr_hdf5.h5,https://storage.googleapis.com/open-cogs/planet-stac/tanager1-release2-core-imagery/geolocation_array/20250704_165204_61_4001_geolocation_array.tif,https://storage.googleapis.com/open-cogs/planet-stac/tanager1-release2-core-imagery/ortho_beta_udm/20250704_165204_61_4001_ortho_beta_udm.tif,,https://storage.googleapis.com/open-cogs/planet-stac/tanager1-release2-core-imagery/ortho_radiance_hdf5/20250704_165204_61_4001_ortho_radiance_hdf5.h5,https://storage.googleapis.com/open-cogs/planet-stac/tanager1-release2-core-imagery/ortho_sr_hdf5/20250704_165204_61_4001_ortho_sr_hdf5.h5,https://storage.googleapis.com/open-cogs/planet-stac/tanager1-release2-core-imagery/ortho_visual/20250704_165204_61_4001_ortho_visual.tif,,,https://storage.googleapis.com/open-cogs/planet-stac/tanager1-release2-core-imagery/thumbnail/20250704_165204_61_4001_thumb.png
coastal-water-bodies,20250914_171527_18_4001,2025-09-14T17:15:27.194444Z,1,0,standard,maximum_sensitivity,"Melvindale, Wayne County, Michigan, 48122, United States",50.8,175.1,33.7,12.2,35.22,"[-83.33175247670914, 42.14831477016702, -83.01418472462309, 42.40408910830337]",42.27620193923519,-83.17296860066611,https://storage.googleapis.com/open-cogs/planet-stac/tanager1-release2-core-imagery/basic_beta_udm/20250914_171527_18_4001_basic_beta_udm.tif,https://storage.googleapis.com/open-cogs/planet-stac/tanager1-release2-core-imagery/basic_radiance_hdf5/20250914_171527_18_4001_basic_radiance_hdf5.h5,https://storage.googleapis.com/open-cogs/planet-stac/tanager1-release2-core-imagery/basic_sr_hdf5/20250914_171527_18_4001_basic_sr_hdf5.h5,https://storage.googleapis.com/open-cogs/planet-stac/tanager1-release2-core-imagery/geolocation_array/20250914_171527_18_4001_geolocation_array.tif,https://storage.googleapis.com/open-cogs/planet-stac/tanager1-release2-core-imagery/ortho_beta_udm/20250914_171527_18_4001_ortho_beta_udm.tif,,https://storage.googleapis.com/open-cogs/planet-stac/tanager1-release2-core-imagery/ortho_radiance_hdf5/20250914_171527_18_4001_ortho_radiance_hdf5.h5,https://storage.googleapis.com/open-cogs/planet-stac/tanager1-release2-core-imagery/ortho_sr_hdf5/20250914_171527_18_4001_ortho_sr_hdf5.h5,https://storage.googleapis.com/open-cogs/planet-stac/tanager1-release2-core-imagery/ortho_visual/20250914_171527_18_4001_ortho_visual.tif,,,https://storage.googleapis.com/open-cogs/planet-stac/tanager1-release2-core-imagery/thumbnail/20250914_171527_18_4001_thumb.png
coastal-water-bodies,20250914_171551_87_4001,2025-09-14T17:15:51.886317Z,1,0,standard,maximum_sensitivity,"South Rockwood, Monroe County, Michigan, United States",51.0,175.1,164.2,9.3,33.71,"[-83.40243323393392, 41.92722232885645, -83.0899726338002, 42.187816085646844]",42.057519207251644,-83.24620293386707,https://storage.googleapis.com/open-cogs/planet-stac/tanager1-release2-core-imagery/basic_beta_udm/20250914_171551_87_4001_basic_beta_udm.tif,https://storage.googleapis.com/open-cogs/planet-stac/tanager1-release2-core-imagery/basic_radiance_hdf5/20250914_171551_87_4001_basic_radiance_hdf5.h5,https://storage.googleapis.com/open-cogs/planet-stac/tanager1-release2-core-imagery/basic_sr_hdf5/20250914_171551_87_4001_basic_sr_hdf5.h5,https://storage.googleapis.com/open-cogs/planet-stac/tanager1-release2-core-imagery/geolocation_array/20250914_171551_87_4001_geolocation_array.tif,https://storage.googleapis.com/open-cogs/planet-stac/tanager1-release2-core-imagery/ortho_beta_udm/20250914_171551_87_4001_ortho_beta_udm.tif,,https://storage.googleapis.com/open-cogs/planet-stac/tanager1-release2-core-imagery/ortho_radiance_hdf5/20250914_171551_87_4001_ortho_radiance_hdf5.h5,https://storage.googleapis.com/open-cogs/planet-stac/tanager1-release2-core-imagery/ortho_sr_hdf5/20250914_171551_87_4001_ortho_sr_hdf5.h5,https://storage.googleapis.com/open-cogs/planet-stac/tanager1-release2-core-imagery/ortho_visual/20250914_171551_87_4001_ortho_visual.tif,,,https://storage.googleapis.com/open-cogs/planet-stac/tanager1-release2-core-imagery/thumbnail/20250914_171551_87_4001_thumb.png
coastal-water-bodies,20250926_092059_95_4001,2025-09-26T09:20:59.952000Z,8,0,standard,standard_sensitivity,"El Gouna, Red Sea, 84513, Egypt",60.9,171.9,331.6,4.6,32.93,"[33.51147360689734, 27.333639798504727, 33.75755119812752, 27.565149621161954]",27.449394709833342,33.63451240251243,https://storage.googleapis.com/open-cogs/planet-stac/tanager1-release2-core-imagery/basic_beta_udm/20250926_092059_95_4001_basic_beta_udm.tif,https://storage.googleapis.com/open-cogs/planet-stac/tanager1-release2-core-imagery/basic_radiance_hdf5/20250926_092059_95_4001_basic_radiance_hdf5.h5,https://storage.googleapis.com/open-cogs/planet-stac/tanager1-release2-core-imagery/basic_sr_hdf5/20250926_092059_95_4001_basic_sr_hdf5.h5,https://storage.googleapis.com/open-cogs/planet-stac/tanager1-release2-core-imagery/geolocation_array/20250926_092059_95_4001_geolocation_array.tif,https://storage.googleapis.com/open-cogs/planet-stac/tanager1-release2-core-imagery/ortho_beta_udm/20250926_092059_95_4001_ortho_beta_udm.tif,,https://storage.googleapis.com/open-cogs/planet-stac/tanager1-release2-core-imagery/ortho_radiance_hdf5/20250926_092059_95_4001_ortho_radiance_hdf5.h5,https://storage.googleapis.com/open-cogs/planet-stac/tanager1-release2-core-imagery/ortho_sr_hdf5/20250926_092059_95_4001_ortho_sr_hdf5.h5,https://storage.googleapis.com/open-cogs/planet-stac/tanager1-release2-core-imagery/ortho_visual/20250926_092059_95_4001_ortho_visual.tif,,,https://storage.googleapis.com/open-cogs/planet-stac/tanager1-release2-core-imagery/thumbnail/20250926_092059_95_4001_thumb.png
coastal-water-bodies,20250626_082641_74_4001,2025-06-26T08:26:41.747094Z,0,0,standard,standard_sensitivity,"Uachave, Cidade de Quelimane, Zambezia Province, Zona Centro, 2400, Mozambique",45.5,22.7,99.6,13.6,34.68,"[36.768422052829266, -17.966579048731468, 36.99832734297846, -17.778402617226725]",-17.872490832979096,36.88337469790386,https://storage.googleapis.com/open-cogs/planet-stac/tanager1-release2-core-imagery/basic_beta_udm/20250626_082641_74_4001_basic_beta_udm.tif,https://storage.googleapis.com/open-cogs/planet-stac/tanager1-release2-core-imagery/basic_radiance_hdf5/20250626_082641_74_4001_basic_radiance_hdf5.h5,https://storage.googleapis.com/open-cogs/planet-stac/tanager1-release2-core-imagery/basic_sr_hdf5/20250626_082641_74_4001_basic_sr_hdf5.h5,https://storage.googleapis.com/open-cogs/planet-stac/tanager1-release2-core-imagery/geolocation_array/20250626_082641_74_4001_geolocation_array.tif,https://storage.googleapis.com/open-cogs/planet-stac/tanager1-release2-core-imagery/ortho_beta_udm/20250626_082641_74_4001_ortho_beta_udm.tif,,https://storage.googleapis.com/open-cogs/planet-stac/tanager1-release2-core-imagery/ortho_radiance_hdf5/20250626_082641_74_4001_ortho_radiance_hdf5.h5,https://storage.googleapis.com/open-cogs/planet-stac/tanager1-release2-core-imagery/ortho_sr_hdf5/20250626_082641_74_4001_ortho_sr_hdf5.h5,https://storage.googleapis.com/open-cogs/planet-stac/tanager1-release2-core-imagery/ortho_visual/20250626_082641_74_4001_ortho_visual.tif,,,https://storage.googleapis.com/open-cogs/planet-stac/tanager1-release2-core-imagery/thumbnail/20250626_082641_74_4001_thumb.png
coastal-water-bodies,20250827_091452_85_4001,2025-08-27T09:14:52.850093Z,0,0,standard,standard_sensitivity,"Kafue District, Lusaka Province, Zambia",61.0,28.8,94.2,2.6,32.87,"[27.80013979984794, -15.8241936585786, 28.01315886534744, -15.64470416874186]",-15.73444891366023,27.906649332597688,https://storage.googleapis.com/open-cogs/planet-stac/tanager1-release2-core-imagery/basic_beta_udm/20250827_091452_85_4001_basic_beta_udm.tif,https://storage.googleapis.com/open-cogs/planet-stac/tanager1-release2-core-imagery/basic_radiance_hdf5/20250827_091452_85_4001_basic_radiance_hdf5.h5,https://storage.googleapis.com/open-cogs/planet-stac/tanager1-release2-core-imagery/basic_sr_hdf5/20250827_091452_85_4001_basic_sr_hdf5.h5,https://storage.googleapis.com/open-cogs/planet-stac/tanager1-release2-core-imagery/geolocation_array/20250827_091452_85_4001_geolocation_array.tif,https://storage.googleapis.com/open-cogs/planet-stac/tanager1-release2-core-imagery/ortho_beta_udm/20250827_091452_85_4001_ortho_beta_udm.tif,,https://storage.googleapis.com/open-cogs/planet-stac/tanager1-release2-core-imagery/ortho_radiance_hdf5/20250827_091452_85_4001_ortho_radiance_hdf5.h5,https://storage.googleapis.com/open-cogs/planet-stac/tanager1-release2-core-imagery/ortho_sr_hdf5/20250827_091452_85_4001_ortho_sr_hdf5.h5,https://storage.googleapis.com/open-cogs/planet-stac/tanager1-release2-core-imagery/ortho_visual/20250827_091452_85_4001_ortho_visual.tif,,,https://storage.googleapis.com/open-cogs/planet-stac/tanager1-release2-core-imagery/thumbnail/20250827_091452_85_4001_thumb.png
coastal-water-bodies,20250829_092857_80_4001,2025-08-29T09:28:57.802000Z,0,0,standard,standard_sensitivity,"Zambezi, Namibia",60.2,26.3,286.9,10.4,33.72,"[24.987542570197018, -17.848370964243085, 25.224630485951828, -17.593718166612902]",-17.721044565427995,25.10608652807442,https://storage.googleapis.com/open-cogs/planet-stac/tanager1-release2-core-imagery/basic_beta_udm/20250829_092857_80_4001_basic_beta_udm.tif,https://storage.googleapis.com/open-cogs/planet-stac/tanager1-release2-core-imagery/basic_radiance_hdf5/20250829_092857_80_4001_basic_radiance_hdf5.h5,https://storage.googleapis.com/open-cogs/planet-stac/tanager1-release2-core-imagery/basic_sr_hdf5/20250829_092857_80_4001_basic_sr_hdf5.h5,https://storage.googleapis.com/open-cogs/planet-stac/tanager1-release2-core-imagery/geolocation_array/20250829_092857_80_4001_geolocation_array.tif,https://storage.googleapis.com/open-cogs/planet-stac/tanager1-release2-core-imagery/ortho_beta_udm/20250829_092857_80_4001_ortho_beta_udm.tif,,https://storage.googleapis.com/open-cogs/planet-stac/tanager1-release2-core-imagery/ortho_radiance_hdf5/20250829_092857_80_4001_ortho_radiance_hdf5.h5,https://storage.googleapis.com/open-cogs/planet-stac/tanager1-release2-core-imagery/ortho_sr_hdf5/20250829_092857_80_4001_ortho_sr_hdf5.h5,https://storage.googleapis.com/open-cogs/planet-stac/tanager1-release2-core-imagery/ortho_visual/20250829_092857_80_4001_ortho_visual.tif,,,https://storage.googleapis.com/open-cogs/planet-stac/tanager1-release2-core-imagery/thumbnail/20250829_092857_80_4001_thumb.png
coastal-water-bodies,20250831_185120_93_4001,2025-08-31T18:51:20.930000Z,1,0,standard,standard_sensitivity,"Municipio de Loreto, Baja California Sur, Mexico",70.4,153.9,97.7,15.1,34.77,"[-111.49869779143773, 26.021766922100355, -111.2383457667967, 26.276589806259274]",26.149178364179814,-111.36852177911722,https://storage.googleapis.com/open-cogs/planet-stac/tanager1-release2-core-imagery/basic_beta_udm/20250831_185120_93_4001_basic_beta_udm.tif,https://storage.googleapis.com/open-cogs/planet-stac/tanager1-release2-core-imagery/basic_radiance_hdf5/20250831_185120_93_4001_basic_radiance_hdf5.h5,https://storage.googleapis.com/open-cogs/planet-stac/tanager1-release2-core-imagery/basic_sr_hdf5/20250831_185120_93_4001_basic_sr_hdf5.h5,https://storage.googleapis.com/open-cogs/planet-stac/tanager1-release2-core-imagery/geolocation_array/20250831_185120_93_4001_geolocation_array.tif,https://storage.googleapis.com/open-cogs/planet-stac/tanager1-release2-core-imagery/ortho_beta_udm/20250831_185120_93_4001_ortho_beta_udm.tif,,https://storage.googleapis.com/open-cogs/planet-stac/tanager1-release2-core-imagery/ortho_radiance_hdf5/20250831_185120_93_4001_ortho_radiance_hdf5.h5,https://storage.googleapis.com/open-cogs/planet-stac/tanager1-release2-core-imagery/ortho_sr_hdf5/20250831_185120_93_4001_ortho_sr_hdf5.h5,https://storage.googleapis.com/open-cogs/planet-stac/tanager1-release2-core-imagery/ortho_visual/20250831_185120_93_4001_ortho_visual.tif,,,https://storage.googleapis.com/open-cogs/planet-stac/tanager1-release2-core-imagery/thumbnail/20250831_185120_93_4001_thumb.png
coastal-water-bodies,20250824_171857_84_4001,2025-08-24T17:18:57.841094Z,6,0,standard,standard_sensitivity,"Corozal Town, Corozal, Belize",78.3,129.1,315.8,1.3,32.86,"[-88.49591740594977, 18.310226290436674, -88.28001192163296, 18.491052576270565]",18.400639433353618,-88.38796466379137,https://storage.googleapis.com/open-cogs/planet-stac/tanager1-release2-core-imagery/basic_beta_udm/20250824_171857_84_4001_basic_beta_udm.tif,https://storage.googleapis.com/open-cogs/planet-stac/tanager1-release2-core-imagery/basic_radiance_hdf5/20250824_171857_84_4001_basic_radiance_hdf5.h5,https://storage.googleapis.com/open-cogs/planet-stac/tanager1-release2-core-imagery/basic_sr_hdf5/20250824_171857_84_4001_basic_sr_hdf5.h5,https://storage.googleapis.com/open-cogs/planet-stac/tanager1-release2-core-imagery/geolocation_array/20250824_171857_84_4001_geolocation_array.tif,https://storage.googleapis.com/open-cogs/planet-stac/tanager1-release2-core-imagery/ortho_beta_udm/20250824_171857_84_4001_ortho_beta_udm.tif,,https://storage.googleapis.com/open-cogs/planet-stac/tanager1-release2-core-imagery/ortho_radiance_hdf5/20250824_171857_84_4001_ortho_radiance_hdf5.h5,https://storage.googleapis.com/open-cogs/planet-stac/tanager1-release2-core-imagery/ortho_sr_hdf5/20250824_171857_84_4001_ortho_sr_hdf5.h5,https://storage.googleapis.com/open-cogs/planet-stac/tanager1-release2-core-imagery/ortho_visual/20250824_171857_84_4001_ortho_visual.tif,,,https://storage.googleapis.com/open-cogs/planet-stac/tanager1-release2-core-imagery/thumbnail/20250824_171857_84_4001_thumb.png
coastal-water-bodies,20250223_165546_32_4001,2025-02-23T16:55:46.321891Z,0,0,standard,standard_sensitivity,"Usulután, 3401, El Salvador",61.2,141.3,263.4,11.2,32.85,"[-88.56425877863482, 13.139414553891845, -88.34746243694369, 13.316052417927148]",13.227733485909496,-88.45586060778925,https://storage.googleapis.com/open-cogs/planet-stac/tanager1-release2-core-imagery/basic_beta_udm/20250223_165546_32_4001_basic_beta_udm.tif,https://storage.googleapis.com/open-cogs/planet-stac/tanager1-release2-core-imagery/basic_radiance_hdf5/20250223_165546_32_4001_basic_radiance_hdf5.h5,https://storage.googleapis.com/open-cogs/planet-stac/tanager1-release2-core-imagery/basic_sr_hdf5/20250223_165546_32_4001_basic_sr_hdf5.h5,https://storage.googleapis.com/open-cogs/planet-stac/tanager1-release2-core-imagery/geolocation_array/20250223_165546_32_4001_geolocation_array.tif,https://storage.googleapis.com/open-cogs/planet-stac/tanager1-release2-core-imagery/ortho_beta_udm/20250223_165546_32_4001_ortho_beta_udm.tif,,https://storage.googleapis.com/open-cogs/planet-stac/tanager1-release2-core-imagery/ortho_radiance_hdf5/20250223_165546_32_4001_ortho_radiance_hdf5.h5,https://storage.googleapis.com/open-cogs/planet-stac/tanager1-release2-core-imagery/ortho_sr_hdf5/20250223_165546_32_4001_ortho_sr_hdf5.h5,https://storage.googleapis.com/open-cogs/planet-stac/tanager1-release2-core-imagery/ortho_visual/20250223_165546_32_4001_ortho_visual.tif,,,https://storage.googleapis.com/open-cogs/planet-stac/tanager1-release2-core-imagery/thumbnail/20250223_165546_32_4001_thumb.png
coastal-water-bodies,20250916_144245_51_4001,2025-09-16T14:42:45.516999Z,3,0,standard,standard_sensitivity,"Campo de Mayo, Partido de San Miguel, Buenos Aires, 1659, Argentina",49.9,26.3,97.8,25.5,38.95,"[-58.77271133313979, -34.64350389976002, -58.45770955089028, -34.43101881786365]",-34.53726135881183,-58.615210442015034,https://storage.googleapis.com/open-cogs/planet-stac/tanager1-release2-core-imagery/basic_beta_udm/20250916_144245_51_4001_basic_beta_udm.tif,https://storage.googleapis.com/open-cogs/planet-stac/tanager1-release2-core-imagery/basic_radiance_hdf5/20250916_144245_51_4001_basic_radiance_hdf5.h5,https://storage.googleapis.com/open-cogs/planet-stac/tanager1-release2-core-imagery/basic_sr_hdf5/20250916_144245_51_4001_basic_sr_hdf5.h5,https://storage.googleapis.com/open-cogs/planet-stac/tanager1-release2-core-imagery/geolocation_array/20250916_144245_51_4001_geolocation_array.tif,https://storage.googleapis.com/open-cogs/planet-stac/tanager1-release2-core-imagery/ortho_beta_udm/20250916_144245_51_4001_ortho_beta_udm.tif,,https://storage.googleapis.com/open-cogs/planet-stac/tanager1-release2-core-imagery/ortho_radiance_hdf5/20250916_144245_51_4001_ortho_radiance_hdf5.h5,https://storage.googleapis.com/open-cogs/planet-stac/tanager1-release2-core-imagery/ortho_sr_hdf5/20250916_144245_51_4001_ortho_sr_hdf5.h5,https://storage.googleapis.com/open-cogs/planet-stac/tanager1-release2-core-imagery/ortho_visual/20250916_144245_51_4001_ortho_visual.tif,,,https://storage.googleapis.com/open-cogs/planet-stac/tanager1-release2-core-imagery/thumbnail/20250916_144245_51_4001_thumb.png
coastal-water-bodies,20250407_035451_00_4001,2025-04-07T03:54:51.012445Z,0,16,standard,maximum_sensitivity,"Khu phố 22, Phường Hiệp Bình, Thủ Đức, Ho Chi Minh City, Vietnam",74.6,103.5,24.4,16.6,34.66,"[106.59595359085495, 10.74422514543046, 106.81856896212841, 10.932700725032094]",10.838462935231277,106.70726127649168,https://storage.googleapis.com/open-cogs/planet-stac/tanager1-release2-core-imagery/basic_beta_udm/20250407_035451_00_4001_basic_beta_udm.tif,https://storage.googleapis.com/open-cogs/planet-stac/tanager1-release2-core-imagery/basic_radiance_hdf5/20250407_035451_00_4001_basic_radiance_hdf5.h5,https://storage.googleapis.com/open-cogs/planet-stac/tanager1-release2-core-imagery/basic_sr_hdf5/20250407_035451_00_4001_basic_sr_hdf5.h5,https://storage.googleapis.com/open-cogs/planet-stac/tanager1-release2-core-imagery/geolocation_array/20250407_035451_00_4001_geolocation_array.tif,https://storage.googleapis.com/open-cogs/planet-stac/tanager1-release2-core-imagery/ortho_beta_udm/20250407_035451_00_4001_ortho_beta_udm.tif,,https://storage.googleapis.com/open-cogs/planet-stac/tanager1-release2-core-imagery/ortho_radiance_hdf5/20250407_035451_00_4001_ortho_radiance_hdf5.h5,https://storage.googleapis.com/open-cogs/planet-stac/tanager1-release2-core-imagery/ortho_sr_hdf5/20250407_035451_00_4001_ortho_sr_hdf5.h5,https://storage.googleapis.com/open-cogs/planet-stac/tanager1-release2-core-imagery/ortho_visual/20250407_035451_00_4001_ortho_visual.tif,,,https://storage.googleapis.com/open-cogs/planet-stac/tanager1-release2-core-imagery/thumbnail/20250407_035451_00_4001_thumb.png
coastal-water-bodies,20250407_035527_47_4001,2025-04-07T03:55:27.486058Z,0,1,standard,maximum_sensitivity,"Tân Lân, Xã Tân Lân, Tây Ninh Province, Vietnam",74.8,102.5,174.7,13.5,31.82,"[106.53005721289843, 10.426990452983638, 106.74715978426075, 10.622452514498487]",10.524721483741063,106.63860849857959,https://storage.googleapis.com/open-cogs/planet-stac/tanager1-release2-core-imagery/basic_beta_udm/20250407_035527_47_4001_basic_beta_udm.tif,https://storage.googleapis.com/open-cogs/planet-stac/tanager1-release2-core-imagery/basic_radiance_hdf5/20250407_035527_47_4001_basic_radiance_hdf5.h5,https://storage.googleapis.com/open-cogs/planet-stac/tanager1-release2-core-imagery/basic_sr_hdf5/20250407_035527_47_4001_basic_sr_hdf5.h5,https://storage.googleapis.com/open-cogs/planet-stac/tanager1-release2-core-imagery/geolocation_array/20250407_035527_47_4001_geolocation_array.tif,https://storage.googleapis.com/open-cogs/planet-stac/tanager1-release2-core-imagery/ortho_beta_udm/20250407_035527_47_4001_ortho_beta_udm.tif,,https://storage.googleapis.com/open-cogs/planet-stac/tanager1-release2-core-imagery/ortho_radiance_hdf5/20250407_035527_47_4001_ortho_radiance_hdf5.h5,https://storage.googleapis.com/open-cogs/planet-stac/tanager1-release2-core-imagery/ortho_sr_hdf5/20250407_035527_47_4001_ortho_sr_hdf5.h5,https://storage.googleapis.com/open-cogs/planet-stac/tanager1-release2-core-imagery/ortho_visual/20250407_035527_47_4001_ortho_visual.tif,,,https://storage.googleapis.com/open-cogs/planet-stac/tanager1-release2-core-imagery/thumbnail/20250407_035527_47_4001_thumb.png
coastal-water-bodies,20250506_044922_74_4001,2025-05-06T04:49:22.740678Z,0,0,standard,standard_sensitivity,"Yae Lel Thit, Kamma Township, Thayet District, Magway, Myanmar",78.6,101.0,18.7,27.2,33.97,"[95.00698753378737, 19.028278321692287, 95.25692603811174, 19.22886492708767]",19.128571624389977,95.13195678594955,https://storage.googleapis.com/open-cogs/planet-stac/tanager1-release2-core-imagery/basic_beta_udm/20250506_044922_74_4001_basic_beta_udm.tif,https://storage.googleapis.com/open-cogs/planet-stac/tanager1-release2-core-imagery/basic_radiance_hdf5/20250506_044922_74_4001_basic_radiance_hdf5.h5,https://storage.googleapis.com/open-cogs/planet-stac/tanager1-release2-core-imagery/basic_sr_hdf5/20250506_044922_74_4001_basic_sr_hdf5.h5,https://storage.googleapis.com/open-cogs/planet-stac/tanager1-release2-core-imagery/geolocation_array/20250506_044922_74_4001_geolocation_array.tif,https://storage.googleapis.com/open-cogs/planet-stac/tanager1-release2-core-imagery/ortho_beta_udm/20250506_044922_74_4001_ortho_beta_udm.tif,,https://storage.googleapis.com/open-cogs/planet-stac/tanager1-release2-core-imagery/ortho_radiance_hdf5/20250506_044922_74_4001_ortho_radiance_hdf5.h5,https://storage.googleapis.com/open-cogs/planet-stac/tanager1-release2-core-imagery/ortho_sr_hdf5/20250506_044922_74_4001_ortho_sr_hdf5.h5,https://storage.googleapis.com/open-cogs/planet-stac/tanager1-release2-core-imagery/ortho_visual/20250506_044922_74_4001_ortho_visual.tif,,,https://storage.googleapis.com/open-cogs/planet-stac/tanager1-release2-core-imagery/thumbnail/20250506_044922_74_4001_thumb.png
coastal-water-bodies,20251001_165049_07_4001,2025-10-01T16:50:49.072000Z,1,0,standard,standard_sensitivity,"Town of Webster, Monroe County, New York, 14580, United States",43.2,177.1,100.6,17.2,36.12,"[-77.64024314382308, 43.123982136196574, -77.30936090127204, 43.38161139083179]",43.25279676351418,-77.47480202254756,https://storage.googleapis.com/open-cogs/planet-stac/tanager1-release2-core-imagery/basic_beta_udm/20251001_165049_07_4001_basic_beta_udm.tif,https://storage.googleapis.com/open-cogs/planet-stac/tanager1-release2-core-imagery/basic_radiance_hdf5/20251001_165049_07_4001_basic_radiance_hdf5.h5,https://storage.googleapis.com/open-cogs/planet-stac/tanager1-release2-core-imagery/basic_sr_hdf5/20251001_165049_07_4001_basic_sr_hdf5.h5,https://storage.googleapis.com/open-cogs/planet-stac/tanager1-release2-core-imagery/geolocation_array/20251001_165049_07_4001_geolocation_array.tif,https://storage.googleapis.com/open-cogs/planet-stac/tanager1-release2-core-imagery/ortho_beta_udm/20251001_165049_07_4001_ortho_beta_udm.tif,,https://storage.googleapis.com/open-cogs/planet-stac/tanager1-release2-core-imagery/ortho_radiance_hdf5/20251001_165049_07_4001_ortho_radiance_hdf5.h5,https://storage.googleapis.com/open-cogs/planet-stac/tanager1-release2-core-imagery/ortho_sr_hdf5/20251001_165049_07_4001_ortho_sr_hdf5.h5,https://storage.googleapis.com/open-cogs/planet-stac/tanager1-release2-core-imagery/ortho_visual/20251001_165049_07_4001_ortho_visual.tif,,,https://storage.googleapis.com/open-cogs/planet-stac/tanager1-release2-core-imagery/thumbnail/20251001_165049_07_4001_thumb.png
coastal-water-bodies,20251015_165255_92_4001,2025-10-15T16:52:55.924000Z,0,0,standard,standard_sensitivity,"Monroe County, New York, United States",38.0,179.1,120.9,17.9,36.38,"[-77.70014401592671, 43.12985152449663, -77.36129653528755, 43.40464629510797]",43.267248909802305,-77.53072027560714,https://storage.googleapis.com/open-cogs/planet-stac/tanager1-release2-core-imagery/basic_beta_udm/20251015_165255_92_4001_basic_beta_udm.tif,https://storage.googleapis.com/open-cogs/planet-stac/tanager1-release2-core-imagery/basic_radiance_hdf5/20251015_165255_92_4001_basic_radiance_hdf5.h5,https://storage.googleapis.com/open-cogs/planet-stac/tanager1-release2-core-imagery/basic_sr_hdf5/20251015_165255_92_4001_basic_sr_hdf5.h5,https://storage.googleapis.com/open-cogs/planet-stac/tanager1-release2-core-imagery/geolocation_array/20251015_165255_92_4001_geolocation_array.tif,https://storage.googleapis.com/open-cogs/planet-stac/tanager1-release2-core-imagery/ortho_beta_udm/20251015_165255_92_4001_ortho_beta_udm.tif,,https://storage.googleapis.com/open-cogs/planet-stac/tanager1-release2-core-imagery/ortho_radiance_hdf5/20251015_165255_92_4001_ortho_radiance_hdf5.h5,https://storage.googleapis.com/open-cogs/planet-stac/tanager1-release2-core-imagery/ortho_sr_hdf5/20251015_165255_92_4001_ortho_sr_hdf5.h5,https://storage.googleapis.com/open-cogs/planet-stac/tanager1-release2-core-imagery/ortho_visual/20251015_165255_92_4001_ortho_visual.tif,,,https://storage.googleapis.com/open-cogs/planet-stac/tanager1-release2-core-imagery/thumbnail/20251015_165255_92_4001_thumb.png
coastal-water-bodies,20251029_165455_83_4001,2025-10-29T16:54:55.836999Z,0,0,standard,standard_sensitivity,"Monroe County, New York, United States",33.1,180.3,96.1,16.1,35.61,"[-77.69888082567029, 43.13409579101486, -77.36126714065985, 43.40070992353285]",43.26740285727385,-77.53007398316507,https://storage.googleapis.com/open-cogs/planet-stac/tanager1-release2-core-imagery/basic_beta_udm/20251029_165455_83_4001_basic_beta_udm.tif,https://storage.googleapis.com/open-cogs/planet-stac/tanager1-release2-core-imagery/basic_radiance_hdf5/20251029_165455_83_4001_basic_radiance_hdf5.h5,https://storage.googleapis.com/open-cogs/planet-stac/tanager1-release2-core-imagery/basic_sr_hdf5/20251029_165455_83_4001_basic_sr_hdf5.h5,https://storage.googleapis.com/open-cogs/planet-stac/tanager1-release2-core-imagery/geolocation_array/20251029_165455_83_4001_geolocation_array.tif,https://storage.googleapis.com/open-cogs/planet-stac/tanager1-release2-core-imagery/ortho_beta_udm/20251029_165455_83_4001_ortho_beta_udm.tif,,https://storage.googleapis.com/open-cogs/planet-stac/tanager1-release2-core-imagery/ortho_radiance_hdf5/20251029_165455_83_4001_ortho_radiance_hdf5.h5,https://storage.googleapis.com/open-cogs/planet-stac/tanager1-release2-core-imagery/ortho_sr_hdf5/20251029_165455_83_4001_ortho_sr_hdf5.h5,https://storage.googleapis.com/open-cogs/planet-stac/tanager1-release2-core-imagery/ortho_visual/20251029_165455_83_4001_ortho_visual.tif,,,https://storage.googleapis.com/open-cogs/planet-stac/tanager1-release2-core-imagery/thumbnail/20251029_165455_83_4001_thumb.png
coastal-water-bodies,20250515_202305_00_4001,2025-05-15T20:23:05Z,7,13,standard,standard_sensitivity,"Inuvialuit Settlement Region, Inuvik Region, Northwest Territories, Canada",33.3,194.9,107.9,9.8,38.98,"[-114.07433456955754, 75.25546646978606, -113.0727166365709, 75.4978472855726]",75.37665687767932,-113.57352560306421,https://storage.googleapis.com/open-cogs/planet-stac/tanager1-release2-core-imagery/basic_beta_udm/20250515_202305_00_4001_basic_beta_udm.tif,https://storage.googleapis.com/open-cogs/planet-stac/tanager1-release2-core-imagery/basic_radiance_hdf5/20250515_202305_00_4001_basic_radiance_hdf5.h5,https://storage.googleapis.com/open-cogs/planet-stac/tanager1-release2-core-imagery/basic_sr_hdf5/20250515_202305_00_4001_basic_sr_hdf5.h5,https://storage.googleapis.com/open-cogs/planet-stac/tanager1-release2-core-imagery/geolocation_array/20250515_202305_00_4001_geolocation_array.tif,https://storage.googleapis.com/open-cogs/planet-stac/tanager1-release2-core-imagery/ortho_beta_udm/20250515_202305_00_4001_ortho_beta_udm.tif,,https://storage.googleapis.com/open-cogs/planet-stac/tanager1-release2-core-imagery/ortho_radiance_hdf5/20250515_202305_00_4001_ortho_radiance_hdf5.h5,https://storage.googleapis.com/open-cogs/planet-stac/tanager1-release2-core-imagery/ortho_sr_hdf5/20250515_202305_00_4001_ortho_sr_hdf5.h5,https://storage.googleapis.com/open-cogs/planet-stac/tanager1-release2-core-imagery/ortho_visual/20250515_202305_00_4001_ortho_visual.tif,,,https://storage.googleapis.com/open-cogs/planet-stac/tanager1-release2-core-imagery/thumbnail/20250515_202305_00_4001_thumb.png
urban,20250225_153627_16_4001,2025-02-25T15:36:27.165094Z,0,0,standard,standard_sensitivity,"Puerta Maraven, Parroquia Cardón, Municipio Carirubana, Falcon State, 4154, Venezuela",61.9,136.0,92.6,9.4,33.11,"[-70.32509059776979, 11.57209928342325, -70.1113904053638, 11.749848258957487]",11.660973771190369,-70.2182405015668,https://storage.googleapis.com/open-cogs/planet-stac/tanager1-release2-core-imagery/basic_beta_udm/20250225_153627_16_4001_basic_beta_udm.tif,https://storage.googleapis.com/open-cogs/planet-stac/tanager1-release2-core-imagery/basic_radiance_hdf5/20250225_153627_16_4001_basic_radiance_hdf5.h5,https://storage.googleapis.com/open-cogs/planet-stac/tanager1-release2-core-imagery/basic_sr_hdf5/20250225_153627_16_4001_basic_sr_hdf5.h5,https://storage.googleapis.com/open-cogs/planet-stac/tanager1-release2-core-imagery/geolocation_array/20250225_153627_16_4001_geolocation_array.tif,https://storage.googleapis.com/open-cogs/planet-stac/tanager1-release2-core-imagery/ortho_beta_udm/20250225_153627_16_4001_ortho_beta_udm.tif,,https://storage.googleapis.com/open-cogs/planet-stac/tanager1-release2-core-imagery/ortho_radiance_hdf5/20250225_153627_16_4001_ortho_radiance_hdf5.h5,https://storage.googleapis.com/open-cogs/planet-stac/tanager1-release2-core-imagery/ortho_sr_hdf5/20250225_153627_16_4001_ortho_sr_hdf5.h5,https://storage.googleapis.com/open-cogs/planet-stac/tanager1-release2-core-imagery/ortho_visual/20250225_153627_16_4001_ortho_visual.tif,,,https://storage.googleapis.com/open-cogs/planet-stac/tanager1-release2-core-imagery/thumbnail/20250225_153627_16_4001_thumb.png
urban,20250423_193451_57_4001,2025-04-23T19:34:51.575584Z,1,0,standard,standard_sensitivity,"Portland, Multnomah County, Oregon, United States",56.5,165.0,96.3,13.3,33.79,"[-122.76819693192827, 45.40673977536642, -122.43464386819207, 45.6390137210567]",45.52287674821156,-122.60142040006016,https://storage.googleapis.com/open-cogs/planet-stac/tanager1-release2-core-imagery/basic_beta_udm/20250423_193451_57_4001_basic_beta_udm.tif,https://storage.googleapis.com/open-cogs/planet-stac/tanager1-release2-core-imagery/basic_radiance_hdf5/20250423_193451_57_4001_basic_radiance_hdf5.h5,https://storage.googleapis.com/open-cogs/planet-stac/tanager1-release2-core-imagery/basic_sr_hdf5/20250423_193451_57_4001_basic_sr_hdf5.h5,https://storage.googleapis.com/open-cogs/planet-stac/tanager1-release2-core-imagery/geolocation_array/20250423_193451_57_4001_geolocation_array.tif,https://storage.googleapis.com/open-cogs/planet-stac/tanager1-release2-core-imagery/ortho_beta_udm/20250423_193451_57_4001_ortho_beta_udm.tif,,https://storage.googleapis.com/open-cogs/planet-stac/tanager1-release2-core-imagery/ortho_radiance_hdf5/20250423_193451_57_4001_ortho_radiance_hdf5.h5,https://storage.googleapis.com/open-cogs/planet-stac/tanager1-release2-core-imagery/ortho_sr_hdf5/20250423_193451_57_4001_ortho_sr_hdf5.h5,https://storage.googleapis.com/open-cogs/planet-stac/tanager1-release2-core-imagery/ortho_visual/20250423_193451_57_4001_ortho_visual.tif,,,https://storage.googleapis.com/open-cogs/planet-stac/tanager1-release2-core-imagery/thumbnail/20250423_193451_57_4001_thumb.png
urban,20250503_020525_16_4001,2025-05-03T02:05:25.165094Z,0,0,standard,standard_sensitivity,"Hekinan, Aichi Prefecture, 447-0027, Japan",68.5,150.3,100.2,22.7,35.75,"[136.8192004364177, 34.77734881435356, 137.1154208494391, 34.96284648404972]",34.87009764920164,136.9673106429284,https://storage.googleapis.com/open-cogs/planet-stac/tanager1-release2-core-imagery/basic_beta_udm/20250503_020525_16_4001_basic_beta_udm.tif,https://storage.googleapis.com/open-cogs/planet-stac/tanager1-release2-core-imagery/basic_radiance_hdf5/20250503_020525_16_4001_basic_radiance_hdf5.h5,https://storage.googleapis.com/open-cogs/planet-stac/tanager1-release2-core-imagery/basic_sr_hdf5/20250503_020525_16_4001_basic_sr_hdf5.h5,https://storage.googleapis.com/open-cogs/planet-stac/tanager1-release2-core-imagery/geolocation_array/20250503_020525_16_4001_geolocation_array.tif,https://storage.googleapis.com/open-cogs/planet-stac/tanager1-release2-core-imagery/ortho_beta_udm/20250503_020525_16_4001_ortho_beta_udm.tif,,https://storage.googleapis.com/open-cogs/planet-stac/tanager1-release2-core-imagery/ortho_radiance_hdf5/20250503_020525_16_4001_ortho_radiance_hdf5.h5,https://storage.googleapis.com/open-cogs/planet-stac/tanager1-release2-core-imagery/ortho_sr_hdf5/20250503_020525_16_4001_ortho_sr_hdf5.h5,https://storage.googleapis.com/open-cogs/planet-stac/tanager1-release2-core-imagery/ortho_visual/20250503_020525_16_4001_ortho_visual.tif,,,https://storage.googleapis.com/open-cogs/planet-stac/tanager1-release2-core-imagery/thumbnail/20250503_020525_16_4001_thumb.png
urban,20250503_112042_00_4001,2025-05-03T11:20:42Z,3,1,standard,standard_sensitivity,"Almere Buiten, Almere, Flevoland, Netherlands, 1335 GR, Netherlands",53.3,174.0,306.2,5.5,33.19,"[5.1335944396702, 52.29679604805844, 5.487539043361088, 52.48484955491355]",52.390822801485996,5.310566741515644,https://storage.googleapis.com/open-cogs/planet-stac/tanager1-release2-core-imagery/basic_beta_udm/20250503_112042_00_4001_basic_beta_udm.tif,https://storage.googleapis.com/open-cogs/planet-stac/tanager1-release2-core-imagery/basic_radiance_hdf5/20250503_112042_00_4001_basic_radiance_hdf5.h5,https://storage.googleapis.com/open-cogs/planet-stac/tanager1-release2-core-imagery/basic_sr_hdf5/20250503_112042_00_4001_basic_sr_hdf5.h5,https://storage.googleapis.com/open-cogs/planet-stac/tanager1-release2-core-imagery/geolocation_array/20250503_112042_00_4001_geolocation_array.tif,https://storage.googleapis.com/open-cogs/planet-stac/tanager1-release2-core-imagery/ortho_beta_udm/20250503_112042_00_4001_ortho_beta_udm.tif,,https://storage.googleapis.com/open-cogs/planet-stac/tanager1-release2-core-imagery/ortho_radiance_hdf5/20250503_112042_00_4001_ortho_radiance_hdf5.h5,https://storage.googleapis.com/open-cogs/planet-stac/tanager1-release2-core-imagery/ortho_sr_hdf5/20250503_112042_00_4001_ortho_sr_hdf5.h5,https://storage.googleapis.com/open-cogs/planet-stac/tanager1-release2-core-imagery/ortho_visual/20250503_112042_00_4001_ortho_visual.tif,,,https://storage.googleapis.com/open-cogs/planet-stac/tanager1-release2-core-imagery/thumbnail/20250503_112042_00_4001_thumb.png
urban,20250503_112046_16_4001,2025-05-03T11:20:46.165094Z,1,0,standard,standard_sensitivity,"Eemnes, Utrecht, Netherlands",53.5,173.9,287.5,5.1,33.16,"[5.075078850258345, 52.156923386218786, 5.427545571415263, 52.34302695462647]",52.24997517042263,5.251312210836804,https://storage.googleapis.com/open-cogs/planet-stac/tanager1-release2-core-imagery/basic_beta_udm/20250503_112046_16_4001_basic_beta_udm.tif,https://storage.googleapis.com/open-cogs/planet-stac/tanager1-release2-core-imagery/basic_radiance_hdf5/20250503_112046_16_4001_basic_radiance_hdf5.h5,https://storage.googleapis.com/open-cogs/planet-stac/tanager1-release2-core-imagery/basic_sr_hdf5/20250503_112046_16_4001_basic_sr_hdf5.h5,https://storage.googleapis.com/open-cogs/planet-stac/tanager1-release2-core-imagery/geolocation_array/20250503_112046_16_4001_geolocation_array.tif,https://storage.googleapis.com/open-cogs/planet-stac/tanager1-release2-core-imagery/ortho_beta_udm/20250503_112046_16_4001_ortho_beta_udm.tif,,https://storage.googleapis.com/open-cogs/planet-stac/tanager1-release2-core-imagery/ortho_radiance_hdf5/20250503_112046_16_4001_ortho_radiance_hdf5.h5,https://storage.googleapis.com/open-cogs/planet-stac/tanager1-release2-core-imagery/ortho_sr_hdf5/20250503_112046_16_4001_ortho_sr_hdf5.h5,https://storage.googleapis.com/open-cogs/planet-stac/tanager1-release2-core-imagery/ortho_visual/20250503_112046_16_4001_ortho_visual.tif,,,https://storage.googleapis.com/open-cogs/planet-stac/tanager1-release2-core-imagery/thumbnail/20250503_112046_16_4001_thumb.png
urban,20250503_112050_32_4001,2025-05-03T11:20:50.321891Z,0,0,standard,standard_sensitivity,"De Bilt, Utrecht, Netherlands",53.6,173.8,268.3,5.4,33.18,"[5.017767314192949, 52.01703082760698, 5.368318220947324, 52.20236760796049]",52.109699217783735,5.1930427675701365,https://storage.googleapis.com/open-cogs/planet-stac/tanager1-release2-core-imagery/basic_beta_udm/20250503_112050_32_4001_basic_beta_udm.tif,https://storage.googleapis.com/open-cogs/planet-stac/tanager1-release2-core-imagery/basic_radiance_hdf5/20250503_112050_32_4001_basic_radiance_hdf5.h5,https://storage.googleapis.com/open-cogs/planet-stac/tanager1-release2-core-imagery/basic_sr_hdf5/20250503_112050_32_4001_basic_sr_hdf5.h5,https://storage.googleapis.com/open-cogs/planet-stac/tanager1-release2-core-imagery/geolocation_array/20250503_112050_32_4001_geolocation_array.tif,https://storage.googleapis.com/open-cogs/planet-stac/tanager1-release2-core-imagery/ortho_beta_udm/20250503_112050_32_4001_ortho_beta_udm.tif,,https://storage.googleapis.com/open-cogs/planet-stac/tanager1-release2-core-imagery/ortho_radiance_hdf5/20250503_112050_32_4001_ortho_radiance_hdf5.h5,https://storage.googleapis.com/open-cogs/planet-stac/tanager1-release2-core-imagery/ortho_sr_hdf5/20250503_112050_32_4001_ortho_sr_hdf5.h5,https://storage.googleapis.com/open-cogs/planet-stac/tanager1-release2-core-imagery/ortho_visual/20250503_112050_32_4001_ortho_visual.tif,,,https://storage.googleapis.com/open-cogs/planet-stac/tanager1-release2-core-imagery/thumbnail/20250503_112050_32_4001_thumb.png
urban,20250514_193937_64_4001,2025-05-14T19:39:37.641960Z,1,29,standard,standard_sensitivity,"Albany, Alameda County, California, United States",70.1,161.7,292.1,14.0,33.13,"[-122.44823541841015, 37.77660397256651, -122.15591119743321, 38.012250199128566]",37.89442708584754,-122.30207330792169,https://storage.googleapis.com/open-cogs/planet-stac/tanager1-release2-core-imagery/basic_beta_udm/20250514_193937_64_4001_basic_beta_udm.tif,https://storage.googleapis.com/open-cogs/planet-stac/tanager1-release2-core-imagery/basic_radiance_hdf5/20250514_193937_64_4001_basic_radiance_hdf5.h5,https://storage.googleapis.com/open-cogs/planet-stac/tanager1-release2-core-imagery/basic_sr_hdf5/20250514_193937_64_4001_basic_sr_hdf5.h5,https://storage.googleapis.com/open-cogs/planet-stac/tanager1-release2-core-imagery/geolocation_array/20250514_193937_64_4001_geolocation_array.tif,https://storage.googleapis.com/open-cogs/planet-stac/tanager1-release2-core-imagery/ortho_beta_udm/20250514_193937_64_4001_ortho_beta_udm.tif,,https://storage.googleapis.com/open-cogs/planet-stac/tanager1-release2-core-imagery/ortho_radiance_hdf5/20250514_193937_64_4001_ortho_radiance_hdf5.h5,https://storage.googleapis.com/open-cogs/planet-stac/tanager1-release2-core-imagery/ortho_sr_hdf5/20250514_193937_64_4001_ortho_sr_hdf5.h5,https://storage.googleapis.com/open-cogs/planet-stac/tanager1-release2-core-imagery/ortho_visual/20250514_193937_64_4001_ortho_visual.tif,,,https://storage.googleapis.com/open-cogs/planet-stac/tanager1-release2-core-imagery/thumbnail/20250514_193937_64_4001_thumb.png
urban,20250515_080954_16_4001,2025-05-15T08:09:54.165094Z,74,0,standard,standard_sensitivity,"As Sali Municipality, Riyadh governorate, Riyadh Region, Saudi Arabia",79.4,120.0,289.9,4.4,32.7,"[46.742135089113376, 24.485948622398926, 46.968973195085454, 24.665133790412913]",24.57554120640592,46.855554142099415,https://storage.googleapis.com/open-cogs/planet-stac/tanager1-release2-core-imagery/basic_beta_udm/20250515_080954_16_4001_basic_beta_udm.tif,https://storage.googleapis.com/open-cogs/planet-stac/tanager1-release2-core-imagery/basic_radiance_hdf5/20250515_080954_16_4001_basic_radiance_hdf5.h5,https://storage.googleapis.com/open-cogs/planet-stac/tanager1-release2-core-imagery/basic_sr_hdf5/20250515_080954_16_4001_basic_sr_hdf5.h5,https://storage.googleapis.com/open-cogs/planet-stac/tanager1-release2-core-imagery/geolocation_array/20250515_080954_16_4001_geolocation_array.tif,https://storage.googleapis.com/open-cogs/planet-stac/tanager1-release2-core-imagery/ortho_beta_udm/20250515_080954_16_4001_ortho_beta_udm.tif,,https://storage.googleapis.com/open-cogs/planet-stac/tanager1-release2-core-imagery/ortho_radiance_hdf5/20250515_080954_16_4001_ortho_radiance_hdf5.h5,https://storage.googleapis.com/open-cogs/planet-stac/tanager1-release2-core-imagery/ortho_sr_hdf5/20250515_080954_16_4001_ortho_sr_hdf5.h5,https://storage.googleapis.com/open-cogs/planet-stac/tanager1-release2-core-imagery/ortho_visual/20250515_080954_16_4001_ortho_visual.tif,,,https://storage.googleapis.com/open-cogs/planet-stac/tanager1-release2-core-imagery/thumbnail/20250515_080954_16_4001_thumb.png
urban,20250516_164837_16_4001,2025-05-16T16:48:37.165094Z,3,3,standard,standard_sensitivity,"Jacksonville, Duval County, Florida, United States",76.5,143.3,285.8,7.3,32.85,"[-81.69369938031545, 30.259070621905575, -81.45079750932877, 30.439677039738726]",30.349373830822152,-81.57224844482211,https://storage.googleapis.com/open-cogs/planet-stac/tanager1-release2-core-imagery/basic_beta_udm/20250516_164837_16_4001_basic_beta_udm.tif,https://storage.googleapis.com/open-cogs/planet-stac/tanager1-release2-core-imagery/basic_radiance_hdf5/20250516_164837_16_4001_basic_radiance_hdf5.h5,https://storage.googleapis.com/open-cogs/planet-stac/tanager1-release2-core-imagery/basic_sr_hdf5/20250516_164837_16_4001_basic_sr_hdf5.h5,https://storage.googleapis.com/open-cogs/planet-stac/tanager1-release2-core-imagery/geolocation_array/20250516_164837_16_4001_geolocation_array.tif,https://storage.googleapis.com/open-cogs/planet-stac/tanager1-release2-core-imagery/ortho_beta_udm/20250516_164837_16_4001_ortho_beta_udm.tif,,https://storage.googleapis.com/open-cogs/planet-stac/tanager1-release2-core-imagery/ortho_radiance_hdf5/20250516_164837_16_4001_ortho_radiance_hdf5.h5,https://storage.googleapis.com/open-cogs/planet-stac/tanager1-release2-core-imagery/ortho_sr_hdf5/20250516_164837_16_4001_ortho_sr_hdf5.h5,https://storage.googleapis.com/open-cogs/planet-stac/tanager1-release2-core-imagery/ortho_visual/20250516_164837_16_4001_ortho_visual.tif,,,https://storage.googleapis.com/open-cogs/planet-stac/tanager1-release2-core-imagery/thumbnail/20250516_164837_16_4001_thumb.png
urban,20250606_152952_74_4001,2025-06-06T15:29:52.747094Z,0,0,standard,standard_sensitivity,"Milluni Bajo, El Alto, Pedro Domingo Murillo, La Paz, Bolivia",48.0,21.5,304.6,1.9,32.7,"[-68.31619748001575, -16.52314831101167, -68.1047511954604, -16.34496745551132]",-16.434057883261495,-68.21047433773808,https://storage.googleapis.com/open-cogs/planet-stac/tanager1-release2-core-imagery/basic_beta_udm/20250606_152952_74_4001_basic_beta_udm.tif,https://storage.googleapis.com/open-cogs/planet-stac/tanager1-release2-core-imagery/basic_radiance_hdf5/20250606_152952_74_4001_basic_radiance_hdf5.h5,,https://storage.googleapis.com/open-cogs/planet-stac/tanager1-release2-core-imagery/geolocation_array/20250606_152952_74_4001_geolocation_array.tif,https://storage.googleapis.com/open-cogs/planet-stac/tanager1-release2-core-imagery/ortho_beta_udm/20250606_152952_74_4001_ortho_beta_udm.tif,,https://storage.googleapis.com/open-cogs/planet-stac/tanager1-release2-core-imagery/ortho_radiance_hdf5/20250606_152952_74_4001_ortho_radiance_hdf5.h5,,https://storage.googleapis.com/open-cogs/planet-stac/tanager1-release2-core-imagery/ortho_visual/20250606_152952_74_4001_ortho_visual.tif,,,https://storage.googleapis.com/open-cogs/planet-stac/tanager1-release2-core-imagery/thumbnail/20250606_152952_74_4001_thumb.png
urban,20250412_111800_00_4001,2025-04-12T11:18:00Z,0,0,standard,standard_sensitivity,"East, Groningen, Netherlands",45.5,174.3,291.4,13.1,34.49,"[6.41786233591305, 53.13448000525837, 6.79440447154125, 53.32534623833208]",53.22991312179522,6.606133403727149,https://storage.googleapis.com/open-cogs/planet-stac/tanager1-release2-core-imagery/basic_beta_udm/20250412_111800_00_4001_basic_beta_udm.tif,https://storage.googleapis.com/open-cogs/planet-stac/tanager1-release2-core-imagery/basic_radiance_hdf5/20250412_111800_00_4001_basic_radiance_hdf5.h5,https://storage.googleapis.com/open-cogs/planet-stac/tanager1-release2-core-imagery/basic_sr_hdf5/20250412_111800_00_4001_basic_sr_hdf5.h5,https://storage.googleapis.com/open-cogs/planet-stac/tanager1-release2-core-imagery/geolocation_array/20250412_111800_00_4001_geolocation_array.tif,https://storage.googleapis.com/open-cogs/planet-stac/tanager1-release2-core-imagery/ortho_beta_udm/20250412_111800_00_4001_ortho_beta_udm.tif,,https://storage.googleapis.com/open-cogs/planet-stac/tanager1-release2-core-imagery/ortho_radiance_hdf5/20250412_111800_00_4001_ortho_radiance_hdf5.h5,https://storage.googleapis.com/open-cogs/planet-stac/tanager1-release2-core-imagery/ortho_sr_hdf5/20250412_111800_00_4001_ortho_sr_hdf5.h5,https://storage.googleapis.com/open-cogs/planet-stac/tanager1-release2-core-imagery/ortho_visual/20250412_111800_00_4001_ortho_visual.tif,,,https://storage.googleapis.com/open-cogs/planet-stac/tanager1-release2-core-imagery/thumbnail/20250412_111800_00_4001_thumb.png
urban,20250412_111804_16_4001,2025-04-12T11:18:04.165094Z,0,0,standard,standard_sensitivity,"Donderen, Tynaarlo, Drenthe, Netherlands",45.7,174.2,283.7,13.1,34.17,"[6.357320312980707, 52.994861093783186, 6.732547053634636, 53.184024256854464]",53.08944267531882,6.544933683307671,https://storage.googleapis.com/open-cogs/planet-stac/tanager1-release2-core-imagery/basic_beta_udm/20250412_111804_16_4001_basic_beta_udm.tif,https://storage.googleapis.com/open-cogs/planet-stac/tanager1-release2-core-imagery/basic_radiance_hdf5/20250412_111804_16_4001_basic_radiance_hdf5.h5,https://storage.googleapis.com/open-cogs/planet-stac/tanager1-release2-core-imagery/basic_sr_hdf5/20250412_111804_16_4001_basic_sr_hdf5.h5,https://storage.googleapis.com/open-cogs/planet-stac/tanager1-release2-core-imagery/geolocation_array/20250412_111804_16_4001_geolocation_array.tif,https://storage.googleapis.com/open-cogs/planet-stac/tanager1-release2-core-imagery/ortho_beta_udm/20250412_111804_16_4001_ortho_beta_udm.tif,,https://storage.googleapis.com/open-cogs/planet-stac/tanager1-release2-core-imagery/ortho_radiance_hdf5/20250412_111804_16_4001_ortho_radiance_hdf5.h5,https://storage.googleapis.com/open-cogs/planet-stac/tanager1-release2-core-imagery/ortho_sr_hdf5/20250412_111804_16_4001_ortho_sr_hdf5.h5,https://storage.googleapis.com/open-cogs/planet-stac/tanager1-release2-core-imagery/ortho_visual/20250412_111804_16_4001_ortho_visual.tif,,,https://storage.googleapis.com/open-cogs/planet-stac/tanager1-release2-core-imagery/thumbnail/20250412_111804_16_4001_thumb.png
urban,20250412_111808_32_4001,2025-04-12T11:18:08.321891Z,0,0,standard,standard_sensitivity,"Smilde, Midden-Drenthe, Drenthe, Netherlands",45.8,174.1,276.1,13.2,34.5,"[6.297361525858228, 52.855271391325324, 6.671826891672239, 53.04277667077608]",52.9490240310507,6.484594208765234,https://storage.googleapis.com/open-cogs/planet-stac/tanager1-release2-core-imagery/basic_beta_udm/20250412_111808_32_4001_basic_beta_udm.tif,https://storage.googleapis.com/open-cogs/planet-stac/tanager1-release2-core-imagery/basic_radiance_hdf5/20250412_111808_32_4001_basic_radiance_hdf5.h5,https://storage.googleapis.com/open-cogs/planet-stac/tanager1-release2-core-imagery/basic_sr_hdf5/20250412_111808_32_4001_basic_sr_hdf5.h5,https://storage.googleapis.com/open-cogs/planet-stac/tanager1-release2-core-imagery/geolocation_array/20250412_111808_32_4001_geolocation_array.tif,https://storage.googleapis.com/open-cogs/planet-stac/tanager1-release2-core-imagery/ortho_beta_udm/20250412_111808_32_4001_ortho_beta_udm.tif,,https://storage.googleapis.com/open-cogs/planet-stac/tanager1-release2-core-imagery/ortho_radiance_hdf5/20250412_111808_32_4001_ortho_radiance_hdf5.h5,https://storage.googleapis.com/open-cogs/planet-stac/tanager1-release2-core-imagery/ortho_sr_hdf5/20250412_111808_32_4001_ortho_sr_hdf5.h5,https://storage.googleapis.com/open-cogs/planet-stac/tanager1-release2-core-imagery/ortho_visual/20250412_111808_32_4001_ortho_visual.tif,,,https://storage.googleapis.com/open-cogs/planet-stac/tanager1-release2-core-imagery/thumbnail/20250412_111808_32_4001_thumb.png
urban,20250712_100036_58_4001,2025-07-12T10:00:36.582998Z,2,0,standard,standard_sensitivity,"Ντεπώ, 5th District of Thessaloniki, Thessaloniki Municipal Unit, Municipality of Thessaloniki, Thessaloniki Regional Unit, Central Macedonia, Macedonia and Thrace, 546 46, Greece",70.0,156.9,82.1,7.9,33.73,"[22.822307550239948, 40.5091318791534, 23.103709836950323, 40.69061388229191]",40.59987288072266,22.963008693595135,https://storage.googleapis.com/open-cogs/planet-stac/tanager1-release2-core-imagery/basic_beta_udm/20250712_100036_58_4001_basic_beta_udm.tif,https://storage.googleapis.com/open-cogs/planet-stac/tanager1-release2-core-imagery/basic_radiance_hdf5/20250712_100036_58_4001_basic_radiance_hdf5.h5,https://storage.googleapis.com/open-cogs/planet-stac/tanager1-release2-core-imagery/basic_sr_hdf5/20250712_100036_58_4001_basic_sr_hdf5.h5,https://storage.googleapis.com/open-cogs/planet-stac/tanager1-release2-core-imagery/geolocation_array/20250712_100036_58_4001_geolocation_array.tif,https://storage.googleapis.com/open-cogs/planet-stac/tanager1-release2-core-imagery/ortho_beta_udm/20250712_100036_58_4001_ortho_beta_udm.tif,,https://storage.googleapis.com/open-cogs/planet-stac/tanager1-release2-core-imagery/ortho_radiance_hdf5/20250712_100036_58_4001_ortho_radiance_hdf5.h5,https://storage.googleapis.com/open-cogs/planet-stac/tanager1-release2-core-imagery/ortho_sr_hdf5/20250712_100036_58_4001_ortho_sr_hdf5.h5,https://storage.googleapis.com/open-cogs/planet-stac/tanager1-release2-core-imagery/ortho_visual/20250712_100036_58_4001_ortho_visual.tif,,,https://storage.googleapis.com/open-cogs/planet-stac/tanager1-release2-core-imagery/thumbnail/20250712_100036_58_4001_thumb.png
urban,20250712_100040_74_4001,2025-07-12T10:00:40.748092Z,0,0,standard,standard_sensitivity,"Επανομή, Thermaikos Municipality, Thessaloniki Regional Unit, Central Macedonia, Macedonia and Thrace, 575 00, Greece",70.2,156.7,94.8,7.5,33.27,"[22.78138617668787, 40.36670631578734, 23.06150957833444, 40.54854774222121]",40.45762702900427,22.921447877511156,https://storage.googleapis.com/open-cogs/planet-stac/tanager1-release2-core-imagery/basic_beta_udm/20250712_100040_74_4001_basic_beta_udm.tif,https://storage.googleapis.com/open-cogs/planet-stac/tanager1-release2-core-imagery/basic_radiance_hdf5/20250712_100040_74_4001_basic_radiance_hdf5.h5,https://storage.googleapis.com/open-cogs/planet-stac/tanager1-release2-core-imagery/basic_sr_hdf5/20250712_100040_74_4001_basic_sr_hdf5.h5,https://storage.googleapis.com/open-cogs/planet-stac/tanager1-release2-core-imagery/geolocation_array/20250712_100040_74_4001_geolocation_array.tif,https://storage.googleapis.com/open-cogs/planet-stac/tanager1-release2-core-imagery/ortho_beta_udm/20250712_100040_74_4001_ortho_beta_udm.tif,,https://storage.googleapis.com/open-cogs/planet-stac/tanager1-release2-core-imagery/ortho_radiance_hdf5/20250712_100040_74_4001_ortho_radiance_hdf5.h5,https://storage.googleapis.com/open-cogs/planet-stac/tanager1-release2-core-imagery/ortho_sr_hdf5/20250712_100040_74_4001_ortho_sr_hdf5.h5,https://storage.googleapis.com/open-cogs/planet-stac/tanager1-release2-core-imagery/ortho_visual/20250712_100040_74_4001_ortho_visual.tif,,,https://storage.googleapis.com/open-cogs/planet-stac/tanager1-release2-core-imagery/thumbnail/20250712_100040_74_4001_thumb.png
urban,20241025_185051_28_4001,2024-10-25T18:50:51.283920Z,1,0,test,standard_sensitivity,"Northridge, Northridge South Neighborhood Council District, Los Angeles, Los Angeles County, California, 91324, United States",42.0,164.4,144.9,8.6,39.46,"[-118.69420166460431, 34.0955449153891, -118.38325746459464, 34.381417658559606]",34.23848128697435,-118.53872956459946,https://storage.googleapis.com/open-cogs/planet-stac/tanager1-release2-core-imagery/basic_beta_udm/20241025_185051_28_4001_basic_beta_udm.tif,https://storage.googleapis.com/open-cogs/planet-stac/tanager1-release2-core-imagery/basic_radiance_hdf5/20241025_185051_28_4001_basic_radiance_hdf5.h5,https://storage.googleapis.com/open-cogs/planet-stac/tanager1-release2-core-imagery/basic_sr_hdf5/20241025_185051_28_4001_basic_sr_hdf5.h5,https://storage.googleapis.com/open-cogs/planet-stac/tanager1-release2-core-imagery/geolocation_array/20241025_185051_28_4001_geolocation_array.tif,https://storage.googleapis.com/open-cogs/planet-stac/tanager1-release2-core-imagery/ortho_beta_udm/20241025_185051_28_4001_ortho_beta_udm.tif,,https://storage.googleapis.com/open-cogs/planet-stac/tanager1-release2-core-imagery/ortho_radiance_hdf5/20241025_185051_28_4001_ortho_radiance_hdf5.h5,https://storage.googleapis.com/open-cogs/planet-stac/tanager1-release2-core-imagery/ortho_sr_hdf5/20241025_185051_28_4001_ortho_sr_hdf5.h5,https://storage.googleapis.com/open-cogs/planet-stac/tanager1-release2-core-imagery/ortho_visual/20241025_185051_28_4001_ortho_visual.tif,,,https://storage.googleapis.com/open-cogs/planet-stac/tanager1-release2-core-imagery/thumbnail/20241025_185051_28_4001_thumb.png
urban,20241025_185056_92_4001,2024-10-25T18:50:56.925880Z,50,0,test,standard_sensitivity,"Malibu, Los Angeles County, California, United States",42.2,164.3,151.1,9.7,40.01,"[-118.75590205410725, 33.85595426881101, -118.44538301046094, 34.14253944260727]",33.999246855709146,-118.6006425322841,https://storage.googleapis.com/open-cogs/planet-stac/tanager1-release2-core-imagery/basic_beta_udm/20241025_185056_92_4001_basic_beta_udm.tif,https://storage.googleapis.com/open-cogs/planet-stac/tanager1-release2-core-imagery/basic_radiance_hdf5/20241025_185056_92_4001_basic_radiance_hdf5.h5,https://storage.googleapis.com/open-cogs/planet-stac/tanager1-release2-core-imagery/basic_sr_hdf5/20241025_185056_92_4001_basic_sr_hdf5.h5,https://storage.googleapis.com/open-cogs/planet-stac/tanager1-release2-core-imagery/geolocation_array/20241025_185056_92_4001_geolocation_array.tif,https://storage.googleapis.com/open-cogs/planet-stac/tanager1-release2-core-imagery/ortho_beta_udm/20241025_185056_92_4001_ortho_beta_udm.tif,,https://storage.googleapis.com/open-cogs/planet-stac/tanager1-release2-core-imagery/ortho_radiance_hdf5/20241025_185056_92_4001_ortho_radiance_hdf5.h5,https://storage.googleapis.com/open-cogs/planet-stac/tanager1-release2-core-imagery/ortho_sr_hdf5/20241025_185056_92_4001_ortho_sr_hdf5.h5,https://storage.googleapis.com/open-cogs/planet-stac/tanager1-release2-core-imagery/ortho_visual/20241025_185056_92_4001_ortho_visual.tif,,,https://storage.googleapis.com/open-cogs/planet-stac/tanager1-release2-core-imagery/thumbnail/20241025_185056_92_4001_thumb.png
urban,20241215_185902_00_4001,2024-12-15T18:59:02.012445Z,0,0,test,maximum_sensitivity,"Los Angeles County, California, United States",31.3,166.3,333.5,8.6,39.86,"[-118.81364824617775, 34.071149135992606, -118.54827599957004, 34.26475852812107]",34.16795383205684,-118.6809621228739,https://storage.googleapis.com/open-cogs/planet-stac/tanager1-release2-core-imagery/basic_beta_udm/20241215_185902_00_4001_basic_beta_udm.tif,https://storage.googleapis.com/open-cogs/planet-stac/tanager1-release2-core-imagery/basic_radiance_hdf5/20241215_185902_00_4001_basic_radiance_hdf5.h5,https://storage.googleapis.com/open-cogs/planet-stac/tanager1-release2-core-imagery/basic_sr_hdf5/20241215_185902_00_4001_basic_sr_hdf5.h5,https://storage.googleapis.com/open-cogs/planet-stac/tanager1-release2-core-imagery/geolocation_array/20241215_185902_00_4001_geolocation_array.tif,https://storage.googleapis.com/open-cogs/planet-stac/tanager1-release2-core-imagery/ortho_beta_udm/20241215_185902_00_4001_ortho_beta_udm.tif,,https://storage.googleapis.com/open-cogs/planet-stac/tanager1-release2-core-imagery/ortho_radiance_hdf5/20241215_185902_00_4001_ortho_radiance_hdf5.h5,https://storage.googleapis.com/open-cogs/planet-stac/tanager1-release2-core-imagery/ortho_sr_hdf5/20241215_185902_00_4001_ortho_sr_hdf5.h5,https://storage.googleapis.com/open-cogs/planet-stac/tanager1-release2-core-imagery/ortho_visual/20241215_185902_00_4001_ortho_visual.tif,,,https://storage.googleapis.com/open-cogs/planet-stac/tanager1-release2-core-imagery/thumbnail/20241215_185902_00_4001_thumb.png
urban,20250407_192247_40_4001,2025-04-07T19:22:47.400208Z,0,0,standard,standard_sensitivity,"Unincorporated Santa Monica Mountains, Los Angeles County, California, United States",61.9,161.6,246.8,30.3,37.78,"[-119.01937403961095, 33.99859860193953, -118.67629892201833, 34.219884240264086]",34.10924142110181,-118.84783648081464,https://storage.googleapis.com/open-cogs/planet-stac/tanager1-release2-core-imagery/basic_beta_udm/20250407_192247_40_4001_basic_beta_udm.tif,https://storage.googleapis.com/open-cogs/planet-stac/tanager1-release2-core-imagery/basic_radiance_hdf5/20250407_192247_40_4001_basic_radiance_hdf5.h5,https://storage.googleapis.com/open-cogs/planet-stac/tanager1-release2-core-imagery/basic_sr_hdf5/20250407_192247_40_4001_basic_sr_hdf5.h5,https://storage.googleapis.com/open-cogs/planet-stac/tanager1-release2-core-imagery/geolocation_array/20250407_192247_40_4001_geolocation_array.tif,https://storage.googleapis.com/open-cogs/planet-stac/tanager1-release2-core-imagery/ortho_beta_udm/20250407_192247_40_4001_ortho_beta_udm.tif,,https://storage.googleapis.com/open-cogs/planet-stac/tanager1-release2-core-imagery/ortho_radiance_hdf5/20250407_192247_40_4001_ortho_radiance_hdf5.h5,https://storage.googleapis.com/open-cogs/planet-stac/tanager1-release2-core-imagery/ortho_sr_hdf5/20250407_192247_40_4001_ortho_sr_hdf5.h5,https://storage.googleapis.com/open-cogs/planet-stac/tanager1-release2-core-imagery/ortho_visual/20250407_192247_40_4001_ortho_visual.tif,,,https://storage.googleapis.com/open-cogs/planet-stac/tanager1-release2-core-imagery/thumbnail/20250407_192247_40_4001_thumb.png
urban,20250920_193148_33_4001,2025-09-20T19:31:48.345860Z,3,0,standard,maximum_sensitivity,"Warner Center, Woodland Hills-Warner Center Neighborhood Council District, Los Angeles, Los Angeles County, California, 91367, United States",56.4,173.0,102.8,3.1,33.85,"[-118.70415626805001, 34.054700997474875, -118.4438741982455, 34.26128510412193]",34.1579930507984,-118.57401523314775,https://storage.googleapis.com/open-cogs/planet-stac/tanager1-release2-core-imagery/basic_beta_udm/20250920_193148_33_4001_basic_beta_udm.tif,https://storage.googleapis.com/open-cogs/planet-stac/tanager1-release2-core-imagery/basic_radiance_hdf5/20250920_193148_33_4001_basic_radiance_hdf5.h5,https://storage.googleapis.com/open-cogs/planet-stac/tanager1-release2-core-imagery/basic_sr_hdf5/20250920_193148_33_4001_basic_sr_hdf5.h5,https://storage.googleapis.com/open-cogs/planet-stac/tanager1-release2-core-imagery/geolocation_array/20250920_193148_33_4001_geolocation_array.tif,https://storage.googleapis.com/open-cogs/planet-stac/tanager1-release2-core-imagery/ortho_beta_udm/20250920_193148_33_4001_ortho_beta_udm.tif,,https://storage.googleapis.com/open-cogs/planet-stac/tanager1-release2-core-imagery/ortho_radiance_hdf5/20250920_193148_33_4001_ortho_radiance_hdf5.h5,https://storage.googleapis.com/open-cogs/planet-stac/tanager1-release2-core-imagery/ortho_sr_hdf5/20250920_193148_33_4001_ortho_sr_hdf5.h5,https://storage.googleapis.com/open-cogs/planet-stac/tanager1-release2-core-imagery/ortho_visual/20250920_193148_33_4001_ortho_visual.tif,,,https://storage.googleapis.com/open-cogs/planet-stac/tanager1-release2-core-imagery/thumbnail/20250920_193148_33_4001_thumb.png
urban,20250726_192343_21_4001,2025-07-26T19:23:43.227444Z,1,4,standard,maximum_sensitivity,"Valencia, Los Angeles County, California, 91383, United States",72.7,149.2,35.4,16.9,38.35,"[-118.74741596087237, 34.3562480067096, -118.47159841961447, 34.56429014211425]",34.460269074411926,-118.60950719024342,https://storage.googleapis.com/open-cogs/planet-stac/tanager1-release2-core-imagery/basic_beta_udm/20250726_192343_21_4001_basic_beta_udm.tif,https://storage.googleapis.com/open-cogs/planet-stac/tanager1-release2-core-imagery/basic_radiance_hdf5/20250726_192343_21_4001_basic_radiance_hdf5.h5,https://storage.googleapis.com/open-cogs/planet-stac/tanager1-release2-core-imagery/basic_sr_hdf5/20250726_192343_21_4001_basic_sr_hdf5.h5,https://storage.googleapis.com/open-cogs/planet-stac/tanager1-release2-core-imagery/geolocation_array/20250726_192343_21_4001_geolocation_array.tif,https://storage.googleapis.com/open-cogs/planet-stac/tanager1-release2-core-imagery/ortho_beta_udm/20250726_192343_21_4001_ortho_beta_udm.tif,,https://storage.googleapis.com/open-cogs/planet-stac/tanager1-release2-core-imagery/ortho_radiance_hdf5/20250726_192343_21_4001_ortho_radiance_hdf5.h5,https://storage.googleapis.com/open-cogs/planet-stac/tanager1-release2-core-imagery/ortho_sr_hdf5/20250726_192343_21_4001_ortho_sr_hdf5.h5,https://storage.googleapis.com/open-cogs/planet-stac/tanager1-release2-core-imagery/ortho_visual/20250726_192343_21_4001_ortho_visual.tif,,,https://storage.googleapis.com/open-cogs/planet-stac/tanager1-release2-core-imagery/thumbnail/20250726_192343_21_4001_thumb.png
urban,20250726_192403_06_4001,2025-07-26T19:24:03.073869Z,2,0,standard,maximum_sensitivity,"Simi Valley, Ventura County, California, United States",72.9,149.0,102.7,6.9,33.84,"[-118.7910628466147, 34.17803482712942, -118.52667364950617, 34.3907528102107]",34.28439381867006,-118.65886824806043,https://storage.googleapis.com/open-cogs/planet-stac/tanager1-release2-core-imagery/basic_beta_udm/20250726_192403_06_4001_basic_beta_udm.tif,https://storage.googleapis.com/open-cogs/planet-stac/tanager1-release2-core-imagery/basic_radiance_hdf5/20250726_192403_06_4001_basic_radiance_hdf5.h5,https://storage.googleapis.com/open-cogs/planet-stac/tanager1-release2-core-imagery/basic_sr_hdf5/20250726_192403_06_4001_basic_sr_hdf5.h5,https://storage.googleapis.com/open-cogs/planet-stac/tanager1-release2-core-imagery/geolocation_array/20250726_192403_06_4001_geolocation_array.tif,https://storage.googleapis.com/open-cogs/planet-stac/tanager1-release2-core-imagery/ortho_beta_udm/20250726_192403_06_4001_ortho_beta_udm.tif,,https://storage.googleapis.com/open-cogs/planet-stac/tanager1-release2-core-imagery/ortho_radiance_hdf5/20250726_192403_06_4001_ortho_radiance_hdf5.h5,https://storage.googleapis.com/open-cogs/planet-stac/tanager1-release2-core-imagery/ortho_sr_hdf5/20250726_192403_06_4001_ortho_sr_hdf5.h5,https://storage.googleapis.com/open-cogs/planet-stac/tanager1-release2-core-imagery/ortho_visual/20250726_192403_06_4001_ortho_visual.tif,,,https://storage.googleapis.com/open-cogs/planet-stac/tanager1-release2-core-imagery/thumbnail/20250726_192403_06_4001_thumb.png
urban,20250911_191523_58_4001,2025-09-11T19:15:23.600446Z,13,5,standard,maximum_sensitivity,"Salt Lake City, Salt Lake County, Utah, United States",53.4,176.3,321.4,15.6,34.47,"[-112.16950440997076, 40.641903633476566, -111.85477461731166, 40.90980404207291]",40.77585383777474,-112.01213951364122,https://storage.googleapis.com/open-cogs/planet-stac/tanager1-release2-core-imagery/basic_beta_udm/20250911_191523_58_4001_basic_beta_udm.tif,https://storage.googleapis.com/open-cogs/planet-stac/tanager1-release2-core-imagery/basic_radiance_hdf5/20250911_191523_58_4001_basic_radiance_hdf5.h5,https://storage.googleapis.com/open-cogs/planet-stac/tanager1-release2-core-imagery/basic_sr_hdf5/20250911_191523_58_4001_basic_sr_hdf5.h5,https://storage.googleapis.com/open-cogs/planet-stac/tanager1-release2-core-imagery/geolocation_array/20250911_191523_58_4001_geolocation_array.tif,https://storage.googleapis.com/open-cogs/planet-stac/tanager1-release2-core-imagery/ortho_beta_udm/20250911_191523_58_4001_ortho_beta_udm.tif,,https://storage.googleapis.com/open-cogs/planet-stac/tanager1-release2-core-imagery/ortho_radiance_hdf5/20250911_191523_58_4001_ortho_radiance_hdf5.h5,https://storage.googleapis.com/open-cogs/planet-stac/tanager1-release2-core-imagery/ortho_sr_hdf5/20250911_191523_58_4001_ortho_sr_hdf5.h5,https://storage.googleapis.com/open-cogs/planet-stac/tanager1-release2-core-imagery/ortho_visual/20250911_191523_58_4001_ortho_visual.tif,,,https://storage.googleapis.com/open-cogs/planet-stac/tanager1-release2-core-imagery/thumbnail/20250911_191523_58_4001_thumb.png
urban,20250911_191547_88_4001,2025-09-11T19:15:47.894062Z,3,1,standard,maximum_sensitivity,"South Jordan, Salt Lake County, Utah, United States",53.6,176.3,245.1,15.4,35.86,"[-112.24360558315149, 40.428696308574764, -111.92238187113833, 40.6837632348248]",40.55622977169978,-112.08299372714491,https://storage.googleapis.com/open-cogs/planet-stac/tanager1-release2-core-imagery/basic_beta_udm/20250911_191547_88_4001_basic_beta_udm.tif,https://storage.googleapis.com/open-cogs/planet-stac/tanager1-release2-core-imagery/basic_radiance_hdf5/20250911_191547_88_4001_basic_radiance_hdf5.h5,https://storage.googleapis.com/open-cogs/planet-stac/tanager1-release2-core-imagery/basic_sr_hdf5/20250911_191547_88_4001_basic_sr_hdf5.h5,https://storage.googleapis.com/open-cogs/planet-stac/tanager1-release2-core-imagery/geolocation_array/20250911_191547_88_4001_geolocation_array.tif,https://storage.googleapis.com/open-cogs/planet-stac/tanager1-release2-core-imagery/ortho_beta_udm/20250911_191547_88_4001_ortho_beta_udm.tif,,https://storage.googleapis.com/open-cogs/planet-stac/tanager1-release2-core-imagery/ortho_radiance_hdf5/20250911_191547_88_4001_ortho_radiance_hdf5.h5,https://storage.googleapis.com/open-cogs/planet-stac/tanager1-release2-core-imagery/ortho_sr_hdf5/20250911_191547_88_4001_ortho_sr_hdf5.h5,https://storage.googleapis.com/open-cogs/planet-stac/tanager1-release2-core-imagery/ortho_visual/20250911_191547_88_4001_ortho_visual.tif,,,https://storage.googleapis.com/open-cogs/planet-stac/tanager1-release2-core-imagery/thumbnail/20250911_191547_88_4001_thumb.png
urban,20250919_170238_88_4001,2025-09-19T17:02:38.881088Z,0,0,standard,standard_sensitivity,"Town of Pittsford, Monroe County, New York, 14534, United States",48.2,179.6,280.7,16.0,35.54,"[-77.70293849799594, 42.90907836740229, -77.3706150346923, 43.16755027995749]",43.038314323679884,-77.53677676634413,https://storage.googleapis.com/open-cogs/planet-stac/tanager1-release2-core-imagery/basic_beta_udm/20250919_170238_88_4001_basic_beta_udm.tif,https://storage.googleapis.com/open-cogs/planet-stac/tanager1-release2-core-imagery/basic_radiance_hdf5/20250919_170238_88_4001_basic_radiance_hdf5.h5,https://storage.googleapis.com/open-cogs/planet-stac/tanager1-release2-core-imagery/basic_sr_hdf5/20250919_170238_88_4001_basic_sr_hdf5.h5,https://storage.googleapis.com/open-cogs/planet-stac/tanager1-release2-core-imagery/geolocation_array/20250919_170238_88_4001_geolocation_array.tif,https://storage.googleapis.com/open-cogs/planet-stac/tanager1-release2-core-imagery/ortho_beta_udm/20250919_170238_88_4001_ortho_beta_udm.tif,,https://storage.googleapis.com/open-cogs/planet-stac/tanager1-release2-core-imagery/ortho_radiance_hdf5/20250919_170238_88_4001_ortho_radiance_hdf5.h5,https://storage.googleapis.com/open-cogs/planet-stac/tanager1-release2-core-imagery/ortho_sr_hdf5/20250919_170238_88_4001_ortho_sr_hdf5.h5,https://storage.googleapis.com/open-cogs/planet-stac/tanager1-release2-core-imagery/ortho_visual/20250919_170238_88_4001_ortho_visual.tif,,,https://storage.googleapis.com/open-cogs/planet-stac/tanager1-release2-core-imagery/thumbnail/20250919_170238_88_4001_thumb.png
urban,20250903_164719_92_4001,2025-09-03T16:47:19.928087Z,3,0,standard,standard_sensitivity,"Town of Webster, Monroe County, New York, 14580, United States",53.9,170.7,100.2,17.5,36.09,"[-77.7077989374181, 42.903936253959145, -77.36980821532987, 43.164689000396834]",43.03431262717799,-77.538803576374,https://storage.googleapis.com/open-cogs/planet-stac/tanager1-release2-core-imagery/basic_beta_udm/20250903_164719_92_4001_basic_beta_udm.tif,https://storage.googleapis.com/open-cogs/planet-stac/tanager1-release2-core-imagery/basic_radiance_hdf5/20250903_164719_92_4001_basic_radiance_hdf5.h5,https://storage.googleapis.com/open-cogs/planet-stac/tanager1-release2-core-imagery/basic_sr_hdf5/20250903_164719_92_4001_basic_sr_hdf5.h5,https://storage.googleapis.com/open-cogs/planet-stac/tanager1-release2-core-imagery/geolocation_array/20250903_164719_92_4001_geolocation_array.tif,https://storage.googleapis.com/open-cogs/planet-stac/tanager1-release2-core-imagery/ortho_beta_udm/20250903_164719_92_4001_ortho_beta_udm.tif,,https://storage.googleapis.com/open-cogs/planet-stac/tanager1-release2-core-imagery/ortho_radiance_hdf5/20250903_164719_92_4001_ortho_radiance_hdf5.h5,https://storage.googleapis.com/open-cogs/planet-stac/tanager1-release2-core-imagery/ortho_sr_hdf5/20250903_164719_92_4001_ortho_sr_hdf5.h5,https://storage.googleapis.com/open-cogs/planet-stac/tanager1-release2-core-imagery/ortho_visual/20250903_164719_92_4001_ortho_visual.tif,,,https://storage.googleapis.com/open-cogs/planet-stac/tanager1-release2-core-imagery/thumbnail/20250903_164719_92_4001_thumb.png
urban,20250801_165548_86_4001,2025-08-01T16:55:48.865064Z,4,0,standard,standard_sensitivity,"City of Rochester, Monroe County, New York, United States",64.3,168.6,282.6,13.6,34.82,"[-77.7151722184759, 43.06303136820783, -77.40833399105284, 43.259199834613476]",43.16111560141066,-77.56175310476436,https://storage.googleapis.com/open-cogs/planet-stac/tanager1-release2-core-imagery/basic_beta_udm/20250801_165548_86_4001_basic_beta_udm.tif,https://storage.googleapis.com/open-cogs/planet-stac/tanager1-release2-core-imagery/basic_radiance_hdf5/20250801_165548_86_4001_basic_radiance_hdf5.h5,https://storage.googleapis.com/open-cogs/planet-stac/tanager1-release2-core-imagery/basic_sr_hdf5/20250801_165548_86_4001_basic_sr_hdf5.h5,https://storage.googleapis.com/open-cogs/planet-stac/tanager1-release2-core-imagery/geolocation_array/20250801_165548_86_4001_geolocation_array.tif,https://storage.googleapis.com/open-cogs/planet-stac/tanager1-release2-core-imagery/ortho_beta_udm/20250801_165548_86_4001_ortho_beta_udm.tif,,https://storage.googleapis.com/open-cogs/planet-stac/tanager1-release2-core-imagery/ortho_radiance_hdf5/20250801_165548_86_4001_ortho_radiance_hdf5.h5,https://storage.googleapis.com/open-cogs/planet-stac/tanager1-release2-core-imagery/ortho_sr_hdf5/20250801_165548_86_4001_ortho_sr_hdf5.h5,https://storage.googleapis.com/open-cogs/planet-stac/tanager1-release2-core-imagery/ortho_visual/20250801_165548_86_4001_ortho_visual.tif,,,https://storage.googleapis.com/open-cogs/planet-stac/tanager1-release2-core-imagery/thumbnail/20250801_165548_86_4001_thumb.png
urban,20250801_165553_11_4001,2025-08-01T16:55:53.113128Z,14,6,standard,standard_sensitivity,"Town of Rush, Monroe County, New York, 14543, United States",64.4,168.4,275.6,13.7,35.26,"[-77.76271515605566, 42.910443759327904, -77.45672961179955, 43.1049646039238]",43.007704181625854,-77.6097223839276,https://storage.googleapis.com/open-cogs/planet-stac/tanager1-release2-core-imagery/basic_beta_udm/20250801_165553_11_4001_basic_beta_udm.tif,https://storage.googleapis.com/open-cogs/planet-stac/tanager1-release2-core-imagery/basic_radiance_hdf5/20250801_165553_11_4001_basic_radiance_hdf5.h5,https://storage.googleapis.com/open-cogs/planet-stac/tanager1-release2-core-imagery/basic_sr_hdf5/20250801_165553_11_4001_basic_sr_hdf5.h5,https://storage.googleapis.com/open-cogs/planet-stac/tanager1-release2-core-imagery/geolocation_array/20250801_165553_11_4001_geolocation_array.tif,https://storage.googleapis.com/open-cogs/planet-stac/tanager1-release2-core-imagery/ortho_beta_udm/20250801_165553_11_4001_ortho_beta_udm.tif,,https://storage.googleapis.com/open-cogs/planet-stac/tanager1-release2-core-imagery/ortho_radiance_hdf5/20250801_165553_11_4001_ortho_radiance_hdf5.h5,https://storage.googleapis.com/open-cogs/planet-stac/tanager1-release2-core-imagery/ortho_sr_hdf5/20250801_165553_11_4001_ortho_sr_hdf5.h5,https://storage.googleapis.com/open-cogs/planet-stac/tanager1-release2-core-imagery/ortho_visual/20250801_165553_11_4001_ortho_visual.tif,,,https://storage.googleapis.com/open-cogs/planet-stac/tanager1-release2-core-imagery/thumbnail/20250801_165553_11_4001_thumb.png
urban,20250704_165208_78_4001,2025-07-04T16:52:08.782094Z,1,0,standard,standard_sensitivity,"City of Rochester, Monroe County, New York, United States",69.1,165.2,285.6,13.2,35.09,"[-77.71324989598271, 43.06824826046646, -77.40682769793845, 43.26292072100106]",43.165584490733764,-77.56003879696058,https://storage.googleapis.com/open-cogs/planet-stac/tanager1-release2-core-imagery/basic_beta_udm/20250704_165208_78_4001_basic_beta_udm.tif,https://storage.googleapis.com/open-cogs/planet-stac/tanager1-release2-core-imagery/basic_radiance_hdf5/20250704_165208_78_4001_basic_radiance_hdf5.h5,https://storage.googleapis.com/open-cogs/planet-stac/tanager1-release2-core-imagery/basic_sr_hdf5/20250704_165208_78_4001_basic_sr_hdf5.h5,https://storage.googleapis.com/open-cogs/planet-stac/tanager1-release2-core-imagery/geolocation_array/20250704_165208_78_4001_geolocation_array.tif,https://storage.googleapis.com/open-cogs/planet-stac/tanager1-release2-core-imagery/ortho_beta_udm/20250704_165208_78_4001_ortho_beta_udm.tif,,https://storage.googleapis.com/open-cogs/planet-stac/tanager1-release2-core-imagery/ortho_radiance_hdf5/20250704_165208_78_4001_ortho_radiance_hdf5.h5,https://storage.googleapis.com/open-cogs/planet-stac/tanager1-release2-core-imagery/ortho_sr_hdf5/20250704_165208_78_4001_ortho_sr_hdf5.h5,https://storage.googleapis.com/open-cogs/planet-stac/tanager1-release2-core-imagery/ortho_visual/20250704_165208_78_4001_ortho_visual.tif,,,https://storage.googleapis.com/open-cogs/planet-stac/tanager1-release2-core-imagery/thumbnail/20250704_165208_78_4001_thumb.png
urban,20250704_165212_93_4001,2025-07-04T16:52:12.938891Z,0,0,standard,standard_sensitivity,"Town of Rush, Monroe County, New York, 14543, United States",69.3,165.1,278.6,13.2,35.47,"[-77.75987561083157, 42.917407333219316, -77.4543314772057, 43.110789064195366]",43.014098198707345,-77.60710354401863,https://storage.googleapis.com/open-cogs/planet-stac/tanager1-release2-core-imagery/basic_beta_udm/20250704_165212_93_4001_basic_beta_udm.tif,https://storage.googleapis.com/open-cogs/planet-stac/tanager1-release2-core-imagery/basic_radiance_hdf5/20250704_165212_93_4001_basic_radiance_hdf5.h5,https://storage.googleapis.com/open-cogs/planet-stac/tanager1-release2-core-imagery/basic_sr_hdf5/20250704_165212_93_4001_basic_sr_hdf5.h5,https://storage.googleapis.com/open-cogs/planet-stac/tanager1-release2-core-imagery/geolocation_array/20250704_165212_93_4001_geolocation_array.tif,https://storage.googleapis.com/open-cogs/planet-stac/tanager1-release2-core-imagery/ortho_beta_udm/20250704_165212_93_4001_ortho_beta_udm.tif,,https://storage.googleapis.com/open-cogs/planet-stac/tanager1-release2-core-imagery/ortho_radiance_hdf5/20250704_165212_93_4001_ortho_radiance_hdf5.h5,https://storage.googleapis.com/open-cogs/planet-stac/tanager1-release2-core-imagery/ortho_sr_hdf5/20250704_165212_93_4001_ortho_sr_hdf5.h5,https://storage.googleapis.com/open-cogs/planet-stac/tanager1-release2-core-imagery/ortho_visual/20250704_165212_93_4001_ortho_visual.tif,,,https://storage.googleapis.com/open-cogs/planet-stac/tanager1-release2-core-imagery/thumbnail/20250704_165212_93_4001_thumb.png
urban,20250914_171527_18_4001,2025-09-14T17:15:27.194444Z,1,0,standard,maximum_sensitivity,"Melvindale, Wayne County, Michigan, 48122, United States",50.8,175.1,33.7,12.2,35.22,"[-83.33175247670914, 42.14831477016702, -83.01418472462309, 42.40408910830337]",42.27620193923519,-83.17296860066611,https://storage.googleapis.com/open-cogs/planet-stac/tanager1-release2-core-imagery/basic_beta_udm/20250914_171527_18_4001_basic_beta_udm.tif,https://storage.googleapis.com/open-cogs/planet-stac/tanager1-release2-core-imagery/basic_radiance_hdf5/20250914_171527_18_4001_basic_radiance_hdf5.h5,https://storage.googleapis.com/open-cogs/planet-stac/tanager1-release2-core-imagery/basic_sr_hdf5/20250914_171527_18_4001_basic_sr_hdf5.h5,https://storage.googleapis.com/open-cogs/planet-stac/tanager1-release2-core-imagery/geolocation_array/20250914_171527_18_4001_geolocation_array.tif,https://storage.googleapis.com/open-cogs/planet-stac/tanager1-release2-core-imagery/ortho_beta_udm/20250914_171527_18_4001_ortho_beta_udm.tif,,https://storage.googleapis.com/open-cogs/planet-stac/tanager1-release2-core-imagery/ortho_radiance_hdf5/20250914_171527_18_4001_ortho_radiance_hdf5.h5,https://storage.googleapis.com/open-cogs/planet-stac/tanager1-release2-core-imagery/ortho_sr_hdf5/20250914_171527_18_4001_ortho_sr_hdf5.h5,https://storage.googleapis.com/open-cogs/planet-stac/tanager1-release2-core-imagery/ortho_visual/20250914_171527_18_4001_ortho_visual.tif,,,https://storage.googleapis.com/open-cogs/planet-stac/tanager1-release2-core-imagery/thumbnail/20250914_171527_18_4001_thumb.png
urban,20250918_112731_80_4001,2025-09-18T11:27:31.809999Z,0,0,standard,standard_sensitivity,"Serémange-Erzange, Thionville, Moselle, Grand Est, Metropolitan France, 57290, France",42.4,179.3,72.5,2.6,33.49,"[5.906317229344888, 49.18895417986519, 6.258874351459775, 49.44721298309165]",49.31808358147842,6.082595790402332,https://storage.googleapis.com/open-cogs/planet-stac/tanager1-release2-core-imagery/basic_beta_udm/20250918_112731_80_4001_basic_beta_udm.tif,https://storage.googleapis.com/open-cogs/planet-stac/tanager1-release2-core-imagery/basic_radiance_hdf5/20250918_112731_80_4001_basic_radiance_hdf5.h5,https://storage.googleapis.com/open-cogs/planet-stac/tanager1-release2-core-imagery/basic_sr_hdf5/20250918_112731_80_4001_basic_sr_hdf5.h5,https://storage.googleapis.com/open-cogs/planet-stac/tanager1-release2-core-imagery/geolocation_array/20250918_112731_80_4001_geolocation_array.tif,https://storage.googleapis.com/open-cogs/planet-stac/tanager1-release2-core-imagery/ortho_beta_udm/20250918_112731_80_4001_ortho_beta_udm.tif,,https://storage.googleapis.com/open-cogs/planet-stac/tanager1-release2-core-imagery/ortho_radiance_hdf5/20250918_112731_80_4001_ortho_radiance_hdf5.h5,https://storage.googleapis.com/open-cogs/planet-stac/tanager1-release2-core-imagery/ortho_sr_hdf5/20250918_112731_80_4001_ortho_sr_hdf5.h5,https://storage.googleapis.com/open-cogs/planet-stac/tanager1-release2-core-imagery/ortho_visual/20250918_112731_80_4001_ortho_visual.tif,,,https://storage.googleapis.com/open-cogs/planet-stac/tanager1-release2-core-imagery/thumbnail/20250918_112731_80_4001_thumb.png
urban,20250824_171853_67_4001,2025-08-24T17:18:53.676000Z,7,0,standard,standard_sensitivity,"Fraternidad Antorchista, Othón P. Blanco, Quintana Roo, 77029, Mexico",78.2,129.7,348.2,2.8,32.76,"[-88.46562243511693, 18.45601576175502, -88.24944511677322, 18.63698222713863]",18.546498994446825,-88.35753377594507,https://storage.googleapis.com/open-cogs/planet-stac/tanager1-release2-core-imagery/basic_beta_udm/20250824_171853_67_4001_basic_beta_udm.tif,https://storage.googleapis.com/open-cogs/planet-stac/tanager1-release2-core-imagery/basic_radiance_hdf5/20250824_171853_67_4001_basic_radiance_hdf5.h5,https://storage.googleapis.com/open-cogs/planet-stac/tanager1-release2-core-imagery/basic_sr_hdf5/20250824_171853_67_4001_basic_sr_hdf5.h5,https://storage.googleapis.com/open-cogs/planet-stac/tanager1-release2-core-imagery/geolocation_array/20250824_171853_67_4001_geolocation_array.tif,https://storage.googleapis.com/open-cogs/planet-stac/tanager1-release2-core-imagery/ortho_beta_udm/20250824_171853_67_4001_ortho_beta_udm.tif,,https://storage.googleapis.com/open-cogs/planet-stac/tanager1-release2-core-imagery/ortho_radiance_hdf5/20250824_171853_67_4001_ortho_radiance_hdf5.h5,https://storage.googleapis.com/open-cogs/planet-stac/tanager1-release2-core-imagery/ortho_sr_hdf5/20250824_171853_67_4001_ortho_sr_hdf5.h5,https://storage.googleapis.com/open-cogs/planet-stac/tanager1-release2-core-imagery/ortho_visual/20250824_171853_67_4001_ortho_visual.tif,,,https://storage.googleapis.com/open-cogs/planet-stac/tanager1-release2-core-imagery/thumbnail/20250824_171853_67_4001_thumb.png
urban,20250223_165542_16_4001,2025-02-23T16:55:42.165094Z,0,0,standard,standard_sensitivity,"Colonia Usuluteca, Usulután, 3401, El Salvador",61.1,141.5,272.6,10.8,34.38,"[-88.53558942589413, 13.281823945511158, -88.31985918967453, 13.459855747549268]",13.370839846530213,-88.42772430778433,https://storage.googleapis.com/open-cogs/planet-stac/tanager1-release2-core-imagery/basic_beta_udm/20250223_165542_16_4001_basic_beta_udm.tif,https://storage.googleapis.com/open-cogs/planet-stac/tanager1-release2-core-imagery/basic_radiance_hdf5/20250223_165542_16_4001_basic_radiance_hdf5.h5,https://storage.googleapis.com/open-cogs/planet-stac/tanager1-release2-core-imagery/basic_sr_hdf5/20250223_165542_16_4001_basic_sr_hdf5.h5,https://storage.googleapis.com/open-cogs/planet-stac/tanager1-release2-core-imagery/geolocation_array/20250223_165542_16_4001_geolocation_array.tif,https://storage.googleapis.com/open-cogs/planet-stac/tanager1-release2-core-imagery/ortho_beta_udm/20250223_165542_16_4001_ortho_beta_udm.tif,,https://storage.googleapis.com/open-cogs/planet-stac/tanager1-release2-core-imagery/ortho_radiance_hdf5/20250223_165542_16_4001_ortho_radiance_hdf5.h5,https://storage.googleapis.com/open-cogs/planet-stac/tanager1-release2-core-imagery/ortho_sr_hdf5/20250223_165542_16_4001_ortho_sr_hdf5.h5,https://storage.googleapis.com/open-cogs/planet-stac/tanager1-release2-core-imagery/ortho_visual/20250223_165542_16_4001_ortho_visual.tif,,,https://storage.googleapis.com/open-cogs/planet-stac/tanager1-release2-core-imagery/thumbnail/20250223_165542_16_4001_thumb.png
urban,20250916_144245_51_4001,2025-09-16T14:42:45.516999Z,3,0,standard,standard_sensitivity,"Campo de Mayo, Partido de San Miguel, Buenos Aires, 1659, Argentina",49.9,26.3,97.8,25.5,38.95,"[-58.77271133313979, -34.64350389976002, -58.45770955089028, -34.43101881786365]",-34.53726135881183,-58.615210442015034,https://storage.googleapis.com/open-cogs/planet-stac/tanager1-release2-core-imagery/basic_beta_udm/20250916_144245_51_4001_basic_beta_udm.tif,https://storage.googleapis.com/open-cogs/planet-stac/tanager1-release2-core-imagery/basic_radiance_hdf5/20250916_144245_51_4001_basic_radiance_hdf5.h5,https://storage.googleapis.com/open-cogs/planet-stac/tanager1-release2-core-imagery/basic_sr_hdf5/20250916_144245_51_4001_basic_sr_hdf5.h5,https://storage.googleapis.com/open-cogs/planet-stac/tanager1-release2-core-imagery/geolocation_array/20250916_144245_51_4001_geolocation_array.tif,https://storage.googleapis.com/open-cogs/planet-stac/tanager1-release2-core-imagery/ortho_beta_udm/20250916_144245_51_4001_ortho_beta_udm.tif,,https://storage.googleapis.com/open-cogs/planet-stac/tanager1-release2-core-imagery/ortho_radiance_hdf5/20250916_144245_51_4001_ortho_radiance_hdf5.h5,https://storage.googleapis.com/open-cogs/planet-stac/tanager1-release2-core-imagery/ortho_sr_hdf5/20250916_144245_51_4001_ortho_sr_hdf5.h5,https://storage.googleapis.com/open-cogs/planet-stac/tanager1-release2-core-imagery/ortho_visual/20250916_144245_51_4001_ortho_visual.tif,,,https://storage.googleapis.com/open-cogs/planet-stac/tanager1-release2-core-imagery/thumbnail/20250916_144245_51_4001_thumb.png
urban,20250916_144249_76_4001,2025-09-16T14:42:49.765063Z,0,0,standard,standard_sensitivity,"Libertad, Partido de Merlo, Buenos Aires, 1716, Argentina",49.8,26.3,101.0,25.4,39.41,"[-58.8156460714865, -34.81236564338691, -58.500890952686085, -34.597278474459614]",-34.70482205892326,-58.658268512086295,https://storage.googleapis.com/open-cogs/planet-stac/tanager1-release2-core-imagery/basic_beta_udm/20250916_144249_76_4001_basic_beta_udm.tif,https://storage.googleapis.com/open-cogs/planet-stac/tanager1-release2-core-imagery/basic_radiance_hdf5/20250916_144249_76_4001_basic_radiance_hdf5.h5,https://storage.googleapis.com/open-cogs/planet-stac/tanager1-release2-core-imagery/basic_sr_hdf5/20250916_144249_76_4001_basic_sr_hdf5.h5,https://storage.googleapis.com/open-cogs/planet-stac/tanager1-release2-core-imagery/geolocation_array/20250916_144249_76_4001_geolocation_array.tif,https://storage.googleapis.com/open-cogs/planet-stac/tanager1-release2-core-imagery/ortho_beta_udm/20250916_144249_76_4001_ortho_beta_udm.tif,,https://storage.googleapis.com/open-cogs/planet-stac/tanager1-release2-core-imagery/ortho_radiance_hdf5/20250916_144249_76_4001_ortho_radiance_hdf5.h5,https://storage.googleapis.com/open-cogs/planet-stac/tanager1-release2-core-imagery/ortho_sr_hdf5/20250916_144249_76_4001_ortho_sr_hdf5.h5,https://storage.googleapis.com/open-cogs/planet-stac/tanager1-release2-core-imagery/ortho_visual/20250916_144249_76_4001_ortho_visual.tif,,,https://storage.googleapis.com/open-cogs/planet-stac/tanager1-release2-core-imagery/thumbnail/20250916_144249_76_4001_thumb.png
urban,20250916_144254_01_4001,2025-09-16T14:42:54.013127Z,0,0,standard,standard_sensitivity,"Virrey Del Pino, Partido de La Matanza, Buenos Aires, Argentina",49.6,26.2,104.2,25.3,39.6,"[-58.859267244142785, -34.97993090173719, -58.54432173629534, -34.763515172056046]",-34.87172303689662,-58.70179449021906,https://storage.googleapis.com/open-cogs/planet-stac/tanager1-release2-core-imagery/basic_beta_udm/20250916_144254_01_4001_basic_beta_udm.tif,https://storage.googleapis.com/open-cogs/planet-stac/tanager1-release2-core-imagery/basic_radiance_hdf5/20250916_144254_01_4001_basic_radiance_hdf5.h5,https://storage.googleapis.com/open-cogs/planet-stac/tanager1-release2-core-imagery/basic_sr_hdf5/20250916_144254_01_4001_basic_sr_hdf5.h5,https://storage.googleapis.com/open-cogs/planet-stac/tanager1-release2-core-imagery/geolocation_array/20250916_144254_01_4001_geolocation_array.tif,https://storage.googleapis.com/open-cogs/planet-stac/tanager1-release2-core-imagery/ortho_beta_udm/20250916_144254_01_4001_ortho_beta_udm.tif,,https://storage.googleapis.com/open-cogs/planet-stac/tanager1-release2-core-imagery/ortho_radiance_hdf5/20250916_144254_01_4001_ortho_radiance_hdf5.h5,https://storage.googleapis.com/open-cogs/planet-stac/tanager1-release2-core-imagery/ortho_sr_hdf5/20250916_144254_01_4001_ortho_sr_hdf5.h5,https://storage.googleapis.com/open-cogs/planet-stac/tanager1-release2-core-imagery/ortho_visual/20250916_144254_01_4001_ortho_visual.tif,,,https://storage.googleapis.com/open-cogs/planet-stac/tanager1-release2-core-imagery/thumbnail/20250916_144254_01_4001_thumb.png
urban,20250724_144826_58_4001,2025-07-24T14:48:26.582000Z,0,0,standard,standard_sensitivity,"Primera Sección, Partido de Tigre, Buenos Aires, Argentina",33.3,20.5,291.3,8.9,34.07,"[-58.7141055901102, -34.46006129358023, -58.45417106848554, -34.2687386805137]",-34.364399987046966,-58.58413832929787,https://storage.googleapis.com/open-cogs/planet-stac/tanager1-release2-core-imagery/basic_beta_udm/20250724_144826_58_4001_basic_beta_udm.tif,https://storage.googleapis.com/open-cogs/planet-stac/tanager1-release2-core-imagery/basic_radiance_hdf5/20250724_144826_58_4001_basic_radiance_hdf5.h5,https://storage.googleapis.com/open-cogs/planet-stac/tanager1-release2-core-imagery/basic_sr_hdf5/20250724_144826_58_4001_basic_sr_hdf5.h5,https://storage.googleapis.com/open-cogs/planet-stac/tanager1-release2-core-imagery/geolocation_array/20250724_144826_58_4001_geolocation_array.tif,https://storage.googleapis.com/open-cogs/planet-stac/tanager1-release2-core-imagery/ortho_beta_udm/20250724_144826_58_4001_ortho_beta_udm.tif,,https://storage.googleapis.com/open-cogs/planet-stac/tanager1-release2-core-imagery/ortho_radiance_hdf5/20250724_144826_58_4001_ortho_radiance_hdf5.h5,https://storage.googleapis.com/open-cogs/planet-stac/tanager1-release2-core-imagery/ortho_sr_hdf5/20250724_144826_58_4001_ortho_sr_hdf5.h5,https://storage.googleapis.com/open-cogs/planet-stac/tanager1-release2-core-imagery/ortho_visual/20250724_144826_58_4001_ortho_visual.tif,,,https://storage.googleapis.com/open-cogs/planet-stac/tanager1-release2-core-imagery/thumbnail/20250724_144826_58_4001_thumb.png
urban,20250724_144830_83_4001,2025-07-24T14:48:30.830064Z,5,0,standard,standard_sensitivity,"Don Torcuato, Partido de Tigre, Buenos Aires, Argentina",33.1,20.5,280.3,8.8,33.94,"[-58.753396874124796, -34.611803353578274, -58.49282478443264, -34.42134216573006]",-34.51657275965417,-58.623110829278716,https://storage.googleapis.com/open-cogs/planet-stac/tanager1-release2-core-imagery/basic_beta_udm/20250724_144830_83_4001_basic_beta_udm.tif,https://storage.googleapis.com/open-cogs/planet-stac/tanager1-release2-core-imagery/basic_radiance_hdf5/20250724_144830_83_4001_basic_radiance_hdf5.h5,https://storage.googleapis.com/open-cogs/planet-stac/tanager1-release2-core-imagery/basic_sr_hdf5/20250724_144830_83_4001_basic_sr_hdf5.h5,https://storage.googleapis.com/open-cogs/planet-stac/tanager1-release2-core-imagery/geolocation_array/20250724_144830_83_4001_geolocation_array.tif,https://storage.googleapis.com/open-cogs/planet-stac/tanager1-release2-core-imagery/ortho_beta_udm/20250724_144830_83_4001_ortho_beta_udm.tif,,https://storage.googleapis.com/open-cogs/planet-stac/tanager1-release2-core-imagery/ortho_radiance_hdf5/20250724_144830_83_4001_ortho_radiance_hdf5.h5,https://storage.googleapis.com/open-cogs/planet-stac/tanager1-release2-core-imagery/ortho_sr_hdf5/20250724_144830_83_4001_ortho_sr_hdf5.h5,https://storage.googleapis.com/open-cogs/planet-stac/tanager1-release2-core-imagery/ortho_visual/20250724_144830_83_4001_ortho_visual.tif,,,https://storage.googleapis.com/open-cogs/planet-stac/tanager1-release2-core-imagery/thumbnail/20250724_144830_83_4001_thumb.png
urban,20250724_144835_07_4001,2025-07-24T14:48:35.078128Z,1,0,standard,standard_sensitivity,"Castelar, Partido de Morón, Buenos Aires, Argentina",33.0,20.4,269.3,9.0,33.95,"[-58.792696727500555, -34.76339363624966, -58.531479923119015, -34.573958193861586]",-34.66867591505562,-58.66208832530978,https://storage.googleapis.com/open-cogs/planet-stac/tanager1-release2-core-imagery/basic_beta_udm/20250724_144835_07_4001_basic_beta_udm.tif,https://storage.googleapis.com/open-cogs/planet-stac/tanager1-release2-core-imagery/basic_radiance_hdf5/20250724_144835_07_4001_basic_radiance_hdf5.h5,https://storage.googleapis.com/open-cogs/planet-stac/tanager1-release2-core-imagery/basic_sr_hdf5/20250724_144835_07_4001_basic_sr_hdf5.h5,https://storage.googleapis.com/open-cogs/planet-stac/tanager1-release2-core-imagery/geolocation_array/20250724_144835_07_4001_geolocation_array.tif,https://storage.googleapis.com/open-cogs/planet-stac/tanager1-release2-core-imagery/ortho_beta_udm/20250724_144835_07_4001_ortho_beta_udm.tif,,https://storage.googleapis.com/open-cogs/planet-stac/tanager1-release2-core-imagery/ortho_radiance_hdf5/20250724_144835_07_4001_ortho_radiance_hdf5.h5,https://storage.googleapis.com/open-cogs/planet-stac/tanager1-release2-core-imagery/ortho_sr_hdf5/20250724_144835_07_4001_ortho_sr_hdf5.h5,https://storage.googleapis.com/open-cogs/planet-stac/tanager1-release2-core-imagery/ortho_visual/20250724_144835_07_4001_ortho_visual.tif,,,https://storage.googleapis.com/open-cogs/planet-stac/tanager1-release2-core-imagery/thumbnail/20250724_144835_07_4001_thumb.png
urban,20250626_144415_59_4001,2025-06-26T14:44:15.592000Z,0,0,standard,standard_sensitivity,"Primera Sección, Partido de Tigre, Buenos Aires, Argentina",29.8,19.3,297.2,7.2,34.01,"[-58.71473853983964, -34.46908463794435, -58.45751916041572, -34.281466565267806]",-34.37527560160608,-58.58612885012768,https://storage.googleapis.com/open-cogs/planet-stac/tanager1-release2-core-imagery/basic_beta_udm/20250626_144415_59_4001_basic_beta_udm.tif,https://storage.googleapis.com/open-cogs/planet-stac/tanager1-release2-core-imagery/basic_radiance_hdf5/20250626_144415_59_4001_basic_radiance_hdf5.h5,https://storage.googleapis.com/open-cogs/planet-stac/tanager1-release2-core-imagery/basic_sr_hdf5/20250626_144415_59_4001_basic_sr_hdf5.h5,https://storage.googleapis.com/open-cogs/planet-stac/tanager1-release2-core-imagery/geolocation_array/20250626_144415_59_4001_geolocation_array.tif,https://storage.googleapis.com/open-cogs/planet-stac/tanager1-release2-core-imagery/ortho_beta_udm/20250626_144415_59_4001_ortho_beta_udm.tif,,https://storage.googleapis.com/open-cogs/planet-stac/tanager1-release2-core-imagery/ortho_radiance_hdf5/20250626_144415_59_4001_ortho_radiance_hdf5.h5,https://storage.googleapis.com/open-cogs/planet-stac/tanager1-release2-core-imagery/ortho_sr_hdf5/20250626_144415_59_4001_ortho_sr_hdf5.h5,https://storage.googleapis.com/open-cogs/planet-stac/tanager1-release2-core-imagery/ortho_visual/20250626_144415_59_4001_ortho_visual.tif,,,https://storage.googleapis.com/open-cogs/planet-stac/tanager1-release2-core-imagery/thumbnail/20250626_144415_59_4001_thumb.png
urban,20250626_144419_75_4001,2025-06-26T14:44:19.757094Z,1,0,standard,standard_sensitivity,"Campo de Mayo, Partido de San Miguel, Buenos Aires, 1659, Argentina",29.6,19.3,283.7,7.0,33.75,"[-58.753281314914055, -34.61706801552489, -58.4954647836448, -34.430528841569306]",-34.523798428547096,-58.62437304927943,https://storage.googleapis.com/open-cogs/planet-stac/tanager1-release2-core-imagery/basic_beta_udm/20250626_144419_75_4001_basic_beta_udm.tif,https://storage.googleapis.com/open-cogs/planet-stac/tanager1-release2-core-imagery/basic_radiance_hdf5/20250626_144419_75_4001_basic_radiance_hdf5.h5,https://storage.googleapis.com/open-cogs/planet-stac/tanager1-release2-core-imagery/basic_sr_hdf5/20250626_144419_75_4001_basic_sr_hdf5.h5,https://storage.googleapis.com/open-cogs/planet-stac/tanager1-release2-core-imagery/geolocation_array/20250626_144419_75_4001_geolocation_array.tif,https://storage.googleapis.com/open-cogs/planet-stac/tanager1-release2-core-imagery/ortho_beta_udm/20250626_144419_75_4001_ortho_beta_udm.tif,,https://storage.googleapis.com/open-cogs/planet-stac/tanager1-release2-core-imagery/ortho_radiance_hdf5/20250626_144419_75_4001_ortho_radiance_hdf5.h5,https://storage.googleapis.com/open-cogs/planet-stac/tanager1-release2-core-imagery/ortho_sr_hdf5/20250626_144419_75_4001_ortho_sr_hdf5.h5,https://storage.googleapis.com/open-cogs/planet-stac/tanager1-release2-core-imagery/ortho_visual/20250626_144419_75_4001_ortho_visual.tif,,,https://storage.googleapis.com/open-cogs/planet-stac/tanager1-release2-core-imagery/thumbnail/20250626_144419_75_4001_thumb.png
urban,20250626_144423_91_4001,2025-06-26T14:44:23.913891Z,0,0,standard,standard_sensitivity,"Castelar, Partido de Morón, Buenos Aires, Argentina",29.5,19.3,269.9,7.1,33.78,"[-58.79170112066215, -34.76432392712023, -58.53347297458745, -34.579211872916616]",-34.67176790001842,-58.6625870476248,https://storage.googleapis.com/open-cogs/planet-stac/tanager1-release2-core-imagery/basic_beta_udm/20250626_144423_91_4001_basic_beta_udm.tif,https://storage.googleapis.com/open-cogs/planet-stac/tanager1-release2-core-imagery/basic_radiance_hdf5/20250626_144423_91_4001_basic_radiance_hdf5.h5,https://storage.googleapis.com/open-cogs/planet-stac/tanager1-release2-core-imagery/basic_sr_hdf5/20250626_144423_91_4001_basic_sr_hdf5.h5,https://storage.googleapis.com/open-cogs/planet-stac/tanager1-release2-core-imagery/geolocation_array/20250626_144423_91_4001_geolocation_array.tif,https://storage.googleapis.com/open-cogs/planet-stac/tanager1-release2-core-imagery/ortho_beta_udm/20250626_144423_91_4001_ortho_beta_udm.tif,,https://storage.googleapis.com/open-cogs/planet-stac/tanager1-release2-core-imagery/ortho_radiance_hdf5/20250626_144423_91_4001_ortho_radiance_hdf5.h5,https://storage.googleapis.com/open-cogs/planet-stac/tanager1-release2-core-imagery/ortho_sr_hdf5/20250626_144423_91_4001_ortho_sr_hdf5.h5,https://storage.googleapis.com/open-cogs/planet-stac/tanager1-release2-core-imagery/ortho_visual/20250626_144423_91_4001_ortho_visual.tif,,,https://storage.googleapis.com/open-cogs/planet-stac/tanager1-release2-core-imagery/thumbnail/20250626_144423_91_4001_thumb.png
urban,20250313_143015_00_4001,2025-03-13T14:30:15.012445Z,6,0,standard,maximum_sensitivity,"Primera Sección, Partido de Tigre, Buenos Aires, Argentina",51.6,39.5,342.7,13.5,33.27,"[-58.71267781557721, -34.46134920996579, -58.45143963819473, -34.27153350433598]",-34.36644135715088,-58.58205872688597,https://storage.googleapis.com/open-cogs/planet-stac/tanager1-release2-core-imagery/basic_beta_udm/20250313_143015_00_4001_basic_beta_udm.tif,https://storage.googleapis.com/open-cogs/planet-stac/tanager1-release2-core-imagery/basic_radiance_hdf5/20250313_143015_00_4001_basic_radiance_hdf5.h5,https://storage.googleapis.com/open-cogs/planet-stac/tanager1-release2-core-imagery/basic_sr_hdf5/20250313_143015_00_4001_basic_sr_hdf5.h5,https://storage.googleapis.com/open-cogs/planet-stac/tanager1-release2-core-imagery/geolocation_array/20250313_143015_00_4001_geolocation_array.tif,https://storage.googleapis.com/open-cogs/planet-stac/tanager1-release2-core-imagery/ortho_beta_udm/20250313_143015_00_4001_ortho_beta_udm.tif,,https://storage.googleapis.com/open-cogs/planet-stac/tanager1-release2-core-imagery/ortho_radiance_hdf5/20250313_143015_00_4001_ortho_radiance_hdf5.h5,https://storage.googleapis.com/open-cogs/planet-stac/tanager1-release2-core-imagery/ortho_sr_hdf5/20250313_143015_00_4001_ortho_sr_hdf5.h5,https://storage.googleapis.com/open-cogs/planet-stac/tanager1-release2-core-imagery/ortho_visual/20250313_143015_00_4001_ortho_visual.tif,,,https://storage.googleapis.com/open-cogs/planet-stac/tanager1-release2-core-imagery/thumbnail/20250313_143015_00_4001_thumb.png
urban,20250313_143031_92_4001,2025-03-13T14:30:31.938325Z,1,0,standard,maximum_sensitivity,"Don Torcuato, Partido de Tigre, Buenos Aires, Argentina",51.5,39.4,268.3,6.9,32.6,"[-58.75111332218034, -34.602411211576985, -58.493450976898544, -34.42091662810976]",-34.51166391984337,-58.622282149539444,https://storage.googleapis.com/open-cogs/planet-stac/tanager1-release2-core-imagery/basic_beta_udm/20250313_143031_92_4001_basic_beta_udm.tif,https://storage.googleapis.com/open-cogs/planet-stac/tanager1-release2-core-imagery/basic_radiance_hdf5/20250313_143031_92_4001_basic_radiance_hdf5.h5,https://storage.googleapis.com/open-cogs/planet-stac/tanager1-release2-core-imagery/basic_sr_hdf5/20250313_143031_92_4001_basic_sr_hdf5.h5,https://storage.googleapis.com/open-cogs/planet-stac/tanager1-release2-core-imagery/geolocation_array/20250313_143031_92_4001_geolocation_array.tif,https://storage.googleapis.com/open-cogs/planet-stac/tanager1-release2-core-imagery/ortho_beta_udm/20250313_143031_92_4001_ortho_beta_udm.tif,,https://storage.googleapis.com/open-cogs/planet-stac/tanager1-release2-core-imagery/ortho_radiance_hdf5/20250313_143031_92_4001_ortho_radiance_hdf5.h5,https://storage.googleapis.com/open-cogs/planet-stac/tanager1-release2-core-imagery/ortho_sr_hdf5/20250313_143031_92_4001_ortho_sr_hdf5.h5,https://storage.googleapis.com/open-cogs/planet-stac/tanager1-release2-core-imagery/ortho_visual/20250313_143031_92_4001_ortho_visual.tif,,,https://storage.googleapis.com/open-cogs/planet-stac/tanager1-release2-core-imagery/thumbnail/20250313_143031_92_4001_thumb.png
urban,20250313_143048_81_4001,2025-03-13T14:30:48.831017Z,1,0,standard,maximum_sensitivity,"Castelar, Partido de Morón, Buenos Aires, Argentina",51.4,39.2,215.8,16.2,33.11,"[-58.795391184816864, -34.74399803773491, -58.52837068852493, -34.56743960560631]",-34.65571882167061,-58.6618809366709,https://storage.googleapis.com/open-cogs/planet-stac/tanager1-release2-core-imagery/basic_beta_udm/20250313_143048_81_4001_basic_beta_udm.tif,https://storage.googleapis.com/open-cogs/planet-stac/tanager1-release2-core-imagery/basic_radiance_hdf5/20250313_143048_81_4001_basic_radiance_hdf5.h5,https://storage.googleapis.com/open-cogs/planet-stac/tanager1-release2-core-imagery/basic_sr_hdf5/20250313_143048_81_4001_basic_sr_hdf5.h5,https://storage.googleapis.com/open-cogs/planet-stac/tanager1-release2-core-imagery/geolocation_array/20250313_143048_81_4001_geolocation_array.tif,https://storage.googleapis.com/open-cogs/planet-stac/tanager1-release2-core-imagery/ortho_beta_udm/20250313_143048_81_4001_ortho_beta_udm.tif,,https://storage.googleapis.com/open-cogs/planet-stac/tanager1-release2-core-imagery/ortho_radiance_hdf5/20250313_143048_81_4001_ortho_radiance_hdf5.h5,https://storage.googleapis.com/open-cogs/planet-stac/tanager1-release2-core-imagery/ortho_sr_hdf5/20250313_143048_81_4001_ortho_sr_hdf5.h5,https://storage.googleapis.com/open-cogs/planet-stac/tanager1-release2-core-imagery/ortho_visual/20250313_143048_81_4001_ortho_visual.tif,,,https://storage.googleapis.com/open-cogs/planet-stac/tanager1-release2-core-imagery/thumbnail/20250313_143048_81_4001_thumb.png
urban,20250213_142717_00_4001,2025-02-13T14:27:17.012445Z,0,0,standard,maximum_sensitivity,"Primera Sección, Partido de Tigre, Buenos Aires, Argentina",58.8,53.3,314.8,10.5,38.95,"[-58.73105365752559, -34.52749605640904, -58.45334640503978, -34.268462454276225]",-34.397979255342634,-58.59220003128269,https://storage.googleapis.com/open-cogs/planet-stac/tanager1-release2-core-imagery/basic_beta_udm/20250213_142717_00_4001_basic_beta_udm.tif,https://storage.googleapis.com/open-cogs/planet-stac/tanager1-release2-core-imagery/basic_radiance_hdf5/20250213_142717_00_4001_basic_radiance_hdf5.h5,https://storage.googleapis.com/open-cogs/planet-stac/tanager1-release2-core-imagery/basic_sr_hdf5/20250213_142717_00_4001_basic_sr_hdf5.h5,https://storage.googleapis.com/open-cogs/planet-stac/tanager1-release2-core-imagery/geolocation_array/20250213_142717_00_4001_geolocation_array.tif,https://storage.googleapis.com/open-cogs/planet-stac/tanager1-release2-core-imagery/ortho_beta_udm/20250213_142717_00_4001_ortho_beta_udm.tif,,https://storage.googleapis.com/open-cogs/planet-stac/tanager1-release2-core-imagery/ortho_radiance_hdf5/20250213_142717_00_4001_ortho_radiance_hdf5.h5,https://storage.googleapis.com/open-cogs/planet-stac/tanager1-release2-core-imagery/ortho_sr_hdf5/20250213_142717_00_4001_ortho_sr_hdf5.h5,https://storage.googleapis.com/open-cogs/planet-stac/tanager1-release2-core-imagery/ortho_visual/20250213_142717_00_4001_ortho_visual.tif,,,https://storage.googleapis.com/open-cogs/planet-stac/tanager1-release2-core-imagery/thumbnail/20250213_142717_00_4001_thumb.png
urban,20250213_142737_31_4001,2025-02-13T14:27:37.323502Z,1,0,standard,maximum_sensitivity,"Mitre, Villa Tesei, Partido de Hurlingham, Buenos Aires, Argentina",58.7,53.0,233.6,13.2,36.37,"[-58.79453908603029, -34.739246984794576, -58.50981920007368, -34.49047577488736]",-34.61486137984097,-58.65217914305198,https://storage.googleapis.com/open-cogs/planet-stac/tanager1-release2-core-imagery/basic_beta_udm/20250213_142737_31_4001_basic_beta_udm.tif,https://storage.googleapis.com/open-cogs/planet-stac/tanager1-release2-core-imagery/basic_radiance_hdf5/20250213_142737_31_4001_basic_radiance_hdf5.h5,https://storage.googleapis.com/open-cogs/planet-stac/tanager1-release2-core-imagery/basic_sr_hdf5/20250213_142737_31_4001_basic_sr_hdf5.h5,https://storage.googleapis.com/open-cogs/planet-stac/tanager1-release2-core-imagery/geolocation_array/20250213_142737_31_4001_geolocation_array.tif,https://storage.googleapis.com/open-cogs/planet-stac/tanager1-release2-core-imagery/ortho_beta_udm/20250213_142737_31_4001_ortho_beta_udm.tif,,https://storage.googleapis.com/open-cogs/planet-stac/tanager1-release2-core-imagery/ortho_radiance_hdf5/20250213_142737_31_4001_ortho_radiance_hdf5.h5,https://storage.googleapis.com/open-cogs/planet-stac/tanager1-release2-core-imagery/ortho_sr_hdf5/20250213_142737_31_4001_ortho_sr_hdf5.h5,https://storage.googleapis.com/open-cogs/planet-stac/tanager1-release2-core-imagery/ortho_visual/20250213_142737_31_4001_ortho_visual.tif,,,https://storage.googleapis.com/open-cogs/planet-stac/tanager1-release2-core-imagery/thumbnail/20250213_142737_31_4001_thumb.png
urban,20250407_035451_00_4001,2025-04-07T03:54:51.012445Z,0,16,standard,maximum_sensitivity,"Khu phố 22, Phường Hiệp Bình, Thủ Đức, Ho Chi Minh City, Vietnam",74.6,103.5,24.4,16.6,34.66,"[106.59595359085495, 10.74422514543046, 106.81856896212841, 10.932700725032094]",10.838462935231277,106.70726127649168,https://storage.googleapis.com/open-cogs/planet-stac/tanager1-release2-core-imagery/basic_beta_udm/20250407_035451_00_4001_basic_beta_udm.tif,https://storage.googleapis.com/open-cogs/planet-stac/tanager1-release2-core-imagery/basic_radiance_hdf5/20250407_035451_00_4001_basic_radiance_hdf5.h5,https://storage.googleapis.com/open-cogs/planet-stac/tanager1-release2-core-imagery/basic_sr_hdf5/20250407_035451_00_4001_basic_sr_hdf5.h5,https://storage.googleapis.com/open-cogs/planet-stac/tanager1-release2-core-imagery/geolocation_array/20250407_035451_00_4001_geolocation_array.tif,https://storage.googleapis.com/open-cogs/planet-stac/tanager1-release2-core-imagery/ortho_beta_udm/20250407_035451_00_4001_ortho_beta_udm.tif,,https://storage.googleapis.com/open-cogs/planet-stac/tanager1-release2-core-imagery/ortho_radiance_hdf5/20250407_035451_00_4001_ortho_radiance_hdf5.h5,https://storage.googleapis.com/open-cogs/planet-stac/tanager1-release2-core-imagery/ortho_sr_hdf5/20250407_035451_00_4001_ortho_sr_hdf5.h5,https://storage.googleapis.com/open-cogs/planet-stac/tanager1-release2-core-imagery/ortho_visual/20250407_035451_00_4001_ortho_visual.tif,,,https://storage.googleapis.com/open-cogs/planet-stac/tanager1-release2-core-imagery/thumbnail/20250407_035451_00_4001_thumb.png
urban,20250407_035509_25_4001,2025-04-07T03:55:09.265846Z,1,8,standard,maximum_sensitivity,"Xã Bình Hưng, Ho Chi Minh City, Vietnam",74.7,103.0,77.6,4.3,33.22,"[106.56597038950946, 10.586277284470714, 106.77946758310465, 10.77718728721292]",10.681732285841818,106.67271898630705,https://storage.googleapis.com/open-cogs/planet-stac/tanager1-release2-core-imagery/basic_beta_udm/20250407_035509_25_4001_basic_beta_udm.tif,https://storage.googleapis.com/open-cogs/planet-stac/tanager1-release2-core-imagery/basic_radiance_hdf5/20250407_035509_25_4001_basic_radiance_hdf5.h5,https://storage.googleapis.com/open-cogs/planet-stac/tanager1-release2-core-imagery/basic_sr_hdf5/20250407_035509_25_4001_basic_sr_hdf5.h5,https://storage.googleapis.com/open-cogs/planet-stac/tanager1-release2-core-imagery/geolocation_array/20250407_035509_25_4001_geolocation_array.tif,https://storage.googleapis.com/open-cogs/planet-stac/tanager1-release2-core-imagery/ortho_beta_udm/20250407_035509_25_4001_ortho_beta_udm.tif,,https://storage.googleapis.com/open-cogs/planet-stac/tanager1-release2-core-imagery/ortho_radiance_hdf5/20250407_035509_25_4001_ortho_radiance_hdf5.h5,https://storage.googleapis.com/open-cogs/planet-stac/tanager1-release2-core-imagery/ortho_sr_hdf5/20250407_035509_25_4001_ortho_sr_hdf5.h5,https://storage.googleapis.com/open-cogs/planet-stac/tanager1-release2-core-imagery/ortho_visual/20250407_035509_25_4001_ortho_visual.tif,,,https://storage.googleapis.com/open-cogs/planet-stac/tanager1-release2-core-imagery/thumbnail/20250407_035509_25_4001_thumb.png
urban,20250806_164239_82_4001,2025-08-06T16:42:39.829999Z,0,0,standard,standard_sensitivity,"Knoxdale-Merivale, Nepean, Ottawa, Eastern Ontario, Ontario, Canada",60.6,167.2,100.9,8.2,33.81,"[-75.89004777761014, 45.215354537799016, -75.56138884666743, 45.4737270371206]",45.344540787459806,-75.72571831213878,https://storage.googleapis.com/open-cogs/planet-stac/tanager1-release2-core-imagery/basic_beta_udm/20250806_164239_82_4001_basic_beta_udm.tif,https://storage.googleapis.com/open-cogs/planet-stac/tanager1-release2-core-imagery/basic_radiance_hdf5/20250806_164239_82_4001_basic_radiance_hdf5.h5,https://storage.googleapis.com/open-cogs/planet-stac/tanager1-release2-core-imagery/basic_sr_hdf5/20250806_164239_82_4001_basic_sr_hdf5.h5,https://storage.googleapis.com/open-cogs/planet-stac/tanager1-release2-core-imagery/geolocation_array/20250806_164239_82_4001_geolocation_array.tif,https://storage.googleapis.com/open-cogs/planet-stac/tanager1-release2-core-imagery/ortho_beta_udm/20250806_164239_82_4001_ortho_beta_udm.tif,,https://storage.googleapis.com/open-cogs/planet-stac/tanager1-release2-core-imagery/ortho_radiance_hdf5/20250806_164239_82_4001_ortho_radiance_hdf5.h5,https://storage.googleapis.com/open-cogs/planet-stac/tanager1-release2-core-imagery/ortho_sr_hdf5/20250806_164239_82_4001_ortho_sr_hdf5.h5,https://storage.googleapis.com/open-cogs/planet-stac/tanager1-release2-core-imagery/ortho_visual/20250806_164239_82_4001_ortho_visual.tif,,,https://storage.googleapis.com/open-cogs/planet-stac/tanager1-release2-core-imagery/thumbnail/20250806_164239_82_4001_thumb.png
urban,20251001_165054_91_4001,2025-10-01T16:50:54.913088Z,0,0,standard,standard_sensitivity,"Town of Pittsford, Monroe County, New York, 14534, United States",43.5,177.0,107.7,17.3,36.2,"[-77.70022713541822, 42.90479115267785, -77.36992705664699, 43.16439941708977]",43.03459528488381,-77.53507709603261,https://storage.googleapis.com/open-cogs/planet-stac/tanager1-release2-core-imagery/basic_beta_udm/20251001_165054_91_4001_basic_beta_udm.tif,https://storage.googleapis.com/open-cogs/planet-stac/tanager1-release2-core-imagery/basic_radiance_hdf5/20251001_165054_91_4001_basic_radiance_hdf5.h5,https://storage.googleapis.com/open-cogs/planet-stac/tanager1-release2-core-imagery/basic_sr_hdf5/20251001_165054_91_4001_basic_sr_hdf5.h5,https://storage.googleapis.com/open-cogs/planet-stac/tanager1-release2-core-imagery/geolocation_array/20251001_165054_91_4001_geolocation_array.tif,https://storage.googleapis.com/open-cogs/planet-stac/tanager1-release2-core-imagery/ortho_beta_udm/20251001_165054_91_4001_ortho_beta_udm.tif,,https://storage.googleapis.com/open-cogs/planet-stac/tanager1-release2-core-imagery/ortho_radiance_hdf5/20251001_165054_91_4001_ortho_radiance_hdf5.h5,https://storage.googleapis.com/open-cogs/planet-stac/tanager1-release2-core-imagery/ortho_sr_hdf5/20251001_165054_91_4001_ortho_sr_hdf5.h5,https://storage.googleapis.com/open-cogs/planet-stac/tanager1-release2-core-imagery/ortho_visual/20251001_165054_91_4001_ortho_visual.tif,,,https://storage.googleapis.com/open-cogs/planet-stac/tanager1-release2-core-imagery/thumbnail/20251001_165054_91_4001_thumb.png
urban,20251015_165301_89_4001,2025-10-15T16:53:01.897840Z,5,0,standard,standard_sensitivity,"Town of Henrietta, Monroe County, New York, United States",38.2,179.1,127.2,18.7,36.1,"[-77.77036876048743, 42.905577922393654, -77.43149796332915, 43.182596492732905]",43.04408720756328,-77.60093336190829,https://storage.googleapis.com/open-cogs/planet-stac/tanager1-release2-core-imagery/basic_beta_udm/20251015_165301_89_4001_basic_beta_udm.tif,https://storage.googleapis.com/open-cogs/planet-stac/tanager1-release2-core-imagery/basic_radiance_hdf5/20251015_165301_89_4001_basic_radiance_hdf5.h5,https://storage.googleapis.com/open-cogs/planet-stac/tanager1-release2-core-imagery/basic_sr_hdf5/20251015_165301_89_4001_basic_sr_hdf5.h5,https://storage.googleapis.com/open-cogs/planet-stac/tanager1-release2-core-imagery/geolocation_array/20251015_165301_89_4001_geolocation_array.tif,https://storage.googleapis.com/open-cogs/planet-stac/tanager1-release2-core-imagery/ortho_beta_udm/20251015_165301_89_4001_ortho_beta_udm.tif,,https://storage.googleapis.com/open-cogs/planet-stac/tanager1-release2-core-imagery/ortho_radiance_hdf5/20251015_165301_89_4001_ortho_radiance_hdf5.h5,https://storage.googleapis.com/open-cogs/planet-stac/tanager1-release2-core-imagery/ortho_sr_hdf5/20251015_165301_89_4001_ortho_sr_hdf5.h5,https://storage.googleapis.com/open-cogs/planet-stac/tanager1-release2-core-imagery/ortho_visual/20251015_165301_89_4001_ortho_visual.tif,,,https://storage.googleapis.com/open-cogs/planet-stac/tanager1-release2-core-imagery/thumbnail/20251015_165301_89_4001_thumb.png
urban,20251029_165501_94_4001,2025-10-29T16:55:01.943591Z,0,0,standard,standard_sensitivity,"Town of Henrietta, Monroe County, New York, United States",33.3,180.3,104.3,16.1,35.44,"[-77.76862306092163, 42.908612537953175, -77.43336007373999, 43.17749327557347]",43.04305290676332,-77.60099156733081,https://storage.googleapis.com/open-cogs/planet-stac/tanager1-release2-core-imagery/basic_beta_udm/20251029_165501_94_4001_basic_beta_udm.tif,https://storage.googleapis.com/open-cogs/planet-stac/tanager1-release2-core-imagery/basic_radiance_hdf5/20251029_165501_94_4001_basic_radiance_hdf5.h5,https://storage.googleapis.com/open-cogs/planet-stac/tanager1-release2-core-imagery/basic_sr_hdf5/20251029_165501_94_4001_basic_sr_hdf5.h5,https://storage.googleapis.com/open-cogs/planet-stac/tanager1-release2-core-imagery/geolocation_array/20251029_165501_94_4001_geolocation_array.tif,https://storage.googleapis.com/open-cogs/planet-stac/tanager1-release2-core-imagery/ortho_beta_udm/20251029_165501_94_4001_ortho_beta_udm.tif,,https://storage.googleapis.com/open-cogs/planet-stac/tanager1-release2-core-imagery/ortho_radiance_hdf5/20251029_165501_94_4001_ortho_radiance_hdf5.h5,https://storage.googleapis.com/open-cogs/planet-stac/tanager1-release2-core-imagery/ortho_sr_hdf5/20251029_165501_94_4001_ortho_sr_hdf5.h5,https://storage.googleapis.com/open-cogs/planet-stac/tanager1-release2-core-imagery/ortho_visual/20251029_165501_94_4001_ortho_visual.tif,,,https://storage.googleapis.com/open-cogs/planet-stac/tanager1-release2-core-imagery/thumbnail/20251029_165501_94_4001_thumb.png
urban,20250426_111955_00_4001,2025-04-26T11:19:55Z,1,0,standard,standard_sensitivity,"Almere Buiten, Almere, Flevoland, Netherlands, 1335 GR, Netherlands",51.2,173.6,305.5,5.8,33.16,"[5.135367023633787, 52.29357769998531, 5.4894530154233765, 52.48053991788155]",52.38705880893343,5.312410019528581,https://storage.googleapis.com/open-cogs/planet-stac/tanager1-release2-core-imagery/basic_beta_udm/20250426_111955_00_4001_basic_beta_udm.tif,https://storage.googleapis.com/open-cogs/planet-stac/tanager1-release2-core-imagery/basic_radiance_hdf5/20250426_111955_00_4001_basic_radiance_hdf5.h5,https://storage.googleapis.com/open-cogs/planet-stac/tanager1-release2-core-imagery/basic_sr_hdf5/20250426_111955_00_4001_basic_sr_hdf5.h5,https://storage.googleapis.com/open-cogs/planet-stac/tanager1-release2-core-imagery/geolocation_array/20250426_111955_00_4001_geolocation_array.tif,https://storage.googleapis.com/open-cogs/planet-stac/tanager1-release2-core-imagery/ortho_beta_udm/20250426_111955_00_4001_ortho_beta_udm.tif,,https://storage.googleapis.com/open-cogs/planet-stac/tanager1-release2-core-imagery/ortho_radiance_hdf5/20250426_111955_00_4001_ortho_radiance_hdf5.h5,https://storage.googleapis.com/open-cogs/planet-stac/tanager1-release2-core-imagery/ortho_sr_hdf5/20250426_111955_00_4001_ortho_sr_hdf5.h5,https://storage.googleapis.com/open-cogs/planet-stac/tanager1-release2-core-imagery/ortho_visual/20250426_111955_00_4001_ortho_visual.tif,,,https://storage.googleapis.com/open-cogs/planet-stac/tanager1-release2-core-imagery/thumbnail/20250426_111955_00_4001_thumb.png
urban,20250426_111959_16_4001,2025-04-26T11:19:59.165094Z,1,0,standard,standard_sensitivity,"Eemnes, Utrecht, Netherlands",51.3,173.5,287.7,5.4,33.11,"[5.077073962507073, 52.15320187405376, 5.429537047954588, 52.339522716456926]",52.24636229525534,5.253305505230831,https://storage.googleapis.com/open-cogs/planet-stac/tanager1-release2-core-imagery/basic_beta_udm/20250426_111959_16_4001_basic_beta_udm.tif,https://storage.googleapis.com/open-cogs/planet-stac/tanager1-release2-core-imagery/basic_radiance_hdf5/20250426_111959_16_4001_basic_radiance_hdf5.h5,https://storage.googleapis.com/open-cogs/planet-stac/tanager1-release2-core-imagery/basic_sr_hdf5/20250426_111959_16_4001_basic_sr_hdf5.h5,https://storage.googleapis.com/open-cogs/planet-stac/tanager1-release2-core-imagery/geolocation_array/20250426_111959_16_4001_geolocation_array.tif,https://storage.googleapis.com/open-cogs/planet-stac/tanager1-release2-core-imagery/ortho_beta_udm/20250426_111959_16_4001_ortho_beta_udm.tif,,https://storage.googleapis.com/open-cogs/planet-stac/tanager1-release2-core-imagery/ortho_radiance_hdf5/20250426_111959_16_4001_ortho_radiance_hdf5.h5,https://storage.googleapis.com/open-cogs/planet-stac/tanager1-release2-core-imagery/ortho_sr_hdf5/20250426_111959_16_4001_ortho_sr_hdf5.h5,https://storage.googleapis.com/open-cogs/planet-stac/tanager1-release2-core-imagery/ortho_visual/20250426_111959_16_4001_ortho_visual.tif,,,https://storage.googleapis.com/open-cogs/planet-stac/tanager1-release2-core-imagery/thumbnail/20250426_111959_16_4001_thumb.png
urban,20250426_112003_32_4001,2025-04-26T11:20:03.321891Z,1,0,standard,standard_sensitivity,"De Bilt, Utrecht, Netherlands",51.4,173.4,269.3,5.6,33.09,"[5.019179616389819, 52.01279907987673, 5.370495964145497, 52.198436394570685]",52.10561773722371,5.194837790267657,https://storage.googleapis.com/open-cogs/planet-stac/tanager1-release2-core-imagery/basic_beta_udm/20250426_112003_32_4001_basic_beta_udm.tif,https://storage.googleapis.com/open-cogs/planet-stac/tanager1-release2-core-imagery/basic_radiance_hdf5/20250426_112003_32_4001_basic_radiance_hdf5.h5,https://storage.googleapis.com/open-cogs/planet-stac/tanager1-release2-core-imagery/basic_sr_hdf5/20250426_112003_32_4001_basic_sr_hdf5.h5,https://storage.googleapis.com/open-cogs/planet-stac/tanager1-release2-core-imagery/geolocation_array/20250426_112003_32_4001_geolocation_array.tif,https://storage.googleapis.com/open-cogs/planet-stac/tanager1-release2-core-imagery/ortho_beta_udm/20250426_112003_32_4001_ortho_beta_udm.tif,,https://storage.googleapis.com/open-cogs/planet-stac/tanager1-release2-core-imagery/ortho_radiance_hdf5/20250426_112003_32_4001_ortho_radiance_hdf5.h5,https://storage.googleapis.com/open-cogs/planet-stac/tanager1-release2-core-imagery/ortho_sr_hdf5/20250426_112003_32_4001_ortho_sr_hdf5.h5,https://storage.googleapis.com/open-cogs/planet-stac/tanager1-release2-core-imagery/ortho_visual/20250426_112003_32_4001_ortho_visual.tif,,,https://storage.googleapis.com/open-cogs/planet-stac/tanager1-release2-core-imagery/thumbnail/20250426_112003_32_4001_thumb.png
urban,20250703_063928_86_4001,2025-07-03T06:39:28.862430Z,1,0,standard,standard_sensitivity,"Kurgancha, Baliqchi District, Andijan Region, 170300, Uzbekistan",70.7,152.9,111.7,19.7,37.49,"[71.61545618218229, 40.41481053383, 71.94739165110883, 40.690709577690974]",40.55276005576049,71.78142391664556,https://storage.googleapis.com/open-cogs/planet-stac/tanager1-release2-core-imagery/basic_beta_udm/20250703_063928_86_4001_basic_beta_udm.tif,https://storage.googleapis.com/open-cogs/planet-stac/tanager1-release2-core-imagery/basic_radiance_hdf5/20250703_063928_86_4001_basic_radiance_hdf5.h5,https://storage.googleapis.com/open-cogs/planet-stac/tanager1-release2-core-imagery/basic_sr_hdf5/20250703_063928_86_4001_basic_sr_hdf5.h5,https://storage.googleapis.com/open-cogs/planet-stac/tanager1-release2-core-imagery/geolocation_array/20250703_063928_86_4001_geolocation_array.tif,https://storage.googleapis.com/open-cogs/planet-stac/tanager1-release2-core-imagery/ortho_beta_udm/20250703_063928_86_4001_ortho_beta_udm.tif,,https://storage.googleapis.com/open-cogs/planet-stac/tanager1-release2-core-imagery/ortho_radiance_hdf5/20250703_063928_86_4001_ortho_radiance_hdf5.h5,https://storage.googleapis.com/open-cogs/planet-stac/tanager1-release2-core-imagery/ortho_sr_hdf5/20250703_063928_86_4001_ortho_sr_hdf5.h5,https://storage.googleapis.com/open-cogs/planet-stac/tanager1-release2-core-imagery/ortho_visual/20250703_063928_86_4001_ortho_visual.tif,,,https://storage.googleapis.com/open-cogs/planet-stac/tanager1-release2-core-imagery/thumbnail/20250703_063928_86_4001_thumb.png
snow-ice,20250411_163421_16_4001,2025-04-11T16:34:21.163402Z,17,0,standard,standard_sensitivity,"Qikiqtaaluk Region, Nunavut, Canada",32.2,181.6,24.4,4.3,33.29,"[-67.28425291635293, 66.21612233391994, -66.66713554355412, 66.47846850878915]",66.34729542135454,-66.97569422995352,https://storage.googleapis.com/open-cogs/planet-stac/tanager1-release2-core-imagery/basic_beta_udm/20250411_163421_16_4001_basic_beta_udm.tif,https://storage.googleapis.com/open-cogs/planet-stac/tanager1-release2-core-imagery/basic_radiance_hdf5/20250411_163421_16_4001_basic_radiance_hdf5.h5,https://storage.googleapis.com/open-cogs/planet-stac/tanager1-release2-core-imagery/basic_sr_hdf5/20250411_163421_16_4001_basic_sr_hdf5.h5,https://storage.googleapis.com/open-cogs/planet-stac/tanager1-release2-core-imagery/geolocation_array/20250411_163421_16_4001_geolocation_array.tif,https://storage.googleapis.com/open-cogs/planet-stac/tanager1-release2-core-imagery/ortho_beta_udm/20250411_163421_16_4001_ortho_beta_udm.tif,,https://storage.googleapis.com/open-cogs/planet-stac/tanager1-release2-core-imagery/ortho_radiance_hdf5/20250411_163421_16_4001_ortho_radiance_hdf5.h5,https://storage.googleapis.com/open-cogs/planet-stac/tanager1-release2-core-imagery/ortho_sr_hdf5/20250411_163421_16_4001_ortho_sr_hdf5.h5,https://storage.googleapis.com/open-cogs/planet-stac/tanager1-release2-core-imagery/ortho_visual/20250411_163421_16_4001_ortho_visual.tif,,,https://storage.googleapis.com/open-cogs/planet-stac/tanager1-release2-core-imagery/thumbnail/20250411_163421_16_4001_thumb.png
snow-ice,20250419_173128_87_4001,2025-04-19T17:31:28.870339Z,0,99,standard,standard_sensitivity,"Qikiqtaaluk Region, Nunavut, Canada",45.3,174.1,88.8,2.8,33.15,"[-87.56537814371967, 55.93863795212564, -87.16967005876353, 56.15055236062911]",56.044595156377376,-87.3675241012416,https://storage.googleapis.com/open-cogs/planet-stac/tanager1-release2-core-imagery/basic_beta_udm/20250419_173128_87_4001_basic_beta_udm.tif,https://storage.googleapis.com/open-cogs/planet-stac/tanager1-release2-core-imagery/basic_radiance_hdf5/20250419_173128_87_4001_basic_radiance_hdf5.h5,https://storage.googleapis.com/open-cogs/planet-stac/tanager1-release2-core-imagery/basic_sr_hdf5/20250419_173128_87_4001_basic_sr_hdf5.h5,https://storage.googleapis.com/open-cogs/planet-stac/tanager1-release2-core-imagery/geolocation_array/20250419_173128_87_4001_geolocation_array.tif,https://storage.googleapis.com/open-cogs/planet-stac/tanager1-release2-core-imagery/ortho_beta_udm/20250419_173128_87_4001_ortho_beta_udm.tif,,https://storage.googleapis.com/open-cogs/planet-stac/tanager1-release2-core-imagery/ortho_radiance_hdf5/20250419_173128_87_4001_ortho_radiance_hdf5.h5,https://storage.googleapis.com/open-cogs/planet-stac/tanager1-release2-core-imagery/ortho_sr_hdf5/20250419_173128_87_4001_ortho_sr_hdf5.h5,https://storage.googleapis.com/open-cogs/planet-stac/tanager1-release2-core-imagery/ortho_visual/20250419_173128_87_4001_ortho_visual.tif,,,https://storage.googleapis.com/open-cogs/planet-stac/tanager1-release2-core-imagery/thumbnail/20250419_173128_87_4001_thumb.png
snow-ice,20250511_011730_87_4001,2025-05-11T01:17:30.870339Z,2,0,standard,standard_sensitivity,"Bilibinsky District, Chukotka Autonomous Okrug, Far Eastern Federal District, Russia",39.1,186.2,80.6,3.5,33.47,"[164.47452972372693, 68.56284771842422, 165.12249253423218, 68.78858979861056]",68.67571875851739,164.79851112897956,https://storage.googleapis.com/open-cogs/planet-stac/tanager1-release2-core-imagery/basic_beta_udm/20250511_011730_87_4001_basic_beta_udm.tif,https://storage.googleapis.com/open-cogs/planet-stac/tanager1-release2-core-imagery/basic_radiance_hdf5/20250511_011730_87_4001_basic_radiance_hdf5.h5,https://storage.googleapis.com/open-cogs/planet-stac/tanager1-release2-core-imagery/basic_sr_hdf5/20250511_011730_87_4001_basic_sr_hdf5.h5,https://storage.googleapis.com/open-cogs/planet-stac/tanager1-release2-core-imagery/geolocation_array/20250511_011730_87_4001_geolocation_array.tif,https://storage.googleapis.com/open-cogs/planet-stac/tanager1-release2-core-imagery/ortho_beta_udm/20250511_011730_87_4001_ortho_beta_udm.tif,,https://storage.googleapis.com/open-cogs/planet-stac/tanager1-release2-core-imagery/ortho_radiance_hdf5/20250511_011730_87_4001_ortho_radiance_hdf5.h5,https://storage.googleapis.com/open-cogs/planet-stac/tanager1-release2-core-imagery/ortho_sr_hdf5/20250511_011730_87_4001_ortho_sr_hdf5.h5,https://storage.googleapis.com/open-cogs/planet-stac/tanager1-release2-core-imagery/ortho_visual/20250511_011730_87_4001_ortho_visual.tif,,,https://storage.googleapis.com/open-cogs/planet-stac/tanager1-release2-core-imagery/thumbnail/20250511_011730_87_4001_thumb.png
snow-ice,20250514_223907_74_4001,2025-05-14T22:39:07.740678Z,0,0,standard,standard_sensitivity,"Unorganized Borough, Alaska, United States",43.4,183.1,140.1,4.0,33.19,"[-158.58874500600015, 65.3805529521238, -158.03260696651554, 65.60180142596407]",65.49117718904392,-158.31067598625785,https://storage.googleapis.com/open-cogs/planet-stac/tanager1-release2-core-imagery/basic_beta_udm/20250514_223907_74_4001_basic_beta_udm.tif,https://storage.googleapis.com/open-cogs/planet-stac/tanager1-release2-core-imagery/basic_radiance_hdf5/20250514_223907_74_4001_basic_radiance_hdf5.h5,https://storage.googleapis.com/open-cogs/planet-stac/tanager1-release2-core-imagery/basic_sr_hdf5/20250514_223907_74_4001_basic_sr_hdf5.h5,https://storage.googleapis.com/open-cogs/planet-stac/tanager1-release2-core-imagery/geolocation_array/20250514_223907_74_4001_geolocation_array.tif,https://storage.googleapis.com/open-cogs/planet-stac/tanager1-release2-core-imagery/ortho_beta_udm/20250514_223907_74_4001_ortho_beta_udm.tif,,https://storage.googleapis.com/open-cogs/planet-stac/tanager1-release2-core-imagery/ortho_radiance_hdf5/20250514_223907_74_4001_ortho_radiance_hdf5.h5,https://storage.googleapis.com/open-cogs/planet-stac/tanager1-release2-core-imagery/ortho_sr_hdf5/20250514_223907_74_4001_ortho_sr_hdf5.h5,https://storage.googleapis.com/open-cogs/planet-stac/tanager1-release2-core-imagery/ortho_visual/20250514_223907_74_4001_ortho_visual.tif,,,https://storage.googleapis.com/open-cogs/planet-stac/tanager1-release2-core-imagery/thumbnail/20250514_223907_74_4001_thumb.png
snow-ice,20250516_132954_74_4001,2025-05-16T13:29:54.740678Z,0,0,standard,standard_sensitivity,Offshore Greenland,33.1,191.9,124.9,20.4,35.77,"[-13.405720172273035, 75.80715114914175, -12.285382180335944, 76.06218747985285]",75.9346693144973,-12.84555117630449,https://storage.googleapis.com/open-cogs/planet-stac/tanager1-release2-core-imagery/basic_beta_udm/20250516_132954_74_4001_basic_beta_udm.tif,https://storage.googleapis.com/open-cogs/planet-stac/tanager1-release2-core-imagery/basic_radiance_hdf5/20250516_132954_74_4001_basic_radiance_hdf5.h5,https://storage.googleapis.com/open-cogs/planet-stac/tanager1-release2-core-imagery/basic_sr_hdf5/20250516_132954_74_4001_basic_sr_hdf5.h5,https://storage.googleapis.com/open-cogs/planet-stac/tanager1-release2-core-imagery/geolocation_array/20250516_132954_74_4001_geolocation_array.tif,https://storage.googleapis.com/open-cogs/planet-stac/tanager1-release2-core-imagery/ortho_beta_udm/20250516_132954_74_4001_ortho_beta_udm.tif,,https://storage.googleapis.com/open-cogs/planet-stac/tanager1-release2-core-imagery/ortho_radiance_hdf5/20250516_132954_74_4001_ortho_radiance_hdf5.h5,https://storage.googleapis.com/open-cogs/planet-stac/tanager1-release2-core-imagery/ortho_sr_hdf5/20250516_132954_74_4001_ortho_sr_hdf5.h5,https://storage.googleapis.com/open-cogs/planet-stac/tanager1-release2-core-imagery/ortho_visual/20250516_132954_74_4001_ortho_visual.tif,,,https://storage.googleapis.com/open-cogs/planet-stac/tanager1-release2-core-imagery/thumbnail/20250516_132954_74_4001_thumb.png
snow-ice,20250606_181248_58_4001,2025-06-06T18:12:48.582000Z,11,0,standard,standard_sensitivity,"Sirmilik National Park, Qikiqtaaluk Region, Nunavut, Canada",38.6,194.0,96.7,4.0,33.28,"[-82.09185337480105, 73.60771264242672, -81.26062188660306, 73.82291013892336]",73.71531139067504,-81.67623763070205,https://storage.googleapis.com/open-cogs/planet-stac/tanager1-release2-core-imagery/basic_beta_udm/20250606_181248_58_4001_basic_beta_udm.tif,https://storage.googleapis.com/open-cogs/planet-stac/tanager1-release2-core-imagery/basic_radiance_hdf5/20250606_181248_58_4001_basic_radiance_hdf5.h5,https://storage.googleapis.com/open-cogs/planet-stac/tanager1-release2-core-imagery/basic_sr_hdf5/20250606_181248_58_4001_basic_sr_hdf5.h5,https://storage.googleapis.com/open-cogs/planet-stac/tanager1-release2-core-imagery/geolocation_array/20250606_181248_58_4001_geolocation_array.tif,https://storage.googleapis.com/open-cogs/planet-stac/tanager1-release2-core-imagery/ortho_beta_udm/20250606_181248_58_4001_ortho_beta_udm.tif,,https://storage.googleapis.com/open-cogs/planet-stac/tanager1-release2-core-imagery/ortho_radiance_hdf5/20250606_181248_58_4001_ortho_radiance_hdf5.h5,https://storage.googleapis.com/open-cogs/planet-stac/tanager1-release2-core-imagery/ortho_sr_hdf5/20250606_181248_58_4001_ortho_sr_hdf5.h5,https://storage.googleapis.com/open-cogs/planet-stac/tanager1-release2-core-imagery/ortho_visual/20250606_181248_58_4001_ortho_visual.tif,,,https://storage.googleapis.com/open-cogs/planet-stac/tanager1-release2-core-imagery/thumbnail/20250606_181248_58_4001_thumb.png
snow-ice,20250515_202305_00_4001,2025-05-15T20:23:05Z,7,13,standard,standard_sensitivity,"Inuvialuit Settlement Region, Inuvik Region, Northwest Territories, Canada",33.3,194.9,107.9,9.8,38.98,"[-114.07433456955754, 75.25546646978606, -113.0727166365709, 75.4978472855726]",75.37665687767932,-113.57352560306421,https://storage.googleapis.com/open-cogs/planet-stac/tanager1-release2-core-imagery/basic_beta_udm/20250515_202305_00_4001_basic_beta_udm.tif,https://storage.googleapis.com/open-cogs/planet-stac/tanager1-release2-core-imagery/basic_radiance_hdf5/20250515_202305_00_4001_basic_radiance_hdf5.h5,https://storage.googleapis.com/open-cogs/planet-stac/tanager1-release2-core-imagery/basic_sr_hdf5/20250515_202305_00_4001_basic_sr_hdf5.h5,https://storage.googleapis.com/open-cogs/planet-stac/tanager1-release2-core-imagery/geolocation_array/20250515_202305_00_4001_geolocation_array.tif,https://storage.googleapis.com/open-cogs/planet-stac/tanager1-release2-core-imagery/ortho_beta_udm/20250515_202305_00_4001_ortho_beta_udm.tif,,https://storage.googleapis.com/open-cogs/planet-stac/tanager1-release2-core-imagery/ortho_radiance_hdf5/20250515_202305_00_4001_ortho_radiance_hdf5.h5,https://storage.googleapis.com/open-cogs/planet-stac/tanager1-release2-core-imagery/ortho_sr_hdf5/20250515_202305_00_4001_ortho_sr_hdf5.h5,https://storage.googleapis.com/open-cogs/planet-stac/tanager1-release2-core-imagery/ortho_visual/20250515_202305_00_4001_ortho_visual.tif,,,https://storage.googleapis.com/open-cogs/planet-stac/tanager1-release2-core-imagery/thumbnail/20250515_202305_00_4001_thumb.png
fire,20241215_185916_33_4001,2024-12-15T18:59:16.349662Z,0,0,test,maximum_sensitivity,"Malibu, Los Angeles County, California, United States",31.4,166.3,244.2,6.8,37.45,"[-118.84705590250647, 33.91950767743557, -118.59241930222035, 34.10982552617667]",34.01466660180612,-118.71973760236341,https://storage.googleapis.com/open-cogs/planet-stac/tanager1-release2-core-imagery/basic_beta_udm/20241215_185916_33_4001_basic_beta_udm.tif,https://storage.googleapis.com/open-cogs/planet-stac/tanager1-release2-core-imagery/basic_radiance_hdf5/20241215_185916_33_4001_basic_radiance_hdf5.h5,https://storage.googleapis.com/open-cogs/planet-stac/tanager1-release2-core-imagery/basic_sr_hdf5/20241215_185916_33_4001_basic_sr_hdf5.h5,https://storage.googleapis.com/open-cogs/planet-stac/tanager1-release2-core-imagery/geolocation_array/20241215_185916_33_4001_geolocation_array.tif,https://storage.googleapis.com/open-cogs/planet-stac/tanager1-release2-core-imagery/ortho_beta_udm/20241215_185916_33_4001_ortho_beta_udm.tif,,https://storage.googleapis.com/open-cogs/planet-stac/tanager1-release2-core-imagery/ortho_radiance_hdf5/20241215_185916_33_4001_ortho_radiance_hdf5.h5,https://storage.googleapis.com/open-cogs/planet-stac/tanager1-release2-core-imagery/ortho_sr_hdf5/20241215_185916_33_4001_ortho_sr_hdf5.h5,https://storage.googleapis.com/open-cogs/planet-stac/tanager1-release2-core-imagery/ortho_visual/20241215_185916_33_4001_ortho_visual.tif,,,https://storage.googleapis.com/open-cogs/planet-stac/tanager1-release2-core-imagery/thumbnail/20241215_185916_33_4001_thumb.png
fire,20250123_185507_64_4001,2025-01-23T18:55:07.641960Z,1,1,test,standard_sensitivity,"Los Angeles County, California, United States",33.7,159.8,100.0,19.7,39.03,"[-118.6858447146261, 34.38606908543905, -118.37556404531472, 34.66724439417294]",34.52665673980599,-118.53070437997042,https://storage.googleapis.com/open-cogs/planet-stac/tanager1-release2-core-imagery/basic_beta_udm/20250123_185507_64_4001_basic_beta_udm.tif,https://storage.googleapis.com/open-cogs/planet-stac/tanager1-release2-core-imagery/basic_radiance_hdf5/20250123_185507_64_4001_basic_radiance_hdf5.h5,https://storage.googleapis.com/open-cogs/planet-stac/tanager1-release2-core-imagery/basic_sr_hdf5/20250123_185507_64_4001_basic_sr_hdf5.h5,https://storage.googleapis.com/open-cogs/planet-stac/tanager1-release2-core-imagery/geolocation_array/20250123_185507_64_4001_geolocation_array.tif,https://storage.googleapis.com/open-cogs/planet-stac/tanager1-release2-core-imagery/ortho_beta_udm/20250123_185507_64_4001_ortho_beta_udm.tif,,https://storage.googleapis.com/open-cogs/planet-stac/tanager1-release2-core-imagery/ortho_radiance_hdf5/20250123_185507_64_4001_ortho_radiance_hdf5.h5,https://storage.googleapis.com/open-cogs/planet-stac/tanager1-release2-core-imagery/ortho_sr_hdf5/20250123_185507_64_4001_ortho_sr_hdf5.h5,https://storage.googleapis.com/open-cogs/planet-stac/tanager1-release2-core-imagery/ortho_visual/20250123_185507_64_4001_ortho_visual.tif,,,https://storage.googleapis.com/open-cogs/planet-stac/tanager1-release2-core-imagery/thumbnail/20250123_185507_64_4001_thumb.png
fire,20250123_185518_92_4001,2025-01-23T18:55:18.925880Z,0,2,test,standard_sensitivity,"Unincorporated Santa Monica Mountains, Los Angeles County, California, United States",34.1,159.6,109.6,20.0,39.0,"[-118.81000229560739, 33.90531288319584, -118.5024818852516, 34.19042451838735]",34.0478687007916,-118.65624209042949,https://storage.googleapis.com/open-cogs/planet-stac/tanager1-release2-core-imagery/basic_beta_udm/20250123_185518_92_4001_basic_beta_udm.tif,https://storage.googleapis.com/open-cogs/planet-stac/tanager1-release2-core-imagery/basic_radiance_hdf5/20250123_185518_92_4001_basic_radiance_hdf5.h5,https://storage.googleapis.com/open-cogs/planet-stac/tanager1-release2-core-imagery/basic_sr_hdf5/20250123_185518_92_4001_basic_sr_hdf5.h5,https://storage.googleapis.com/open-cogs/planet-stac/tanager1-release2-core-imagery/geolocation_array/20250123_185518_92_4001_geolocation_array.tif,https://storage.googleapis.com/open-cogs/planet-stac/tanager1-release2-core-imagery/ortho_beta_udm/20250123_185518_92_4001_ortho_beta_udm.tif,,https://storage.googleapis.com/open-cogs/planet-stac/tanager1-release2-core-imagery/ortho_radiance_hdf5/20250123_185518_92_4001_ortho_radiance_hdf5.h5,https://storage.googleapis.com/open-cogs/planet-stac/tanager1-release2-core-imagery/ortho_sr_hdf5/20250123_185518_92_4001_ortho_sr_hdf5.h5,https://storage.googleapis.com/open-cogs/planet-stac/tanager1-release2-core-imagery/ortho_visual/20250123_185518_92_4001_ortho_visual.tif,,,https://storage.googleapis.com/open-cogs/planet-stac/tanager1-release2-core-imagery/thumbnail/20250123_185518_92_4001_thumb.png
fire,20250407_192235_24_4001,2025-04-07T19:22:35.245103Z,0,0,standard,standard_sensitivity,"Los Angeles County, California, United States",61.5,161.9,254.8,28.1,50.22,"[-118.91225079556148, 34.40828111008142, -118.57653149397706, 34.6398282590991]",34.524054684590254,-118.74439114476927,https://storage.googleapis.com/open-cogs/planet-stac/tanager1-release2-core-imagery/basic_beta_udm/20250407_192235_24_4001_basic_beta_udm.tif,https://storage.googleapis.com/open-cogs/planet-stac/tanager1-release2-core-imagery/basic_radiance_hdf5/20250407_192235_24_4001_basic_radiance_hdf5.h5,https://storage.googleapis.com/open-cogs/planet-stac/tanager1-release2-core-imagery/basic_sr_hdf5/20250407_192235_24_4001_basic_sr_hdf5.h5,https://storage.googleapis.com/open-cogs/planet-stac/tanager1-release2-core-imagery/geolocation_array/20250407_192235_24_4001_geolocation_array.tif,https://storage.googleapis.com/open-cogs/planet-stac/tanager1-release2-core-imagery/ortho_beta_udm/20250407_192235_24_4001_ortho_beta_udm.tif,,https://storage.googleapis.com/open-cogs/planet-stac/tanager1-release2-core-imagery/ortho_radiance_hdf5/20250407_192235_24_4001_ortho_radiance_hdf5.h5,https://storage.googleapis.com/open-cogs/planet-stac/tanager1-release2-core-imagery/ortho_sr_hdf5/20250407_192235_24_4001_ortho_sr_hdf5.h5,https://storage.googleapis.com/open-cogs/planet-stac/tanager1-release2-core-imagery/ortho_visual/20250407_192235_24_4001_ortho_visual.tif,,,https://storage.googleapis.com/open-cogs/planet-stac/tanager1-release2-core-imagery/thumbnail/20250407_192235_24_4001_thumb.png
fire,20250407_192229_16_4001,2025-04-07T19:22:29.163402Z,0,0,standard,standard_sensitivity,"Los Angeles County, California, United States",61.3,162.1,259.3,27.2,37.13,"[-118.86237599536464, 34.61374608573343, -118.52380770193382, 34.851110553811765]",34.732428319772595,-118.69309184864923,https://storage.googleapis.com/open-cogs/planet-stac/tanager1-release2-core-imagery/basic_beta_udm/20250407_192229_16_4001_basic_beta_udm.tif,https://storage.googleapis.com/open-cogs/planet-stac/tanager1-release2-core-imagery/basic_radiance_hdf5/20250407_192229_16_4001_basic_radiance_hdf5.h5,https://storage.googleapis.com/open-cogs/planet-stac/tanager1-release2-core-imagery/basic_sr_hdf5/20250407_192229_16_4001_basic_sr_hdf5.h5,https://storage.googleapis.com/open-cogs/planet-stac/tanager1-release2-core-imagery/geolocation_array/20250407_192229_16_4001_geolocation_array.tif,https://storage.googleapis.com/open-cogs/planet-stac/tanager1-release2-core-imagery/ortho_beta_udm/20250407_192229_16_4001_ortho_beta_udm.tif,,https://storage.googleapis.com/open-cogs/planet-stac/tanager1-release2-core-imagery/ortho_radiance_hdf5/20250407_192229_16_4001_ortho_radiance_hdf5.h5,https://storage.googleapis.com/open-cogs/planet-stac/tanager1-release2-core-imagery/ortho_sr_hdf5/20250407_192229_16_4001_ortho_sr_hdf5.h5,https://storage.googleapis.com/open-cogs/planet-stac/tanager1-release2-core-imagery/ortho_visual/20250407_192229_16_4001_ortho_visual.tif,,,https://storage.googleapis.com/open-cogs/planet-stac/tanager1-release2-core-imagery/thumbnail/20250407_192229_16_4001_thumb.png
fire,20250920_193207_61_4001,2025-09-20T19:32:07.628088Z,42,0,standard,maximum_sensitivity,"Malibu, Los Angeles County, California, United States",56.6,173.0,180.4,15.6,34.0,"[-118.75136948452425, 33.905480796436365, -118.4874634629537, 34.0939322961548]",33.999706546295585,-118.61941647373897,https://storage.googleapis.com/open-cogs/planet-stac/tanager1-release2-core-imagery/basic_beta_udm/20250920_193207_61_4001_basic_beta_udm.tif,https://storage.googleapis.com/open-cogs/planet-stac/tanager1-release2-core-imagery/basic_radiance_hdf5/20250920_193207_61_4001_basic_radiance_hdf5.h5,https://storage.googleapis.com/open-cogs/planet-stac/tanager1-release2-core-imagery/basic_sr_hdf5/20250920_193207_61_4001_basic_sr_hdf5.h5,https://storage.googleapis.com/open-cogs/planet-stac/tanager1-release2-core-imagery/geolocation_array/20250920_193207_61_4001_geolocation_array.tif,https://storage.googleapis.com/open-cogs/planet-stac/tanager1-release2-core-imagery/ortho_beta_udm/20250920_193207_61_4001_ortho_beta_udm.tif,,https://storage.googleapis.com/open-cogs/planet-stac/tanager1-release2-core-imagery/ortho_radiance_hdf5/20250920_193207_61_4001_ortho_radiance_hdf5.h5,https://storage.googleapis.com/open-cogs/planet-stac/tanager1-release2-core-imagery/ortho_sr_hdf5/20250920_193207_61_4001_ortho_sr_hdf5.h5,https://storage.googleapis.com/open-cogs/planet-stac/tanager1-release2-core-imagery/ortho_visual/20250920_193207_61_4001_ortho_visual.tif,,,https://storage.googleapis.com/open-cogs/planet-stac/tanager1-release2-core-imagery/thumbnail/20250920_193207_61_4001_thumb.png
fire,20250726_192343_21_4001,2025-07-26T19:23:43.227444Z,1,4,standard,maximum_sensitivity,"Valencia, Los Angeles County, California, 91383, United States",72.7,149.2,35.4,16.9,38.35,"[-118.74741596087237, 34.3562480067096, -118.47159841961447, 34.56429014211425]",34.460269074411926,-118.60950719024342,https://storage.googleapis.com/open-cogs/planet-stac/tanager1-release2-core-imagery/basic_beta_udm/20250726_192343_21_4001_basic_beta_udm.tif,https://storage.googleapis.com/open-cogs/planet-stac/tanager1-release2-core-imagery/basic_radiance_hdf5/20250726_192343_21_4001_basic_radiance_hdf5.h5,https://storage.googleapis.com/open-cogs/planet-stac/tanager1-release2-core-imagery/basic_sr_hdf5/20250726_192343_21_4001_basic_sr_hdf5.h5,https://storage.googleapis.com/open-cogs/planet-stac/tanager1-release2-core-imagery/geolocation_array/20250726_192343_21_4001_geolocation_array.tif,https://storage.googleapis.com/open-cogs/planet-stac/tanager1-release2-core-imagery/ortho_beta_udm/20250726_192343_21_4001_ortho_beta_udm.tif,,https://storage.googleapis.com/open-cogs/planet-stac/tanager1-release2-core-imagery/ortho_radiance_hdf5/20250726_192343_21_4001_ortho_radiance_hdf5.h5,https://storage.googleapis.com/open-cogs/planet-stac/tanager1-release2-core-imagery/ortho_sr_hdf5/20250726_192343_21_4001_ortho_sr_hdf5.h5,https://storage.googleapis.com/open-cogs/planet-stac/tanager1-release2-core-imagery/ortho_visual/20250726_192343_21_4001_ortho_visual.tif,,,https://storage.googleapis.com/open-cogs/planet-stac/tanager1-release2-core-imagery/thumbnail/20250726_192343_21_4001_thumb.png
fire,20250726_192422_87_4001,2025-07-26T19:24:22.887105Z,1,0,standard,maximum_sensitivity,"Unincorporated Santa Monica Mountains, Los Angeles County, California, United States",73.0,148.8,168.6,17.0,35.17,"[-118.84336011674677, 33.99952075931865, -118.57294146689644, 34.21932506980487]",34.10942291456176,-118.7081507918216,https://storage.googleapis.com/open-cogs/planet-stac/tanager1-release2-core-imagery/basic_beta_udm/20250726_192422_87_4001_basic_beta_udm.tif,https://storage.googleapis.com/open-cogs/planet-stac/tanager1-release2-core-imagery/basic_radiance_hdf5/20250726_192422_87_4001_basic_radiance_hdf5.h5,https://storage.googleapis.com/open-cogs/planet-stac/tanager1-release2-core-imagery/basic_sr_hdf5/20250726_192422_87_4001_basic_sr_hdf5.h5,https://storage.googleapis.com/open-cogs/planet-stac/tanager1-release2-core-imagery/geolocation_array/20250726_192422_87_4001_geolocation_array.tif,https://storage.googleapis.com/open-cogs/planet-stac/tanager1-release2-core-imagery/ortho_beta_udm/20250726_192422_87_4001_ortho_beta_udm.tif,,https://storage.googleapis.com/open-cogs/planet-stac/tanager1-release2-core-imagery/ortho_radiance_hdf5/20250726_192422_87_4001_ortho_radiance_hdf5.h5,https://storage.googleapis.com/open-cogs/planet-stac/tanager1-release2-core-imagery/ortho_sr_hdf5/20250726_192422_87_4001_ortho_sr_hdf5.h5,https://storage.googleapis.com/open-cogs/planet-stac/tanager1-release2-core-imagery/ortho_visual/20250726_192422_87_4001_ortho_visual.tif,,,https://storage.googleapis.com/open-cogs/planet-stac/tanager1-release2-core-imagery/thumbnail/20250726_192422_87_4001_thumb.png
fire,20250724_190927_83_4001,2025-07-24T19:09:27.831062Z,2,2,standard,standard_sensitivity,"Sevier County, Utah, United States",70.4,162.2,283.8,17.3,33.95,"[-112.15694419678182, 38.463985293499114, -111.8669470913326, 38.652203283812256]",38.55809428865568,-112.01194564405722,https://storage.googleapis.com/open-cogs/planet-stac/tanager1-release2-core-imagery/basic_beta_udm/20250724_190927_83_4001_basic_beta_udm.tif,https://storage.googleapis.com/open-cogs/planet-stac/tanager1-release2-core-imagery/basic_radiance_hdf5/20250724_190927_83_4001_basic_radiance_hdf5.h5,https://storage.googleapis.com/open-cogs/planet-stac/tanager1-release2-core-imagery/basic_sr_hdf5/20250724_190927_83_4001_basic_sr_hdf5.h5,https://storage.googleapis.com/open-cogs/planet-stac/tanager1-release2-core-imagery/geolocation_array/20250724_190927_83_4001_geolocation_array.tif,https://storage.googleapis.com/open-cogs/planet-stac/tanager1-release2-core-imagery/ortho_beta_udm/20250724_190927_83_4001_ortho_beta_udm.tif,,https://storage.googleapis.com/open-cogs/planet-stac/tanager1-release2-core-imagery/ortho_radiance_hdf5/20250724_190927_83_4001_ortho_radiance_hdf5.h5,https://storage.googleapis.com/open-cogs/planet-stac/tanager1-release2-core-imagery/ortho_sr_hdf5/20250724_190927_83_4001_ortho_sr_hdf5.h5,https://storage.googleapis.com/open-cogs/planet-stac/tanager1-release2-core-imagery/ortho_visual/20250724_190927_83_4001_ortho_visual.tif,,,https://storage.googleapis.com/open-cogs/planet-stac/tanager1-release2-core-imagery/thumbnail/20250724_190927_83_4001_thumb.png
fire,20250902_190116_02_4001,2025-09-02T19:01:16.026000Z,22,18,standard,standard_sensitivity,"Sevier County, Utah, United States",58.4,167.6,49.2,27.3,38.79,"[-112.16645139013285, 38.53540100928208, -111.82839137277982, 38.76436060528663]",38.64988080728436,-111.99742138145633,https://storage.googleapis.com/open-cogs/planet-stac/tanager1-release2-core-imagery/basic_beta_udm/20250902_190116_02_4001_basic_beta_udm.tif,https://storage.googleapis.com/open-cogs/planet-stac/tanager1-release2-core-imagery/basic_radiance_hdf5/20250902_190116_02_4001_basic_radiance_hdf5.h5,https://storage.googleapis.com/open-cogs/planet-stac/tanager1-release2-core-imagery/basic_sr_hdf5/20250902_190116_02_4001_basic_sr_hdf5.h5,https://storage.googleapis.com/open-cogs/planet-stac/tanager1-release2-core-imagery/geolocation_array/20250902_190116_02_4001_geolocation_array.tif,https://storage.googleapis.com/open-cogs/planet-stac/tanager1-release2-core-imagery/ortho_beta_udm/20250902_190116_02_4001_ortho_beta_udm.tif,,https://storage.googleapis.com/open-cogs/planet-stac/tanager1-release2-core-imagery/ortho_radiance_hdf5/20250902_190116_02_4001_ortho_radiance_hdf5.h5,https://storage.googleapis.com/open-cogs/planet-stac/tanager1-release2-core-imagery/ortho_sr_hdf5/20250902_190116_02_4001_ortho_sr_hdf5.h5,https://storage.googleapis.com/open-cogs/planet-stac/tanager1-release2-core-imagery/ortho_visual/20250902_190116_02_4001_ortho_visual.tif,,,https://storage.googleapis.com/open-cogs/planet-stac/tanager1-release2-core-imagery/thumbnail/20250902_190116_02_4001_thumb.png
fire,20250902_190121_86_4001,2025-09-02T19:01:21.867088Z,43,35,standard,standard_sensitivity,"Piute County, Utah, United States",58.6,167.4,52.1,25.9,35.01,"[-112.22237351676492, 38.31920594961846, -111.8886450813673, 38.55263786891655]",38.435921909267506,-112.0555092990661,https://storage.googleapis.com/open-cogs/planet-stac/tanager1-release2-core-imagery/basic_beta_udm/20250902_190121_86_4001_basic_beta_udm.tif,https://storage.googleapis.com/open-cogs/planet-stac/tanager1-release2-core-imagery/basic_radiance_hdf5/20250902_190121_86_4001_basic_radiance_hdf5.h5,https://storage.googleapis.com/open-cogs/planet-stac/tanager1-release2-core-imagery/basic_sr_hdf5/20250902_190121_86_4001_basic_sr_hdf5.h5,https://storage.googleapis.com/open-cogs/planet-stac/tanager1-release2-core-imagery/geolocation_array/20250902_190121_86_4001_geolocation_array.tif,https://storage.googleapis.com/open-cogs/planet-stac/tanager1-release2-core-imagery/ortho_beta_udm/20250902_190121_86_4001_ortho_beta_udm.tif,,https://storage.googleapis.com/open-cogs/planet-stac/tanager1-release2-core-imagery/ortho_radiance_hdf5/20250902_190121_86_4001_ortho_radiance_hdf5.h5,https://storage.googleapis.com/open-cogs/planet-stac/tanager1-release2-core-imagery/ortho_sr_hdf5/20250902_190121_86_4001_ortho_sr_hdf5.h5,https://storage.googleapis.com/open-cogs/planet-stac/tanager1-release2-core-imagery/ortho_visual/20250902_190121_86_4001_ortho_visual.tif,,,https://storage.googleapis.com/open-cogs/planet-stac/tanager1-release2-core-imagery/thumbnail/20250902_190121_86_4001_thumb.png
ROCX2025,20250919_170233_04_4001,2025-09-19T17:02:33.040000Z,0,0,standard,standard_sensitivity,"Town of Webster, Monroe County, New York, 14580, United States",48.0,179.7,288.7,16.0,35.46,"[-77.63611996091299, 43.12267077491917, -77.30210400350924, 43.383808223015016]",43.25323949896709,-77.46911198221112,https://storage.googleapis.com/open-cogs/planet-stac/tanager1-release2-core-imagery/basic_beta_udm/20250919_170233_04_4001_basic_beta_udm.tif,https://storage.googleapis.com/open-cogs/planet-stac/tanager1-release2-core-imagery/basic_radiance_hdf5/20250919_170233_04_4001_basic_radiance_hdf5.h5,https://storage.googleapis.com/open-cogs/planet-stac/tanager1-release2-core-imagery/basic_sr_hdf5/20250919_170233_04_4001_basic_sr_hdf5.h5,https://storage.googleapis.com/open-cogs/planet-stac/tanager1-release2-core-imagery/geolocation_array/20250919_170233_04_4001_geolocation_array.tif,https://storage.googleapis.com/open-cogs/planet-stac/tanager1-release2-core-imagery/ortho_beta_udm/20250919_170233_04_4001_ortho_beta_udm.tif,,https://storage.googleapis.com/open-cogs/planet-stac/tanager1-release2-core-imagery/ortho_radiance_hdf5/20250919_170233_04_4001_ortho_radiance_hdf5.h5,https://storage.googleapis.com/open-cogs/planet-stac/tanager1-release2-core-imagery/ortho_sr_hdf5/20250919_170233_04_4001_ortho_sr_hdf5.h5,https://storage.googleapis.com/open-cogs/planet-stac/tanager1-release2-core-imagery/ortho_visual/20250919_170233_04_4001_ortho_visual.tif,,,https://storage.googleapis.com/open-cogs/planet-stac/tanager1-release2-core-imagery/thumbnail/20250919_170233_04_4001_thumb.png
ROCX2025,20250919_170238_88_4001,2025-09-19T17:02:38.881088Z,0,0,standard,standard_sensitivity,"Town of Pittsford, Monroe County, New York, 14534, United States",48.2,179.6,280.7,16.0,35.54,"[-77.70293849799594, 42.90907836740229, -77.3706150346923, 43.16755027995749]",43.038314323679884,-77.53677676634413,https://storage.googleapis.com/open-cogs/planet-stac/tanager1-release2-core-imagery/basic_beta_udm/20250919_170238_88_4001_basic_beta_udm.tif,https://storage.googleapis.com/open-cogs/planet-stac/tanager1-release2-core-imagery/basic_radiance_hdf5/20250919_170238_88_4001_basic_radiance_hdf5.h5,https://storage.googleapis.com/open-cogs/planet-stac/tanager1-release2-core-imagery/basic_sr_hdf5/20250919_170238_88_4001_basic_sr_hdf5.h5,https://storage.googleapis.com/open-cogs/planet-stac/tanager1-release2-core-imagery/geolocation_array/20250919_170238_88_4001_geolocation_array.tif,https://storage.googleapis.com/open-cogs/planet-stac/tanager1-release2-core-imagery/ortho_beta_udm/20250919_170238_88_4001_ortho_beta_udm.tif,,https://storage.googleapis.com/open-cogs/planet-stac/tanager1-release2-core-imagery/ortho_radiance_hdf5/20250919_170238_88_4001_ortho_radiance_hdf5.h5,https://storage.googleapis.com/open-cogs/planet-stac/tanager1-release2-core-imagery/ortho_sr_hdf5/20250919_170238_88_4001_ortho_sr_hdf5.h5,https://storage.googleapis.com/open-cogs/planet-stac/tanager1-release2-core-imagery/ortho_visual/20250919_170238_88_4001_ortho_visual.tif,,,https://storage.googleapis.com/open-cogs/planet-stac/tanager1-release2-core-imagery/thumbnail/20250919_170238_88_4001_thumb.png
ROCX2025,20250903_164714_08_4001,2025-09-03T16:47:14.086999Z,1,0,standard,standard_sensitivity,"Town of Webster, Monroe County, New York, 14580, United States",53.7,170.8,93.2,17.7,36.08,"[-77.64123596139332, 43.122689125045405, -77.30193512878917, 43.379680011229496]",43.25118456813745,-77.47158554509124,https://storage.googleapis.com/open-cogs/planet-stac/tanager1-release2-core-imagery/basic_beta_udm/20250903_164714_08_4001_basic_beta_udm.tif,https://storage.googleapis.com/open-cogs/planet-stac/tanager1-release2-core-imagery/basic_radiance_hdf5/20250903_164714_08_4001_basic_radiance_hdf5.h5,https://storage.googleapis.com/open-cogs/planet-stac/tanager1-release2-core-imagery/basic_sr_hdf5/20250903_164714_08_4001_basic_sr_hdf5.h5,https://storage.googleapis.com/open-cogs/planet-stac/tanager1-release2-core-imagery/geolocation_array/20250903_164714_08_4001_geolocation_array.tif,https://storage.googleapis.com/open-cogs/planet-stac/tanager1-release2-core-imagery/ortho_beta_udm/20250903_164714_08_4001_ortho_beta_udm.tif,,https://storage.googleapis.com/open-cogs/planet-stac/tanager1-release2-core-imagery/ortho_radiance_hdf5/20250903_164714_08_4001_ortho_radiance_hdf5.h5,https://storage.googleapis.com/open-cogs/planet-stac/tanager1-release2-core-imagery/ortho_sr_hdf5/20250903_164714_08_4001_ortho_sr_hdf5.h5,https://storage.googleapis.com/open-cogs/planet-stac/tanager1-release2-core-imagery/ortho_visual/20250903_164714_08_4001_ortho_visual.tif,,,https://storage.googleapis.com/open-cogs/planet-stac/tanager1-release2-core-imagery/thumbnail/20250903_164714_08_4001_thumb.png
ROCX2025,20250903_164719_92_4001,2025-09-03T16:47:19.928087Z,3,0,standard,standard_sensitivity,"Town of Webster, Monroe County, New York, 14580, United States",53.9,170.7,100.2,17.5,36.09,"[-77.7077989374181, 42.903936253959145, -77.36980821532987, 43.164689000396834]",43.03431262717799,-77.538803576374,https://storage.googleapis.com/open-cogs/planet-stac/tanager1-release2-core-imagery/basic_beta_udm/20250903_164719_92_4001_basic_beta_udm.tif,https://storage.googleapis.com/open-cogs/planet-stac/tanager1-release2-core-imagery/basic_radiance_hdf5/20250903_164719_92_4001_basic_radiance_hdf5.h5,https://storage.googleapis.com/open-cogs/planet-stac/tanager1-release2-core-imagery/basic_sr_hdf5/20250903_164719_92_4001_basic_sr_hdf5.h5,https://storage.googleapis.com/open-cogs/planet-stac/tanager1-release2-core-imagery/geolocation_array/20250903_164719_92_4001_geolocation_array.tif,https://storage.googleapis.com/open-cogs/planet-stac/tanager1-release2-core-imagery/ortho_beta_udm/20250903_164719_92_4001_ortho_beta_udm.tif,,https://storage.googleapis.com/open-cogs/planet-stac/tanager1-release2-core-imagery/ortho_radiance_hdf5/20250903_164719_92_4001_ortho_radiance_hdf5.h5,https://storage.googleapis.com/open-cogs/planet-stac/tanager1-release2-core-imagery/ortho_sr_hdf5/20250903_164719_92_4001_ortho_sr_hdf5.h5,https://storage.googleapis.com/open-cogs/planet-stac/tanager1-release2-core-imagery/ortho_visual/20250903_164719_92_4001_ortho_visual.tif,,,https://storage.googleapis.com/open-cogs/planet-stac/tanager1-release2-core-imagery/thumbnail/20250903_164719_92_4001_thumb.png
ROCX2025,20250801_165544_61_4001,2025-08-01T16:55:44.617000Z,0,0,standard,standard_sensitivity,"Monroe County, New York, United States",64.1,168.7,289.7,13.6,35.16,"[-77.66699413876005, 43.21591713637559, -77.35943465790183, 43.41294397675724]",43.314430556566414,-77.51321439833094,https://storage.googleapis.com/open-cogs/planet-stac/tanager1-release2-core-imagery/basic_beta_udm/20250801_165544_61_4001_basic_beta_udm.tif,https://storage.googleapis.com/open-cogs/planet-stac/tanager1-release2-core-imagery/basic_radiance_hdf5/20250801_165544_61_4001_basic_radiance_hdf5.h5,https://storage.googleapis.com/open-cogs/planet-stac/tanager1-release2-core-imagery/basic_sr_hdf5/20250801_165544_61_4001_basic_sr_hdf5.h5,https://storage.googleapis.com/open-cogs/planet-stac/tanager1-release2-core-imagery/geolocation_array/20250801_165544_61_4001_geolocation_array.tif,https://storage.googleapis.com/open-cogs/planet-stac/tanager1-release2-core-imagery/ortho_beta_udm/20250801_165544_61_4001_ortho_beta_udm.tif,,https://storage.googleapis.com/open-cogs/planet-stac/tanager1-release2-core-imagery/ortho_radiance_hdf5/20250801_165544_61_4001_ortho_radiance_hdf5.h5,https://storage.googleapis.com/open-cogs/planet-stac/tanager1-release2-core-imagery/ortho_sr_hdf5/20250801_165544_61_4001_ortho_sr_hdf5.h5,https://storage.googleapis.com/open-cogs/planet-stac/tanager1-release2-core-imagery/ortho_visual/20250801_165544_61_4001_ortho_visual.tif,,,https://storage.googleapis.com/open-cogs/planet-stac/tanager1-release2-core-imagery/thumbnail/20250801_165544_61_4001_thumb.png
ROCX2025,20250801_165548_86_4001,2025-08-01T16:55:48.865064Z,4,0,standard,standard_sensitivity,"City of Rochester, Monroe County, New York, United States",64.3,168.6,282.6,13.6,34.82,"[-77.7151722184759, 43.06303136820783, -77.40833399105284, 43.259199834613476]",43.16111560141066,-77.56175310476436,https://storage.googleapis.com/open-cogs/planet-stac/tanager1-release2-core-imagery/basic_beta_udm/20250801_165548_86_4001_basic_beta_udm.tif,https://storage.googleapis.com/open-cogs/planet-stac/tanager1-release2-core-imagery/basic_radiance_hdf5/20250801_165548_86_4001_basic_radiance_hdf5.h5,https://storage.googleapis.com/open-cogs/planet-stac/tanager1-release2-core-imagery/basic_sr_hdf5/20250801_165548_86_4001_basic_sr_hdf5.h5,https://storage.googleapis.com/open-cogs/planet-stac/tanager1-release2-core-imagery/geolocation_array/20250801_165548_86_4001_geolocation_array.tif,https://storage.googleapis.com/open-cogs/planet-stac/tanager1-release2-core-imagery/ortho_beta_udm/20250801_165548_86_4001_ortho_beta_udm.tif,,https://storage.googleapis.com/open-cogs/planet-stac/tanager1-release2-core-imagery/ortho_radiance_hdf5/20250801_165548_86_4001_ortho_radiance_hdf5.h5,https://storage.googleapis.com/open-cogs/planet-stac/tanager1-release2-core-imagery/ortho_sr_hdf5/20250801_165548_86_4001_ortho_sr_hdf5.h5,https://storage.googleapis.com/open-cogs/planet-stac/tanager1-release2-core-imagery/ortho_visual/20250801_165548_86_4001_ortho_visual.tif,,,https://storage.googleapis.com/open-cogs/planet-stac/tanager1-release2-core-imagery/thumbnail/20250801_165548_86_4001_thumb.png
ROCX2025,20250801_165553_11_4001,2025-08-01T16:55:53.113128Z,14,6,standard,standard_sensitivity,"Town of Rush, Monroe County, New York, 14543, United States",64.4,168.4,275.6,13.7,35.26,"[-77.76271515605566, 42.910443759327904, -77.45672961179955, 43.1049646039238]",43.007704181625854,-77.6097223839276,https://storage.googleapis.com/open-cogs/planet-stac/tanager1-release2-core-imagery/basic_beta_udm/20250801_165553_11_4001_basic_beta_udm.tif,https://storage.googleapis.com/open-cogs/planet-stac/tanager1-release2-core-imagery/basic_radiance_hdf5/20250801_165553_11_4001_basic_radiance_hdf5.h5,https://storage.googleapis.com/open-cogs/planet-stac/tanager1-release2-core-imagery/basic_sr_hdf5/20250801_165553_11_4001_basic_sr_hdf5.h5,https://storage.googleapis.com/open-cogs/planet-stac/tanager1-release2-core-imagery/geolocation_array/20250801_165553_11_4001_geolocation_array.tif,https://storage.googleapis.com/open-cogs/planet-stac/tanager1-release2-core-imagery/ortho_beta_udm/20250801_165553_11_4001_ortho_beta_udm.tif,,https://storage.googleapis.com/open-cogs/planet-stac/tanager1-release2-core-imagery/ortho_radiance_hdf5/20250801_165553_11_4001_ortho_radiance_hdf5.h5,https://storage.googleapis.com/open-cogs/planet-stac/tanager1-release2-core-imagery/ortho_sr_hdf5/20250801_165553_11_4001_ortho_sr_hdf5.h5,https://storage.googleapis.com/open-cogs/planet-stac/tanager1-release2-core-imagery/ortho_visual/20250801_165553_11_4001_ortho_visual.tif,,,https://storage.googleapis.com/open-cogs/planet-stac/tanager1-release2-core-imagery/thumbnail/20250801_165553_11_4001_thumb.png
ROCX2025,20250704_165204_61_4001,2025-07-04T16:52:04.617000Z,0,0,standard,standard_sensitivity,"Monroe County, New York, United States",69.0,165.4,292.6,13.3,35.04,"[-77.66597314473135, 43.21887071657264, -77.35892461648284, 43.415879224761575]",43.3173749706671,-77.5124488806071,https://storage.googleapis.com/open-cogs/planet-stac/tanager1-release2-core-imagery/basic_beta_udm/20250704_165204_61_4001_basic_beta_udm.tif,https://storage.googleapis.com/open-cogs/planet-stac/tanager1-release2-core-imagery/basic_radiance_hdf5/20250704_165204_61_4001_basic_radiance_hdf5.h5,https://storage.googleapis.com/open-cogs/planet-stac/tanager1-release2-core-imagery/basic_sr_hdf5/20250704_165204_61_4001_basic_sr_hdf5.h5,https://storage.googleapis.com/open-cogs/planet-stac/tanager1-release2-core-imagery/geolocation_array/20250704_165204_61_4001_geolocation_array.tif,https://storage.googleapis.com/open-cogs/planet-stac/tanager1-release2-core-imagery/ortho_beta_udm/20250704_165204_61_4001_ortho_beta_udm.tif,,https://storage.googleapis.com/open-cogs/planet-stac/tanager1-release2-core-imagery/ortho_radiance_hdf5/20250704_165204_61_4001_ortho_radiance_hdf5.h5,https://storage.googleapis.com/open-cogs/planet-stac/tanager1-release2-core-imagery/ortho_sr_hdf5/20250704_165204_61_4001_ortho_sr_hdf5.h5,https://storage.googleapis.com/open-cogs/planet-stac/tanager1-release2-core-imagery/ortho_visual/20250704_165204_61_4001_ortho_visual.tif,,,https://storage.googleapis.com/open-cogs/planet-stac/tanager1-release2-core-imagery/thumbnail/20250704_165204_61_4001_thumb.png
ROCX2025,20250704_165208_78_4001,2025-07-04T16:52:08.782094Z,1,0,standard,standard_sensitivity,"City of Rochester, Monroe County, New York, United States",69.1,165.2,285.6,13.2,35.09,"[-77.71324989598271, 43.06824826046646, -77.40682769793845, 43.26292072100106]",43.165584490733764,-77.56003879696058,https://storage.googleapis.com/open-cogs/planet-stac/tanager1-release2-core-imagery/basic_beta_udm/20250704_165208_78_4001_basic_beta_udm.tif,https://storage.googleapis.com/open-cogs/planet-stac/tanager1-release2-core-imagery/basic_radiance_hdf5/20250704_165208_78_4001_basic_radiance_hdf5.h5,https://storage.googleapis.com/open-cogs/planet-stac/tanager1-release2-core-imagery/basic_sr_hdf5/20250704_165208_78_4001_basic_sr_hdf5.h5,https://storage.googleapis.com/open-cogs/planet-stac/tanager1-release2-core-imagery/geolocation_array/20250704_165208_78_4001_geolocation_array.tif,https://storage.googleapis.com/open-cogs/planet-stac/tanager1-release2-core-imagery/ortho_beta_udm/20250704_165208_78_4001_ortho_beta_udm.tif,,https://storage.googleapis.com/open-cogs/planet-stac/tanager1-release2-core-imagery/ortho_radiance_hdf5/20250704_165208_78_4001_ortho_radiance_hdf5.h5,https://storage.googleapis.com/open-cogs/planet-stac/tanager1-release2-core-imagery/ortho_sr_hdf5/20250704_165208_78_4001_ortho_sr_hdf5.h5,https://storage.googleapis.com/open-cogs/planet-stac/tanager1-release2-core-imagery/ortho_visual/20250704_165208_78_4001_ortho_visual.tif,,,https://storage.googleapis.com/open-cogs/planet-stac/tanager1-release2-core-imagery/thumbnail/20250704_165208_78_4001_thumb.png
ROCX2025,20250704_165212_93_4001,2025-07-04T16:52:12.938891Z,0,0,standard,standard_sensitivity,"Town of Rush, Monroe County, New York, 14543, United States",69.3,165.1,278.6,13.2,35.47,"[-77.75987561083157, 42.917407333219316, -77.4543314772057, 43.110789064195366]",43.014098198707345,-77.60710354401863,https://storage.googleapis.com/open-cogs/planet-stac/tanager1-release2-core-imagery/basic_beta_udm/20250704_165212_93_4001_basic_beta_udm.tif,https://storage.googleapis.com/open-cogs/planet-stac/tanager1-release2-core-imagery/basic_radiance_hdf5/20250704_165212_93_4001_basic_radiance_hdf5.h5,https://storage.googleapis.com/open-cogs/planet-stac/tanager1-release2-core-imagery/basic_sr_hdf5/20250704_165212_93_4001_basic_sr_hdf5.h5,https://storage.googleapis.com/open-cogs/planet-stac/tanager1-release2-core-imagery/geolocation_array/20250704_165212_93_4001_geolocation_array.tif,https://storage.googleapis.com/open-cogs/planet-stac/tanager1-release2-core-imagery/ortho_beta_udm/20250704_165212_93_4001_ortho_beta_udm.tif,,https://storage.googleapis.com/open-cogs/planet-stac/tanager1-release2-core-imagery/ortho_radiance_hdf5/20250704_165212_93_4001_ortho_radiance_hdf5.h5,https://storage.googleapis.com/open-cogs/planet-stac/tanager1-release2-core-imagery/ortho_sr_hdf5/20250704_165212_93_4001_ortho_sr_hdf5.h5,https://storage.googleapis.com/open-cogs/planet-stac/tanager1-release2-core-imagery/ortho_visual/20250704_165212_93_4001_ortho_visual.tif,,,https://storage.googleapis.com/open-cogs/planet-stac/tanager1-release2-core-imagery/thumbnail/20250704_165212_93_4001_thumb.png
ROCX2025,20251001_165049_07_4001,2025-10-01T16:50:49.072000Z,1,0,standard,standard_sensitivity,"Town of Webster, Monroe County, New York, 14580, United States",43.2,177.1,100.6,17.2,36.12,"[-77.64024314382308, 43.123982136196574, -77.30936090127204, 43.38161139083179]",43.25279676351418,-77.47480202254756,https://storage.googleapis.com/open-cogs/planet-stac/tanager1-release2-core-imagery/basic_beta_udm/20251001_165049_07_4001_basic_beta_udm.tif,https://storage.googleapis.com/open-cogs/planet-stac/tanager1-release2-core-imagery/basic_radiance_hdf5/20251001_165049_07_4001_basic_radiance_hdf5.h5,https://storage.googleapis.com/open-cogs/planet-stac/tanager1-release2-core-imagery/basic_sr_hdf5/20251001_165049_07_4001_basic_sr_hdf5.h5,https://storage.googleapis.com/open-cogs/planet-stac/tanager1-release2-core-imagery/geolocation_array/20251001_165049_07_4001_geolocation_array.tif,https://storage.googleapis.com/open-cogs/planet-stac/tanager1-release2-core-imagery/ortho_beta_udm/20251001_165049_07_4001_ortho_beta_udm.tif,,https://storage.googleapis.com/open-cogs/planet-stac/tanager1-release2-core-imagery/ortho_radiance_hdf5/20251001_165049_07_4001_ortho_radiance_hdf5.h5,https://storage.googleapis.com/open-cogs/planet-stac/tanager1-release2-core-imagery/ortho_sr_hdf5/20251001_165049_07_4001_ortho_sr_hdf5.h5,https://storage.googleapis.com/open-cogs/planet-stac/tanager1-release2-core-imagery/ortho_visual/20251001_165049_07_4001_ortho_visual.tif,,,https://storage.googleapis.com/open-cogs/planet-stac/tanager1-release2-core-imagery/thumbnail/20251001_165049_07_4001_thumb.png
ROCX2025,20251001_165054_91_4001,2025-10-01T16:50:54.913088Z,0,0,standard,standard_sensitivity,"Town of Pittsford, Monroe County, New York, 14534, United States",43.5,177.0,107.7,17.3,36.2,"[-77.70022713541822, 42.90479115267785, -77.36992705664699, 43.16439941708977]",43.03459528488381,-77.53507709603261,https://storage.googleapis.com/open-cogs/planet-stac/tanager1-release2-core-imagery/basic_beta_udm/20251001_165054_91_4001_basic_beta_udm.tif,https://storage.googleapis.com/open-cogs/planet-stac/tanager1-release2-core-imagery/basic_radiance_hdf5/20251001_165054_91_4001_basic_radiance_hdf5.h5,https://storage.googleapis.com/open-cogs/planet-stac/tanager1-release2-core-imagery/basic_sr_hdf5/20251001_165054_91_4001_basic_sr_hdf5.h5,https://storage.googleapis.com/open-cogs/planet-stac/tanager1-release2-core-imagery/geolocation_array/20251001_165054_91_4001_geolocation_array.tif,https://storage.googleapis.com/open-cogs/planet-stac/tanager1-release2-core-imagery/ortho_beta_udm/20251001_165054_91_4001_ortho_beta_udm.tif,,https://storage.googleapis.com/open-cogs/planet-stac/tanager1-release2-core-imagery/ortho_radiance_hdf5/20251001_165054_91_4001_ortho_radiance_hdf5.h5,https://storage.googleapis.com/open-cogs/planet-stac/tanager1-release2-core-imagery/ortho_sr_hdf5/20251001_165054_91_4001_ortho_sr_hdf5.h5,https://storage.googleapis.com/open-cogs/planet-stac/tanager1-release2-core-imagery/ortho_visual/20251001_165054_91_4001_ortho_visual.tif,,,https://storage.googleapis.com/open-cogs/planet-stac/tanager1-release2-core-imagery/thumbnail/20251001_165054_91_4001_thumb.png
ROCX2025,20251015_165255_92_4001,2025-10-15T16:52:55.924000Z,0,0,standard,standard_sensitivity,"Monroe County, New York, United States",38.0,179.1,120.9,17.9,36.38,"[-77.70014401592671, 43.12985152449663, -77.36129653528755, 43.40464629510797]",43.267248909802305,-77.53072027560714,https://storage.googleapis.com/open-cogs/planet-stac/tanager1-release2-core-imagery/basic_beta_udm/20251015_165255_92_4001_basic_beta_udm.tif,https://storage.googleapis.com/open-cogs/planet-stac/tanager1-release2-core-imagery/basic_radiance_hdf5/20251015_165255_92_4001_basic_radiance_hdf5.h5,https://storage.googleapis.com/open-cogs/planet-stac/tanager1-release2-core-imagery/basic_sr_hdf5/20251015_165255_92_4001_basic_sr_hdf5.h5,https://storage.googleapis.com/open-cogs/planet-stac/tanager1-release2-core-imagery/geolocation_array/20251015_165255_92_4001_geolocation_array.tif,https://storage.googleapis.com/open-cogs/planet-stac/tanager1-release2-core-imagery/ortho_beta_udm/20251015_165255_92_4001_ortho_beta_udm.tif,,https://storage.googleapis.com/open-cogs/planet-stac/tanager1-release2-core-imagery/ortho_radiance_hdf5/20251015_165255_92_4001_ortho_radiance_hdf5.h5,https://storage.googleapis.com/open-cogs/planet-stac/tanager1-release2-core-imagery/ortho_sr_hdf5/20251015_165255_92_4001_ortho_sr_hdf5.h5,https://storage.googleapis.com/open-cogs/planet-stac/tanager1-release2-core-imagery/ortho_visual/20251015_165255_92_4001_ortho_visual.tif,,,https://storage.googleapis.com/open-cogs/planet-stac/tanager1-release2-core-imagery/thumbnail/20251015_165255_92_4001_thumb.png
ROCX2025,20251015_165301_89_4001,2025-10-15T16:53:01.897840Z,5,0,standard,standard_sensitivity,"Town of Henrietta, Monroe County, New York, United States",38.2,179.1,127.2,18.7,36.1,"[-77.77036876048743, 42.905577922393654, -77.43149796332915, 43.182596492732905]",43.04408720756328,-77.60093336190829,https://storage.googleapis.com/open-cogs/planet-stac/tanager1-release2-core-imagery/basic_beta_udm/20251015_165301_89_4001_basic_beta_udm.tif,https://storage.googleapis.com/open-cogs/planet-stac/tanager1-release2-core-imagery/basic_radiance_hdf5/20251015_165301_89_4001_basic_radiance_hdf5.h5,https://storage.googleapis.com/open-cogs/planet-stac/tanager1-release2-core-imagery/basic_sr_hdf5/20251015_165301_89_4001_basic_sr_hdf5.h5,https://storage.googleapis.com/open-cogs/planet-stac/tanager1-release2-core-imagery/geolocation_array/20251015_165301_89_4001_geolocation_array.tif,https://storage.googleapis.com/open-cogs/planet-stac/tanager1-release2-core-imagery/ortho_beta_udm/20251015_165301_89_4001_ortho_beta_udm.tif,,https://storage.googleapis.com/open-cogs/planet-stac/tanager1-release2-core-imagery/ortho_radiance_hdf5/20251015_165301_89_4001_ortho_radiance_hdf5.h5,https://storage.googleapis.com/open-cogs/planet-stac/tanager1-release2-core-imagery/ortho_sr_hdf5/20251015_165301_89_4001_ortho_sr_hdf5.h5,https://storage.googleapis.com/open-cogs/planet-stac/tanager1-release2-core-imagery/ortho_visual/20251015_165301_89_4001_ortho_visual.tif,,,https://storage.googleapis.com/open-cogs/planet-stac/tanager1-release2-core-imagery/thumbnail/20251015_165301_89_4001_thumb.png
ROCX2025,20251029_165455_83_4001,2025-10-29T16:54:55.836999Z,0,0,standard,standard_sensitivity,"Monroe County, New York, United States",33.1,180.3,96.1,16.1,35.61,"[-77.69888082567029, 43.13409579101486, -77.36126714065985, 43.40070992353285]",43.26740285727385,-77.53007398316507,https://storage.googleapis.com/open-cogs/planet-stac/tanager1-release2-core-imagery/basic_beta_udm/20251029_165455_83_4001_basic_beta_udm.tif,https://storage.googleapis.com/open-cogs/planet-stac/tanager1-release2-core-imagery/basic_radiance_hdf5/20251029_165455_83_4001_basic_radiance_hdf5.h5,https://storage.googleapis.com/open-cogs/planet-stac/tanager1-release2-core-imagery/basic_sr_hdf5/20251029_165455_83_4001_basic_sr_hdf5.h5,https://storage.googleapis.com/open-cogs/planet-stac/tanager1-release2-core-imagery/geolocation_array/20251029_165455_83_4001_geolocation_array.tif,https://storage.googleapis.com/open-cogs/planet-stac/tanager1-release2-core-imagery/ortho_beta_udm/20251029_165455_83_4001_ortho_beta_udm.tif,,https://storage.googleapis.com/open-cogs/planet-stac/tanager1-release2-core-imagery/ortho_radiance_hdf5/20251029_165455_83_4001_ortho_radiance_hdf5.h5,https://storage.googleapis.com/open-cogs/planet-stac/tanager1-release2-core-imagery/ortho_sr_hdf5/20251029_165455_83_4001_ortho_sr_hdf5.h5,https://storage.googleapis.com/open-cogs/planet-stac/tanager1-release2-core-imagery/ortho_visual/20251029_165455_83_4001_ortho_visual.tif,,,https://storage.googleapis.com/open-cogs/planet-stac/tanager1-release2-core-imagery/thumbnail/20251029_165455_83_4001_thumb.png
ROCX2025,20251029_165501_94_4001,2025-10-29T16:55:01.943591Z,0,0,standard,standard_sensitivity,"Town of Henrietta, Monroe County, New York, United States",33.3,180.3,104.3,16.1,35.44,"[-77.76862306092163, 42.908612537953175, -77.43336007373999, 43.17749327557347]",43.04305290676332,-77.60099156733081,https://storage.googleapis.com/open-cogs/planet-stac/tanager1-release2-core-imagery/basic_beta_udm/20251029_165501_94_4001_basic_beta_udm.tif,https://storage.googleapis.com/open-cogs/planet-stac/tanager1-release2-core-imagery/basic_radiance_hdf5/20251029_165501_94_4001_basic_radiance_hdf5.h5,https://storage.googleapis.com/open-cogs/planet-stac/tanager1-release2-core-imagery/basic_sr_hdf5/20251029_165501_94_4001_basic_sr_hdf5.h5,https://storage.googleapis.com/open-cogs/planet-stac/tanager1-release2-core-imagery/geolocation_array/20251029_165501_94_4001_geolocation_array.tif,https://storage.googleapis.com/open-cogs/planet-stac/tanager1-release2-core-imagery/ortho_beta_udm/20251029_165501_94_4001_ortho_beta_udm.tif,,https://storage.googleapis.com/open-cogs/planet-stac/tanager1-release2-core-imagery/ortho_radiance_hdf5/20251029_165501_94_4001_ortho_radiance_hdf5.h5,https://storage.googleapis.com/open-cogs/planet-stac/tanager1-release2-core-imagery/ortho_sr_hdf5/20251029_165501_94_4001_ortho_sr_hdf5.h5,https://storage.googleapis.com/open-cogs/planet-stac/tanager1-release2-core-imagery/ortho_visual/20251029_165501_94_4001_ortho_visual.tif,,,https://storage.googleapis.com/open-cogs/planet-stac/tanager1-release2-core-imagery/thumbnail/20251029_165501_94_4001_thumb.png
