{
"type": "FeatureCollection",
"name": "gmw_clipped",
"crs": { "type": "name", "properties": { "name": "urn:ogc:def:crs:EPSG::32650" } },
"features": [
{ "type": "Feature", "properties": { "objectid": 483562, "pxlval": 1, "Shape__Area": 1.4814762963000004e-07, "Shape__Length": 0.001777776 }, "geometry": { "type": "Polygon", "coordinates": [ [ [ 578730.247909656958655, 71506.177869566818117 ], [ 578730.254757287912071, 71457.049620601144852 ], [ 578779.710918154101819, 71457.056513733099564 ], [ 578779.707492791465484, 71481.620530036991113 ], [ 578754.97941283043474, 71481.61708174503292 ], [ 578754.975987335434183, 71506.181317960406886 ], [ 578730.247909656958655, 71506.177869566818117 ] ] ] } },
{ "type": "Feature", "properties": { "objectid": 483543, "pxlval": 1, "Shape__Area": 1.4814807407400004e-07, "Shape__Length": 0.001777778 }, "geometry": { "type": "Polygon", "coordinates": [ [ [ 578210.917083720560186, 71800.875122667785035 ], [ 578210.920499558094889, 71776.311022705165669 ], [ 578186.192348588141613, 71776.307585186834331 ], [ 578186.19576217699796, 71751.743486415522057 ], [ 578235.651956182671711, 71751.750360171121429 ], [ 578235.645123516325839, 71800.878562434474588 ], [ 578210.917083720560186, 71800.875122667785035 ] ] ] } },
{ "type": "Feature", "properties": { "objectid": 483511, "pxlval": 1, "Shape__Area": 2.4691419753100004e-07, "Shape__Length": 0.002666668 }, "geometry": { "type": "Polygon", "coordinates": [ [ [ 577938.809168799431063, 72513.196664387025521 ], [ 577938.82291275204625, 72414.940203304009628 ], [ 577963.551023694337346, 72414.943660435063066 ], [ 577963.544151859707199, 72464.071948543962208 ], [ 577988.272150524426252, 72464.075409102093545 ], [ 577988.268711776705459, 72488.639499099372188 ], [ 577963.540714202448726, 72488.636037368371035 ], [ 577963.537275380222127, 72513.200126208073925 ], [ 577938.809168799431063, 72513.196664387025521 ] ] ] } },
{ "type": "Feature", "properties": { "objectid": 483512, "pxlval": 1, "Shape__Area": 4.9383061729000014e-08, "Shape__Length": 0.000888892 }, "geometry": { "type": "Polygon", "coordinates": [ [ [ 578952.665913302917033, 72464.2112271621736 ], [ 578952.669393418356776, 72439.646980623205309 ], [ 578977.397551976027898, 72439.650483915451332 ], [ 578977.394070770358667, 72464.214731642176048 ], [ 578952.665913302917033, 72464.2112271621736 ] ] ] } },
{ "type": "Feature", "properties": { "objectid": 483513, "pxlval": 1, "Shape__Area": 1.4814807407400004e-07, "Shape__Length": 0.001777778 }, "geometry": { "type": "Polygon", "coordinates": [ [ [ 578285.018909000209533, 72390.424598771744058 ], [ 578285.025802155723795, 72341.296280233145808 ], [ 578309.753821637132205, 72341.299749172190786 ], [ 578309.750374547787942, 72365.863964880278218 ], [ 578334.478394140256569, 72365.86743609320547 ], [ 578334.474944807123393, 72390.431542457183241 ], [ 578285.018909000209533, 72390.424598771744058 ] ] ] } },
{ "type": "Feature", "properties": { "objectid": 483514, "pxlval": 1, "Shape__Area": 1.9753091358000004e-07, "Shape__Length": 0.001777778 }, "geometry": { "type": "Polygon", "coordinates": [ [ [ 578779.579926050268114, 72390.494233065503067 ], [ 578779.586862761992961, 72341.36586727728718 ], [ 578829.042950504343025, 72341.372850082902005 ], [ 578829.036009437055327, 72390.501220612452016 ], [ 578779.579926050268114, 72390.494233065503067 ] ] ] } },
{ "type": "Feature", "properties": { "objectid": 483515, "pxlval": 1, "Shape__Area": 9.8765679012000021e-08, "Shape__Length": 0.001333334 }, "geometry": { "type": "Polygon", "coordinates": [ [ [ 574798.379892712808214, 72365.3821813754912 ], [ 574798.383185206912458, 72340.818129177845549 ], [ 574847.838898430578411, 72340.824759143855772 ], [ 574847.835603759041987, 72365.388813592377119 ], [ 574798.379892712808214, 72365.3821813754912 ] ] ] } },
{ "type": "Feature", "properties": { "objectid": 483516, "pxlval": 1, "Shape__Area": 4.9382839506000011e-08, "Shape__Length": 0.00088889 }, "geometry": { "type": "Polygon", "coordinates": [ [ [ 578631.215055622160435, 72365.909176195971668 ], [ 578631.21851686493028, 72341.344945143806399 ], [ 578655.946552995010279, 72341.348429423946072 ], [ 578655.943090663524345, 72365.91266165903653 ], [ 578631.215055622160435, 72365.909176195971668 ] ] ] } },
{ "type": "Feature", "properties": { "objectid": 483517, "pxlval": 1, "Shape__Area": 6.9135841975300022e-07, "Shape__Length": 0.005333336 }, "geometry": { "type": "Polygon", "coordinates": [ [ [ 577938.83663806959521, 72316.683742565772263 ], [ 577914.108635241282173, 72316.680291235679761 ], [ 577914.101777081144974, 72365.808574489288731 ], [ 577938.829777732491493, 72365.812028163622017 ], [ 577938.83320849109441, 72341.247830082123983 ], [ 577988.28932681272272, 72341.254738389441627 ], [ 577988.306473949574865, 72218.434178752300795 ], [ 577914.122337574022822, 72218.423835530222277 ], [ 577914.11206256703008, 72292.116204912948888 ], [ 577938.840066483360715, 72292.119655070913723 ], [ 577938.83663806959521, 72316.683742565772263 ] ], [ [ 577938.843493732507341, 72267.555567597562913 ], [ 577963.571611205930822, 72267.559017693609348 ], [ 577963.56818286923226, 72292.123106339451624 ], [ 577938.840066483360715, 72292.119655070913723 ], [ 577938.843493732507341, 72267.555567597562913 ] ] ] } },
{ "type": "Feature", "properties": { "objectid": 483518, "pxlval": 1, "Shape__Area": 4.9382617284000016e-08, "Shape__Length": 0.000888888 }, "geometry": { "type": "Polygon", "coordinates": [ [ [ 578309.760712274117395, 72292.171538907976355 ], [ 578309.76415583724156, 72267.60743380812346 ], [ 578334.492179782362655, 72267.610900308733108 ], [ 578334.488735131686553, 72292.175006586665404 ], [ 578309.760712274117395, 72292.171538907976355 ] ] ] } },
{ "type": "Feature", "properties": { "objectid": 483519, "pxlval": 1, "Shape__Area": 1.4814785185200003e-07, "Shape__Length": 0.001777776 }, "geometry": { "type": "Polygon", "coordinates": [ [ [ 578334.499065587529913, 72218.482577273709467 ], [ 578334.509385492419824, 72144.790258697801619 ], [ 578359.237416053307243, 72144.793720400848542 ], [ 578359.227092890068889, 72218.486042512100539 ], [ 578334.499065587529913, 72218.482577273709467 ] ] ] } },
{ "type": "Feature", "properties": { "objectid": 483520, "pxlval": 1, "Shape__Area": 4.9382617284000016e-08, "Shape__Length": 0.000888888 }, "geometry": { "type": "Polygon", "coordinates": [ [ [ 577988.309899877640419, 72193.87008899806824 ], [ 577988.31332464015577, 72169.305999265343416 ], [ 578013.041337535134517, 72169.309446842235047 ], [ 578013.037911686464213, 72193.873537748208037 ], [ 577988.309899877640419, 72193.87008899806824 ] ] ] } },
{ "type": "Feature", "properties": { "objectid": 483521, "pxlval": 1, "Shape__Area": 1.9753024691500005e-07, "Shape__Length": 0.00222222 }, "geometry": { "type": "Polygon", "coordinates": [ [ [ 575367.14802036236506, 72168.9467551549169 ], [ 575367.157942510326393, 72095.254852840938838 ], [ 575391.885724294232205, 72095.25818112543493 ], [ 575391.882416967768222, 72119.822039136837702 ], [ 575416.610421369085088, 72119.825369677520939 ], [ 575416.607111800811253, 72144.389449924507062 ], [ 575391.879108484834433, 72144.386118249633 ], [ 575391.875798890250735, 72168.950086840821314 ], [ 575367.14802036236506, 72168.9467551549169 ] ] ] } },
{ "type": "Feature", "properties": { "objectid": 483522, "pxlval": 1, "Shape__Area": 3.9506204938200012e-07, "Shape__Length": 0.00311111 }, "geometry": { "type": "Polygon", "coordinates": [ [ [ 578631.242712569073774, 72169.395991643425077 ], [ 578631.249615063075908, 72120.267640448219026 ], [ 578705.433756357990205, 72120.278064627331332 ], [ 578705.437209074152634, 72095.714051321454463 ], [ 578730.16537091776263, 72095.717527064334718 ], [ 578730.15846210764721, 72144.845777146911132 ], [ 578705.430302434484474, 72144.842299035954056 ], [ 578705.4268473504344, 72169.406422922256752 ], [ 578631.242712569073774, 72169.395991643425077 ] ] ] } },
{ "type": "Feature", "properties": { "objectid": 483563, "pxlval": 1, "Shape__Area": 4.9382617283000014e-08, "Shape__Length": 0.000888888 }, "geometry": { "type": "Polygon", "coordinates": [ [ [ 575812.34330306283664, 71481.214465531229507 ], [ 575812.346599378506653, 71456.650588744058041 ], [ 575837.074652397539467, 71456.653907062049257 ], [ 575837.071355006541125, 71481.217784989727079 ], [ 575812.34330306283664, 71481.214465531229507 ] ] ] } },
{ "type": "Feature", "properties": { "objectid": 483523, "pxlval": 1, "Shape__Area": 4.6913575308640011e-06, "Shape__Length": 0.020888892 }, "geometry": { "type": "Polygon", "coordinates": [ [ [ 578977.348707853350788, 72783.548848696809728 ], [ 578977.359193926909938, 72709.85632580811216 ], [ 578952.63104738178663, 72709.852809450574568 ], [ 578952.638030014233664, 72660.724426500106347 ], [ 578977.36617874680087, 72660.727940482131089 ], [ 578977.369669378502294, 72636.163803120332886 ], [ 578952.641519552795216, 72636.160290326064569 ], [ 578952.645007911487482, 72611.596154173617833 ], [ 578927.916969461017288, 72611.592643682801281 ], [ 578927.920455563231371, 72587.028398195499904 ], [ 578878.464380076504312, 72587.02138288714923 ], [ 578878.460896159172989, 72611.585626000800403 ], [ 578853.732861307100393, 72611.582118809645181 ], [ 578853.739825762924738, 72562.453745520266239 ], [ 578952.651981105096638, 72562.467771389696281 ], [ 578952.658949563745409, 72513.339499235953554 ], [ 578977.387104849680327, 72513.343006091454299 ], [ 578977.394070770358667, 72464.214731642176048 ], [ 579002.122118146973662, 72464.218237204084289 ], [ 579002.139517773524858, 72341.397324451667373 ], [ 578977.411464949604124, 72341.393824830374797 ], [ 578977.428829607786611, 72218.573029094055528 ], [ 578927.972605370101519, 72218.566044998777215 ], [ 578927.979538620333187, 72169.437775822443655 ], [ 578903.251481772167608, 72169.434287797572324 ], [ 578903.248016822966747, 72193.998421188007342 ], [ 578853.791908868704922, 72193.991446044965414 ], [ 578853.795371645712294, 72169.427315027423901 ], [ 578829.067207093816251, 72169.423830266459845 ], [ 578829.077585098450072, 72095.731440894058323 ], [ 578878.533810621593148, 72095.738404377028928 ], [ 578878.530350310262293, 72120.302425978894462 ], [ 578977.44270009349566, 72120.316370782878948 ], [ 578977.439234230667353, 72144.880618236362352 ], [ 579051.623422394972295, 72144.891091863799375 ], [ 579051.619952110224403, 72169.455232360371156 ], [ 579076.348127424367703, 72169.458726960117929 ], [ 579076.330752830952406, 72292.279546255173045 ], [ 579051.602582951192744, 72292.276045709193568 ], [ 579051.567756017902866, 72537.91778455793974 ], [ 579026.839709521271288, 72537.914273234142456 ], [ 579026.825750058633275, 72636.170831978044589 ], [ 579002.097709113382734, 72636.167316999068134 ], [ 579002.076741023804061, 72783.552369704237208 ], [ 578977.348707853350788, 72783.548848696809728 ] ] ] } },
{ "type": "Feature", "properties": { "objectid": 483524, "pxlval": 1, "Shape__Area": 2.9135813086410005e-06, "Shape__Length": 0.01022222 }, "geometry": { "type": "Polygon", "coordinates": [ [ [ 578087.201466331491247, 72341.268568138038972 ], [ 578087.204902439960279, 72316.70447358112142 ], [ 578062.476781235774979, 72316.701015662983991 ], [ 578062.480215089395642, 72292.13692230192828 ], [ 578111.936349578085355, 72292.14383686898509 ], [ 578111.939784440328367, 72267.579741180350538 ], [ 578087.211771156289615, 72267.576284531809506 ], [ 578087.215203764149919, 72243.012190039429697 ], [ 578111.943218135391362, 72243.015645513252821 ], [ 578111.95694125816226, 72144.759152515980531 ], [ 578087.228922541602515, 72144.755701741072698 ], [ 578087.235774921136908, 72095.627512986276997 ], [ 578161.419952397351153, 72095.63786155435082 ], [ 578161.416523551451974, 72120.201848905795487 ], [ 578309.784792671911418, 72120.222582572925603 ], [ 578309.781356114777736, 72144.786798087574425 ], [ 578285.053327937028371, 72144.783338570166961 ], [ 578285.032690616440959, 72292.16807232433348 ], [ 578235.576539567438886, 72292.161142426601145 ], [ 578235.57997986767441, 72267.597040858745459 ], [ 578161.395925823831931, 72267.586657777035725 ], [ 578161.385611207340844, 72341.278951959160622 ], [ 578087.201466331491247, 72341.268568138038972 ] ] ] } },
{ "type": "Feature", "properties": { "objectid": 483525, "pxlval": 1, "Shape__Area": 1.1358013086410003e-06, "Shape__Length": 0.006222224 }, "geometry": { "type": "Polygon", "coordinates": [ [ [ 573908.190093182842247, 72267.007835128824809 ], [ 573908.196589831728488, 72217.879921993080643 ], [ 573858.740728746866807, 72217.873386387640494 ], [ 573858.743973234435543, 72193.309487346035894 ], [ 573883.471904309582897, 72193.312753490696196 ], [ 573883.484875564929098, 72095.057153088622727 ], [ 573957.668465961934999, 72095.066944711958058 ], [ 573957.671709284069948, 72070.502930794653366 ], [ 574007.127369816298597, 72070.50946176830621 ], [ 574007.120877757086419, 72119.637273002517759 ], [ 573982.393049099016935, 72119.634004743915284 ], [ 573982.386554772616364, 72168.761924380974961 ], [ 573957.658729408634827, 72168.758654989564093 ], [ 573957.655481680412777, 72193.322558456347906 ], [ 573932.927547259256244, 72193.319289031147491 ], [ 573932.917800689348951, 72267.011106766658486 ], [ 573908.190093182842247, 72267.007835128824809 ] ] ] } },
{ "type": "Feature", "properties": { "objectid": 483526, "pxlval": 1, "Shape__Area": 3.0123447654310009e-06, "Shape__Length": 0.014666668 }, "geometry": { "type": "Polygon", "coordinates": [ [ [ 575960.608126212260686, 72242.71911273484875 ], [ 575960.604787105345167, 72267.283107592273154 ], [ 575985.332811348256655, 72267.286470115068369 ], [ 575985.339490615995601, 72218.158367593030562 ], [ 576010.06740690022707, 72218.161728909122758 ], [ 576010.074083783430979, 72169.033734730066499 ], [ 575836.978567425394431, 72169.010244462173432 ], [ 575836.981896563083865, 72144.446255398826906 ], [ 575812.253873794456013, 72144.442905146512203 ], [ 575812.260526499710977, 72095.314929358995869 ], [ 575836.988551438669674, 72095.318277330312412 ], [ 575836.985224582487717, 72119.882155813786085 ], [ 575861.713138321181759, 72119.885506002945476 ], [ 575861.729766780394129, 71997.065444868101622 ], [ 575837.001847620354965, 71997.062100383322104 ], [ 575836.991877191467211, 72070.75417779450072 ], [ 575787.535937553038821, 72070.747485239655362 ], [ 575787.532613969407976, 72095.311582494803588 ], [ 575738.0766810933128, 72095.304892027488677 ], [ 575738.073358576977625, 72119.868765951192472 ], [ 575713.345561848022044, 72119.865421239170246 ], [ 575713.33226473396644, 72218.121465283518774 ], [ 575762.788073186879046, 72218.128164943715092 ], [ 575762.784743894822896, 72242.692261194300954 ], [ 575787.51264875929337, 72242.695613805015455 ], [ 575787.5093172629131, 72267.259600673714885 ], [ 575812.237222190597095, 72267.262955518832314 ], [ 575812.233888474060223, 72291.826943549225689 ], [ 575935.873647419037297, 72291.843739931005985 ], [ 575935.880324593163095, 72242.715752479314688 ], [ 575960.608126212260686, 72242.71911273484875 ] ], [ [ 575886.424390954198316, 72242.70903520572756 ], [ 575886.427725680405274, 72218.144933252595365 ], [ 575935.883661493076943, 72218.151648242550436 ], [ 575935.880324593163095, 72242.715752479314688 ], [ 575886.424390954198316, 72242.70903520572756 ] ], [ [ 575738.066710104234517, 72168.996845479981857 ], [ 575762.794728344422765, 72169.000193593325093 ], [ 575762.791401331778616, 72193.564179257766227 ], [ 575738.06338417774532, 72193.560830005037133 ], [ 575738.066710104234517, 72168.996845479981857 ] ] ] } },
{ "type": "Feature", "properties": { "objectid": 483527, "pxlval": 1, "Shape__Area": 1.4814807407400004e-07, "Shape__Length": 0.001777776 }, "geometry": { "type": "Polygon", "coordinates": [ [ [ 575416.610421369085088, 72119.825369677520939 ], [ 575416.617037094780244, 72070.697430334214005 ], [ 575466.072831104858778, 72070.704090123879723 ], [ 575466.069521621335298, 72095.268172591095208 ], [ 575441.34162513690535, 72095.264841015494312 ], [ 575441.338315640459768, 72119.82870129562798 ], [ 575416.610421369085088, 72119.825369677520939 ] ] ] } },
{ "type": "Feature", "properties": { "objectid": 483528, "pxlval": 1, "Shape__Area": 4.9382617283000014e-08, "Shape__Length": 0.000888888 }, "geometry": { "type": "Polygon", "coordinates": [ [ [ 578161.423380106221884, 72071.073653149578604 ], [ 578161.426806646864861, 72046.509444766255911 ], [ 578186.154721965431236, 72046.512894100669655 ], [ 578186.151294340495951, 72071.077103659845307 ], [ 578161.423380106221884, 72071.073653149578604 ] ] ] } },
{ "type": "Feature", "properties": { "objectid": 483529, "pxlval": 1, "Shape__Area": 1.9753046913600006e-07, "Shape__Length": 0.001777776 }, "geometry": { "type": "Polygon", "coordinates": [ [ [ 578433.435386985074729, 72046.547447669756366 ], [ 578433.442260373616591, 71997.419226126323338 ], [ 578482.898345196270384, 71997.426145206249203 ], [ 578482.891467473004013, 72046.55437147016346 ], [ 578433.435386985074729, 72046.547447669756366 ] ] ] } },
{ "type": "Feature", "properties": { "objectid": 483530, "pxlval": 1, "Shape__Area": 4.9382617283000014e-08, "Shape__Length": 0.000888888 }, "geometry": { "type": "Polygon", "coordinates": [ [ [ 578606.53180074703414, 72046.571700085056364 ], [ 578606.535245599225163, 72022.007691575869103 ], [ 578631.263405919540673, 72022.01115940278396 ], [ 578631.259959983523004, 72046.575169094503508 ], [ 578606.53180074703414, 72046.571700085056364 ] ] ] } },
{ "type": "Feature", "properties": { "objectid": 483531, "pxlval": 1, "Shape__Area": 4.9383061729000014e-08, "Shape__Length": 0.000888892 }, "geometry": { "type": "Polygon", "coordinates": [ [ [ 575391.89563957345672, 72021.566165072799777 ], [ 575391.898942423169501, 71997.002086067339405 ], [ 575416.626952245715074, 71997.005410937097622 ], [ 575416.623648312524892, 72021.569491076734266 ], [ 575391.89563957345672, 72021.566165072799777 ] ] ] } },
{ "type": "Feature", "properties": { "objectid": 483532, "pxlval": 1, "Shape__Area": 3.4567876543200007e-07, "Shape__Length": 0.00311111 }, "geometry": { "type": "Polygon", "coordinates": [ [ [ 578111.967221347615123, 72071.066755357547663 ], [ 578111.974068893818185, 72021.938564388241502 ], [ 578087.246044754050672, 72021.935119486995973 ], [ 578087.252885479945689, 71972.80682040922693 ], [ 578111.980911786435172, 71972.810262961007538 ], [ 578111.984331474057399, 71948.246167551333201 ], [ 578136.712360037490726, 71948.249610018217936 ], [ 578136.695244493428618, 72071.070203699942795 ], [ 578111.967221347615123, 72071.066755357547663 ] ] ] } },
{ "type": "Feature", "properties": { "objectid": 483533, "pxlval": 1, "Shape__Area": 9.8765901235000024e-08, "Shape__Length": 0.001333336 }, "geometry": { "type": "Polygon", "coordinates": [ [ [ 578754.903780326363631, 72022.028514839330455 ], [ 578754.90723053610418, 71997.46427816945652 ], [ 578804.363457574276254, 71997.471225620247424 ], [ 578804.360005197464488, 72022.035464660060825 ], [ 578754.903780326363631, 72022.028514839330455 ] ] ] } },
{ "type": "Feature", "properties": { "objectid": 483534, "pxlval": 1, "Shape__Area": 1.4814829629700003e-07, "Shape__Length": 0.001777778 }, "geometry": { "type": "Polygon", "coordinates": [ [ [ 578853.812667886144482, 72046.606439180308371 ], [ 578853.816123577416874, 72022.042418828990776 ], [ 578829.087952516507357, 72022.038941183403949 ], [ 578829.091405976912938, 71997.474700958075118 ], [ 578878.547640172881074, 71997.481654952396639 ], [ 578878.540727770305239, 72046.609919087466551 ], [ 578853.812667886144482, 72046.606439180308371 ] ] ] } },
{ "type": "Feature", "properties": { "objectid": 483535, "pxlval": 1, "Shape__Area": 1.9753069135800005e-07, "Shape__Length": 0.002222222 }, "geometry": { "type": "Polygon", "coordinates": [ [ [ 575416.630255037220195, 71972.441441361996112 ], [ 575416.63355670159217, 71947.87747180830047 ], [ 575441.361458559986204, 71947.880795484539703 ], [ 575441.364760194672272, 71923.316714280954329 ], [ 575466.092664263676852, 71923.320037912068074 ], [ 575466.089361546677537, 71947.88412025058642 ], [ 575490.817265690187924, 71947.88744610644062 ], [ 575490.813960777479224, 71972.451419064906077 ], [ 575416.630255037220195, 71972.441441361996112 ] ] ] } },
{ "type": "Feature", "properties": { "objectid": 483536, "pxlval": 1, "Shape__Area": 5.925920740750001e-07, "Shape__Length": 0.003999998 }, "geometry": { "type": "Polygon", "coordinates": [ [ [ 578779.638737928587943, 71972.903624052312807 ], [ 578779.642186851822771, 71948.339496784261428 ], [ 578754.914127393858507, 71948.336025981523562 ], [ 578754.931348958285525, 71825.515285342349671 ], [ 578779.659413824672811, 71825.518750221206574 ], [ 578779.652526573510841, 71874.647004564772942 ], [ 578804.380701732006855, 71874.650472917521256 ], [ 578804.377255243249238, 71899.214711850334425 ], [ 578829.105207976419479, 71899.2181824461004 ], [ 578829.094858243828639, 71972.910571297979914 ], [ 578779.638737928587943, 71972.903624052312807 ] ] ] } },
{ "type": "Feature", "properties": { "objectid": 483537, "pxlval": 1, "Shape__Area": 6.9135775308600023e-07, "Shape__Length": 0.004888888 }, "geometry": { "type": "Polygon", "coordinates": [ [ [ 577741.073914222652093, 71874.502317383376067 ], [ 577741.080710658454336, 71825.374161920408369 ], [ 577790.536744384211488, 71825.381003551898175 ], [ 577790.543540509883314, 71776.252732958309934 ], [ 577839.999583268770948, 71776.259574259864166 ], [ 577840.002981740050018, 71751.695491916572792 ], [ 577864.731117246556096, 71751.698913042579079 ], [ 577864.727717695641331, 71776.262996556892176 ], [ 577889.455742017598823, 71776.266419925741502 ], [ 577889.45234022277873, 71800.830504626501352 ], [ 577839.996183634386398, 71800.823656618231325 ], [ 577839.989380860701203, 71849.951931936389883 ], [ 577815.261473402031697, 71849.948507245484507 ], [ 577815.258071359246969, 71874.512588497338584 ], [ 577741.073914222652093, 71874.502317383376067 ] ] ] } },
{ "type": "Feature", "properties": { "objectid": 483538, "pxlval": 1, "Shape__Area": 1.2345676543230003e-06, "Shape__Length": 0.00844444 }, "geometry": { "type": "Polygon", "coordinates": [ [ [ 577963.616073608514853, 71948.225535621037125 ], [ 577963.622896495158784, 71899.097358951563365 ], [ 577988.350920140743256, 71899.100792533703498 ], [ 577988.347508213249967, 71923.664771493262378 ], [ 578013.075531949056312, 71923.668207337730564 ], [ 578013.08235683303792, 71874.540026012517046 ], [ 577963.626306206220761, 71874.533160105274874 ], [ 577963.636528318165801, 71800.840784788248129 ], [ 577988.364556288230233, 71800.844213678894448 ], [ 577988.361148991854861, 71825.408413627636037 ], [ 578037.817317580687813, 71825.415277034044266 ], [ 578037.813906972296536, 71849.97936881367059 ], [ 578062.541825038031675, 71849.982803299659281 ], [ 578062.548647265532054, 71800.854506876450614 ], [ 578087.276791239506565, 71800.857940132947988 ], [ 578087.273379620863125, 71825.422144776923233 ], [ 578112.001412418438122, 71825.425580280323629 ], [ 578111.991167347528972, 71899.117976796245784 ], [ 578136.719198075472377, 71899.121416912923451 ], [ 578136.71577965572942, 71923.685402917501051 ], [ 578087.259721538168378, 71923.678521423382335 ], [ 578087.263137793750502, 71899.114537768633454 ], [ 578062.534998144255951, 71899.111099814661429 ], [ 578062.531582970637828, 71923.6750822950562 ], [ 578037.8036681500962, 71923.671644287140225 ], [ 578037.800252861576155, 71948.235846689654863 ], [ 577963.616073608514853, 71948.225535621037125 ] ] ] } },
{ "type": "Feature", "properties": { "objectid": 483539, "pxlval": 1, "Shape__Area": 4.9382617284000016e-08, "Shape__Length": 0.000888888 }, "geometry": { "type": "Polygon", "coordinates": [ [ [ 578903.292969239410013, 71874.664357153335004 ], [ 578903.296418860205449, 71850.100224041409092 ], [ 578928.024489794392139, 71850.10369663516758 ], [ 578928.021039092214778, 71874.667830934107769 ], [ 578903.292969239410013, 71874.664357153335004 ] ] ] } },
{ "type": "Feature", "properties": { "objectid": 483540, "pxlval": 1, "Shape__Area": 3.9506176049380007e-06, "Shape__Length": 0.020444436 }, "geometry": { "type": "Polygon", "coordinates": [ [ [ 578334.519694877322763, 72071.097829771388206 ], [ 578334.523129008011892, 72046.533613149294979 ], [ 578359.251163908280432, 72046.537070138525451 ], [ 578359.275177533039823, 71874.588209346373333 ], [ 578309.819093756726943, 71874.581312954935129 ], [ 578309.822517425753176, 71850.01720821960771 ], [ 578285.094476247788407, 71850.013762834685622 ], [ 578285.097897665691562, 71825.449659298436018 ], [ 578334.553983383462764, 71825.456548800852033 ], [ 578334.557405808009207, 71800.892332392773824 ], [ 578359.285451530711725, 71800.895777597484994 ], [ 578359.288873849553056, 71776.331670569736161 ], [ 578384.017033103038557, 71776.335115698748268 ], [ 578384.010185118298978, 71825.463442670690711 ], [ 578408.738120861118659, 71825.466891214309726 ], [ 578408.731266044196673, 71874.595110092690447 ], [ 578458.187581855105236, 71874.602015224983916 ], [ 578458.19101201207377, 71850.037903415592154 ], [ 578482.918950234074146, 71850.04135640343884 ], [ 578482.915518995840102, 71874.605469393136445 ], [ 578631.28405698412098, 71874.626217389653903 ], [ 578631.287494710413739, 71850.062097310263198 ], [ 578705.471671749837697, 71850.072482440897147 ], [ 578705.457900796551257, 71948.329087629987043 ], [ 578680.72984491486568, 71948.325620096773491 ], [ 578680.726400322862901, 71972.889742627943633 ], [ 578705.454455121653154, 71972.89321134480997 ], [ 578705.451008270727471, 71997.457335081024212 ], [ 578730.179174450691789, 71997.460806087765377 ], [ 578730.175725324545056, 72022.025041573229828 ], [ 578754.903780326363631, 72022.028514839330455 ], [ 578754.900328970747069, 72046.592530449328478 ], [ 578705.444111040327698, 72046.585582624029485 ], [ 578705.447560228058137, 72022.021569382457528 ], [ 578631.263405919540673, 72022.01115940278396 ], [ 578631.270294313086197, 71972.882808464870322 ], [ 578655.998346729553305, 71972.886275001306785 ], [ 578656.001790238777176, 71948.322153653411078 ], [ 578606.545573169598356, 71948.315224020625465 ], [ 578606.542131826048717, 71972.879343003049144 ], [ 578581.814081793185323, 71972.875878647042555 ], [ 578581.810640358133242, 71997.439996468674508 ], [ 578557.082592595601454, 71997.436532021092717 ], [ 578557.086032947525382, 71972.872415381250903 ], [ 578532.3578740300145, 71972.868953190089087 ], [ 578532.354434761218727, 71997.433068648504559 ], [ 578482.898345196270384, 71997.426145206249203 ], [ 578482.905218228464946, 71948.297919034288498 ], [ 578433.449129073764198, 71948.291004674858414 ], [ 578433.452561681158841, 71923.726783443809836 ], [ 578408.724406540277414, 71923.723329062879202 ], [ 578408.72783686267212, 71899.159330107679125 ], [ 578383.999904363648966, 71899.155878026489518 ], [ 578383.993044680915773, 71948.28409467478923 ], [ 578408.720975015312433, 71948.287549114364083 ], [ 578408.717542334110476, 71972.851658649829915 ], [ 578383.989613082376309, 71972.848203031069716 ], [ 578383.975874959724024, 72071.104747214034433 ], [ 578334.519694877322763, 72071.097829771388206 ] ] ] } },
{ "type": "Feature", "properties": { "objectid": 483541, "pxlval": 1, "Shape__Area": 4.9382839506000011e-08, "Shape__Length": 0.00088889 }, "geometry": { "type": "Polygon", "coordinates": [ [ [ 577147.614744629710913, 71776.164191696749185 ], [ 577147.618112865486182, 71751.600141990769771 ], [ 577172.346215511672199, 71751.603532684734091 ], [ 577172.342846195911989, 71776.167583551301504 ], [ 577147.614744629710913, 71776.164191696749185 ] ] ] } },
{ "type": "Feature", "properties": { "objectid": 483542, "pxlval": 1, "Shape__Area": 1.4814807407400004e-07, "Shape__Length": 0.001777778 }, "geometry": { "type": "Polygon", "coordinates": [ [ [ 577617.443926748470403, 71800.792894471189356 ], [ 577617.447316661127843, 71776.228822635195684 ], [ 577592.719194001052529, 71776.22541121050017 ], [ 577592.722581673879176, 71751.661340556878713 ], [ 577642.178719039424323, 71751.668162143178051 ], [ 577642.171938214218244, 71800.796308135424624 ], [ 577617.443926748470403, 71800.792894471189356 ] ] ] } },
{ "type": "Feature", "properties": { "objectid": 483544, "pxlval": 1, "Shape__Area": 1.4814851851900005e-07, "Shape__Length": 0.00177778 }, "geometry": { "type": "Polygon", "coordinates": [ [ [ 578235.651956182671711, 71751.750360171121429 ], [ 578235.658784187864512, 71702.622047462049522 ], [ 578285.114987237961031, 71702.628920856499462 ], [ 578285.111571653978899, 71727.193134823392029 ], [ 578260.383414973621257, 71727.189696398025262 ], [ 578260.379999314667657, 71751.753798671488767 ], [ 578235.651956182671711, 71751.750360171121429 ] ] ] } },
{ "type": "Feature", "properties": { "objectid": 483545, "pxlval": 1, "Shape__Area": 2.4691353086500008e-07, "Shape__Length": 0.002666664 }, "geometry": { "type": "Polygon", "coordinates": [ [ [ 577073.434034493518993, 71751.589976460527396 ], [ 577073.437398338224739, 71727.025930261748726 ], [ 577048.709521841839887, 71727.022545104788151 ], [ 577048.716243917937391, 71677.894455089452094 ], [ 577073.444122572196648, 71677.897837928219815 ], [ 577073.440761046134867, 71702.461773547154735 ], [ 577122.896853529615328, 71702.46854484686628 ], [ 577122.893488663481548, 71727.032703880802728 ], [ 577098.165498560410924, 71727.029316535656108 ], [ 577098.162133636302315, 71751.59336389391683 ], [ 577073.434034493518993, 71751.589976460527396 ] ] ] } },
{ "type": "Feature", "properties": { "objectid": 483546, "pxlval": 1, "Shape__Area": 4.9382395062000014e-08, "Shape__Length": 0.000888886 }, "geometry": { "type": "Polygon", "coordinates": [ [ [ 578087.290425999322906, 71702.601453376468271 ], [ 578087.293831752846017, 71678.037469913979294 ], [ 578112.021871028468013, 71678.040898368984926 ], [ 578112.018464196240529, 71702.604883006206364 ], [ 578087.290425999322906, 71702.601453376468271 ] ] ] } },
{ "type": "Feature", "properties": { "objectid": 483547, "pxlval": 1, "Shape__Area": 4.9382617283000014e-08, "Shape__Length": 0.000888888 }, "geometry": { "type": "Polygon", "coordinates": [ [ [ 578359.299133795429952, 71702.639239070864278 ], [ 578359.302551414933987, 71678.075242665916448 ], [ 578384.030714985565282, 71678.078683079598704 ], [ 578384.027296287356876, 71702.642680663368083 ], [ 578359.299133795429952, 71702.639239070864278 ] ] ] } },
{ "type": "Feature", "properties": { "objectid": 483548, "pxlval": 1, "Shape__Area": 4.9382750617200018e-07, "Shape__Length": 0.003111112 }, "geometry": { "type": "Polygon", "coordinates": [ [ [ 577295.996418373892084, 71677.928332517796662 ], [ 577295.999788483604789, 71653.364165397113538 ], [ 577271.271786950645037, 71653.360773933978635 ], [ 577271.278521533939056, 71604.23255261243321 ], [ 577345.462536102626473, 71604.242723280927748 ], [ 577345.459166147862561, 71628.806892684995546 ], [ 577370.187172259786166, 71628.810286240637652 ], [ 577370.180426741717383, 71677.938516908980091 ], [ 577295.996418373892084, 71677.928332517796662 ] ] ] } },
{ "type": "Feature", "properties": { "objectid": 483549, "pxlval": 1, "Shape__Area": 1.4814785185200003e-07, "Shape__Length": 0.001777776 }, "geometry": { "type": "Polygon", "coordinates": [ [ [ 577914.200764452922158, 71653.449304795809439 ], [ 577914.210948627209291, 71579.757047619990772 ], [ 577938.938983933883719, 71579.760463786267792 ], [ 577938.928796526743099, 71653.452724478469463 ], [ 577914.200764452922158, 71653.449304795809439 ] ] ] } },
{ "type": "Feature", "properties": { "objectid": 483550, "pxlval": 1, "Shape__Area": 4.9382839506000011e-08, "Shape__Length": 0.00088889 }, "geometry": { "type": "Polygon", "coordinates": [ [ [ 578433.490242865635082, 71653.521346137145883 ], [ 578433.49366139259655, 71628.957235693538678 ], [ 578458.221830695518292, 71628.96067700459389 ], [ 578458.21841109066736, 71653.524788628143142 ], [ 578433.490242865635082, 71653.521346137145883 ] ] ] } },
{ "type": "Feature", "properties": { "objectid": 483551, "pxlval": 1, "Shape__Area": 5.4321034567900013e-07, "Shape__Length": 0.003555556 }, "geometry": { "type": "Polygon", "coordinates": [ [ [ 578210.9409700545948, 71628.926312827694346 ], [ 578210.944377726176754, 71604.362102477025473 ], [ 578235.672426153323613, 71604.36553283095418 ], [ 578235.679240113589913, 71555.237330915100756 ], [ 578285.135456097312272, 71555.244190183686442 ], [ 578285.138863476808183, 71530.680086903390475 ], [ 578309.866918678279035, 71530.683516978097032 ], [ 578309.853277817601338, 71628.940045475304942 ], [ 578210.9409700545948, 71628.926312827694346 ] ] ] } },
{ "type": "Feature", "properties": { "objectid": 483552, "pxlval": 1, "Shape__Area": 1.9753069135800005e-07, "Shape__Length": 0.00222222 }, "geometry": { "type": "Polygon", "coordinates": [ [ [ 575861.782787408796139, 71604.041164405804011 ], [ 575861.792696456424892, 71530.349195333939861 ], [ 575886.52063727308996, 71530.352519225489232 ], [ 575886.517334314412437, 71554.916510036055115 ], [ 575911.245275212218985, 71554.919836152723292 ], [ 575911.241970027680509, 71579.48393866312108 ], [ 575886.514030206832103, 71579.48061140482605 ], [ 575886.510724994936027, 71604.044491721113445 ], [ 575861.782787408796139, 71604.041164405804011 ] ] ] } },
{ "type": "Feature", "properties": { "objectid": 483553, "pxlval": 1, "Shape__Area": 1.2345678765420002e-06, "Shape__Length": 0.005333334 }, "geometry": { "type": "Polygon", "coordinates": [ [ [ 577098.175586435012519, 71653.337064051753259 ], [ 577098.178946750587784, 71628.773016772553092 ], [ 577048.722961403662339, 71628.766254616042715 ], [ 577048.726318427012302, 71604.20209914589941 ], [ 577023.998215146828443, 71604.198720838670852 ], [ 577024.001569911255501, 71579.634787622839212 ], [ 577048.729674268746749, 71579.638164771342417 ], [ 577048.733028989285231, 71555.07400934380712 ], [ 577221.829132040962577, 71555.097671529380023 ], [ 577221.819041833165102, 71628.78994116638205 ], [ 577172.363044806756079, 71628.783168159963679 ], [ 577172.359681257163174, 71653.34721891983645 ], [ 577098.175586435012519, 71653.337064051753259 ] ] ] } },
{ "type": "Feature", "properties": { "objectid": 483554, "pxlval": 1, "Shape__Area": 7.4074192592800019e-07, "Shape__Length": 0.006666674 }, "geometry": { "type": "Polygon", "coordinates": [ [ [ 577419.629683749983087, 71727.073436798469629 ], [ 577419.633061565225944, 71702.509263817220926 ], [ 577444.361179233063012, 71702.512664137204411 ], [ 577444.367933519650251, 71653.384536983809085 ], [ 577419.639813694753684, 71653.381138993208879 ], [ 577419.646561211673543, 71604.252903710992541 ], [ 577444.374683192232624, 71604.256299372194917 ], [ 577444.378056269721128, 71579.692346407333389 ], [ 577419.649933211971074, 71579.6889519108081 ], [ 577419.653304085717537, 71555.124779057499836 ], [ 577444.381428220309317, 71555.128172389333486 ], [ 577444.3847989984788, 71530.564108929844224 ], [ 577518.568959146970883, 71530.574291901764809 ], [ 577518.562209958210588, 71579.702536371871247 ], [ 577493.834083367139101, 71579.699138622570899 ], [ 577493.837457471527159, 71555.13496227406722 ], [ 577469.109442266519181, 71555.131566789757926 ], [ 577469.085806838935241, 71727.08024083901546 ], [ 577419.629683749983087, 71727.073436798469629 ] ] ] } },
{ "type": "Feature", "properties": { "objectid": 483555, "pxlval": 1, "Shape__Area": 1.4814785185200003e-07, "Shape__Length": 0.001777776 }, "geometry": { "type": "Polygon", "coordinates": [ [ [ 577296.01325732585974, 71555.107828732885537 ], [ 577296.019984808983281, 71505.979715794033837 ], [ 577320.747993963304907, 71505.983101365549373 ], [ 577320.744629723252729, 71530.547158990302705 ], [ 577345.472638986306265, 71530.55054680815374 ], [ 577345.469272514339536, 71555.114605611102888 ], [ 577296.01325732585974, 71555.107828732885537 ] ] ] } },
{ "type": "Feature", "properties": { "objectid": 483556, "pxlval": 1, "Shape__Area": 2.9629614814800008e-07, "Shape__Length": 0.003111112 }, "geometry": { "type": "Polygon", "coordinates": [ [ [ 578458.221830695518292, 71628.96067700459389 ], [ 578458.225249143433757, 71604.396454871166497 ], [ 578433.497078762738965, 71604.393014740067883 ], [ 578433.503909956198186, 71555.264793971902691 ], [ 578408.775738623226061, 71555.261357284602127 ], [ 578408.779151385184377, 71530.697248112046509 ], [ 578458.23549740598537, 71530.704120211026748 ], [ 578458.22866638796404, 71579.832453833936597 ], [ 578482.95661648013629, 71579.835893838389893 ], [ 578482.94977863272652, 71628.964119369658874 ], [ 578458.221830695518292, 71628.96067700459389 ] ] ] } },
{ "type": "Feature", "properties": { "objectid": 483557, "pxlval": 1, "Shape__Area": 4.9382395062000014e-08, "Shape__Length": 0.000888886 }, "geometry": { "type": "Polygon", "coordinates": [ [ [ 575589.785200594458729, 71530.312704007097636 ], [ 575589.788489505648613, 71505.748726882025949 ], [ 575614.516307519981638, 71505.752037703161477 ], [ 575614.513017532648519, 71530.31601596539258 ], [ 575589.785200594458729, 71530.312704007097636 ] ] ] } },
{ "type": "Feature", "properties": { "objectid": 483558, "pxlval": 1, "Shape__Area": 4.9382617284000016e-08, "Shape__Length": 0.000888888 }, "geometry": { "type": "Polygon", "coordinates": [ [ [ 575837.064756779931486, 71530.345872525853338 ], [ 575837.068056452437304, 71505.78188401243824 ], [ 575861.795997205073945, 71505.785205679625506 ], [ 575861.792696456424892, 71530.349195333939861 ], [ 575837.064756779931486, 71530.345872525853338 ] ] ] } },
{ "type": "Feature", "properties": { "objectid": 483559, "pxlval": 1, "Shape__Area": 4.9383061729000014e-08, "Shape__Length": 0.000888892 }, "geometry": { "type": "Polygon", "coordinates": [ [ [ 575565.060450100339949, 71505.7454171142017 ], [ 575565.063736821059138, 71481.181330616687774 ], [ 575589.79177730216179, 71481.184639247716404 ], [ 575589.788489505648613, 71505.748726882025949 ], [ 575565.060450100339949, 71505.7454171142017 ] ] ] } },
{ "type": "Feature", "properties": { "objectid": 483560, "pxlval": 1, "Shape__Area": 1.9753046913600006e-07, "Shape__Length": 0.001777776 }, "geometry": { "type": "Polygon", "coordinates": [ [ [ 577197.107848576968536, 71505.966184324061032 ], [ 577197.114562835078686, 71456.838080771834939 ], [ 577246.570577270817012, 71456.844839686833438 ], [ 577246.563858710345812, 71505.972947885165922 ], [ 577197.107848576968536, 71505.966184324061032 ] ] ] } },
{ "type": "Feature", "properties": { "objectid": 483561, "pxlval": 1, "Shape__Area": 2.4691286419800008e-07, "Shape__Length": 0.00222222 }, "geometry": { "type": "Polygon", "coordinates": [ [ [ 578631.335499544860795, 71506.164086808406864 ], [ 578631.342338571092114, 71457.035847310558893 ], [ 578705.526567363296635, 71457.046175643263268 ], [ 578705.523145226994529, 71481.610188393940916 ], [ 578680.795068842242472, 71481.606743350319448 ], [ 578680.791646574740298, 71506.170976013556356 ], [ 578631.335499544860795, 71506.164086808406864 ] ] ] } },
{ "type": "Feature", "properties": { "objectid": 483564, "pxlval": 1, "Shape__Area": 1.6790114320990005e-06, "Shape__Length": 0.009333336 }, "geometry": { "type": "Polygon", "coordinates": [ [ [ 577988.40195949212648, 71530.6390104747843 ], [ 577988.408744933782145, 71481.51072164143261 ], [ 577963.680702949757688, 71481.507307998137549 ], [ 577963.687481564003974, 71432.379132139234571 ], [ 578013.143571005086415, 71432.385955816338537 ], [ 578013.140180115238763, 71456.950156618622714 ], [ 578037.868336812127382, 71456.953571269186796 ], [ 578037.87172877707053, 71432.389369293290656 ], [ 578087.327825306914747, 71432.396199462527875 ], [ 578087.32443119189702, 71456.960403786797542 ], [ 578112.052480159443803, 71456.963821669196477 ], [ 578112.066053885384463, 71358.707220869066077 ], [ 578136.794108325033449, 71358.710635133422329 ], [ 578136.790715562994592, 71383.274841743812431 ], [ 578186.246825849986635, 71383.281675866586738 ], [ 578186.229833835503086, 71506.102278850710718 ], [ 578161.501894756453112, 71506.098855384829221 ], [ 578161.498493927530944, 71530.662952767161187 ], [ 578112.042287631542422, 71530.656106688038562 ], [ 578112.045686308178119, 71506.092011656292016 ], [ 578087.317639491753653, 71506.088591424428159 ], [ 578087.314241891377605, 71530.652685281442245 ], [ 578062.586086055263877, 71530.649264942956506 ], [ 578062.592877952614799, 71481.520969067889382 ], [ 578037.864943711552769, 71481.517552191668074 ], [ 578037.861549414345063, 71506.081754210114013 ], [ 578013.133394868578762, 71506.078337212296901 ], [ 578013.13000049663242, 71530.642427547325497 ], [ 577988.40195949212648, 71530.6390104747843 ] ] ] } },
{ "type": "Feature", "properties": { "objectid": 483565, "pxlval": 1, "Shape__Area": 1.4814785185200003e-07, "Shape__Length": 0.001777776 }, "geometry": { "type": "Polygon", "coordinates": [ [ [ 578285.145674741477706, 71481.551769862941001 ], [ 578285.15588284144178, 71407.859460277293692 ], [ 578309.883943420019932, 71407.862884463436785 ], [ 578309.873732094885781, 71481.555197582216351 ], [ 578285.145674741477706, 71481.551769862941001 ] ] ] } },
{ "type": "Feature", "properties": { "objectid": 483566, "pxlval": 1, "Shape__Area": 2.4691308642000007e-07, "Shape__Length": 0.00222222 }, "geometry": { "type": "Polygon", "coordinates": [ [ [ 578557.154593537794426, 71481.589534358281526 ], [ 578557.161423762561753, 71432.461301996023394 ], [ 578581.889496344490908, 71432.464739262184594 ], [ 578581.89291077060625, 71407.900621931126807 ], [ 578606.620985614368692, 71407.904059097141726 ], [ 578606.610735587892123, 71481.596414700587047 ], [ 578557.154593537794426, 71481.589534358281526 ] ] ] } },
{ "type": "Feature", "properties": { "objectid": 483567, "pxlval": 1, "Shape__Area": 1.9555555111111004e-05, "Shape__Length": 0.057333336 }, "geometry": { "type": "Polygon", "coordinates": [ [ [ 575293.036702200188302, 71628.529009553269134 ], [ 575293.033420576597564, 71653.092973168008029 ], [ 575317.761218407424167, 71653.096277788004954 ], [ 575317.757934565539472, 71677.660353087296244 ], [ 575342.485955016454682, 71677.663659955447656 ], [ 575342.482668999931775, 71702.227515335573116 ], [ 575268.298836862086318, 71702.217594619942247 ], [ 575268.292267882497981, 71751.345630258452729 ], [ 575218.836463992716745, 71751.3390173613152 ], [ 575218.83317998284474, 71775.902977687001112 ], [ 575169.377382808481343, 71775.896366875138483 ], [ 575169.374099834822118, 71800.460324953863164 ], [ 575194.101996779674664, 71800.463630947037018 ], [ 575194.098711587372236, 71825.027700714737875 ], [ 575169.370815723086707, 71825.024393590749241 ], [ 575169.367530502961017, 71849.588351712271105 ], [ 575144.639525585924275, 71849.585044530875166 ], [ 575144.636240323656239, 71874.149001543322811 ], [ 575194.092137861414813, 71874.155619240860688 ], [ 575194.088849298190325, 71898.719689079065574 ], [ 575169.36095667781774, 71898.716378562559839 ], [ 575169.357668102486059, 71923.280226211543777 ], [ 575194.085559640778229, 71923.283537858878844 ], [ 575194.082268830155954, 71947.84760773362359 ], [ 575218.81016041059047, 71947.850921601595473 ], [ 575218.806867408333346, 71972.414882092256448 ], [ 575194.078976910677738, 71972.411567093076883 ], [ 575194.075683867558837, 71996.975526473936043 ], [ 575169.347795577486977, 71996.972211434098426 ], [ 575169.341208287631162, 72046.100128004822182 ], [ 575194.06909441028256, 72046.103445306318463 ], [ 575194.065797981340438, 72070.667515288296272 ], [ 575144.60991777072195, 72070.660879500370356 ], [ 575144.606622387305833, 72095.224947242517374 ], [ 575119.878740723710507, 72095.22162986343028 ], [ 575119.865552362171002, 72193.477454385807505 ], [ 575095.137676163925789, 72193.474133579889894 ], [ 575095.140973852016032, 72168.910178548350814 ], [ 575070.4130977189634, 72168.906859965296462 ], [ 575070.406503393081948, 72218.034767791235936 ], [ 575095.134377353591844, 72218.038088632951258 ], [ 575095.131077406229451, 72242.602154250533204 ], [ 575119.858951431233436, 72242.605477315883036 ], [ 575119.852346024825238, 72291.73338978899119 ], [ 575095.124474174692295, 72291.730064464223688 ], [ 575095.117866454413161, 72340.857974764046958 ], [ 575045.662019256968051, 72340.851322867965791 ], [ 575045.66532150155399, 72316.287369965604739 ], [ 574971.481611594907008, 72316.277403731815866 ], [ 574971.484909454360604, 72291.713454235665267 ], [ 574996.21288689749781, 72291.716774100321345 ], [ 574996.216184724122286, 72267.152823497832287 ], [ 575045.671922626439482, 72267.159464225464035 ], [ 575045.678519280394539, 72218.031448028457817 ], [ 574996.222777029965073, 72218.024811814480927 ], [ 574996.226071494515054, 72193.460861276573269 ], [ 574971.498089703265578, 72193.457545923360158 ], [ 574971.494796325219795, 72218.021495333421626 ], [ 574946.767039319034666, 72218.018179976104875 ], [ 574946.760451361187734, 72267.146187148755416 ], [ 574922.032475103274919, 72267.142870601266623 ], [ 574922.03576854756102, 72242.578923402776127 ], [ 574847.852065872284584, 72242.568983737088274 ], [ 574847.858642897102982, 72193.440985619890853 ], [ 574823.130890474654734, 72193.437676857633051 ], [ 574823.124315623310395, 72242.565672723590978 ], [ 574798.39634394668974, 72242.562362774566282 ], [ 574798.399630852043629, 72217.998310684619355 ], [ 574773.671770492917858, 72217.995002969633788 ], [ 574773.675055179279298, 72193.431062569026835 ], [ 574650.035653683473356, 72193.414546006461023 ], [ 574650.032374429400079, 72217.978480788267916 ], [ 574625.304409597534686, 72217.975179621789721 ], [ 574625.297849902068265, 72267.103157547520823 ], [ 574650.025812559993938, 72267.10646095930133 ], [ 574650.022529959212989, 72291.670395805675071 ], [ 574674.750381399528123, 72291.673701420251746 ], [ 574674.747096595354378, 72316.237637411177275 ], [ 574699.474948064307682, 72316.240945244135219 ], [ 574699.471661055926234, 72340.804882379976334 ], [ 574674.743810675339773, 72340.801573423625086 ], [ 574674.740523624583147, 72365.365620000578929 ], [ 574724.196334625361487, 72365.372241271106759 ], [ 574724.193044295418076, 72389.936179573822301 ], [ 574773.648746372200549, 72389.942807462590281 ], [ 574773.652038880158216, 72365.378866911240038 ], [ 574748.924186193966307, 72365.375553543111891 ], [ 574748.927476510754786, 72340.811503594857641 ], [ 574773.655330285662785, 72340.814815838471986 ], [ 574773.658620558911934, 72316.250875330224517 ], [ 574847.842191968695261, 72316.260815259855008 ], [ 574847.838898430578411, 72340.824759143855772 ], [ 574872.56686802522745, 72340.828075785408146 ], [ 574872.563572265091352, 72365.392131359942141 ], [ 574897.291430616052821, 72365.395450208699913 ], [ 574897.281533398549072, 72439.087288811802864 ], [ 574922.009389629471116, 72439.090612136904383 ], [ 574922.012690910953097, 72414.526664787568734 ], [ 574971.468408939195797, 72414.533312474901322 ], [ 574971.471711279940791, 72389.969362892530626 ], [ 575020.927547305123881, 72389.976012726241606 ], [ 575020.920937144896016, 72439.103916424690397 ], [ 575070.376773366820998, 72439.11057515956054 ], [ 575070.380081187002361, 72414.546621041998151 ], [ 575144.563680379418656, 72414.556613962020492 ], [ 575144.570299189770594, 72365.42869901326776 ], [ 575194.026153320679441, 72365.435361936746631 ], [ 575194.03277200832963, 72316.307332008611411 ], [ 575218.760647308314219, 72316.310662844640319 ], [ 575218.770570152555592, 72242.618780534918187 ], [ 575243.49856114317663, 72242.622109086601995 ], [ 575243.501867611543275, 72218.058036685120896 ], [ 575268.229638264747337, 72218.06136516915285 ], [ 575268.242857193108648, 72119.805402879588655 ], [ 575292.970855890307575, 72119.808727958195959 ], [ 575292.974158876924776, 72095.244874479758437 ], [ 575317.701937241246924, 72095.24819948815275 ], [ 575317.708542067208327, 72046.120048183191102 ], [ 575342.436546298791654, 72046.123372047411976 ], [ 575342.439848077716306, 72021.559516367618926 ], [ 575367.167854536790401, 72021.562840189712006 ], [ 575367.177756426972337, 71947.870827725244453 ], [ 575391.905544713023119, 71947.874149206923903 ], [ 575391.908844182966277, 71923.310070272069424 ], [ 575416.63685725373216, 71923.313391739269719 ], [ 575416.640156649285927, 71898.749532765257754 ], [ 575441.36806067219004, 71898.752854172402294 ], [ 575441.371360052144155, 71874.188773005342227 ], [ 575416.643454947625287, 71874.18545273275231 ], [ 575416.646752103930339, 71849.621483264752897 ], [ 575441.374658289831132, 71849.624802402788191 ], [ 575441.377955400152132, 71825.06083182162547 ], [ 575490.833773346967064, 71825.067471092406777 ], [ 575490.837071505840868, 71800.503387725606444 ], [ 575515.565094541874714, 71800.506707872191328 ], [ 575515.574985444894992, 71726.814786097223987 ], [ 575540.302901600371115, 71726.818103908313788 ], [ 575540.306197404977866, 71702.254018355277367 ], [ 575565.034115786198527, 71702.257336116410443 ], [ 575565.037411510944366, 71677.693470521990093 ], [ 575589.765443375799805, 71677.696788247369113 ], [ 575589.778619368211366, 71579.440768845393904 ], [ 575565.050583192380145, 71579.437455667197355 ], [ 575565.057162265176885, 71530.30939310247777 ], [ 575540.329236340825446, 71530.306083296251018 ], [ 575540.332523099845275, 71505.742108444392215 ], [ 575490.876561272190884, 71505.735494339227444 ], [ 575490.879844765644521, 71481.171411249873927 ], [ 575466.151920119766146, 71481.168106964702019 ], [ 575466.158481542486697, 71432.040164194069803 ], [ 575416.702631391817704, 71432.033563410921488 ], [ 575416.699353379546665, 71456.597643052911735 ], [ 575441.427276815869845, 71456.600944038043963 ], [ 575441.42071528872475, 71505.72888458140369 ], [ 575416.692794003640302, 71505.725581327162217 ], [ 575416.696074269828387, 71481.161501642593066 ], [ 575391.968041778891347, 71481.158200590798515 ], [ 575391.961482286104001, 71530.286247182331863 ], [ 575367.233675649622455, 71530.282944975362625 ], [ 575367.230395297054201, 71554.8469118977373 ], [ 575293.046540335053578, 71554.837008319067536 ], [ 575293.043262072023936, 71579.401082400334417 ], [ 575268.315239590476267, 71579.397782232932514 ], [ 575268.311961309053004, 71603.961634129635058 ], [ 575317.767782699782401, 71603.968237783978111 ], [ 575317.771063135704026, 71579.404383622255409 ], [ 575342.499087897827849, 71579.40768595811096 ], [ 575342.492523716297001, 71628.535617642584839 ], [ 575293.036702200188302, 71628.529009553269134 ] ], [ [ 574724.199623853433877, 72340.80819244698796 ], [ 574724.20619893015828, 72291.680315949299256 ], [ 574748.9340537636308, 72291.683624848912586 ], [ 574748.927476510754786, 72340.811503594857641 ], [ 574724.199623853433877, 72340.80819244698796 ] ], [ [ 575367.220547467237338, 71628.538923329571844 ], [ 575367.217262609745376, 71653.102890343521722 ], [ 575342.489239936694503, 71653.099583523086039 ], [ 575342.492523716297001, 71628.535617642584839 ], [ 575367.220547467237338, 71628.538923329571844 ] ], [ [ 575144.600028281332925, 72144.352861724037211 ], [ 575169.328020198503509, 72144.356182471034117 ], [ 575169.324720375356264, 72168.920140871341573 ], [ 575144.596729543991387, 72168.916818993893685 ], [ 575144.600028281332925, 72144.352861724037211 ] ], [ [ 575317.748076331103221, 71751.352247502902173 ], [ 575367.204111902276054, 71751.358869124480407 ], [ 575367.200821413425729, 71775.92283624522679 ], [ 575317.74478800187353, 71775.916212357129552 ], [ 575317.748076331103221, 71751.352247502902173 ] ] ] } },
{ "type": "Feature", "properties": { "objectid": 483568, "pxlval": 1, "Shape__Area": 4.9382617284000016e-08, "Shape__Length": 0.000888888 }, "geometry": { "type": "Polygon", "coordinates": [ [ [ 577197.117918248753995, 71432.273918490463984 ], [ 577197.121272493852302, 71407.70986676751636 ], [ 577221.849281283793971, 71407.713243361140485 ], [ 577221.845925964182243, 71432.277296245418256 ], [ 577197.117918248753995, 71432.273918490463984 ] ] ] } },
{ "type": "Feature", "properties": { "objectid": 483569, "pxlval": 1, "Shape__Area": 1.4814874074100003e-07, "Shape__Length": 0.00177778 }, "geometry": { "type": "Polygon", "coordinates": [ [ [ 578260.431111447513103, 71383.291935175730032 ], [ 578260.441302303690463, 71309.599518839604571 ], [ 578285.169477278599516, 71309.602937250107061 ], [ 578285.159283201675862, 71383.295357118273387 ], [ 578260.431111447513103, 71383.291935175730032 ] ] ] } },
{ "type": "Feature", "properties": { "objectid": 483570, "pxlval": 1, "Shape__Area": 4.9382839506000011e-08, "Shape__Length": 0.00088889 }, "geometry": { "type": "Polygon", "coordinates": [ [ [ 578853.905558438738808, 71383.374359954395914 ], [ 578853.908982345019467, 71358.8101191038877 ], [ 578878.637072438956238, 71358.81356579560088 ], [ 578878.633647458860651, 71383.377807832381222 ], [ 578853.905558438738808, 71383.374359954395914 ] ] ] } },
{ "type": "Feature", "properties": { "objectid": 483571, "pxlval": 1, "Shape__Area": 1.4814829629600003e-07, "Shape__Length": 0.001777778 }, "geometry": { "type": "Polygon", "coordinates": [ [ [ 578186.250220760004595, 71358.717466904854518 ], [ 578186.257007044157945, 71309.589270119831781 ], [ 578235.713239797740243, 71309.596101524643018 ], [ 578235.709845093544573, 71334.16020225934335 ], [ 578210.981784836854786, 71334.156784847946255 ], [ 578210.978390037082136, 71358.72088442731183 ], [ 578186.250220760004595, 71358.717466904854518 ] ] ] } },
{ "type": "Feature", "properties": { "objectid": 483572, "pxlval": 1, "Shape__Area": 1.7283949382720004e-06, "Shape__Length": 0.014222218 }, "geometry": { "type": "Polygon", "coordinates": [ [ [ 578779.710918154101819, 71457.056513733099564 ], [ 578779.714342370280065, 71432.492276375473011 ], [ 578631.345756337046623, 71432.471617056056857 ], [ 578631.352588312933221, 71383.343377679440891 ], [ 578581.896324022556655, 71383.336504615013837 ], [ 578581.903147018630989, 71334.208159521615016 ], [ 578507.718919965671375, 71334.197865146416007 ], [ 578507.715512283146381, 71358.761978869471932 ], [ 578458.259369013598189, 71358.755118994376971 ], [ 578458.266178911901079, 71309.626896291490993 ], [ 578482.994140829425305, 71309.630323312536348 ], [ 578482.997545092715882, 71285.066210812612553 ], [ 578458.269582102424465, 71285.062784971873043 ], [ 578458.272984120529145, 71260.498673667185358 ], [ 578507.729135974193923, 71260.505524098261958 ], [ 578507.725731811136939, 71285.069637763968785 ], [ 578532.453697181423195, 71285.073065764285275 ], [ 578532.457102416898124, 71260.508950917530456 ], [ 578557.185292585636489, 71260.512378847051878 ], [ 578557.178478795918636, 71309.640610918359016 ], [ 578606.634635886177421, 71309.647474712794065 ], [ 578606.627813107334077, 71358.775711590627907 ], [ 578631.356002553715371, 71358.779147488647141 ], [ 578631.362827479373664, 71309.65090824571962 ], [ 578656.090909001766704, 71309.654342843350605 ], [ 578656.077250139904208, 71407.910936689600931 ], [ 578705.533408153918572, 71407.917818593225093 ], [ 578705.536826777271926, 71383.353695362515282 ], [ 578730.265019925776869, 71383.357136768259807 ], [ 578730.268438462284394, 71358.792901843538857 ], [ 578804.452805713168345, 71358.803228963195579 ], [ 578804.449383954750374, 71383.367467442280031 ], [ 578754.993102979613468, 71383.360579239815706 ], [ 578754.989682207582518, 71407.924704838980688 ], [ 578804.44596103427466, 71407.931595411384478 ], [ 578804.442536936025135, 71432.495723395404639 ], [ 578829.170510158059187, 71432.499171466348344 ], [ 578829.167083791806363, 71457.063411194671062 ], [ 578779.710918154101819, 71457.056513733099564 ] ] ] } },
{ "type": "Feature", "properties": { "objectid": 483573, "pxlval": 1, "Shape__Area": 1.4814740740700005e-07, "Shape__Length": 0.001777776 }, "geometry": { "type": "Polygon", "coordinates": [ [ [ 579496.857623032294214, 71236.07927840782213 ], [ 579496.867953539709561, 71162.386684484648868 ], [ 579521.595972125651315, 71162.390149697137531 ], [ 579521.585638404241763, 71236.082747208114597 ], [ 579496.857623032294214, 71236.07927840782213 ] ] ] } },
{ "type": "Feature", "properties": { "objectid": 483574, "pxlval": 1, "Shape__Area": 1.9753113580200005e-07, "Shape__Length": 0.002222224 }, "geometry": { "type": "Polygon", "coordinates": [ [ [ 577963.714549433207139, 71235.866319003340323 ], [ 577963.717927687335759, 71211.30212073821167 ], [ 577938.989763796562329, 71211.298721059923992 ], [ 577938.993139799218625, 71186.734634525841102 ], [ 577988.449359625694342, 71186.741432600378175 ], [ 577988.445981480414048, 71211.30552147985145 ], [ 578013.174036445911042, 71211.30892330018105 ], [ 578013.170656048343517, 71235.873123911456787 ], [ 577963.714549433207139, 71235.866319003340323 ] ] ] } },
{ "type": "Feature", "properties": { "objectid": 483575, "pxlval": 1, "Shape__Area": 9.8765234568000032e-08, "Shape__Length": 0.001333332 }, "geometry": { "type": "Polygon", "coordinates": [ [ [ 577864.808985846815631, 71186.724445524232578 ], [ 577864.815727933193557, 71137.59627954386815 ], [ 577889.543780210777186, 71137.599672456650296 ], [ 577889.537035982822999, 71186.727840779800317 ], [ 577864.808985846815631, 71186.724445524232578 ] ] ] } },
{ "type": "Feature", "properties": { "objectid": 483576, "pxlval": 1, "Shape__Area": 1.4814851851900005e-07, "Shape__Length": 0.00177778 }, "geometry": { "type": "Polygon", "coordinates": [ [ [ 576628.410068279365078, 71161.992032505295356 ], [ 576628.413385211257264, 71137.428007617709227 ], [ 576603.685281313955784, 71137.424669644984533 ], [ 576603.688596045365557, 71112.860535400250228 ], [ 576653.144695879775099, 71112.867210102995159 ], [ 576653.138061005389318, 71161.995372693330864 ], [ 576628.410068279365078, 71161.992032505295356 ] ] ] } },
{ "type": "Feature", "properties": { "objectid": 483577, "pxlval": 1, "Shape__Area": 2.2222217777770005e-06, "Shape__Length": 0.01022222 }, "geometry": { "type": "Polygon", "coordinates": [ [ [ 578507.742740909336135, 71162.248959135074983 ], [ 578507.746139206341468, 71137.684845575291547 ], [ 578458.289976639323868, 71137.678006949237897 ], [ 578458.300158087164164, 71063.985562961301184 ], [ 578483.028130716178566, 71063.988978179215337 ], [ 578483.031523251323961, 71039.424865891021909 ], [ 578581.943986292346381, 71039.438532879008562 ], [ 578581.947381929610856, 71014.874415880665765 ], [ 578631.403678360395133, 71014.881253474086407 ], [ 578631.396881635766476, 71064.009492215089267 ], [ 578656.124973869766109, 71064.012914983512019 ], [ 578656.128373888670467, 71039.448794422671199 ], [ 578680.856468368670903, 71039.452217084239237 ], [ 578680.853067280608229, 71064.016338828383596 ], [ 578755.03746596397832, 71064.026616837116308 ], [ 578755.030653842259198, 71113.154867493052734 ], [ 578779.758749895729125, 71113.15829801329528 ], [ 578779.751930910395458, 71162.286661667196313 ], [ 578755.023836997803301, 71162.283228777392651 ], [ 578755.02724600082729, 71137.719103390249074 ], [ 578730.299152224324644, 71137.715672762788017 ], [ 578730.302558995550498, 71113.151438050015713 ], [ 578705.574354054057039, 71113.148009668744635 ], [ 578705.577758563566022, 71088.583886698645074 ], [ 578631.393481510924175, 71088.573611614148831 ], [ 578631.383274070685729, 71162.266080482004327 ], [ 578507.742740909336135, 71162.248959135074983 ] ] ] } },
{ "type": "Feature", "properties": { "objectid": 483578, "pxlval": 1, "Shape__Area": 8.3950604938200021e-07, "Shape__Length": 0.005333334 }, "geometry": { "type": "Polygon", "coordinates": [ [ [ 577988.449359625694342, 71186.741432600378175 ], [ 577988.45948708395008, 71113.049055545387091 ], [ 577939.003260833909735, 71113.042264507021173 ], [ 577939.010002356721088, 71063.914091629354516 ], [ 577963.738172670011409, 71063.917484272576985 ], [ 577963.741542753530666, 71039.353396692938986 ], [ 578037.925841417512856, 71039.363577530966722 ], [ 578037.922468126635067, 71063.927668630334665 ], [ 578062.650420599151403, 71063.931065548764309 ], [ 578062.647045072633773, 71088.495157843266497 ], [ 578037.919093669624999, 71088.491759750846541 ], [ 578037.915718046366237, 71113.055850892531453 ], [ 578013.187546332599595, 71113.05245267272403 ], [ 578013.184170598280616, 71137.616653199263965 ], [ 578037.912341241841204, 71137.620052592697903 ], [ 578037.905584164429456, 71186.748234988146578 ], [ 577988.449359625694342, 71186.741432600378175 ] ] ] } },
{ "type": "Feature", "properties": { "objectid": 483579, "pxlval": 1, "Shape__Area": 2.7654323456790008e-06, "Shape__Length": 0.011555554 }, "geometry": { "type": "Polygon", "coordinates": [ [ [ 577246.584000569651835, 71358.588402464665705 ], [ 577246.587353501003236, 71334.024348482402274 ], [ 577221.859340334078297, 71334.020974292288884 ], [ 577221.866040587658063, 71284.8928687148873 ], [ 577098.225870240246877, 71284.876025563033181 ], [ 577098.229213273967616, 71260.311978602869203 ], [ 577073.501092612161301, 71260.308614359222702 ], [ 577073.507773094344884, 71211.180412296918803 ], [ 577048.779874014784582, 71211.17705148117966 ], [ 577048.793216859921813, 71112.920762778172502 ], [ 577073.521120222518221, 71112.92411895749683 ], [ 577073.524454121361487, 71088.360073311429005 ], [ 577024.068423864198849, 71088.353364317605156 ], [ 577024.071754472330213, 71063.789321010568528 ], [ 577122.983935205382295, 71063.802738683312782 ], [ 577122.980600319220684, 71088.366786627564579 ], [ 577147.708619540557265, 71088.370144893284305 ], [ 577147.705282432027161, 71112.93419401893334 ], [ 577172.433413024060428, 71112.93755453718768 ], [ 577172.416704803938046, 71235.758027366668102 ], [ 577197.144719923147932, 71235.761394751854823 ], [ 577197.148064954439178, 71211.197232661550515 ], [ 577246.604100857395679, 71211.203968345958856 ], [ 577246.597405368811451, 71260.332186656698468 ], [ 577296.053552949568257, 71260.338931320045958 ], [ 577296.050201336387545, 71284.90298756948323 ], [ 577320.778220159350894, 71284.906362675523269 ], [ 577320.774866318330169, 71309.470420102690696 ], [ 577296.04684856813401, 71309.467043833836215 ], [ 577296.043494644807652, 71334.031100119405892 ], [ 577271.315479126991704, 71334.027723768231226 ], [ 577271.312125122058205, 71358.591778912596055 ], [ 577246.584000569651835, 71358.588402464665705 ] ] ] } },
{ "type": "Feature", "properties": { "objectid": 483580, "pxlval": 1, "Shape__Area": 4.9382617284000016e-08, "Shape__Length": 0.000888888 }, "geometry": { "type": "Polygon", "coordinates": [ [ [ 579027.043417006498203, 71088.628524100698996 ], [ 579027.046834243345074, 71064.064385730249342 ], [ 579051.774945564218797, 71064.0678257218824 ], [ 579051.771527257864363, 71088.631965281223529 ], [ 579027.043417006498203, 71088.628524100698996 ] ] ] } },
{ "type": "Feature", "properties": { "objectid": 483581, "pxlval": 1, "Shape__Area": 1.9753091358000004e-07, "Shape__Length": 0.002222222 }, "geometry": { "type": "Polygon", "coordinates": [ [ [ 576677.876008688588627, 71088.306521917722421 ], [ 576677.879324324079789, 71063.742494794001686 ], [ 576653.151326157269068, 71063.739158140684594 ], [ 576653.1579518528888, 71014.611106256706989 ], [ 576677.885952157550491, 71014.614440603705589 ], [ 576677.882638813811354, 71039.178467691410333 ], [ 576702.610750471823849, 71039.181804282634403 ], [ 576702.604118208051659, 71088.309860816007131 ], [ 576677.876008688588627, 71088.306521917722421 ] ] ] } },
{ "type": "Feature", "properties": { "objectid": 483582, "pxlval": 1, "Shape__Area": 4.9382617284000016e-08, "Shape__Length": 0.000888888 }, "geometry": { "type": "Polygon", "coordinates": [ [ [ 579027.050250299274921, 71039.500247380914516 ], [ 579027.053665174171329, 71014.936109046422644 ], [ 579051.781778632896021, 71014.93954666031641 ], [ 579051.77836268930696, 71039.503686183670652 ], [ 579027.050250299274921, 71039.500247380914516 ] ] ] } },
{ "type": "Feature", "properties": { "objectid": 483583, "pxlval": 1, "Shape__Area": 2.4691419753100004e-07, "Shape__Length": 0.002222224 }, "geometry": { "type": "Polygon", "coordinates": [ [ [ 578952.865809006383643, 71039.489937413629377 ], [ 578952.869220674969256, 71014.925802643527277 ], [ 578928.141111986362375, 71014.922369332474773 ], [ 578928.144521422102116, 70990.358125239639776 ], [ 579002.328965538879856, 70990.36842485210218 ], [ 579002.322139091789722, 71039.496809654214303 ], [ 578952.865809006383643, 71039.489937413629377 ] ] ] } },
{ "type": "Feature", "properties": { "objectid": 483584, "pxlval": 1, "Shape__Area": 4.9383061729000014e-08, "Shape__Length": 0.000888892 }, "geometry": { "type": "Polygon", "coordinates": [ [ [ 579051.781778632896021, 71014.93954666031641 ], [ 579051.78519341070205, 70990.375296626778436 ], [ 579076.513420424656942, 70990.378734142606845 ], [ 579076.510004578623921, 71014.942985365385539 ], [ 579051.781778632896021, 71014.93954666031641 ] ] ] } },
{ "type": "Feature", "properties": { "objectid": 483585, "pxlval": 1, "Shape__Area": 2.9876542567897006e-05, "Shape__Length": 0.067999998 }, "geometry": { "type": "Polygon", "coordinates": [ [ [ 575935.903658987605013, 72070.767575989259058 ], [ 575935.906987944152206, 72046.203471909160726 ], [ 575911.178956226678565, 72046.200121853646124 ], [ 575911.182282934663817, 72021.636240010819165 ], [ 575935.91031573608052, 72021.639588924328564 ], [ 575935.913642423111014, 71997.075484880842851 ], [ 575911.185608538216911, 71997.072137109324103 ], [ 575911.192256312235259, 71947.944152457042946 ], [ 575935.920292363036424, 71947.947497944565839 ], [ 575935.936897369567305, 71825.127420435514068 ], [ 575911.208855910459533, 71825.12408065800264 ], [ 575911.205538262613118, 71849.688072866367293 ], [ 575886.477610311470926, 71849.684733050205978 ], [ 575886.50411112443544, 71653.172584034633473 ], [ 575837.04824140353594, 71653.165925924346084 ], [ 575837.015125639736652, 71898.806144859481719 ], [ 575861.743049130076542, 71898.809484780751518 ], [ 575861.733089068322442, 71972.501454814133467 ], [ 575837.005168825155124, 71972.498111470238655 ], [ 575837.008488896652125, 71947.934122578546521 ], [ 575812.280457455548458, 71947.930781450297218 ], [ 575812.283775326330215, 71923.36668318368902 ], [ 575787.555855211336166, 71923.363344300421886 ], [ 575787.559170837281272, 71898.799468269135104 ], [ 575762.831250790739432, 71898.796131615075865 ], [ 575762.847806632169522, 71775.975983713928144 ], [ 575738.119771064724773, 71775.972653830904164 ], [ 575738.113154282327741, 71825.100732753242482 ], [ 575713.385344557929784, 71825.097401709354017 ], [ 575713.391959179542027, 71775.969325065045268 ], [ 575663.936005037743598, 71775.962670750042889 ], [ 575663.922779929707758, 71874.218704479659209 ], [ 575639.194864533608779, 71874.215374408828211 ], [ 575639.191556500387378, 71898.779464665771229 ], [ 575614.463532067835331, 71898.776134531130083 ], [ 575614.460224016103894, 71923.34000259192544 ], [ 575589.732424346031621, 71923.33667243916716 ], [ 575589.735731315682642, 71898.772805515516666 ], [ 575540.279799434356391, 71898.766150706549524 ], [ 575540.276494628749788, 71923.330015357016237 ], [ 575466.092664263676852, 71923.320037912068074 ], [ 575466.099266284843907, 71874.192094366604579 ], [ 575490.827173674479127, 71874.195416816568468 ], [ 575490.830474074697122, 71849.631443943784689 ], [ 575515.558494949364103, 71849.634766361719812 ], [ 575515.565094541874714, 71800.506707872191328 ], [ 575540.293007457861677, 71800.510029091412434 ], [ 575540.299604681669734, 71751.382078945884132 ], [ 575565.027520904317498, 71751.385398979851743 ], [ 575565.030818902421743, 71726.821422805878683 ], [ 575639.214688921929337, 71726.83138603225234 ], [ 575639.231178178917617, 71604.011267345238593 ], [ 575663.959105448797345, 71604.014584899123292 ], [ 575663.968988651875407, 71530.322643177147256 ], [ 575639.241058151354082, 71530.319329036981799 ], [ 575639.247639162931591, 71481.191259728206205 ], [ 575614.519596392288804, 71481.187948931692517 ], [ 575614.52288410498295, 71456.624081255169585 ], [ 575565.067022382980213, 71456.617465214105323 ], [ 575565.063736821059138, 71481.181330616687774 ], [ 575540.33580874488689, 71481.178023083295557 ], [ 575540.339093231479637, 71456.614158817130374 ], [ 575515.611165226553567, 71456.610853502526879 ], [ 575515.614447538857348, 71432.046769320048043 ], [ 575490.886408338788897, 71432.043466208633617 ], [ 575490.889688433147967, 71407.479493719933089 ], [ 575466.161760562332347, 71407.476192840666045 ], [ 575466.168315233313479, 71358.348139654539409 ], [ 575490.896245252457447, 71358.351438263198361 ], [ 575490.899521962506697, 71333.787465838264325 ], [ 575589.811480285949074, 71333.800666566487052 ], [ 575589.808199281804264, 71358.364643536348012 ], [ 575614.536023745080456, 71358.367947534541599 ], [ 575614.532740522525273, 71382.932036199665163 ], [ 575713.444713151431642, 71382.945267642891849 ], [ 575713.441424516611733, 71407.509250351096853 ], [ 575738.169252560124733, 71407.51256203171215 ], [ 575738.162669731886126, 71456.640640314202756 ], [ 575762.890719308285043, 71456.643955385065055 ], [ 575762.887425143271685, 71481.207829892329755 ], [ 575787.615363527904265, 71481.211147170412005 ], [ 575787.605470952345058, 71554.903216393009643 ], [ 575812.333407258964144, 71554.906538174240268 ], [ 575812.326804401702248, 71604.034513014019467 ], [ 575861.782787408796139, 71604.041164405804011 ], [ 575861.779482110752724, 71628.605264675949002 ], [ 575886.507418619235978, 71628.608593132521491 ], [ 575886.510724994936027, 71604.044491721113445 ], [ 575911.238663738593459, 71604.047820121035329 ], [ 575911.241970027680509, 71579.48393866312108 ], [ 575935.970022275811061, 71579.487267020638683 ], [ 575935.976633648853749, 71530.359170274052303 ], [ 575911.248579247388989, 71530.355844200545107 ], [ 575911.25518392957747, 71481.22774981688417 ], [ 575886.527239803457633, 71481.224427125082002 ], [ 575886.530539345229045, 71456.660546915285522 ], [ 575861.802595301298425, 71456.657226447481662 ], [ 575861.805892663775012, 71432.093126326450147 ], [ 575837.077948685036972, 71432.089808081902447 ], [ 575837.081243824446574, 71407.525819659917033 ], [ 575812.353188655688427, 71407.522503622967633 ], [ 575812.356481587514281, 71382.958516356447944 ], [ 575787.628537753247656, 71382.955202556171571 ], [ 575787.631828493089415, 71358.391105920469272 ], [ 575911.271675760857761, 71358.407680044867448 ], [ 575911.278264546650462, 71309.279696502155275 ], [ 575936.00632861990016, 71309.283012297630194 ], [ 575936.012915013474412, 71260.155026549560716 ], [ 575911.284848795039579, 71260.151713038081652 ], [ 575911.288139217533171, 71235.587721341027645 ], [ 575886.560184354311787, 71235.584410065494012 ], [ 575886.556895003770478, 71260.148400620921166 ], [ 575861.828942370135337, 71260.145089283148991 ], [ 575861.835517808096483, 71211.016999939107336 ], [ 575837.107564170961268, 71211.013691962507437 ], [ 575837.110849110758863, 71186.449703731632326 ], [ 575812.382784286863171, 71186.446397959327442 ], [ 575812.386067022569478, 71161.882410890160827 ], [ 575787.658113536424935, 71161.879107351138373 ], [ 575787.66139406862203, 71137.315121437030029 ], [ 575812.389348625205457, 71137.318423835909925 ], [ 575812.392629109788686, 71112.754326272246544 ], [ 575787.664673482999206, 71112.751025013509206 ], [ 575787.667951749986969, 71088.187039148033364 ], [ 575738.211930540972389, 71088.180442126380512 ], [ 575738.21847940038424, 71039.052475017291727 ], [ 575762.946547201718204, 71039.055770718332496 ], [ 575762.943272268865258, 71063.619755401712609 ], [ 575812.399186650756747, 71063.626352282197331 ], [ 575812.4122881522635, 70965.370294012856903 ], [ 575837.140362601378001, 70965.373589520502719 ], [ 575837.153450230020098, 70867.117637564093457 ], [ 575886.609388574259356, 70867.124222645958071 ], [ 575886.602842759690247, 70916.252203149357229 ], [ 575960.786752498941496, 70916.262095675003366 ], [ 575960.780195743776858, 70965.390083108606632 ], [ 575985.508277099812403, 70965.393385065879556 ], [ 575985.491859988658689, 71088.213470276736189 ], [ 576010.219825868029147, 71088.216779009671882 ], [ 576010.216537972446531, 71112.780775149803958 ], [ 576034.944503941340372, 71112.784086103027221 ], [ 576034.941213824902661, 71137.348193944737432 ], [ 576059.669291152851656, 71137.351507133891573 ], [ 576059.662705399212427, 71186.479504101036582 ], [ 576109.118636660277843, 71186.486138259831932 ], [ 576109.108743060496636, 71260.178251263554557 ], [ 576133.836707201553509, 71260.181573395311716 ], [ 576133.820189765654504, 71383.001694199192571 ], [ 576109.09223099029623, 71382.998366342566442 ], [ 576109.088925167219713, 71407.56236731975514 ], [ 576133.816882868180983, 71407.565696321355063 ], [ 576133.800331300823018, 71530.385817763002706 ], [ 576109.072378976736218, 71530.382483036533813 ], [ 576109.062437623157166, 71604.074486396202701 ], [ 576133.790386716718785, 71604.077824557578424 ], [ 576133.787069565034471, 71628.641937402018812 ], [ 576109.059121549013071, 71628.638598095669295 ], [ 576109.055804352508858, 71653.202599285796168 ], [ 576133.783751290524378, 71653.205939737119479 ], [ 576133.75383559288457, 71874.282182737675612 ], [ 576109.025898373336531, 71874.278831981617259 ], [ 576109.009244135115296, 71997.098949726685532 ], [ 576084.281313471496105, 71997.095594336336944 ], [ 576084.277980283251964, 72021.6597052396246 ], [ 576059.5500518665649, 72021.656349795593997 ], [ 576059.546718655270524, 72046.220238495938247 ], [ 576034.818681185133755, 72046.216882983906544 ], [ 576034.815347891533747, 72070.780991635707323 ], [ 575935.903658987605013, 72070.767575989259058 ] ], [ [ 575935.940214978531003, 71800.56331656963448 ], [ 575960.668036103947088, 71800.566656262672041 ], [ 575960.6879243288422, 71653.182579340194934 ], [ 575935.960096727823839, 71653.179246501327725 ], [ 575935.953474021982402, 71702.307232924271375 ], [ 575911.225427163764834, 71702.303898856756859 ], [ 575911.222115173004568, 71726.868001495167846 ], [ 575935.950160952052101, 71726.871336704687565 ], [ 575935.940214978531003, 71800.56331656963448 ] ], [ [ 575911.261784059228376, 71432.099766061539412 ], [ 575935.989842762937769, 71432.103087567040347 ], [ 575935.993142200983129, 71407.539094579289667 ], [ 575911.265082422527485, 71407.535774215793936 ], [ 575911.261784059228376, 71432.099766061539412 ] ] ] } },
{ "type": "Feature", "properties": { "objectid": 483586, "pxlval": 1, "Shape__Area": 3.4567898765400011e-07, "Shape__Length": 0.002666666 }, "geometry": { "type": "Polygon", "coordinates": [ [ [ 578309.944990256452002, 70965.708567584268167 ], [ 578309.951749826781452, 70916.580359706800664 ], [ 578359.407917398377322, 70916.587164193188073 ], [ 578359.41129756195005, 70892.023057923288434 ], [ 578384.13949545705691, 70892.026460614273674 ], [ 578384.129348251619376, 70965.718783011237974 ], [ 578309.944990256452002, 70965.708567584268167 ] ] ] } },
{ "type": "Feature", "properties": { "objectid": 483587, "pxlval": 1, "Shape__Area": 2.7654301234570009e-06, "Shape__Length": 0.013333332 }, "geometry": { "type": "Polygon", "coordinates": [ [ [ 577246.617477967287414, 71112.947642509650905 ], [ 577246.624159588594921, 71063.819534990252578 ], [ 577221.896134637179784, 71063.81617357901996 ], [ 577221.899472647230141, 71039.252121012774296 ], [ 577271.35563714755699, 71039.258842602997902 ], [ 577271.36231399490498, 70990.130622342810966 ], [ 577221.90614522038959, 70990.123905400221702 ], [ 577221.909479768481106, 70965.559852897407836 ], [ 577197.181451697833836, 70965.556497207988286 ], [ 577197.178118217736483, 70990.120548549472005 ], [ 577172.450092398212291, 70990.117192774021532 ], [ 577172.46008617489133, 70916.425042295828462 ], [ 577197.188115197233856, 70916.428394588350784 ], [ 577197.184784024371766, 70940.992445887604845 ], [ 577296.097018852829933, 70941.005870462438907 ], [ 577296.10035429475829, 70916.441814515550504 ], [ 577271.372320583206601, 70916.438457926225965 ], [ 577271.375653803115711, 70891.874403156631161 ], [ 577345.55976164189633, 70891.884472658741288 ], [ 577345.553087644744664, 70941.012589189747814 ], [ 577370.281123790075071, 70941.015950165266986 ], [ 577370.28446243389044, 70916.451890728771104 ], [ 577419.740540399681777, 70916.458613575247 ], [ 577419.73385768616572, 70965.586737125922809 ], [ 577444.462007555062883, 70965.590102504997049 ], [ 577444.458663394907489, 70990.154165476677008 ], [ 577469.186702107195742, 70990.157533080637222 ], [ 577469.183355706278235, 71014.721707775752293 ], [ 577419.727170329890214, 71014.71497129825002 ], [ 577419.730514594004489, 70990.150798932896578 ], [ 577370.274443034082651, 70990.144069101588684 ], [ 577370.267757638124749, 71039.272298665935523 ], [ 577394.995901971822605, 71039.275665386987384 ], [ 577394.985862020635977, 71112.967847568725119 ], [ 577370.257720895460807, 71112.964477355810232 ], [ 577370.261067632585764, 71088.400417771365028 ], [ 577345.533037898479961, 71088.39704981437535 ], [ 577345.529692231211811, 71112.961108235249412 ], [ 577246.617477967287414, 71112.947642509650905 ] ] ] } },
{ "type": "Feature", "properties": { "objectid": 483588, "pxlval": 1, "Shape__Area": 1.9753069135800005e-07, "Shape__Length": 0.002222222 }, "geometry": { "type": "Polygon", "coordinates": [ [ [ 578136.854978145100176, 70916.556577811628813 ], [ 578136.85834870650433, 70891.992482134490274 ], [ 578235.770770939183421, 70892.006060637228074 ], [ 578235.767396110109985, 70916.570161018549697 ], [ 578136.854978145100176, 70916.556577811628813 ] ] ] } },
{ "type": "Feature", "properties": { "objectid": 483589, "pxlval": 1, "Shape__Area": 4.4444422222200013e-07, "Shape__Length": 0.003111112 }, "geometry": { "type": "Polygon", "coordinates": [ [ [ 578878.70532424421981, 70867.530608620436396 ], [ 578878.708724470692687, 70842.966367027853266 ], [ 578853.98061190941371, 70842.962945247825701 ], [ 578853.994196721119806, 70744.706315439529135 ], [ 578903.450431574019603, 70744.713150580995716 ], [ 578903.43343694775831, 70867.534032660216326 ], [ 578878.70532424421981, 70867.530608620436396 ] ] ] } },
{ "type": "Feature", "properties": { "objectid": 483590, "pxlval": 1, "Shape__Area": 4.9382617284000016e-08, "Shape__Length": 0.000888888 }, "geometry": { "type": "Polygon", "coordinates": [ [ [ 579076.544109755777754, 70769.301247837283881 ], [ 579076.547513769590296, 70744.737107362889219 ], [ 579101.275641366024502, 70744.740534042372019 ], [ 579101.272236287477426, 70769.304675706385751 ], [ 579076.544109755777754, 70769.301247837283881 ] ] ] } },
{ "type": "Feature", "properties": { "objectid": 483591, "pxlval": 1, "Shape__Area": 2.2716061728390005e-06, "Shape__Length": 0.011555556 }, "geometry": { "type": "Polygon", "coordinates": [ [ [ 577939.026835796888918, 70941.093549261509907 ], [ 577963.755011452129111, 70941.096936042158632 ], [ 577963.758375710342079, 70916.532848568152986 ], [ 578062.670649276115, 70916.546401681873249 ], [ 578062.674016636796296, 70891.982309528946644 ], [ 577988.489806495024823, 70891.972146603220608 ], [ 577988.496531333890744, 70842.84385887758981 ], [ 578037.95278579252772, 70842.85062840905448 ], [ 578037.949421815923415, 70867.414829876885051 ], [ 578062.677382830996066, 70867.418217403392191 ], [ 578062.684111749986187, 70818.289812140807044 ], [ 577988.499892012681812, 70818.279659777719644 ], [ 577988.50660984381102, 70769.151482709610718 ], [ 577939.050353704835288, 70769.144724506724742 ], [ 577939.053708742954768, 70744.580638352796086 ], [ 577914.325637029716745, 70744.577262039063498 ], [ 577914.328989838715643, 70720.013177078304579 ], [ 577840.144667282234877, 70720.003058065733057 ], [ 577840.141317666042596, 70744.567139512306312 ], [ 577864.869497127947398, 70744.570512626407435 ], [ 577864.866145283915102, 70769.134595265044481 ], [ 577840.137966886744834, 70769.131220979921636 ], [ 577840.134614944225177, 70793.695302468593582 ], [ 577815.406661338871345, 70793.691928115164046 ], [ 577815.403309298562817, 70818.256008460535668 ], [ 577840.131261838483624, 70818.259383984608576 ], [ 577840.121195511776023, 70891.951849714925629 ], [ 577939.033561013988219, 70891.965376673353603 ], [ 577939.026835796888918, 70941.093549261509907 ] ], [ [ 577939.036921875551343, 70867.401290414054529 ], [ 577963.765100731514394, 70867.404673677170649 ], [ 577963.761738803470507, 70891.968761108975741 ], [ 577939.033561013988219, 70891.965376673353603 ], [ 577939.036921875551343, 70867.401290414054529 ] ] ] } },
{ "type": "Feature", "properties": { "objectid": 483592, "pxlval": 1, "Shape__Area": 1.4814800740730003e-06, "Shape__Length": 0.007111108 }, "geometry": { "type": "Polygon", "coordinates": [ [ [ 578755.057874098652974, 70916.641754832613515 ], [ 578755.091793510131538, 70671.000282997338218 ], [ 578804.548136473516934, 70671.007102471412509 ], [ 578804.554910494247451, 70621.878737290666322 ], [ 578829.282918985234573, 70621.882146239368012 ], [ 578829.265969805885106, 70744.702899460840854 ], [ 578804.537966632866301, 70744.699484584503807 ], [ 578804.534574330667965, 70769.263611997608677 ], [ 578829.262576438952237, 70769.267028059461154 ], [ 578829.245591904269531, 70892.087892449853825 ], [ 578804.517595124896616, 70892.084470460380544 ], [ 578804.514195756986737, 70916.648598006169777 ], [ 578755.057874098652974, 70916.641754832613515 ] ] ] } },
{ "type": "Feature", "properties": { "objectid": 483593, "pxlval": 1, "Shape__Area": 5.4321056790100011e-07, "Shape__Length": 0.003555556 }, "geometry": { "type": "Polygon", "coordinates": [ [ [ 579051.819276091875508, 70744.73368173961353 ], [ 579051.839668993721716, 70597.348735926512745 ], [ 579101.296047028736211, 70597.355573955996078 ], [ 579101.279045262373984, 70720.176392399385804 ], [ 579076.550916601670906, 70720.172966909522074 ], [ 579076.547513769590296, 70744.737107362889219 ], [ 579051.819276091875508, 70744.73368173961353 ] ] ] } },
{ "type": "Feature", "properties": { "objectid": 483594, "pxlval": 1, "Shape__Area": 4.9382617284000016e-08, "Shape__Length": 0.000888888 }, "geometry": { "type": "Polygon", "coordinates": [ [ [ 577197.218043870874681, 70695.351712757081259 ], [ 577197.22136350767687, 70670.787661668582587 ], [ 577221.949404365499504, 70670.791003421822097 ], [ 577221.946083665126935, 70695.355055671665468 ], [ 577197.218043870874681, 70695.351712757081259 ] ] ] } },
{ "type": "Feature", "properties": { "objectid": 483595, "pxlval": 1, "Shape__Area": 4.9382617284000016e-08, "Shape__Length": 0.000888888 }, "geometry": { "type": "Polygon", "coordinates": [ [ [ 579002.380013297777623, 70621.906038971574162 ], [ 579002.383407033979893, 70597.341902189946268 ], [ 579027.111537422635593, 70597.345318523541209 ], [ 579027.108142624027096, 70621.909456493667676 ], [ 579002.380013297777623, 70621.906038971574162 ] ] ] } },
{ "type": "Feature", "properties": { "objectid": 483596, "pxlval": 1, "Shape__Area": 4.9382839506000011e-08, "Shape__Length": 0.00088889 }, "geometry": { "type": "Polygon", "coordinates": [ [ [ 579076.574703353922814, 70548.223873780720169 ], [ 579076.578096747747622, 70523.659622951585334 ], [ 579101.306233909795992, 70523.663038924452849 ], [ 579101.302839454612695, 70548.227290943221305 ], [ 579076.574703353922814, 70548.223873780720169 ] ] ] } },
{ "type": "Feature", "properties": { "objectid": 483597, "pxlval": 1, "Shape__Area": 4.4444488888900012e-07, "Shape__Length": 0.003555556 }, "geometry": { "type": "Polygon", "coordinates": [ [ [ 578779.82668065931648, 70621.875329381029587 ], [ 578779.830064833164215, 70597.311203279226902 ], [ 578755.101946390233934, 70597.307797639470664 ], [ 578755.118844309006818, 70474.487062825501198 ], [ 578779.84696805884596, 70474.490462541318266 ], [ 578779.840210306458175, 70523.618714556025225 ], [ 578804.568444389151409, 70523.622117724997224 ], [ 578804.554910494247451, 70621.878737290666322 ], [ 578779.82668065931648, 70621.875329381029587 ] ] ] } },
{ "type": "Feature", "properties": { "objectid": 483598, "pxlval": 1, "Shape__Area": 1.2839496049390002e-06, "Shape__Length": 0.008444444 }, "geometry": { "type": "Polygon", "coordinates": [ [ [ 578037.972945086890832, 70695.465972724938183 ], [ 578037.979655532399192, 70646.337680636177538 ], [ 577988.523384041618556, 70646.330929879783071 ], [ 577988.526735381921753, 70621.766841485630721 ], [ 577963.798655978753231, 70621.763468893084791 ], [ 577963.8020050911, 70597.199381692829775 ], [ 577988.530085556674749, 70597.202753112491337 ], [ 577988.533434566110373, 70572.638664760364918 ], [ 577963.805353038362227, 70572.635294513573172 ], [ 577963.812045452767052, 70523.507009674460278 ], [ 577988.540129103465006, 70523.51037757548329 ], [ 577988.546818964183331, 70474.382201018146588 ], [ 578038.003105319105089, 70474.388935346345534 ], [ 578038.006450621876866, 70449.82484475223464 ], [ 578062.734429711359553, 70449.828212320877356 ], [ 578062.73108334839344, 70474.392304088964011 ], [ 578087.459285125136375, 70474.39567392943718 ], [ 578087.455936535028741, 70498.95976689287636 ], [ 578037.999758850317448, 70498.953025961411186 ], [ 578037.993062398978509, 70548.081317798089003 ], [ 578013.264866171753965, 70548.077946571764187 ], [ 578013.261517266160809, 70572.642036076140357 ], [ 578062.717686216230504, 70572.648781914700521 ], [ 578062.707626129616983, 70646.34105759675731 ], [ 578087.435820474056527, 70646.344435657854774 ], [ 578087.429105775081553, 70695.472732443347923 ], [ 578037.972945086890832, 70695.465972724938183 ] ] ] } },
{ "type": "Feature", "properties": { "objectid": 483599, "pxlval": 1, "Shape__Area": 3.950613827160001e-07, "Shape__Length": 0.003111112 }, "geometry": { "type": "Polygon", "coordinates": [ [ [ 577840.171422365121543, 70523.490186162991449 ], [ 577840.174761512316763, 70498.926104905563989 ], [ 577864.902951600728557, 70498.929466309389682 ], [ 577864.906290645245463, 70474.365383901909809 ], [ 577939.090537321520969, 70474.375470960032544 ], [ 577939.087195095140487, 70498.939556882804027 ], [ 577963.815389904892072, 70498.942922558198916 ], [ 577963.812045452767052, 70523.507009674460278 ], [ 577840.171422365121543, 70523.490186162991449 ] ] ] } },
{ "type": "Feature", "properties": { "objectid": 483600, "pxlval": 1, "Shape__Area": 3.456792098760001e-07, "Shape__Length": 0.002666666 }, "geometry": { "type": "Polygon", "coordinates": [ [ [ 578532.562082732678391, 70499.020627541525755 ], [ 578532.565450413967483, 70474.456513375800569 ], [ 578507.837449848069809, 70474.453124350431608 ], [ 578507.844179584993981, 70425.324787900259253 ], [ 578582.028525023721159, 70425.33495113599929 ], [ 578582.021788926329464, 70474.463294674831559 ], [ 578557.293674706132151, 70474.459903499184293 ], [ 578557.290305964299478, 70499.024018846350373 ], [ 578532.562082732678391, 70499.020627541525755 ] ] ] } },
{ "type": "Feature", "properties": { "objectid": 483601, "pxlval": 1, "Shape__Area": 6.9135813086420016e-06, "Shape__Length": 0.022222216 }, "geometry": { "type": "Polygon", "coordinates": [ [ [ 577221.932789323851466, 70793.611264881590614 ], [ 577221.939438802422956, 70744.483160234522074 ], [ 577246.667477623559535, 70744.48650654341327 ], [ 577246.680767002981156, 70646.230182311526733 ], [ 577271.408922538394108, 70646.233525058691157 ], [ 577271.432141930796206, 70474.285033235079027 ], [ 577296.160194789990783, 70474.288368900044588 ], [ 577296.163508285302669, 70449.724313352926401 ], [ 577320.891563363838941, 70449.727648922562366 ], [ 577320.888248808332719, 70474.291705632509547 ], [ 577345.616304011549801, 70474.295043432488455 ], [ 577345.622934102197178, 70425.166817163670203 ], [ 577419.807113083777949, 70425.176829984906362 ], [ 577419.810429566423409, 70400.612768661841983 ], [ 577469.266668139956892, 70400.619446895056171 ], [ 577469.269985583960079, 70376.055383263155818 ], [ 577444.54192028241232, 70376.052044785930775 ], [ 577444.545235524885356, 70351.487871802819427 ], [ 577543.457619264372624, 70351.501227460350492 ], [ 577543.454299786826596, 70376.065405105997343 ], [ 577592.91044093912933, 70376.072091654641554 ], [ 577592.903794300276786, 70425.200230601258227 ], [ 577568.175725248409435, 70425.196884460063302 ], [ 577568.165749759529717, 70498.88920007996785 ], [ 577543.43768507707864, 70498.88585150585277 ], [ 577543.44101033359766, 70474.321784292653319 ], [ 577493.984771068673581, 70474.315092665026896 ], [ 577493.978123640059493, 70523.443222448389861 ], [ 577543.434358661761507, 70523.449918740036082 ], [ 577543.4310310727451, 70548.014096538725425 ], [ 577518.702969675417989, 70548.010746700121672 ], [ 577518.69964200432878, 70572.574812810096773 ], [ 577543.42770233983174, 70572.578163814876461 ], [ 577543.421041397727095, 70621.706298430231982 ], [ 577518.692983186803758, 70621.702945093071321 ], [ 577518.686319720582105, 70670.831188003649004 ], [ 577493.958153531188145, 70670.827833389499574 ], [ 577493.954821131541394, 70695.391898438727367 ], [ 577469.22676846862305, 70695.388543744731578 ], [ 577469.223435974912718, 70719.952607649582205 ], [ 577444.495385534828529, 70719.949252861377317 ], [ 577444.492052947753109, 70744.513315622200025 ], [ 577395.035957730840892, 70744.506606930444832 ], [ 577395.032626115833409, 70769.070667383304681 ], [ 577271.392302612191997, 70769.053908575777314 ], [ 577271.388975165784359, 70793.617963233657065 ], [ 577221.932789323851466, 70793.611264881590614 ] ], [ [ 577370.321111251134425, 70646.246906688247691 ], [ 577444.505376367364079, 70646.256954161639442 ], [ 577444.508704325300641, 70621.692891484955908 ], [ 577493.964814871316776, 70621.699592810575268 ], [ 577493.971471564262174, 70572.571462859224994 ], [ 577444.515356769203208, 70572.564766194642289 ], [ 577444.518681255169213, 70548.000703580997651 ], [ 577395.062569029978476, 70547.994013521412853 ], [ 577395.052598472684622, 70621.686194438312668 ], [ 577370.324436020571738, 70621.682847504533129 ], [ 577370.321111251134425, 70646.246906688247691 ] ], [ [ 577395.072529193246737, 70474.301722249991144 ], [ 577419.800476632779464, 70474.305063237450668 ], [ 577419.80379542929586, 70449.741001872433117 ], [ 577395.075846929452382, 70449.737662049286882 ], [ 577395.072529193246737, 70474.301722249991144 ] ] ] } },
{ "type": "Feature", "properties": { "objectid": 483602, "pxlval": 1, "Shape__Area": 4.8592598074075011e-05, "Shape__Length": 0.101777782 }, "geometry": { "type": "Polygon", "coordinates": [ [ [ 576480.176707577775232, 70154.846299515309511 ], [ 576455.448679377906956, 70154.843014030411723 ], [ 576455.44541564094834, 70179.407030011119787 ], [ 576430.717389666009694, 70179.403744439056027 ], [ 576430.720652347081341, 70154.839729608167545 ], [ 576405.992626459454186, 70154.836446248591528 ], [ 576405.995886957738549, 70130.272322051023366 ], [ 576307.083568231551908, 70130.259203803929267 ], [ 576307.080311955069192, 70154.823323407399585 ], [ 576257.624272899469361, 70154.816768377524568 ], [ 576257.617761178757064, 70203.944781989848707 ], [ 576282.345889290911146, 70203.94806128264463 ], [ 576282.339370883768424, 70253.07618780368648 ], [ 576257.611244885134511, 70253.072906216446427 ], [ 576257.601461919839494, 70326.764926914111129 ], [ 576232.873451532563195, 70326.761642965255305 ], [ 576232.860395846073516, 70425.017776796521503 ], [ 576257.588401997694746, 70425.021065332752187 ], [ 576257.581865191808902, 70474.149189942632802 ], [ 576282.309981661615893, 70474.152481854849611 ], [ 576282.303438190603629, 70523.280498299835017 ], [ 576307.031331146368757, 70523.283793545080698 ], [ 576307.021504190517589, 70596.975932356072008 ], [ 576282.293614419992082, 70596.972633668090566 ], [ 576282.300164730520919, 70547.844617097085575 ], [ 576257.572051443625242, 70547.841321743209846 ], [ 576257.575323842349462, 70523.277204093188629 ], [ 576208.119321168400347, 70523.270618914248189 ], [ 576208.132390840328299, 70425.014489327048068 ], [ 576183.404386999900453, 70425.011202924331883 ], [ 576183.397856554249302, 70474.139320655391202 ], [ 576158.669744698097929, 70474.136033013171982 ], [ 576158.663211834966205, 70523.264037993460079 ], [ 576183.391321569564752, 70523.267327927140286 ], [ 576183.388052354915999, 70547.831442137743579 ], [ 576208.116050892276689, 70547.834734270960325 ], [ 576208.112779492163099, 70572.398739105410641 ], [ 576183.384782016393729, 70572.395445826114155 ], [ 576183.381510539446026, 70596.959449535497697 ], [ 576158.653403989970684, 70596.956156164626009 ], [ 576158.646859745960683, 70646.08416135502921 ], [ 576109.1908769212896, 70646.077573270333232 ], [ 576109.187605203827843, 70670.641684149988578 ], [ 576084.459616579348221, 70670.638390568172326 ], [ 576084.456344802747481, 70695.202389780999511 ], [ 576109.184332363773137, 70695.205684507425758 ], [ 576109.181058386340737, 70719.769684885934112 ], [ 576133.90904602734372, 70719.772981828165939 ], [ 576133.905769848264754, 70744.33698337271926 ], [ 576084.4497978388099, 70744.330388269867399 ], [ 576084.446522651356645, 70768.894387545893551 ], [ 576183.358578309416771, 70768.907586633446044 ], [ 576183.355297724832781, 70793.471590511209797 ], [ 576133.899214077042416, 70793.464986525010318 ], [ 576133.895934484782629, 70818.028988139049034 ], [ 576158.623919027624652, 70818.032290733899572 ], [ 576158.617354268673807, 70867.160517377313226 ], [ 576109.161390607943758, 70867.153908679625602 ], [ 576109.158108669100329, 70891.717909205690376 ], [ 576084.430129629909061, 70891.714605322413263 ], [ 576084.43669025239069, 70842.586496043659281 ], [ 576059.708710243809037, 70842.583195522674941 ], [ 576059.702151754056104, 70891.711302512965631 ], [ 576034.974063740577549, 70891.70800076246087 ], [ 576034.967502853251062, 70940.83599501880235 ], [ 576059.695588732487522, 70940.839299057028256 ], [ 576059.689021164667793, 70989.967295679307426 ], [ 576084.416994770755991, 70989.970603065696196 ], [ 576084.410420504515059, 71039.098712604230968 ], [ 576109.138393136905506, 71039.102023355138954 ], [ 576109.135103236651048, 71063.666024029138498 ], [ 576208.047112276079133, 71063.679282390337903 ], [ 576208.033924166345969, 71161.935414169740397 ], [ 576183.305952282389626, 71161.932093384166365 ], [ 576183.30924994382076, 71137.368089183160919 ], [ 576158.581166853778996, 71137.364770606291131 ], [ 576158.567973647150211, 71235.620893472674652 ], [ 576208.024021122604609, 71235.627540856308769 ], [ 576208.020717835403048, 71260.191546281901537 ], [ 576158.564672504086047, 71260.184896606457187 ], [ 576158.558066803496331, 71309.312902943973313 ], [ 576183.286142391734757, 71309.316229540927452 ], [ 576183.289446883834898, 71284.752225218981039 ], [ 576232.745381099870428, 71284.758879330824129 ], [ 576232.735457769245841, 71358.4508992380579 ], [ 576257.463423386216164, 71358.45423135413148 ], [ 576257.470042225904763, 71309.326215767738177 ], [ 576282.198122427798808, 71309.329546685286914 ], [ 576282.201431211084127, 71284.765537776736892 ], [ 576257.473349936422892, 71284.762208006402943 ], [ 576257.476656507351436, 71260.198200259997975 ], [ 576331.66068445565179, 71260.208189337616204 ], [ 576331.663993103196844, 71235.644178175978595 ], [ 576381.119945471757092, 71235.650840651069302 ], [ 576381.126563645666465, 71186.522703260357957 ], [ 576356.398696019779891, 71186.519373795672436 ], [ 576356.408611500984989, 71112.827226576860994 ], [ 576381.136482338653877, 71112.830552595463814 ], [ 576381.139786281855777, 71088.26653926394647 ], [ 576356.411914374330081, 71088.263214394028182 ], [ 576356.421816148213111, 71014.571177966237883 ], [ 576331.693719630711712, 71014.567857588190236 ], [ 576331.697016886435449, 70990.003736101323739 ], [ 576306.968920467770658, 70990.000417946925154 ], [ 576306.978802143363282, 70916.308388667966938 ], [ 576257.522828890942037, 70916.301762499337201 ], [ 576257.529406706336886, 70867.173747668930446 ], [ 576208.07343381724786, 70867.167130383662879 ], [ 576208.080002840142697, 70818.038899156585103 ], [ 576306.991961776162498, 70818.05212884467619 ], [ 576306.988673571031541, 70842.6162490357965 ], [ 576331.716776392189786, 70842.619560302424361 ], [ 576331.713485980522819, 70867.183681662587333 ], [ 576381.169470422086306, 70867.190309682337102 ], [ 576381.166176751605235, 70891.754322823617258 ], [ 576405.894280919921584, 70891.757639607661986 ], [ 576405.890985041158274, 70916.321653925406281 ], [ 576430.618978027254343, 70916.324972917791456 ], [ 576430.605778808007017, 71014.581145509655471 ], [ 576455.333768666023389, 71014.584470175483148 ], [ 576455.327160073095001, 71063.712503635659232 ], [ 576554.239233848871663, 71063.725822276741383 ], [ 576554.245850993087515, 71014.597779610616271 ], [ 576603.701843464164995, 71014.604440774797695 ], [ 576603.708460320020095, 70965.476283055075328 ], [ 576628.436571701080538, 70965.479612960843951 ], [ 576628.446491578826681, 70891.787538881661021 ], [ 576653.17449606093578, 70891.790866389012081 ], [ 576653.177801463170908, 70867.226840587492916 ], [ 576677.905808172537945, 70867.230168015506933 ], [ 576677.91572073334828, 70793.537866197570111 ], [ 576702.643843062105589, 70793.541191253389115 ], [ 576702.670234585995786, 70597.028857108438388 ], [ 576677.942103747162037, 70597.025541280949255 ], [ 576677.945396465715021, 70572.461514578928472 ], [ 576653.217376986984164, 70572.458200988883618 ], [ 576653.21408533048816, 70597.022226537737879 ], [ 576628.486068074591458, 70597.018912863888545 ], [ 576628.495936437277123, 70523.326729195425287 ], [ 576702.680112504167482, 70523.336663061461877 ], [ 576702.676821001106873, 70547.900801418349147 ], [ 576727.404732585884631, 70547.904115977537003 ], [ 576727.408025150187314, 70523.339976466741064 ], [ 576752.136161497444846, 70523.343290970107773 ], [ 576752.132867871783674, 70547.907431635190733 ], [ 576851.045086854486726, 70547.920704907213803 ], [ 576851.048384725581855, 70523.356559621257475 ], [ 576900.50444767693989, 70523.363200348845567 ], [ 576900.507746506715193, 70498.799163314615726 ], [ 576925.235780796851031, 70498.802484123894828 ], [ 576925.239079538034275, 70474.238445953757036 ], [ 576999.423303824849427, 70474.248411330889212 ], [ 576999.426604597247206, 70449.684369708833401 ], [ 577048.88279918092303, 70449.691016318989568 ], [ 577048.886100937379524, 70425.126861857366748 ], [ 577098.342191020725295, 70425.133510402476531 ], [ 577098.348795286845416, 70376.005417991749709 ], [ 577147.804894277243875, 70376.012066163704731 ], [ 577147.785054917796515, 70523.396468111532158 ], [ 577073.60081598488614, 70523.386476560117444 ], [ 577073.607427346520126, 70474.258386300614802 ], [ 577024.151343837031163, 70474.251735253303195 ], [ 577024.144736718619242, 70523.379820877074962 ], [ 577048.872887048055418, 70523.383148199456627 ], [ 577048.866273187682964, 70572.511346768122166 ], [ 577147.778432565042749, 70572.524675957625732 ], [ 577147.765174040105194, 70670.780981358519057 ], [ 577172.493323832983151, 70670.784320985825616 ], [ 577172.513211084296927, 70523.399800775179756 ], [ 577197.241257132729515, 70523.403134492065874 ], [ 577197.231315511511639, 70597.095397985758609 ], [ 577221.959359557717107, 70597.098736254964024 ], [ 577221.975928455241956, 70474.278365092657623 ], [ 577197.247879102244042, 70474.275032630219357 ], [ 577197.251188356545754, 70449.710981730735512 ], [ 577172.523139126366004, 70449.707651496777544 ], [ 577172.539662828086875, 70326.88718203814642 ], [ 577123.083445980679244, 70326.880536360898986 ], [ 577123.086745139211416, 70302.316489062664914 ], [ 577098.35869305988308, 70302.313168989290716 ], [ 577098.361990023171529, 70277.74901234099525 ], [ 577073.633826766861603, 70277.745694477096549 ], [ 577073.637121491017751, 70253.181760083491099 ], [ 577024.181018923874944, 70253.175129896975704 ], [ 577024.187600734527223, 70204.046934196856455 ], [ 576999.459549080114812, 70204.043623016579659 ], [ 576999.46283719537314, 70179.479581618506927 ], [ 576974.734785664826632, 70179.47627265965275 ], [ 576974.73807157354895, 70154.912232446775306 ], [ 576875.825761564658023, 70154.899011855159188 ], [ 576875.829042116180062, 70130.334865754339262 ], [ 576801.644790866645053, 70130.324964932253351 ], [ 576801.648067074711435, 70105.76104339385347 ], [ 576727.463823109399527, 70105.751155596386525 ], [ 576727.460550066549331, 70130.315073670833954 ], [ 576678.004469533916563, 70130.308484817913268 ], [ 576678.001197425881401, 70154.872621679940494 ], [ 576653.273159948294051, 70154.86932769374107 ], [ 576653.276431000907905, 70130.305191984880366 ], [ 576628.548393628560007, 70130.301900214137277 ], [ 576628.54512363136746, 70154.866034770195256 ], [ 576579.088943219627254, 70154.859452096308814 ], [ 576579.085674203699455, 70179.42347383168817 ], [ 576554.357642436516471, 70179.420182944464614 ], [ 576554.354373332345858, 70203.984203555373824 ], [ 576504.898204083903693, 70203.977622652979335 ], [ 576504.894935934105888, 70228.541751513257623 ], [ 576480.166909756022505, 70228.538461514006485 ], [ 576480.176707577775232, 70154.846299515309511 ] ], [ [ 576084.4235644742148, 70940.842604154953733 ], [ 576109.151541379396804, 70940.845910327450838 ], [ 576109.144969540298916, 70989.973911527398741 ], [ 576084.416994770755991, 70989.970603065696196 ], [ 576084.4235644742148, 70940.842604154953733 ] ], [ [ 576208.027323285932653, 71211.063424914929783 ], [ 576232.755294192698784, 71211.066749071353115 ], [ 576232.751990957767703, 71235.630866159190191 ], [ 576208.024021122604609, 71235.627540856308769 ], [ 576208.027323285932653, 71211.063424914929783 ] ], [ [ 576480.163641534629278, 70253.102478707616683 ], [ 576455.435617560287938, 70253.099188621956273 ], [ 576455.438884724746458, 70228.535172578544007 ], [ 576480.166909756022505, 70228.538461514006485 ], [ 576480.163641534629278, 70253.102478707616683 ] ], [ [ 576455.42907980363816, 70302.227220771557768 ], [ 576430.701059113140218, 70302.223929450396099 ], [ 576430.707594754872844, 70253.095899600433768 ], [ 576455.435617560287938, 70253.099188621956273 ], [ 576455.42907980363816, 70302.227220771557768 ] ], [ [ 576381.205625509028323, 70596.98583489554585 ], [ 576356.477732282364741, 70596.982532999507384 ], [ 576356.481011193827726, 70572.41852125962032 ], [ 576381.208905482664704, 70572.421822006959701 ], [ 576381.205625509028323, 70596.98583489554585 ] ], [ [ 576381.21218431473244, 70547.857809139415622 ], [ 576405.940303380717523, 70547.861109836376272 ], [ 576405.937023486942053, 70572.425123853012337 ], [ 576381.208905482664704, 70572.421822006959701 ], [ 576381.21218431473244, 70547.857809139415622 ] ], [ [ 576702.686692041927017, 70474.208607497363118 ], [ 576677.958555896300822, 70474.205297437598347 ], [ 576677.961842885706574, 70449.64127084055508 ], [ 576702.689980091527104, 70449.64457974677498 ], [ 576702.686692041927017, 70474.208607497363118 ] ], [ [ 576702.693267009686679, 70425.080441473837709 ], [ 576727.421183897415176, 70425.083750263496768 ], [ 576727.417895919410512, 70449.64788969035726 ], [ 576702.689980091527104, 70449.64457974677498 ], [ 576702.693267009686679, 70425.080441473837709 ] ], [ [ 576628.509078217670321, 70425.07052144582849 ], [ 576653.237102900398895, 70425.073827050116961 ], [ 576653.230532172950916, 70474.201988460219582 ], [ 576628.502509610261768, 70474.198680550340214 ], [ 576628.509078217670321, 70425.07052144582849 ] ], [ [ 576752.162469123955816, 70326.830829671045649 ], [ 576776.890503849601373, 70326.834135990487994 ], [ 576776.893788195913658, 70302.27010489651002 ], [ 576801.621825142297894, 70302.273411126196152 ], [ 576801.615253185853362, 70351.401475638864213 ], [ 576752.159184688702226, 70351.394859625012032 ], [ 576752.162469123955816, 70326.830829671045649 ] ], [ [ 576257.483266245340928, 71211.070074306422612 ], [ 576282.211350736324675, 71211.073400635112193 ], [ 576282.21465495985467, 71186.509391811414389 ], [ 576306.942519129836001, 71186.512718041252811 ], [ 576306.935907384846359, 71235.640848542010644 ], [ 576257.479961938690394, 71235.634192541096127 ], [ 576257.483266245340928, 71211.070074306422612 ] ], [ [ 576381.241642484907061, 70326.781362652109237 ], [ 576356.513737595640123, 70326.778073391746148 ], [ 576356.517003955785185, 70302.214061876293272 ], [ 576381.244909902918153, 70302.217349987971829 ], [ 576381.241642484907061, 70326.781362652109237 ] ], [ [ 576381.251441314816475, 70253.089324735061382 ], [ 576405.97957309265621, 70253.092611643078271 ], [ 576405.973039565840736, 70302.220639194143587 ], [ 576381.244909902918153, 70302.217349987971829 ], [ 576381.251441314816475, 70253.089324735061382 ] ], [ [ 576455.412715403130278, 70425.047412055253517 ], [ 576405.956685752957128, 70425.040818981520715 ], [ 576405.95995879615657, 70400.476805090802372 ], [ 576381.231833367608488, 70400.473511288320879 ], [ 576381.238373925443739, 70351.345375330885872 ], [ 576405.966501471935771, 70351.348666835212498 ], [ 576405.963230697554536, 70375.912791221038788 ], [ 576480.147283269325271, 70375.922675532870926 ], [ 576480.144008190603927, 70400.486692852093256 ], [ 576579.0562015339965, 70400.499891478000791 ], [ 576579.059480849187821, 70375.9358695543051 ], [ 576603.787505327607505, 70375.93917072097247 ], [ 576603.777660755440593, 70449.631350554423989 ], [ 576579.049639455508441, 70449.62804593158944 ], [ 576579.05292107432615, 70425.06391342265124 ], [ 576554.324899885454215, 70425.060611018634518 ], [ 576554.321619326481596, 70449.624742375890492 ], [ 576455.409439083770849, 70449.611538809505873 ], [ 576455.412715403130278, 70425.047412055253517 ] ] ] } },
{ "type": "Feature", "properties": { "objectid": 483603, "pxlval": 1, "Shape__Area": 1.9753069135700005e-07, "Shape__Length": 0.002222224 }, "geometry": { "type": "Polygon", "coordinates": [ [ [ 575787.791686802986078, 70154.754707535277703 ], [ 575787.801385713741183, 70081.062641925309435 ], [ 575812.529385955538601, 70081.06589529797202 ], [ 575812.526153053389862, 70105.629991978479666 ], [ 575837.254264649469405, 70105.633247567864601 ], [ 575837.251029588514939, 70130.197124336002162 ], [ 575812.522919047507457, 70130.193867606110871 ], [ 575812.51968387956731, 70154.757964328397065 ], [ 575787.791686802986078, 70154.754707535277703 ] ] ] } },
{ "type": "Feature", "properties": { "objectid": 483604, "pxlval": 1, "Shape__Area": 2.9629681481500008e-07, "Shape__Length": 0.002666668 }, "geometry": { "type": "Polygon", "coordinates": [ [ [ 576158.712097389157861, 70154.80367105496407 ], [ 576158.721843777457252, 70081.111554021044867 ], [ 576183.449972552945837, 70081.114823331547086 ], [ 576183.446723830536939, 70105.678937159013003 ], [ 576208.174741415539756, 70105.682208662445191 ], [ 576208.17149052885361, 70130.246102582954336 ], [ 576232.899508224101737, 70130.249376294770627 ], [ 576232.896255113882944, 70154.813492456582026 ], [ 576158.712097389157861, 70154.80367105496407 ] ] ] } },
{ "type": "Feature", "properties": { "objectid": 483605, "pxlval": 1, "Shape__Area": 4.444446666660001e-07, "Shape__Length": 0.003111112 }, "geometry": { "type": "Polygon", "coordinates": [ [ [ 577246.746936841635033, 70154.948676732718013 ], [ 577246.75352842384018, 70105.820570852563833 ], [ 577271.481707256170921, 70105.823888033512048 ], [ 577271.485002385335974, 70081.25972342544992 ], [ 577320.941143101779744, 70081.266358617940568 ], [ 577320.934547499055043, 70130.394471431165584 ], [ 577345.662617512047291, 70130.39779294616892 ], [ 577345.659316907054745, 70154.961961084525683 ], [ 577246.746936841635033, 70154.948676732718013 ] ] ] } },
{ "type": "Feature", "properties": { "objectid": 483606, "pxlval": 1, "Shape__Area": 6.4197535802500021e-07, "Shape__Length": 0.005333332 }, "geometry": { "type": "Polygon", "coordinates": [ [ [ 576529.636144494172186, 70130.288743739307392 ], [ 576529.642672584741376, 70081.160704978901776 ], [ 576603.826780575094745, 70081.170563820414827 ], [ 576603.830046067945659, 70056.606541010172805 ], [ 576752.198522242251784, 70056.626280464435695 ], [ 576752.195250423508696, 70081.1903101948119 ], [ 576653.282969640218653, 70081.177141703941743 ], [ 576653.279700878541917, 70105.74127737103845 ], [ 576579.095477818511426, 70105.731408688152442 ], [ 576579.092211105977185, 70130.295319844735786 ], [ 576529.636144494172186, 70130.288743739307392 ] ] ] } },
{ "type": "Feature", "properties": { "objectid": 483607, "pxlval": 1, "Shape__Area": 1.4814829629700003e-07, "Shape__Length": 0.001777778 }, "geometry": { "type": "Polygon", "coordinates": [ [ [ 575936.169626910355873, 70081.082178113705595 ], [ 575936.172863936517388, 70056.518186278321082 ], [ 575960.900760836550035, 70056.521444863188663 ], [ 575960.903997796471231, 70031.957341375673423 ], [ 575985.632119462476112, 70031.960599908285076 ], [ 575985.625642313621938, 70081.088698659063084 ], [ 575936.169626910355873, 70081.082178113705595 ] ] ] } },
{ "type": "Feature", "properties": { "objectid": 483608, "pxlval": 1, "Shape__Area": 1.9753069135800005e-07, "Shape__Length": 0.002222222 }, "geometry": { "type": "Polygon", "coordinates": [ [ [ 576183.453220122377388, 70056.550820055606891 ], [ 576183.466199029935524, 69958.29469664861972 ], [ 576208.194222937570885, 69958.297961275427951 ], [ 576208.181239816476591, 70056.554089266835945 ], [ 576183.453220122377388, 70056.550820055606891 ] ] ] } },
{ "type": "Feature", "properties": { "objectid": 483609, "pxlval": 1, "Shape__Area": 1.9753135802500004e-07, "Shape__Length": 0.00177778 }, "geometry": { "type": "Polygon", "coordinates": [ [ [ 575960.9137018219335, 69958.265362648948212 ], [ 575960.920165511080995, 69909.137266392135643 ], [ 576010.376309238257818, 69909.143773074043565 ], [ 576010.369841339881532, 69958.271873902631341 ], [ 575960.9137018219335, 69958.265362648948212 ] ] ] } },
{ "type": "Feature", "properties": { "objectid": 483610, "pxlval": 1, "Shape__Area": 4.9382839506000011e-08, "Shape__Length": 0.00088889 }, "geometry": { "type": "Polygon", "coordinates": [ [ [ 576059.829222087748349, 69933.714391948320554 ], [ 576059.832457580487244, 69909.150283991722972 ], [ 576084.560477828606963, 69909.153541031657369 ], [ 576084.557241283706389, 69933.717650132486597 ], [ 576059.829222087748349, 69933.714391948320554 ] ] ] } },
{ "type": "Feature", "properties": { "objectid": 483611, "pxlval": 1, "Shape__Area": 5.4321034568000015e-07, "Shape__Length": 0.004444448 }, "geometry": { "type": "Polygon", "coordinates": [ [ [ 577790.778475159429945, 70056.765526240647887 ], [ 577790.791727951611392, 69958.509101751697017 ], [ 577815.519938920158893, 69958.512435273456504 ], [ 577815.523250260739587, 69933.9483556610503 ], [ 577790.795038239797577, 69933.945023309599492 ], [ 577790.798347380245104, 69909.380834357260028 ], [ 577864.982767608948052, 69909.390831047654501 ], [ 577864.976141866412945, 69958.519105466053588 ], [ 577840.247928529744968, 69958.51576982489496 ], [ 577840.241300253896043, 70007.643931440936285 ], [ 577815.51331275026314, 70007.640594548196532 ], [ 577815.506681914208457, 70056.768864443554776 ], [ 577790.778475159429945, 70056.765526240647887 ] ] ] } },
{ "type": "Feature", "properties": { "objectid": 483612, "pxlval": 1, "Shape__Area": 3.9506071604900011e-07, "Shape__Length": 0.00311111 }, "geometry": { "type": "Polygon", "coordinates": [ [ [ 575936.192262293072417, 69909.134014661540277 ], [ 575936.195491375867277, 69884.570022978325142 ], [ 575911.467365691205487, 69884.566773419399397 ], [ 575911.477042978396639, 69810.874801914353156 ], [ 575936.205171816051006, 69810.878048047234188 ], [ 575936.208396374480799, 69786.313945910311304 ], [ 575960.936304847477004, 69786.31719192903256 ], [ 575960.920165511080995, 69909.137266392135643 ], [ 575936.192262293072417, 69909.134014661540277 ] ] ] } },
{ "type": "Feature", "properties": { "objectid": 483613, "pxlval": 1, "Shape__Area": 1.4814851851800004e-07, "Shape__Length": 0.001777778 }, "geometry": { "type": "Polygon", "coordinates": [ [ [ 576257.660005928599276, 69884.612363412845298 ], [ 576257.669727357337251, 69810.920343841789872 ], [ 576282.397872323868796, 69810.923604779032758 ], [ 576282.388147742138244, 69884.615627791747102 ], [ 576257.660005928599276, 69884.612363412845298 ] ] ] } },
{ "type": "Feature", "properties": { "objectid": 483614, "pxlval": 1, "Shape__Area": 9.8765234568000032e-08, "Shape__Length": 0.001333332 }, "geometry": { "type": "Polygon", "coordinates": [ [ [ 576356.572357555385679, 69884.62542725050298 ], [ 576356.575603376724757, 69860.061416116994224 ], [ 576406.031676948885433, 69860.067952074765344 ], [ 576406.028429024969228, 69884.631965506050619 ], [ 576356.572357555385679, 69884.62542725050298 ] ] ] } },
{ "type": "Feature", "properties": { "objectid": 483615, "pxlval": 1, "Shape__Area": 1.9753046913600006e-07, "Shape__Length": 0.001777776 }, "geometry": { "type": "Polygon", "coordinates": [ [ [ 577741.348757862346247, 69860.246023112980765 ], [ 577741.355363772949204, 69811.117871101087076 ], [ 577790.811572258127853, 69811.124520898782066 ], [ 577790.804962144233286, 69860.252677589582163 ], [ 577741.348757862346247, 69860.246023112980765 ] ] ] } },
{ "type": "Feature", "properties": { "objectid": 483616, "pxlval": 1, "Shape__Area": 4.9382617283000014e-08, "Shape__Length": 0.000888888 }, "geometry": { "type": "Polygon", "coordinates": [ [ [ 577815.533177320379764, 69860.256006430165144 ], [ 577815.536484024487436, 69835.69181636365829 ], [ 577840.264478892786428, 69835.695145061850781 ], [ 577840.261171137681231, 69860.259336299015558 ], [ 577815.533177320379764, 69860.256006430165144 ] ] ] } },
{ "type": "Feature", "properties": { "objectid": 483617, "pxlval": 1, "Shape__Area": 9.8765901235000024e-08, "Shape__Length": 0.001333336 }, "geometry": { "type": "Polygon", "coordinates": [ [ [ 576010.389231375418603, 69810.887792746696505 ], [ 576010.392459084512666, 69786.323687181517016 ], [ 576059.848617936600931, 69786.330186662322376 ], [ 576059.845388127025217, 69810.894294514888315 ], [ 576010.389231375418603, 69810.887792746696505 ] ] ] } },
{ "type": "Feature", "properties": { "objectid": 483618, "pxlval": 1, "Shape__Area": 1.9753135802400004e-07, "Shape__Length": 0.002222224 }, "geometry": { "type": "Polygon", "coordinates": [ [ [ 576282.397872323868796, 69810.923604779032758 ], [ 576282.401111585786566, 69786.359486614834168 ], [ 576307.12903620977886, 69786.362747432576725 ], [ 576307.132275367155671, 69761.798738678538939 ], [ 576356.588575265952386, 69761.805261247660383 ], [ 576356.585334008792415, 69786.369272298004944 ], [ 576331.857184525695629, 69786.366009336750722 ], [ 576331.853943163296208, 69810.930129796513938 ], [ 576282.397872323868796, 69810.923604779032758 ] ] ] } },
{ "type": "Feature", "properties": { "objectid": 483619, "pxlval": 1, "Shape__Area": 2.4691330864200006e-07, "Shape__Length": 0.00222222 }, "geometry": { "type": "Polygon", "coordinates": [ [ [ 578334.82740604353603, 69835.761941546908929 ], [ 578334.830733618349768, 69811.197947920256411 ], [ 578310.102602779399604, 69811.194599228329025 ], [ 578310.109252361929975, 69762.066282781292102 ], [ 578359.565519423689693, 69762.072976509458385 ], [ 578359.555537015199661, 69835.765292474767193 ], [ 578334.82740604353603, 69835.761941546908929 ] ] ] } },
{ "type": "Feature", "properties": { "objectid": 483620, "pxlval": 1, "Shape__Area": 1.4814807407400004e-07, "Shape__Length": 0.001777778 }, "geometry": { "type": "Polygon", "coordinates": [ [ [ 576381.313262088922784, 69786.372536286973627 ], [ 576381.316504395916127, 69761.808524087929982 ], [ 576455.500743845128454, 69761.818319007725222 ], [ 576455.497498388518579, 69786.382334655136219 ], [ 576381.313262088922784, 69786.372536286973627 ] ] ] } },
{ "type": "Feature", "properties": { "objectid": 483621, "pxlval": 1, "Shape__Area": 2.6172833827160007e-06, "Shape__Length": 0.008 }, "geometry": { "type": "Polygon", "coordinates": [ [ [ 576999.515290609560907, 69786.454480018801405 ], [ 576999.51855916378554, 69761.890438981165062 ], [ 577024.246629772824235, 69761.893729310613708 ], [ 577024.256431693444028, 69688.201492303691339 ], [ 577048.984617889043875, 69688.204780228406889 ], [ 577049.004196922993287, 69540.820410365326097 ], [ 577123.188447519554757, 69540.830259557740646 ], [ 577123.185184088419192, 69565.394306204383611 ], [ 577147.913268918637186, 69565.397592535489821 ], [ 577147.910003273398615, 69589.961750906528323 ], [ 577172.638199497479945, 69589.965039466784219 ], [ 577172.634931666776538, 69614.529088475712342 ], [ 577197.363016725284979, 69614.532379236276029 ], [ 577197.349929662421346, 69712.788690666624461 ], [ 577172.621848796843551, 69712.785395262108068 ], [ 577172.618575199972838, 69737.349444374704035 ], [ 577147.89038526522927, 69737.34614885073097 ], [ 577147.88711156451609, 69761.910196823475417 ], [ 577123.159035120275803, 69761.906901210430078 ], [ 577123.155761316651478, 69786.470948043701355 ], [ 576999.515290609560907, 69786.454480018801405 ] ] ] } },
{ "type": "Feature", "properties": { "objectid": 483622, "pxlval": 1, "Shape__Area": 4.9382839506000011e-08, "Shape__Length": 0.00088889 }, "geometry": { "type": "Polygon", "coordinates": [ [ [ 578433.763346254709177, 69663.826479351409944 ], [ 578433.766669842414558, 69639.262370616474072 ], [ 578458.49492523598019, 69639.26571635111759 ], [ 578458.491600600187667, 69663.829826266010059 ], [ 578433.763346254709177, 69663.826479351409944 ] ] ] } },
{ "type": "Feature", "properties": { "objectid": 483623, "pxlval": 1, "Shape__Area": 3.5061718271600011e-06, "Shape__Length": 0.009333334 }, "geometry": { "type": "Polygon", "coordinates": [ [ [ 576826.415462725330144, 69810.995612684811931 ], [ 576826.418725093011744, 69786.431469187547918 ], [ 576801.690553589374758, 69786.428186141623883 ], [ 576801.693813744466752, 69761.864154357623192 ], [ 576776.965753615251742, 69761.860873538593296 ], [ 576776.978778577293269, 69663.604640686971834 ], [ 576752.250715414760634, 69663.60136554329074 ], [ 576752.257218908751383, 69614.473306822954328 ], [ 576776.985284166992642, 69614.476579657319235 ], [ 576776.991785182035528, 69565.348408167192247 ], [ 576801.719853696995415, 69565.3516797459597 ], [ 576801.723103522788733, 69540.787648148601875 ], [ 576900.635504646459594, 69540.800740391932777 ], [ 576900.638757509295829, 69516.236704191425815 ], [ 576925.366833935491741, 69516.239978725105175 ], [ 576925.350552880205214, 69639.060276262564003 ], [ 576950.078625222318806, 69639.063557635556208 ], [ 576950.055776111083105, 69811.012049479453708 ], [ 576925.327711113030091, 69811.008760005614022 ], [ 576925.33097768179141, 69786.444611883009202 ], [ 576900.602912784088403, 69786.441324623519904 ], [ 576900.599647265626118, 69811.005471589232911 ], [ 576826.415462725330144, 69810.995612684811931 ] ] ] } },
{ "type": "Feature", "properties": { "objectid": 483624, "pxlval": 1, "Shape__Area": 1.9753069135800005e-07, "Shape__Length": 0.002222222 }, "geometry": { "type": "Polygon", "coordinates": [ [ [ 576406.073796102311462, 69540.735447728337022 ], [ 576406.077028041356243, 69516.171434587595286 ], [ 576381.348864717059769, 69516.168182152105146 ], [ 576381.352094468427822, 69491.604170181133668 ], [ 576455.536368490778841, 69491.613927168931696 ], [ 576455.533135601901449, 69516.177942588270525 ], [ 576430.805081250029616, 69516.174688061437337 ], [ 576430.801848264876753, 69540.738702351634856 ], [ 576406.073796102311462, 69540.735447728337022 ] ] ] } },
{ "type": "Feature", "properties": { "objectid": 483625, "pxlval": 1, "Shape__Area": 1.8271597283940004e-06, "Shape__Length": 0.01111111 }, "geometry": { "type": "Polygon", "coordinates": [ [ [ 577123.204747402225621, 69418.009916091425112 ], [ 577123.214513493003324, 69344.317776585710817 ], [ 577098.486420438974164, 69344.314501747183385 ], [ 577098.483167286147363, 69368.878436531405896 ], [ 577024.298786957049742, 69368.868614826045814 ], [ 577024.302036979119293, 69344.30468351917807 ], [ 577049.030237818835303, 69344.307955221273005 ], [ 577049.043230640585534, 69246.051672873130883 ], [ 577098.49942160223145, 69246.058210124523612 ], [ 577098.496173057937995, 69270.622144826251315 ], [ 577123.224269240512513, 69270.625416185168433 ], [ 577123.217766566202044, 69319.75361958166468 ], [ 577147.945861845393665, 69319.756894310339703 ], [ 577147.955617233645171, 69246.064751571524539 ], [ 577197.41192881052848, 69246.071297228874755 ], [ 577197.42168008594308, 69172.379037167294882 ], [ 577222.149785122368485, 69172.382308077882044 ], [ 577222.143283353070728, 69221.510410058748676 ], [ 577271.599604031071067, 69221.516959685686743 ], [ 577271.589836454833858, 69295.209230326523539 ], [ 577246.861623012460768, 69295.205951495096087 ], [ 577246.864878993248567, 69270.641788733613794 ], [ 577222.136776967905462, 69270.638512128323782 ], [ 577222.130265952087939, 69319.766724811255699 ], [ 577172.674069565488026, 69319.760170103792916 ], [ 577172.667558122193441, 69368.888267693648231 ], [ 577147.939352488843724, 69368.884989578975365 ], [ 577147.932838506181724, 69418.013195461084251 ], [ 577123.204747402225621, 69418.009916091425112 ] ] ] } },
{ "type": "Feature", "properties": { "objectid": 483626, "pxlval": 1, "Shape__Area": 8.888884444460002e-07, "Shape__Length": 0.00533333 }, "geometry": { "type": "Polygon", "coordinates": [ [ [ 578013.424242834793404, 69369.000348401634255 ], [ 578013.434114680858329, 69295.308083004056243 ], [ 577939.249594668042846, 69295.298155219323235 ], [ 577939.259446657379158, 69221.605790026020259 ], [ 578013.443976049427874, 69221.615707254692097 ], [ 578013.437402979354374, 69270.743884044190054 ], [ 578038.165653907344677, 69270.747194241383113 ], [ 578038.168942052638158, 69246.183215203156578 ], [ 578062.896972641348839, 69246.186525245837402 ], [ 578062.880514964926988, 69369.006979206082178 ], [ 578013.424242834793404, 69369.000348401634255 ] ] ] } },
{ "type": "Feature", "properties": { "objectid": 483627, "pxlval": 1, "Shape__Area": 9.8764790124000029e-08, "Shape__Length": 0.00133333 }, "geometry": { "type": "Polygon", "coordinates": [ [ [ 578384.360067056142725, 69270.793647013269947 ], [ 578384.366671384777874, 69221.665434936512611 ], [ 578409.094719612039626, 69221.668758484709542 ], [ 578409.088113199453801, 69270.796972919895779 ], [ 578384.360067056142725, 69270.793647013269947 ] ] ] } },
{ "type": "Feature", "properties": { "objectid": 483628, "pxlval": 1, "Shape__Area": 3.950613827160001e-07, "Shape__Length": 0.002666666 }, "geometry": { "type": "Polygon", "coordinates": [ [ [ 577246.884390563005581, 69123.257365277095232 ], [ 577246.89088517986238, 69074.12926113109279 ], [ 577345.803449603961781, 69074.14234085456701 ], [ 577345.796946669230238, 69123.27045430187718 ], [ 577246.884390563005581, 69123.257365277095232 ] ] ] } },
{ "type": "Feature", "properties": { "objectid": 483658, "pxlval": 1, "Shape__Area": 9.8765234568000032e-08, "Shape__Length": 0.001333332 }, "geometry": { "type": "Polygon", "coordinates": [ [ [ 569854.44669041200541, 57994.951476211812405 ], [ 569854.449154509231448, 57970.387763507656928 ], [ 569903.905576535733417, 57970.392725410340063 ], [ 569903.903110693674535, 57994.956440216759802 ], [ 569854.44669041200541, 57994.951476211812405 ] ] ] } },
{ "type": "Feature", "properties": { "objectid": 483659, "pxlval": 1, "Shape__Area": 4.9382395062000014e-08, "Shape__Length": 0.000888886 }, "geometry": { "type": "Polygon", "coordinates": [ [ [ 569928.636366075370461, 57945.831491849166923 ], [ 569928.638830699841492, 57921.267776025655621 ], [ 569953.36693483160343, 57921.270257056901755 ], [ 569953.364469335298054, 57945.833973932472873 ], [ 569928.636366075370461, 57945.831491849166923 ] ] ] } },
{ "type": "Feature", "properties": { "objectid": 483685, "pxlval": 1, "Shape__Area": 1.4814851851900005e-07, "Shape__Length": 0.00177778 }, "geometry": { "type": "Polygon", "coordinates": [ [ [ 568346.194966955343261, 56250.781046034790052 ], [ 568346.199642676976509, 56201.653639331903832 ], [ 568370.927962443674915, 56201.655992257590697 ], [ 568370.925624242401682, 56226.219751899734547 ], [ 568395.653832913958468, 56226.222106694760441 ], [ 568395.65149285539519, 56250.785756840676186 ], [ 568346.194966955343261, 56250.781046034790052 ] ] ] } },
{ "type": "Feature", "properties": { "objectid": 483629, "pxlval": 1, "Shape__Area": 1.2938271061729003e-05, "Shape__Length": 0.042222226 }, "geometry": { "type": "Polygon", "coordinates": [ [ [ 577271.589836454833858, 69295.209230326523539 ], [ 577271.583318958873861, 69344.337447704689112 ], [ 577345.767626205459237, 69344.347297429732862 ], [ 577345.764362616464496, 69368.911243829366867 ], [ 577321.03626006830018, 69368.907958374082227 ], [ 577321.032996338210069, 69393.472124705542228 ], [ 577370.489200503681786, 69393.478698993712896 ], [ 577370.49246632179711, 69368.914530335416202 ], [ 577444.676895769545808, 69368.924396172980778 ], [ 577444.680163532844745, 69344.360445116763003 ], [ 577469.408272984321229, 69344.36373466081568 ], [ 577469.411540662986226, 69319.799561379419174 ], [ 577518.867876433534548, 69319.806141302222386 ], [ 577518.861335774185136, 69368.934271467456711 ], [ 577469.405004177358933, 69368.927686882088892 ], [ 577469.398463046411052, 69418.055922998304595 ], [ 577518.854790466488339, 69418.06251224623702 ], [ 577518.858063692227006, 69393.498447115140152 ], [ 577543.586174573516473, 69393.501742142761941 ], [ 577543.579624874633737, 69442.629874758014921 ], [ 577593.035845973528922, 69442.636472633690573 ], [ 577593.032567295827903, 69467.200541305792285 ], [ 577543.576348287053406, 69467.193941096615163 ], [ 577543.573070525890216, 69491.758117999430397 ], [ 577568.301178390509449, 69491.761418744456023 ], [ 577568.291335060028359, 69565.45362144614046 ], [ 577593.019440974574536, 69565.456926744620432 ], [ 577593.022724290494807, 69540.892857989747426 ], [ 577617.750943702412769, 69540.89616318953631 ], [ 577617.754226904944517, 69516.332093288059696 ], [ 577642.482337248395197, 69516.335398358656676 ], [ 577642.479052999638952, 69540.899469427822623 ], [ 577691.935386408586055, 69540.906085079390323 ], [ 577691.938672749674879, 69516.342011673754314 ], [ 577716.666675359709188, 69516.345319888467202 ], [ 577716.67324666515924, 69467.21706025810272 ], [ 577691.94524196384009, 69467.21375438098039 ], [ 577691.948524822015315, 69442.649681037379196 ], [ 577741.404760040226392, 69442.656291535691707 ], [ 577741.388323666295037, 69565.47678069389076 ], [ 577716.66009942360688, 69565.473469058037153 ], [ 577716.656809698790312, 69590.037654217434465 ], [ 577889.753840398276225, 69590.060865914609167 ], [ 577889.760433326475322, 69540.93258977602818 ], [ 577939.216679017990828, 69540.939226480215439 ], [ 577939.219975821208209, 69516.375141369848279 ], [ 577914.491851345053874, 69516.371823663226678 ], [ 577914.498439380782656, 69467.243545305231237 ], [ 577889.770313981804065, 69467.240230995157617 ], [ 577889.773605200694874, 69442.676148290760466 ], [ 577914.501731644850224, 69442.679461429055664 ], [ 577914.505022744415328, 69418.115377573529258 ], [ 577963.961392529192381, 69418.122004676042707 ], [ 577963.964684553211555, 69393.557918496517232 ], [ 577939.236442381516099, 69393.554605584562523 ], [ 577939.243020846741274, 69344.426435632485664 ], [ 577914.514889057492837, 69344.423126130888704 ], [ 577914.511601465637796, 69368.987099387130002 ], [ 577840.327105004573241, 69368.977173655643128 ], [ 577840.330389465671033, 69344.413203913602047 ], [ 577889.786758436704986, 69344.419817679692642 ], [ 577889.790043850545771, 69319.855624534931849 ], [ 577840.333672793, 69319.849013111292152 ], [ 577840.336954942438751, 69295.284932873182697 ], [ 577815.608937045559287, 69295.28162992936268 ], [ 577815.612217003945261, 69270.717440345251816 ], [ 577865.068478610133752, 69270.724044970571413 ], [ 577865.075039176736027, 69221.595882249079295 ], [ 577815.618773402762599, 69221.589282307148096 ], [ 577815.625325150089338, 69172.461124357738299 ], [ 577790.897080685361288, 69172.457828285332653 ], [ 577790.903625715058297, 69123.329562221537344 ], [ 577716.719115669839084, 69123.319687338036601 ], [ 577716.722383299143985, 69098.755723651571316 ], [ 577642.537992001278326, 69098.745861711591715 ], [ 577642.534727491671219, 69123.309821892806212 ], [ 577667.262855711043812, 69123.31310932750057 ], [ 577667.249781833263114, 69221.569507616615738 ], [ 577642.52165777713526, 69221.566215509679751 ], [ 577642.51838743686676, 69246.130396874606959 ], [ 577617.790265609510243, 69246.127104648534441 ], [ 577617.783723562257364, 69295.255244017782388 ], [ 577593.055493704974651, 69295.251950491161551 ], [ 577593.065301924478263, 69221.559634426623234 ], [ 577617.793534908094443, 69221.562924451296567 ], [ 577617.796803032048047, 69196.998854818186373 ], [ 577568.340447432594374, 69196.99227816646453 ], [ 577568.343712314614095, 69172.428210888218018 ], [ 577543.615590887959115, 69172.42492530857271 ], [ 577543.612327046925202, 69196.988991420250386 ], [ 577518.88420782412868, 69196.985705722196144 ], [ 577518.880943865748122, 69221.549770688288845 ], [ 577469.424599756719545, 69221.543200090614846 ], [ 577469.421336708823219, 69246.107373289516545 ], [ 577444.693223086534999, 69246.104088405787479 ], [ 577444.696485092747025, 69221.539916371970321 ], [ 577419.968260339810513, 69221.536633687093854 ], [ 577419.964999375399202, 69246.100804556204821 ], [ 577395.236999376676977, 69246.0975217850646 ], [ 577395.240259299403988, 69221.533352080296027 ], [ 577345.783926915144548, 69221.526791967989993 ], [ 577345.780669076135382, 69246.090959345194278 ], [ 577321.052561313495971, 69246.087679706004565 ], [ 577321.046044281800278, 69295.215791108843405 ], [ 577271.589836454833858, 69295.209230326523539 ] ], [ [ 577345.77414995979052, 69295.21907307447691 ], [ 577345.770888667786494, 69319.783129970048321 ], [ 577321.042784032761119, 69319.779846841207473 ], [ 577321.046044281800278, 69295.215791108843405 ], [ 577345.77414995979052, 69295.21907307447691 ] ], [ [ 577568.320833769044839, 69344.376903355776449 ], [ 577593.048949089483358, 69344.380198151804507 ], [ 577593.045675064553507, 69368.944156204030151 ], [ 577568.317560787661932, 69368.940860241069458 ], [ 577568.320833769044839, 69344.376903355776449 ] ], [ [ 577766.145900481846184, 69344.403291149923461 ], [ 577790.874136485042982, 69344.406594364001649 ], [ 577790.87085411127191, 69368.970561765105231 ], [ 577766.142619151622057, 69368.967257381111267 ], [ 577766.145900481846184, 69344.403291149923461 ] ], [ [ 577716.683094890788198, 69393.524836782904458 ], [ 577741.41132645169273, 69393.528140234528109 ], [ 577741.40804382681381, 69418.092215874770773 ], [ 577716.679813310271129, 69418.088911253973492 ], [ 577716.683094890788198, 69393.524836782904458 ] ], [ [ 577790.857712917262688, 69467.226984262553742 ], [ 577815.585944865364581, 69467.230294378488907 ], [ 577815.582655603997409, 69491.794484134050435 ], [ 577790.854424701421522, 69491.791172847821144 ], [ 577790.857712917262688, 69467.226984262553742 ] ], [ [ 577667.230136204860173, 69368.954050412357901 ], [ 577691.958366445149295, 69368.95735059324943 ], [ 577691.955087055219337, 69393.521534412153414 ], [ 577667.226857858942822, 69393.518233062830404 ], [ 577667.230136204860173, 69368.954050412357901 ] ], [ [ 577716.692932678735815, 69319.832502950011985 ], [ 577741.421167370514013, 69319.835802894100198 ], [ 577741.417888216208667, 69344.399989015975734 ], [ 577716.689654567628168, 69344.396687902713893 ], [ 577716.692932678735815, 69319.832502950011985 ] ] ] } },
{ "type": "Feature", "properties": { "objectid": 483630, "pxlval": 1, "Shape__Area": 4.9382839506000011e-08, "Shape__Length": 0.00088889 }, "geometry": { "type": "Polygon", "coordinates": [ [ [ 578334.933308383566327, 69049.709955300131696 ], [ 578334.936598528525792, 69025.145741259664646 ], [ 578359.664763976354152, 69025.149053297922364 ], [ 578359.661472792504355, 69049.713268516876269 ], [ 578334.933308383566327, 69049.709955300131696 ] ] ] } },
{ "type": "Feature", "properties": { "objectid": 483631, "pxlval": 1, "Shape__Area": 2.9629614814800008e-07, "Shape__Length": 0.002666668 }, "geometry": { "type": "Polygon", "coordinates": [ [ [ 577716.748482686118223, 68902.242798976789345 ], [ 577716.754995908006094, 68853.114650913106743 ], [ 577766.211283411597833, 68853.121207385906018 ], [ 577766.208025308907963, 68877.685283749378868 ], [ 577815.664537999080494, 68877.691846763758804 ], [ 577815.661276660976, 68902.255925481629674 ], [ 577716.748482686118223, 68902.242798976789345 ] ] ] } },
{ "type": "Feature", "properties": { "objectid": 483632, "pxlval": 1, "Shape__Area": 0.00014790123032098804, "Shape__Length": 0.226222222 }, "geometry": { "type": "Polygon", "coordinates": [ [ [ 579472.177488890243694, 70892.177241590572521 ], [ 579496.90574056643527, 70892.180692604946671 ], [ 579496.909168620011769, 70867.616531751089497 ], [ 579472.180915877223015, 70867.61308193228615 ], [ 579472.194611979997717, 70769.356222428192268 ], [ 579447.46646743977908, 70769.352778479224071 ], [ 579447.473306221072562, 70720.224461784673622 ], [ 579496.929712024517357, 70720.23134598856268 ], [ 579496.933131762198173, 70695.667185282043647 ], [ 579472.204871563939378, 70695.663743832323235 ], [ 579472.208289050031453, 70671.099584342431626 ], [ 579447.480140253319405, 70671.096145174262347 ], [ 579447.497204572660848, 70548.275243471929571 ], [ 579422.769051669398323, 70548.271811348415213 ], [ 579422.79968312708661, 70327.194067712407559 ], [ 579398.07141062268056, 70327.190647392315441 ], [ 579398.081596556585282, 70253.498180675960612 ], [ 579373.353433343232609, 70253.494765018826001 ], [ 579373.373766854521818, 70106.109728783223545 ], [ 579348.645598521106876, 70106.106321352577652 ], [ 579348.655746123637073, 70032.413641287916107 ], [ 579323.927575814537704, 70032.410238499272964 ], [ 579323.944459470338188, 69909.589369366673054 ], [ 579299.216285100788809, 69909.585973603738239 ], [ 579299.223028156207874, 69860.457672699791146 ], [ 579274.494852895615622, 69860.454280381047283 ], [ 579274.504955454031006, 69786.761722214869224 ], [ 579249.776666951715015, 69786.758334515805473 ], [ 579249.793475600075908, 69663.937484310939908 ], [ 579225.065294341999106, 69663.93410364355077 ], [ 579225.07200740952976, 69614.805810307982028 ], [ 579200.343825241201557, 69614.802433078803006 ], [ 579200.353882837342098, 69541.109886261285283 ], [ 579175.625587454298511, 69541.106513644816005 ], [ 579175.635631260811351, 69467.413970586814685 ], [ 579150.907556502497755, 69467.410602626317996 ], [ 579150.914244357729331, 69418.282316768367309 ], [ 579126.185946141835302, 69418.278952210588614 ], [ 579126.192627192474902, 69369.150558278401149 ], [ 579101.464439376606606, 69369.147197167301783 ], [ 579101.471113595645875, 69320.018916228975286 ], [ 579076.742924879188649, 69320.01555854792241 ], [ 579076.746259172679856, 69295.451419302451541 ], [ 579052.017959331977181, 69295.4480638456007 ], [ 579052.024622289231047, 69246.319787795015145 ], [ 579027.296432850998826, 69246.31643578071089 ], [ 579027.2997615308268, 69221.752188431375544 ], [ 579002.571572233340703, 69221.748838654530118 ], [ 579002.57822393765673, 69172.620567482314073 ], [ 578977.850033768103458, 69172.617221130305552 ], [ 578977.856678684125654, 69123.488841879137908 ], [ 578953.128376342123374, 69123.485498935435317 ], [ 578953.131695967516862, 69098.921476334784529 ], [ 578928.403505054302514, 69098.918135640604305 ], [ 578928.406822490040213, 69074.353893166524358 ], [ 578903.678631746675819, 69074.350554706063122 ], [ 578903.685260986792855, 69025.222182743760641 ], [ 578878.957069345982745, 69025.218847702941275 ], [ 578878.96038115140982, 69000.654718208010308 ], [ 578854.232189680682495, 69000.651385399047285 ], [ 578854.235499269329011, 68976.087257104649325 ], [ 578829.507196667138487, 68976.083926511812024 ], [ 578829.513810249161907, 68926.955561831447994 ], [ 578804.785729314899072, 68926.952234684489667 ], [ 578804.789033294538967, 68902.388108829356497 ], [ 578780.06072997848969, 68902.38478388171643 ], [ 578780.064031743910164, 68877.820659232282196 ], [ 578730.607649155077524, 68877.814014867297374 ], [ 578730.610947670647874, 68853.249892601263127 ], [ 578705.882645848207176, 68853.24657315290824 ], [ 578705.889237278490327, 68804.118331062985817 ], [ 578557.519995323964395, 68804.098450542907813 ], [ 578557.516706409747712, 68828.662564481099253 ], [ 578508.060341111966409, 68828.655943621284678 ], [ 578508.057053095661104, 68853.220055217418121 ], [ 578532.785122845089063, 68853.223366292208084 ], [ 578532.781832619337365, 68877.787479096194147 ], [ 578483.325473843724467, 68877.780855598000926 ], [ 578483.32876199693419, 68853.216745155805256 ], [ 578433.872405891073868, 68853.21012819124735 ], [ 578433.869119810289703, 68877.774236273151473 ], [ 578409.140833311947063, 68877.770928160840413 ], [ 578409.13425970764365, 68926.89914201432839 ], [ 578384.406199007993564, 68926.895832616704865 ], [ 578384.402911485522054, 68951.459938394997152 ], [ 578409.130971147795208, 68951.463248971835128 ], [ 578409.124390498269349, 69000.591573492099997 ], [ 578384.396332911797799, 69000.588260556818568 ], [ 578384.389749652589671, 69049.716582794484566 ], [ 578359.661472792504355, 69049.713268516876269 ], [ 578359.658180452417582, 69074.277373218952562 ], [ 578384.386456273379736, 69074.280688675411511 ], [ 578384.37986600084696, 69123.408900505222846 ], [ 578359.6515922594117, 69123.405582691077143 ], [ 578359.644999367650598, 69172.533902776558534 ], [ 578433.829595372430049, 69172.543866405670997 ], [ 578433.813077046419494, 69295.36451886811119 ], [ 578384.35676311980933, 69295.357863616838586 ], [ 578384.353458027122542, 69319.921969703602372 ], [ 578359.625192618463188, 69319.918642458636896 ], [ 578359.621887382818386, 69344.482857930866885 ], [ 578334.893735468504019, 69344.479530572425574 ], [ 578334.890430135186762, 69369.043523805696168 ], [ 578310.162280447781086, 69369.040196319561801 ], [ 578310.158974958118051, 69393.604409470208338 ], [ 578285.430827514617704, 69393.601081857123063 ], [ 578285.420907202875242, 69467.293386287536123 ], [ 578235.964510850259103, 69467.286727136815898 ], [ 578235.95458626979962, 69540.979135233879788 ], [ 578211.226448641857132, 69540.9758037145657 ], [ 578211.219828497734852, 69590.104110377389588 ], [ 578186.491582868969999, 69590.100777543979348 ], [ 578186.478332776925527, 69688.357165325796814 ], [ 578161.750315089244395, 69688.353828873063321 ], [ 578161.747000679140911, 69712.91803523816634 ], [ 578137.018762660911307, 69712.914698635504465 ], [ 578137.012132465140894, 69762.042887989577139 ], [ 578112.28400901297573, 69762.0395501076855 ], [ 578112.277376231737435, 69811.167847731907386 ], [ 578087.549256054102443, 69811.16450855723815 ], [ 578087.535980719025247, 69909.420878287564847 ], [ 578038.079752328572795, 69909.414193717122544 ], [ 578038.076432666857727, 69933.978394389079767 ], [ 577988.62009983160533, 69933.971711692531244 ], [ 577988.606818006839603, 70032.228063057860709 ], [ 577963.878713206504472, 70032.224718614554149 ], [ 577963.868742733960971, 70105.91719991491118 ], [ 577939.140530998702161, 70105.913852999801748 ], [ 577939.137206257786602, 70130.477828071467229 ], [ 577963.86541693797335, 70130.481176159082679 ], [ 577963.858761805808172, 70179.609460322055384 ], [ 577889.674362207413651, 70179.599412243391271 ], [ 577889.664380287518725, 70253.291772832817514 ], [ 577864.93628971464932, 70253.288422090176027 ], [ 577864.926300507155247, 70326.980668816249818 ], [ 577840.198103002039716, 70326.977315609619836 ], [ 577840.194771997514181, 70351.541396720363991 ], [ 577889.651054785703309, 70351.548106526213815 ], [ 577889.654387907125056, 70326.984023073062417 ], [ 577914.382476494996808, 70326.987378395162523 ], [ 577914.379142315126956, 70351.55146302007779 ], [ 578013.291615493246354, 70351.564899667180725 ], [ 578013.284935153904371, 70400.693188898789231 ], [ 577988.556845029466785, 70400.689825795794604 ], [ 577988.553504178184085, 70425.253914001077646 ], [ 578062.737774922745302, 70425.264010030121426 ], [ 578062.74111895263195, 70400.699918303958839 ], [ 578038.013137743808329, 70400.696553083311301 ], [ 578038.016479547950439, 70376.132462552079232 ], [ 578087.472667831461877, 70376.13919174169132 ], [ 578087.479352190624923, 70327.01089550794859 ], [ 578038.023159672738984, 70327.004171015083557 ], [ 578038.029835132881999, 70277.875879555504071 ], [ 578062.75782163371332, 70277.87923890617094 ], [ 578062.764494513394311, 70228.751166263231426 ], [ 578087.492706875898875, 70228.754524359916104 ], [ 578087.48936995503027, 70253.318617113982327 ], [ 578161.673788399551995, 70253.328701281978283 ], [ 578161.677128491341136, 70228.764605002550525 ], [ 578186.405123020289466, 70228.767967324180063 ], [ 578186.395096069085412, 70302.460259752740967 ], [ 578211.123311175615527, 70302.463626697135624 ], [ 578211.13668235053774, 70204.207121591869509 ], [ 578235.864791591186076, 70204.210484879615251 ], [ 578235.861449482734315, 70228.774695204236195 ], [ 578260.589558843057603, 70228.778060732380254 ], [ 578260.582869049743749, 70277.906152186085819 ], [ 578285.31108876504004, 70277.909521147870691 ], [ 578285.301042092032731, 70351.601938367108232 ], [ 578310.029148531612009, 70351.605311911436729 ], [ 578310.019088152330369, 70425.297732845923747 ], [ 578334.747192614362575, 70425.301110990199959 ], [ 578334.743835744215176, 70449.865326219573035 ], [ 578310.015732342028059, 70449.861946897188318 ], [ 578310.009017240954563, 70498.99015397526091 ], [ 578334.737118522170931, 70498.993535653818981 ], [ 578334.730396602652036, 70548.12185571565351 ], [ 578359.458496944862418, 70548.125240819019382 ], [ 578359.465220986749046, 70498.996918400269351 ], [ 578384.193435902241617, 70499.000302229833324 ], [ 578384.203516355948523, 70425.307870494289091 ], [ 578458.38795524451416, 70425.318017743629753 ], [ 578458.391316226567142, 70400.75390718287963 ], [ 578557.303773903520778, 70400.767447039688705 ], [ 578557.30713794962503, 70376.203331776327104 ], [ 578582.035256408620626, 70376.206718224726501 ], [ 578582.028525023721159, 70425.33495113599929 ], [ 578631.484872533241287, 70425.341731975626317 ], [ 578631.474760271725245, 70499.034199137677206 ], [ 578656.202877002186142, 70499.037594698820612 ], [ 578656.219730185344815, 70376.216883981367573 ], [ 578680.947853391990066, 70376.220274693900137 ], [ 578680.944484050036408, 70400.784395870039589 ], [ 578705.672607403132133, 70400.787788832269143 ], [ 578705.665863057365641, 70449.916144158472889 ], [ 578730.394096755655482, 70449.919540570495883 ], [ 578730.390721765928902, 70474.483664177212631 ], [ 578755.118844309006818, 70474.487062825501198 ], [ 578755.12222035904415, 70449.922938034374965 ], [ 578779.850345169194043, 70449.926336565404199 ], [ 578779.860469451639801, 70376.233848219620995 ], [ 578755.132341463002376, 70376.230453242955264 ], [ 578755.135712820687331, 70351.666217998106731 ], [ 578730.407584979897365, 70351.66282527189469 ], [ 578730.410954087041318, 70327.098701769908075 ], [ 578705.682715093018487, 70327.095311278157169 ], [ 578705.692812182242051, 70253.402944443514571 ], [ 578755.149186421534978, 70253.409719371658866 ], [ 578755.159279279992916, 70179.71723508220748 ], [ 578779.887415728531778, 70179.720620580555988 ], [ 578779.88068621524144, 70228.8489826368168 ], [ 578804.608933005598374, 70228.852371583794593 ], [ 578804.602196699357592, 70277.980515012648539 ], [ 578829.330220031202771, 70277.98390736397414 ], [ 578829.3268490312621, 70302.548146101544262 ], [ 578854.055095047922805, 70302.551540733868023 ], [ 578854.051721827127039, 70327.11567014704633 ], [ 578928.236130021046847, 70327.125863947643666 ], [ 578928.242881646729074, 70277.997487491069478 ], [ 578903.514742276398465, 70277.994090866297483 ], [ 578903.5248576750746, 70204.301695715010283 ], [ 578977.709400185500272, 70204.311878111722763 ], [ 578977.712772795464844, 70179.747742867912166 ], [ 579101.353631996433251, 70179.76472884316172 ], [ 579101.350254105520435, 70204.328870031386032 ], [ 579076.622103179339319, 70204.325469523639185 ], [ 579076.618725147680379, 70228.88972007438133 ], [ 579051.890465196687728, 70228.886319425524562 ], [ 579051.88708705548197, 70253.450458270322997 ], [ 579027.158940648543648, 70253.44705751168658 ], [ 579027.162317732698284, 70228.882919855765067 ], [ 578977.706026380183175, 70228.87612390765571 ], [ 578977.702651409781538, 70253.440259186929325 ], [ 578952.974397304467857, 70253.436861605528975 ], [ 578952.971022226265632, 70278.000885180401383 ], [ 579051.883707748260349, 70278.014486598462099 ], [ 579051.876945544034243, 70327.14287493644224 ], [ 579027.148802309995517, 70327.139470611160505 ], [ 579027.152182937134057, 70302.575332886233809 ], [ 579002.424039827543311, 70302.571930814752704 ], [ 579002.417279508779757, 70351.700203902204521 ], [ 579126.058107689139433, 70351.71723681667936 ], [ 579126.051332043134607, 70400.845632411685074 ], [ 579150.779588181059808, 70400.849044584596413 ], [ 579150.769412671681494, 70474.541586442748667 ], [ 579126.041159713407978, 70474.538170698695467 ], [ 579126.030976741807535, 70548.230709174356889 ], [ 579150.759226517053321, 70548.234128489537397 ], [ 579150.752429843414575, 70597.362416263043997 ], [ 579126.024182192049921, 70597.358994567126501 ], [ 579126.017382912454195, 70646.487280043889768 ], [ 579150.745628438540734, 70646.490704120544251 ], [ 579150.735417444841005, 70720.183246608270565 ], [ 579126.007175109582022, 70720.179818960488774 ], [ 579126.000364005682059, 70769.308104647469008 ], [ 579150.728604211937636, 70769.311534675987787 ], [ 579150.725195821258239, 70793.875678741416777 ], [ 579175.453213595203124, 70793.879111001777346 ], [ 579175.449802956311032, 70818.443256285274401 ], [ 579150.721786247799173, 70818.439822834174265 ], [ 579150.708136095083319, 70916.696620472270297 ], [ 579175.436148538137786, 70916.700058686299599 ], [ 579175.432731983368285, 70941.264204068909748 ], [ 579150.704720607493073, 70941.260764664140879 ], [ 579150.701303937239572, 70965.82490887712629 ], [ 579125.973072261898778, 70965.821469325645012 ], [ 579125.976487864507362, 70941.25732630303537 ], [ 579101.248367609572597, 70941.253889031984727 ], [ 579101.244953074608929, 70965.818030864611501 ], [ 579076.516835073707625, 70965.814593478527968 ], [ 579076.513420424656942, 70990.378734142606845 ], [ 579101.241537357564084, 70990.382172718294896 ], [ 579101.227862653206103, 71088.638850888222805 ], [ 579076.499749996117316, 71088.635407554058474 ], [ 579076.496329438639805, 71113.199548323798808 ], [ 579002.311890589655377, 71113.18922120014031 ], [ 579002.301631446927786, 71186.881743480233126 ], [ 578977.573527870234102, 71186.878299700838397 ], [ 578977.563261317322031, 71260.570818600841449 ], [ 579002.291361678973772, 71260.574265944625949 ], [ 579002.287936066975817, 71285.138403302233201 ], [ 578977.559836777742021, 71285.134954770328477 ], [ 578977.556411057943478, 71309.699090954716667 ], [ 578952.828202750417404, 71309.69564229932439 ], [ 578952.835050864610821, 71260.567372320976574 ], [ 578903.378856105031446, 71260.560483030552859 ], [ 578903.375434782821685, 71285.124615637891111 ], [ 578878.647340260678902, 71285.12117142516945 ], [ 578878.637072438956238, 71358.81356579560088 ], [ 578928.093256224645302, 71358.820462421776028 ], [ 578928.082971332943998, 71432.512974648023373 ], [ 578878.626793993171304, 71432.50607090088306 ], [ 578878.613072901498526, 71530.762707824149402 ], [ 578928.069241636549123, 71530.769621065890533 ], [ 578928.062369703664444, 71579.897999668086413 ], [ 578952.790453717345372, 71579.901460289009265 ], [ 578952.787014927715063, 71604.46548500310746 ], [ 579002.243295645923354, 71604.472411889204523 ], [ 579002.226073107682168, 71727.293321427830961 ], [ 579026.95415423985105, 71727.29679243254941 ], [ 579026.961048942292109, 71678.168514608711121 ], [ 579051.68913341476582, 71678.171984322179924 ], [ 579051.696025565383025, 71629.043593662019703 ], [ 579076.424224680988118, 71629.04706209836877 ], [ 579076.431114245671779, 71579.918779688785435 ], [ 579101.159205435076728, 71579.92224681530206 ], [ 579101.155760181834921, 71604.486278661483084 ], [ 579125.883851480437443, 71604.489748062260333 ], [ 579125.876955225598067, 71653.618145817497862 ], [ 579076.420778126106597, 71653.611203341381042 ], [ 579076.413881471264176, 71702.739485878802952 ], [ 579051.685685590840876, 71702.736013874717173 ], [ 579051.675334968836978, 71776.428544816939393 ], [ 579026.947254813509062, 71776.425070347992005 ], [ 579026.943803328904323, 71800.989209334598854 ], [ 578977.487648754031397, 71800.98226128180977 ], [ 578977.470384414424188, 71923.803055196054629 ], [ 578903.286066460423172, 71923.792623447618098 ], [ 578903.289518423960544, 71899.228600830479991 ], [ 578878.561450833338313, 71899.225126951787388 ], [ 578878.551094606169499, 71972.917522920150077 ], [ 578903.279158949386328, 71972.92100035873591 ], [ 578903.272246722015552, 72022.049377361763618 ], [ 578928.000310079194605, 72022.052858264592942 ], [ 578928.010679893312044, 71948.360344503031229 ], [ 578977.466927993460558, 71948.367302471830044 ], [ 578977.463470407761633, 71972.931439231469994 ], [ 579002.191539518069476, 71972.934921030930127 ], [ 579002.188079669023864, 71997.499059000081616 ], [ 579026.916148906573653, 71997.502543078255258 ], [ 579026.912686777766794, 72022.066792801182601 ], [ 579076.368937937309965, 72022.0737666230998 ], [ 579076.36547249101568, 72046.637797664123354 ], [ 579101.093543149181642, 72046.641287393300445 ], [ 579101.097009679535404, 72022.077255162657821 ], [ 579125.825082608032972, 72022.080744793187478 ], [ 579125.818146166042425, 72071.209032730999752 ], [ 579150.546329414122738, 72071.212525848910445 ], [ 579150.549799326341599, 72046.648270141347894 ], [ 579175.277762292069383, 72046.651763128800667 ], [ 579175.288168135448359, 71972.959324168958119 ], [ 579200.016358113149181, 71972.962814705868368 ], [ 579200.019825444091111, 71948.398667239714996 ], [ 579224.747906430973671, 71948.402157659671502 ], [ 579224.772152208955958, 71776.452896573653561 ], [ 579249.500241950619966, 71776.456379740557168 ], [ 579249.503701972891577, 71751.892230055789696 ], [ 579224.775611151359044, 71751.888748080746154 ], [ 579224.785980875138193, 71678.196302748867311 ], [ 579323.698475613375194, 71678.210222877110937 ], [ 579323.701934149139561, 71653.645959168541594 ], [ 579397.886237600701861, 71653.656407072296133 ], [ 579397.893157567596063, 71604.52798308817728 ], [ 579447.349481458659284, 71604.53494902139937 ], [ 579447.363315736991353, 71506.278312833077507 ], [ 579472.091428164276294, 71506.281792638037587 ], [ 579472.094884857069701, 71481.717521912869415 ], [ 579447.366771353990771, 71481.714043303116341 ], [ 579447.373678995179944, 71432.585725382217788 ], [ 579397.917340037995018, 71432.578776173977531 ], [ 579397.92078992840834, 71408.014619634690462 ], [ 579348.464564903639257, 71408.007677158006118 ], [ 579348.471456843893975, 71358.879258374756319 ], [ 579397.92768616520334, 71358.886196075851331 ], [ 579397.938021598383784, 71285.193726712663192 ], [ 579422.666252550436184, 71285.197193616826553 ], [ 579422.66969639423769, 71260.633036004088353 ], [ 579447.397818356985226, 71260.636502777648275 ], [ 579447.40126208611764, 71236.072343997569988 ], [ 579422.673139051301405, 71236.068878418838722 ], [ 579422.676580536877736, 71211.50461031710438 ], [ 579447.404704643413424, 71211.50807470100699 ], [ 579447.411586165311746, 71162.379757246730151 ], [ 579496.867953539709561, 71162.386684484648868 ], [ 579496.87827335530892, 71088.694090745659196 ], [ 579472.150030224816874, 71088.690630166660412 ], [ 579472.177488890243694, 70892.177241590572521 ] ], [ [ 578038.043172028963454, 70179.619517968196305 ], [ 578038.036505898227915, 70228.747809260545182 ], [ 577988.580198371550068, 70228.741098401253112 ], [ 577988.583529914380051, 70204.176899826008594 ], [ 577963.855432499549352, 70204.17354717249691 ], [ 577963.858761805808172, 70179.609460322055384 ], [ 578038.043172028963454, 70179.619517968196305 ] ], [ [ 578038.046503337565809, 70155.055427625164157 ], [ 578013.318290172843263, 70155.052075176979997 ], [ 578013.321619274793193, 70130.487875491104205 ], [ 578062.777826334000565, 70130.494579072343186 ], [ 578062.784485230105929, 70081.366396142635494 ], [ 578087.512703926418908, 70081.369747193049989 ], [ 578087.499377232161351, 70179.62622837080562 ], [ 578038.043172028963454, 70179.619517968196305 ], [ 578038.046503337565809, 70155.055427625164157 ] ], [ [ 578730.43114403821528, 70179.713850646920037 ], [ 578730.434504909673706, 70155.149727291209274 ], [ 578680.978124589077197, 70155.142963962309295 ], [ 578680.981482188217342, 70130.578732457695878 ], [ 578730.437864619772881, 70130.585493418868282 ], [ 578730.444580480107106, 70081.457246811769437 ], [ 578779.900860612513497, 70081.464007268557907 ], [ 578779.904218886629678, 70056.899881620774977 ], [ 578804.632473065168597, 70056.903262271574931 ], [ 578804.635831231018528, 70032.339024928252911 ], [ 578779.907575998571701, 70032.335645462619141 ], [ 578779.91428666037973, 69983.207394283817848 ], [ 578804.642543999711052, 69983.210771379104699 ], [ 578804.649252057890408, 69934.08251790695067 ], [ 578779.920992613187991, 69934.079143181996187 ], [ 578779.924343838705681, 69909.514907127930201 ], [ 578755.196195796481334, 69909.511534662291524 ], [ 578755.202892582514323, 69860.383286061114632 ], [ 578705.746484610135667, 69860.376549028529553 ], [ 578705.749829150852747, 69835.812316583833308 ], [ 578656.293535116477869, 69835.805586166272406 ], [ 578656.296876349602826, 69811.241577190565295 ], [ 578582.112329797819257, 69811.2314930306311 ], [ 578582.115666734753177, 69786.667266548436601 ], [ 578557.387522967066616, 69786.663908463611733 ], [ 578557.390857664868236, 69762.099793721456081 ], [ 578631.575406946474686, 69762.109867615814437 ], [ 578631.585413453634828, 69688.417402330349432 ], [ 578582.129002694506198, 69688.410692433288204 ], [ 578582.13233374489937, 69663.846576592302881 ], [ 578507.94789028679952, 69663.836523230798775 ], [ 578507.951217018766329, 69639.272410954872612 ], [ 578483.222959263017401, 69639.269063110492425 ], [ 578483.219633579137735, 69663.833174205719843 ], [ 578458.491600600187667, 69663.829826266010059 ], [ 578458.484947796212509, 69712.958156701744883 ], [ 578483.212978677940555, 69712.961507002095459 ], [ 578483.206319100339897, 69762.089729337705649 ], [ 578507.934571612160653, 69762.093083085623221 ], [ 578507.927905228105374, 69811.221418403089046 ], [ 578458.471628133556806, 69811.214707272098167 ], [ 578458.481619642931037, 69737.52226667884679 ], [ 578433.753368443925865, 69737.518916224347777 ], [ 578433.736715327366255, 69860.339571065123891 ], [ 578458.46496127510909, 69860.342927419420448 ], [ 578458.46162608708255, 69884.907037521130405 ], [ 578433.733381190802902, 69884.903679986862699 ], [ 578433.730045882170089, 69909.467788929396193 ], [ 578409.001803239458241, 69909.464431274143863 ], [ 578409.005137496395037, 69884.900323511203169 ], [ 578334.820747337071225, 69884.890260481071891 ], [ 578334.824077268131077, 69860.326156275434187 ], [ 578285.36782099341508, 69860.319455237433431 ], [ 578285.371147666708566, 69835.755242864746833 ], [ 578260.64290897664614, 69835.751895095367217 ], [ 578260.64623339951504, 69811.187905001861509 ], [ 578211.189980032737367, 69811.181215020333184 ], [ 578211.19330121553503, 69786.617006226428202 ], [ 578186.465063975658268, 69786.613663983080187 ], [ 578186.468382924795151, 69762.049566923553357 ], [ 578161.740368384635076, 69762.046226943231886 ], [ 578161.743685115827248, 69737.482131080323597 ], [ 578285.384442601585761, 69737.498835756356129 ], [ 578285.381120622740127, 69762.062937502312707 ], [ 578310.109252361929975, 69762.066282781292102 ], [ 578310.119217951549217, 69688.373863528788206 ], [ 578334.847354038152844, 69688.377206330202171 ], [ 578334.844032286549918, 69712.94142093420669 ], [ 578409.028444501571357, 69712.95145920869254 ], [ 578409.041737018735148, 69614.694918402092298 ], [ 578532.682580032153055, 69614.711646387688234 ], [ 578532.685905465041287, 69590.147532972114277 ], [ 578582.142319850390777, 69590.154229193620267 ], [ 578582.145646218443289, 69565.59000289173855 ], [ 578606.873800609027967, 69565.593351393952616 ], [ 578606.87712683447171, 69541.029234474306577 ], [ 578779.974470769520849, 69541.052695239413879 ], [ 578779.967802474158816, 69590.18105621470022 ], [ 578829.424129411461763, 69590.187773503712378 ], [ 578829.427466249209829, 69565.623535363120027 ], [ 578854.155743835261092, 69565.626894418019219 ], [ 578854.159080526558682, 69541.062765655980911 ], [ 578878.887249066028744, 69541.066124563236372 ], [ 578878.880572396563366, 69590.194495024363277 ], [ 578903.608740050927736, 69590.19785735833284 ], [ 578903.602056586532854, 69639.326119731733343 ], [ 578928.330223326571286, 69639.32948549388675 ], [ 578928.326878777588718, 69663.893617898676894 ], [ 578903.598713085637428, 69663.890250949509209 ], [ 578903.595368405571207, 69688.454382187992451 ], [ 578928.323533049086109, 69688.457750324188964 ], [ 578928.313488771906123, 69762.150258268986363 ], [ 578953.041651477222331, 69762.153631023000344 ], [ 578953.03494728973601, 69811.282008973037591 ], [ 578928.306786684552208, 69811.278633844238357 ], [ 578928.303433894412592, 69835.842655856700731 ], [ 578953.0315934488317, 69835.846032172892592 ], [ 578953.028238397906534, 69860.410276474882266 ], [ 578878.843766486737877, 69860.400147138745524 ], [ 578878.837059185025282, 69909.528407595294993 ], [ 578854.108906383160502, 69909.525030893797521 ], [ 578854.105552001157776, 69934.089270504497108 ], [ 578829.377290158183314, 69934.085893660856527 ], [ 578829.370579994749278, 69983.214149504085071 ], [ 578878.826989376684651, 69983.22090897988528 ], [ 578878.823630421422422, 70007.785039301757934 ], [ 578903.551780221168883, 70007.788421808829298 ], [ 578903.545056651695631, 70056.916795425902819 ], [ 578878.816908959648572, 70056.913410545530496 ], [ 578878.813546468154527, 70081.477540936190053 ], [ 578854.085401038988493, 70081.474155930744018 ], [ 578854.088762476108968, 70056.910026726342039 ], [ 578829.360505899298005, 70056.906643953145249 ], [ 578829.350421217037365, 70130.599028058524709 ], [ 578779.894140532589518, 70130.59225861406594 ], [ 578779.890778711647727, 70155.156494855633355 ], [ 578755.162641207338311, 70155.153110542087234 ], [ 578755.159279279992916, 70179.71723508220748 ], [ 578730.43114403821528, 70179.713850646920037 ] ], [ [ 578779.97780314378906, 69516.488570054687443 ], [ 578804.706080424366519, 69516.491924631729489 ], [ 578804.70274700387381, 69541.056051001607557 ], [ 578779.974470769520849, 69541.052695239413879 ], [ 578779.97780314378906, 69516.488570054687443 ] ], [ [ 578952.793891358072869, 71555.337214521103306 ], [ 579002.250176384695806, 71555.344136655432521 ], [ 579002.246736590168439, 71579.90838479922968 ], [ 578952.790453717345372, 71579.901460289009265 ], [ 578952.793891358072869, 71555.337214521103306 ] ], [ [ 579051.702912975102663, 71579.91531363093236 ], [ 579051.706354923546314, 71555.351063109759707 ], [ 579076.434557270957157, 71555.35452797835751 ], [ 579076.431114245671779, 71579.918779688785435 ], [ 579051.702912975102663, 71579.91531363093236 ] ], [ [ 579472.14315367070958, 71137.819060422043549 ], [ 579447.415025145397522, 71137.815598545057583 ], [ 579447.421899559441954, 71088.687170680073905 ], [ 579472.150030224816874, 71088.690630166660412 ], [ 579472.14315367070958, 71137.819060422043549 ] ], [ [ 578458.448273595655337, 69983.163588679599343 ], [ 578483.176292916294187, 69983.166951963517931 ], [ 578483.172950812848285, 70007.731063349550823 ], [ 578458.444932545418851, 70007.727698885311838 ], [ 578458.448273595655337, 69983.163588679599343 ] ], [ [ 578112.227481611305848, 70179.629585166694596 ], [ 578136.955587164848112, 70179.632943025615532 ], [ 578136.952250465401448, 70204.197038094062009 ], [ 578112.224145968095399, 70204.193679060015711 ], [ 578112.227481611305848, 70179.629585166694596 ] ], [ [ 578681.068366748164408, 69491.911041894898517 ], [ 578705.796529043582268, 69491.914391061116476 ], [ 578705.793200984131545, 69516.478512671877979 ], [ 578681.065039734588936, 69516.475162321992684 ], [ 578681.068366748164408, 69491.911041894898517 ] ], [ [ 579274.471238816389814, 70032.403436104461434 ], [ 579299.199406709405594, 70032.406836771449889 ], [ 579299.196027463884093, 70056.971097896283027 ], [ 579274.467860624776222, 70056.967696036692359 ], [ 579274.471238816389814, 70032.403436104461434 ] ], [ [ 577963.845437590498477, 70277.865807830283302 ], [ 577988.573531834641472, 70277.869164002448088 ], [ 577988.570196795393713, 70302.43336264041136 ], [ 577963.842103609116748, 70302.430005295347655 ], [ 577963.845437590498477, 70277.865807830283302 ] ], [ [ 578186.445125714410096, 69933.998467857556534 ], [ 578211.173356647137552, 69934.001817158365157 ], [ 578211.17002846673131, 69958.565915545885218 ], [ 578186.441798586514778, 69958.562565068845288 ], [ 578186.445125714410096, 69933.998467857556534 ] ], [ [ 578977.525526438956149, 71530.776538657286437 ], [ 578952.797327803564258, 71530.773079312057234 ], [ 578952.80076306918636, 71506.208944117970532 ], [ 578977.528962780721486, 71506.212402275457862 ], [ 578977.525526438956149, 71530.776538657286437 ] ], [ [ 578977.532397957751527, 71481.648155383620178 ], [ 579002.260488653904758, 71481.651613420559443 ], [ 579002.257052401080728, 71506.215861500517349 ], [ 578977.528962780721486, 71506.212402275457862 ], [ 578977.532397957751527, 71481.648155383620178 ] ], [ [ 579051.747566005564295, 71260.581163870476303 ], [ 579076.475781246903352, 71260.584614468083601 ], [ 579076.46549121348653, 71334.277037291802117 ], [ 579051.737279190681875, 71334.273583126458107 ], [ 579051.747566005564295, 71260.581163870476303 ] ], [ [ 578507.911218759370968, 69934.042091260460438 ], [ 578532.639242565375753, 69934.045454302395228 ], [ 578532.642583269625902, 69909.481230079574743 ], [ 578557.370831854408607, 69909.484593029657844 ], [ 578557.364147182670422, 69958.612933327822248 ], [ 578532.63590070256032, 69958.609568014842807 ], [ 578532.632557666162029, 69983.173681741842302 ], [ 578507.904535965528339, 69983.170316337782424 ], [ 578507.911218759370968, 69934.042091260460438 ] ], [ [ 578952.804197170422412, 71481.644698413903825 ], [ 578928.076108851353638, 71481.641242542522377 ], [ 578928.079540666425601, 71457.077219122176757 ], [ 578952.807630060939118, 71457.080673806194682 ], [ 578952.804197170422412, 71481.644698413903825 ] ], [ [ 578952.817921714973636, 71383.388157954075723 ], [ 578977.546126801753417, 71383.391610172751825 ], [ 578977.549556077690795, 71358.827363387143123 ], [ 579002.277652147226036, 71358.830815483437618 ], [ 579002.263923695194535, 71457.087586436973652 ], [ 578952.807630060939118, 71457.080673806194682 ], [ 578952.817921714973636, 71383.388157954075723 ] ], [ [ 579126.081785165355541, 70179.768129224336008 ], [ 579150.810050822328776, 70179.771530683879973 ], [ 579150.813429642817937, 70155.20738714246545 ], [ 579175.541474988218397, 70155.210788443713682 ], [ 579175.538095111958683, 70179.774933175867773 ], [ 579249.722680304665118, 70179.785147091446561 ], [ 579249.702357156667858, 70327.170147919940064 ], [ 579126.061493730871007, 70327.153094319379306 ], [ 579126.081785165355541, 70179.768129224336008 ] ], [ [ 578458.511530843214132, 69516.445056543452665 ], [ 578433.783270214917138, 69516.441716708650347 ], [ 578433.789902168209665, 69467.313388964117621 ], [ 578409.061640650383197, 69467.310052541506593 ], [ 578409.064953816356137, 69442.74594515170611 ], [ 578483.249522541998886, 69442.755954006395768 ], [ 578483.269395734881982, 69295.371178318047896 ], [ 578507.997668124735355, 69295.374509632485569 ], [ 578508.000977273564786, 69270.810287129090284 ], [ 578532.729029357084073, 69270.813618282132666 ], [ 578532.725719165755436, 69295.377841966619599 ], [ 578557.453993933508173, 69295.381175380389323 ], [ 578557.450681540649384, 69319.945289729483193 ], [ 578582.178845193237066, 69319.948625359756988 ], [ 578582.182158629060723, 69295.384509828829323 ], [ 578606.910324511583894, 69295.387845326942625 ], [ 578606.900377551559359, 69369.08019553439226 ], [ 578582.172214798745699, 69369.076856489715283 ], [ 578582.175530568230897, 69344.512851455030614 ], [ 578557.447367958840914, 69344.509514642937575 ], [ 578557.444053232902661, 69369.073518495803 ], [ 578532.715781594975851, 69369.07018153766694 ], [ 578532.709150664974004, 69418.198518554825569 ], [ 578507.981104842154309, 69418.195180315335165 ], [ 578507.974471322726458, 69467.323404515496804 ], [ 578532.702515055658296, 69467.326745117126848 ], [ 578532.699195475783199, 69491.890968972991686 ], [ 578557.427461890038103, 69491.894311838404974 ], [ 578557.420817147241905, 69541.022540887628566 ], [ 578458.508212069631554, 69541.009166354851914 ], [ 578458.511530843214132, 69516.445056543452665 ] ] ] } },
{ "type": "Feature", "properties": { "objectid": 483633, "pxlval": 1, "Shape__Area": 3.555552222222001e-06, "Shape__Length": 0.015111108 }, "geometry": { "type": "Polygon", "coordinates": [ [ [ 577444.738785710884258, 68902.206787245580927 ], [ 577444.745276132016443, 68853.078664854663657 ], [ 577420.017035797005519, 68853.075399640525575 ], [ 577420.013792201294564, 68877.639459664176684 ], [ 577370.557539646280929, 68877.632930065825349 ], [ 577370.560781169449911, 68853.068872370480676 ], [ 577246.920053844805807, 68853.05257243241067 ], [ 577246.923289032652974, 68828.488520578117459 ], [ 577222.195168305421248, 68828.485264884031494 ], [ 577222.191934153437614, 68853.049315576587105 ], [ 577148.007470792741515, 68853.039551252193633 ], [ 577148.010701837134548, 68828.475504042609828 ], [ 577073.826245882431976, 68828.465752584408619 ], [ 577073.823017945629545, 68853.029796314367559 ], [ 577024.366796070011333, 68853.023298247004277 ], [ 577024.370021935203113, 68828.459256834932603 ], [ 576999.641911704209633, 68828.456010524052544 ], [ 576999.645135382888839, 68803.891970290875179 ], [ 576974.917025296483189, 68803.888726180593949 ], [ 576974.920246789348312, 68779.324687125874334 ], [ 577345.842370152007788, 68779.373440846451558 ], [ 577345.839133132481948, 68803.937497310471372 ], [ 577518.936273657251149, 68803.960337430034997 ], [ 577518.933028233586811, 68828.524402067501796 ], [ 577617.845685747917742, 68828.53748115801136 ], [ 577617.83593009156175, 68902.229689200714347 ], [ 577444.738785710884258, 68902.206787245580927 ] ] ] } },
{ "type": "Feature", "properties": { "objectid": 483634, "pxlval": 1, "Shape__Area": 7.9012432098700015e-07, "Shape__Length": 0.005333334 }, "geometry": { "type": "Polygon", "coordinates": [ [ [ 575268.675291512859985, 68828.231359324403456 ], [ 575268.678442708798684, 68803.667399253870826 ], [ 575293.406584536656737, 68803.670571466805995 ], [ 575293.416034494061023, 68729.978577438028879 ], [ 575318.143958006985486, 68729.981747266458115 ], [ 575318.147106771706603, 68705.417785012803506 ], [ 575367.6034044084372, 68705.424125583376735 ], [ 575367.597101616673172, 68754.552054650572245 ], [ 575417.053177116787992, 68754.55840389149671 ], [ 575417.046865666285157, 68803.686448107211618 ], [ 575392.31871813419275, 68803.683270683308365 ], [ 575392.321873380802572, 68779.119304967811331 ], [ 575342.86580223008059, 68779.112955542470445 ], [ 575342.859494751319289, 68828.240882459358545 ], [ 575268.675291512859985, 68828.231359324403456 ] ] ] } },
{ "type": "Feature", "properties": { "objectid": 483635, "pxlval": 1, "Shape__Area": 6.4197446913600012e-07, "Shape__Length": 0.004888888 }, "geometry": { "type": "Polygon", "coordinates": [ [ [ 575070.863550069159828, 68729.95009567363013 ], [ 575070.866688494104892, 68705.386144730407977 ], [ 575095.594714066130109, 68705.389304074080428 ], [ 575095.600989617407322, 68656.261399990282371 ], [ 575120.32901840750128, 68656.264558115159161 ], [ 575120.332155546871945, 68631.700494437463931 ], [ 575145.060186493094079, 68631.703652472177055 ], [ 575145.053909039823338, 68680.831671571504558 ], [ 575219.238113809842616, 68680.841158712559263 ], [ 575219.23182567616459, 68729.96907414215093 ], [ 575169.775766346137971, 68729.962743826428778 ], [ 575169.778908906970173, 68705.398788363512722 ], [ 575145.050768635934219, 68705.395625883509638 ], [ 575145.047627108986489, 68729.959580215945607 ], [ 575070.863550069159828, 68729.95009567363013 ] ] ] } },
{ "type": "Feature", "properties": { "objectid": 483636, "pxlval": 1, "Shape__Area": 1.9753002469000006e-07, "Shape__Length": 0.002222222 }, "geometry": { "type": "Polygon", "coordinates": [ [ [ 574947.226466362713836, 68705.370363608351909 ], [ 574947.238988211378455, 68607.114361525469576 ], [ 574971.966900960425846, 68607.117511141419527 ], [ 574971.954374979482964, 68705.373517734333291 ], [ 574947.226466362713836, 68705.370363608351909 ] ] ] } },
{ "type": "Feature", "properties": { "objectid": 483637, "pxlval": 1, "Shape__Area": 3.456796543210001e-07, "Shape__Length": 0.003555558 }, "geometry": { "type": "Polygon", "coordinates": [ [ [ 575466.51872209366411, 68680.872850118525093 ], [ 575466.531326208263636, 68582.616753093810985 ], [ 575491.259375197347254, 68582.619923412072239 ], [ 575491.256224835291505, 68607.183893502951832 ], [ 575565.440486824605614, 68607.193414113266044 ], [ 575565.437332222703844, 68631.757498175880755 ], [ 575491.253073330852203, 68631.747974157347926 ], [ 575491.246766951866448, 68680.876024978089845 ], [ 575466.51872209366411, 68680.872850118525093 ] ] ] } },
{ "type": "Feature", "properties": { "objectid": 483638, "pxlval": 1, "Shape__Area": 2.4691441975300008e-07, "Shape__Length": 0.002222224 }, "geometry": { "type": "Polygon", "coordinates": [ [ [ 575318.15025441092439, 68680.853822779579787 ], [ 575318.153400924638845, 68656.289860566845164 ], [ 575293.425474310992286, 68656.28669413656462 ], [ 575293.428618680452928, 68631.722622540211887 ], [ 575367.612850163248368, 68631.732121608656598 ], [ 575367.606554114958271, 68680.860161083590356 ], [ 575318.15025441092439, 68680.853822779579787 ] ] ] } },
{ "type": "Feature", "properties": { "objectid": 483639, "pxlval": 1, "Shape__Area": 4.9382617284000016e-08, "Shape__Length": 0.000888888 }, "geometry": { "type": "Polygon", "coordinates": [ [ [ 575417.078377810772508, 68558.046448908222374 ], [ 575417.081522822380066, 68533.482482263061684 ], [ 575441.80957158957608, 68533.485648234476685 ], [ 575441.806425546528772, 68558.049616014221101 ], [ 575417.078377810772508, 68558.046448908222374 ] ] ] } },
{ "type": "Feature", "properties": { "objectid": 483640, "pxlval": 1, "Shape__Area": 1.4814874074100003e-07, "Shape__Length": 0.00177778 }, "geometry": { "type": "Polygon", "coordinates": [ [ [ 575046.160483133746311, 68533.435117206623545 ], [ 575046.169865041505545, 68459.743157772740233 ], [ 575070.898011085693724, 68459.746304799875361 ], [ 575070.888626086059958, 68533.43826762077515 ], [ 575046.160483133746311, 68533.435117206623545 ] ] ] } },
{ "type": "Feature", "properties": { "objectid": 483641, "pxlval": 1, "Shape__Area": 6.4197624691400019e-07, "Shape__Length": 0.00577778 }, "geometry": { "type": "Polygon", "coordinates": [ [ [ 575614.90920832939446, 68508.943863403590512 ], [ 575614.91235933243297, 68484.379887705887086 ], [ 575565.456242824904621, 68484.373546815753798 ], [ 575565.45939065143466, 68459.809462881908985 ], [ 575516.003276648931205, 68459.80312841371051 ], [ 575516.000130882952362, 68484.367210075055482 ], [ 575491.271965364576317, 68484.364043246474466 ], [ 575491.281396159087308, 68410.672022804399603 ], [ 575540.73762325453572, 68410.678350669331849 ], [ 575540.734478730126284, 68435.242322889127536 ], [ 575590.190708344685845, 68435.248657172283856 ], [ 575590.187560631544329, 68459.81263168573787 ], [ 575639.643681489280425, 68459.818972375840531 ], [ 575639.640530571807176, 68484.383059721265454 ], [ 575689.096653961576521, 68484.389406835529371 ], [ 575689.093499866663478, 68508.953385947024799 ], [ 575614.90920832939446, 68508.943863403590512 ] ] ] } },
{ "type": "Feature", "properties": { "objectid": 483642, "pxlval": 1, "Shape__Area": 5.9259296296300016e-07, "Shape__Length": 0.005333332 }, "geometry": { "type": "Polygon", "coordinates": [ [ [ 575441.819002968724817, 68459.793634474553983 ], [ 575441.828424187493511, 68386.101731441274751 ], [ 575417.100369239691645, 68386.098572277333005 ], [ 575417.09723098995164, 68410.662538800155744 ], [ 575392.369066940736957, 68410.659379523669486 ], [ 575392.372204161249101, 68386.095414135052124 ], [ 575342.916099988273345, 68386.089100986529957 ], [ 575342.922366949031129, 68336.961064261966385 ], [ 575392.378475236473605, 68336.967372875878937 ], [ 575392.37534026929643, 68361.531338223750936 ], [ 575466.559619457810186, 68361.540812325998559 ], [ 575466.556480263359845, 68386.104891641065478 ], [ 575491.284537496278062, 68386.108052876734291 ], [ 575491.281396159087308, 68410.672022804399603 ], [ 575466.55333995539695, 68410.668860433419468 ], [ 575466.547055956092663, 68459.796798079216387 ], [ 575441.819002968724817, 68459.793634474553983 ] ] ] } },
{ "type": "Feature", "properties": { "objectid": 483643, "pxlval": 1, "Shape__Area": 9.5802468641990027e-06, "Shape__Length": 0.032888886 }, "geometry": { "type": "Polygon", "coordinates": [ [ [ 574922.535835684742779, 68410.599550368729979 ], [ 574922.529596993583255, 68459.72743824844656 ], [ 574897.801569037255831, 68459.72429745736008 ], [ 574897.798449028516188, 68484.288350837741746 ], [ 574922.526475954568014, 68484.291492755612126 ], [ 574922.513980658375658, 68582.547268847833038 ], [ 574947.242115866625682, 68582.550416325771948 ], [ 574947.257737356936559, 68459.730580090661533 ], [ 575046.169865041505545, 68459.743157772740233 ], [ 575046.176114029949531, 68410.615258614168852 ], [ 574996.720043799025007, 68410.608972212939989 ], [ 574996.729402711964212, 68336.917019855522085 ], [ 575046.185479115694761, 68336.923299486079486 ], [ 575046.188598563428968, 68312.35934999845631 ], [ 575070.916750781587325, 68312.362490251543932 ], [ 575070.910508708329871, 68361.4903915051691 ], [ 575095.638548717135563, 68361.493535037632682 ], [ 575095.635424954933114, 68386.057597367384005 ], [ 575070.907385974889621, 68386.054452705546282 ], [ 575070.901137170614675, 68435.182354081378435 ], [ 575145.085251360433176, 68435.191797952924389 ], [ 575145.088379412190989, 68410.62784386560088 ], [ 575120.360339186619967, 68410.624696001934353 ], [ 575120.363465086207725, 68386.06074306507071 ], [ 575194.54770356498193, 68386.070186387500144 ], [ 575194.541444467147812, 68435.198099064495182 ], [ 575169.813402981031686, 68435.194947997486452 ], [ 575169.807141434517689, 68484.322969031069078 ], [ 575219.26322141091805, 68484.329276725868112 ], [ 575219.269487077719532, 68435.201251168109593 ], [ 575243.997642116970383, 68435.204404322517803 ], [ 575244.000774286803789, 68410.640445711003849 ], [ 575268.728708929847926, 68410.643598741662572 ], [ 575268.731841004453599, 68386.079639018527814 ], [ 575293.460000378661789, 68386.082791981447372 ], [ 575293.466263224836439, 68336.954759788524825 ], [ 575342.922366949031129, 68336.961064261966385 ], [ 575342.925498733529821, 68312.397101201757323 ], [ 575318.197333993390203, 68312.39394956639444 ], [ 575318.200463624321856, 68287.829987659628387 ], [ 575268.744358069263399, 68287.823689786586328 ], [ 575268.74748451996129, 68263.259730165213114 ], [ 575244.019543707370758, 68263.256583926384337 ], [ 575244.02266802045051, 68238.692514914291678 ], [ 575194.566453918581828, 68238.686227759040776 ], [ 575194.569575039902702, 68214.122271573156468 ], [ 575145.113363428041339, 68214.11599081379245 ], [ 575145.116481373319402, 68189.552036909590242 ], [ 575120.388431898551062, 68189.548899216984864 ], [ 575120.391547695035115, 68164.984946463213419 ], [ 575095.663498317822814, 68164.98181093322637 ], [ 575095.669724506442435, 68115.853797203075374 ], [ 575070.941674229805358, 68115.850664964367752 ], [ 575070.94478460913524, 68091.286714530608151 ], [ 575046.216623154934496, 68091.283584438599064 ], [ 575046.222838513669558, 68042.155575353201129 ], [ 575021.494787425734103, 68042.152448563938378 ], [ 575021.504098962177522, 67968.46060427253542 ], [ 574996.776045951759443, 67968.457481898702099 ], [ 574996.791537662385963, 67845.637636926709092 ], [ 574972.063369389041327, 67845.634521207830403 ], [ 574972.054080783505924, 67919.3264689638454 ], [ 574947.326139274751768, 67919.32335091814457 ], [ 574947.31064099620562, 68042.143074380044709 ], [ 574996.76673748518806, 68042.149322805315023 ], [ 574996.754310492309742, 68140.405221492939745 ], [ 574897.842027159873396, 68140.392710713655106 ], [ 574897.838921701302752, 68164.956763835754828 ], [ 574873.110882558743469, 68164.953637598402565 ], [ 574873.113986991811544, 68140.389585602708394 ], [ 574848.385836667963304, 68140.386461509842775 ], [ 574848.382733260281384, 68164.950512379495194 ], [ 574798.926660630851984, 68164.944265067359083 ], [ 574798.923558170441538, 68189.508203163437429 ], [ 574848.379628748167306, 68189.514452726521995 ], [ 574848.376523117534816, 68214.078393093848717 ], [ 574873.104670363827609, 68214.081520564810489 ], [ 574873.095343665918335, 68287.773455709830159 ], [ 574848.367199500557035, 68287.770324860772234 ], [ 574848.364089395850897, 68312.334265309429611 ], [ 574897.820265515591018, 68312.340530280256644 ], [ 574897.817152236355469, 68336.904473001690349 ], [ 574922.545185338589363, 68336.90760815894464 ], [ 574922.542069911607541, 68361.471552027505822 ], [ 574947.270214392337948, 68361.474689361130004 ], [ 574947.263978107599542, 68410.602689956649556 ], [ 574922.535835684742779, 68410.599550368729979 ] ], [ [ 574971.9918991032755, 68410.605830552551197 ], [ 574971.988778258324601, 68435.169776736860513 ], [ 574947.260858292225748, 68435.166635013447376 ], [ 574947.263978107599542, 68410.602689956649556 ], [ 574971.9918991032755, 68410.605830552551197 ] ] ] } },
{ "type": "Feature", "properties": { "objectid": 483644, "pxlval": 1, "Shape__Area": 1.0172838493829003e-05, "Shape__Length": 0.036888898 }, "geometry": { "type": "Polygon", "coordinates": [ [ [ 574848.395140137872659, 68066.69464065147622 ], [ 574848.40752911940217, 67968.438769247892196 ], [ 574823.679595325840637, 67968.435654094821075 ], [ 574823.685781053965911, 67919.307776037341682 ], [ 574798.957623786642216, 67919.30466413636168 ], [ 574798.963803012971766, 67870.176677867435501 ], [ 574774.235756107605994, 67870.173569259073702 ], [ 574774.232668081647716, 67894.737505987039185 ], [ 574724.776579724159092, 67894.731289605755592 ], [ 574724.779665707261302, 67870.167355126497569 ], [ 574700.051510924939066, 67870.164249588313396 ], [ 574700.054594770306721, 67845.600316253083292 ], [ 574749.510796235990711, 67845.606526095565641 ], [ 574749.513881020364352, 67821.042479995914618 ], [ 574724.785834337351844, 67821.039375691994792 ], [ 574724.788916956633329, 67796.475551810028264 ], [ 574749.516964659909718, 67796.478654989783536 ], [ 574749.523128629662097, 67747.350673421853571 ], [ 574798.979231497040018, 67747.356878363250871 ], [ 574798.982313837739639, 67722.792940631581587 ], [ 574823.710479269153439, 67722.796043530237512 ], [ 574823.713561524753459, 67698.231994156783912 ], [ 574798.985395074589178, 67698.228892383427592 ], [ 574798.991554167354479, 67649.10101701466192 ], [ 574823.7197226540884, 67649.104116537433583 ], [ 574823.722801541443914, 67624.540177761140512 ], [ 574774.266574937850237, 67624.533982004431891 ], [ 574774.269650686299428, 67599.969934961816762 ], [ 574823.725879324600101, 67599.976128468319075 ], [ 574823.728955961880274, 67575.41230026895937 ], [ 574799.000784423202276, 67575.409204122057417 ], [ 574799.00693235208746, 67526.281218418051139 ], [ 574774.278871185728349, 67526.278125558499596 ], [ 574774.272725289687514, 67575.406109012663364 ], [ 574749.544667302630842, 67575.403014926851029 ], [ 574749.547739799600095, 67550.838969049073057 ], [ 574700.091513886582106, 67550.832786182276323 ], [ 574700.088443422690034, 67575.396829812059877 ], [ 574675.360388830071315, 67575.393738797007245 ], [ 574675.366526594851166, 67526.265764334748383 ], [ 574700.094583220314234, 67526.2688531029562 ], [ 574700.09765145147685, 67501.704809513394139 ], [ 574675.369593810173683, 67501.701721868623281 ], [ 574675.372659882064909, 67477.1379004958726 ], [ 574700.100718538858928, 67477.14098701722105 ], [ 574700.103784537524916, 67452.576943467865931 ], [ 574650.647666310193017, 67452.570773693762021 ], [ 574650.644602341810241, 67477.134814996621571 ], [ 574625.916434670682065, 67477.131730505570886 ], [ 574625.922559448285028, 67428.003760701976717 ], [ 574650.650729149347171, 67428.006842947637779 ], [ 574650.653790872776881, 67403.442912215308752 ], [ 574625.925620157388039, 67403.439831092342502 ], [ 574625.931738243903965, 67354.311861409252742 ], [ 574576.475618672790006, 67354.305706742481561 ], [ 574576.478674009907991, 67329.741779443604173 ], [ 574551.750614917837083, 67329.738704762145062 ], [ 574551.765869839466177, 67206.918963633448584 ], [ 574527.037806801265106, 67206.915895577840274 ], [ 574527.031710203620605, 67256.043745509639848 ], [ 574502.303539055865258, 67256.040676216551219 ], [ 574502.30963363032788, 67206.912828526415979 ], [ 574477.581684124306776, 67206.909762520590448 ], [ 574477.587772223749198, 67157.781917145184707 ], [ 574452.859599275630899, 67157.778854369942565 ], [ 574452.865680902963504, 67108.651011321009719 ], [ 574527.049986632307991, 67108.66019594820682 ], [ 574527.046943358844146, 67133.224010287420242 ], [ 574576.503076613997109, 67133.230140688363463 ], [ 574576.496982642682269, 67182.358105528459419 ], [ 574601.225160222733393, 67182.361174511956051 ], [ 574601.228208769345656, 67157.797246225120034 ], [ 574625.956165941548534, 67157.800315076310653 ], [ 574625.953116384102032, 67182.36424448544858 ], [ 574675.409365909756161, 67182.370387526781997 ], [ 574675.406313215149567, 67206.934319195395801 ], [ 574700.134383017895743, 67206.937393359025009 ], [ 574700.131328195915557, 67231.501326171099208 ], [ 574724.859509405330755, 67231.504402490376378 ], [ 574724.856452455278486, 67256.068336446289322 ], [ 574774.312593685695902, 67256.074494361004326 ], [ 574774.309533580904827, 67280.638541122316383 ], [ 574799.03760488925036, 67280.641622732713586 ], [ 574799.03454266814515, 67305.205560108632199 ], [ 574823.762725369306281, 67305.20864387731126 ], [ 574823.756595547776669, 67354.336520927317906 ], [ 574774.300346603267826, 67354.330349922907772 ], [ 574774.297282028826885, 67378.894396764444537 ], [ 574799.025349284755066, 67378.897482874497655 ], [ 574799.019214782863855, 67428.025357800623169 ], [ 574823.747392415767536, 67428.02844719577115 ], [ 574823.735105923726223, 67526.284312314382987 ], [ 574848.463058065972291, 67526.287407205687487 ], [ 574848.450749616604298, 67624.543277155069518 ], [ 574873.178921390208416, 67624.54637760121841 ], [ 574873.172758411848918, 67673.674370220323908 ], [ 574848.444588673999533, 67673.671267522091512 ], [ 574848.438423271174543, 67722.799147426791023 ], [ 574897.894648516317829, 67722.805358339217491 ], [ 574897.885385892237537, 67796.497295647888677 ], [ 574922.61344152642414, 67796.500406016173656 ], [ 574922.607258815667592, 67845.628292881141533 ], [ 574947.335424816119485, 67845.63140654466406 ], [ 574947.332330760313198, 67870.195351134607336 ], [ 574897.876113208709285, 67870.189122595344088 ], [ 574897.866830438142642, 67943.881060267740395 ], [ 574873.138782079564407, 67943.877944167994428 ], [ 574873.135686611407436, 67968.441885458523757 ], [ 574897.8637339475099, 67968.445002684675273 ], [ 574897.851336778374389, 68066.700883098004851 ], [ 574848.395140137872659, 68066.69464065147622 ] ] ] } },
{ "type": "Feature", "properties": { "objectid": 483645, "pxlval": 1, "Shape__Area": 2.9629637037000007e-07, "Shape__Length": 0.003111112 }, "geometry": { "type": "Polygon", "coordinates": [ [ [ 572994.148271382320672, 65118.797861965962511 ], [ 572994.154052744386718, 65069.670153041559388 ], [ 573018.882133098901249, 65069.673062443362141 ], [ 573018.885023135691881, 65045.109096375832451 ], [ 573043.613105566240847, 65045.112005664741446 ], [ 573043.610214550746605, 65069.675972830795217 ], [ 573068.338408392621204, 65069.678884216948063 ], [ 573068.332621153909713, 65118.806599732473842 ], [ 573043.604429270955734, 65118.803686148523411 ], [ 573043.60732245654799, 65094.239829479956825 ], [ 573018.879241984104738, 65094.236917994006944 ], [ 573018.876349778030999, 65118.800773564064002 ], [ 572994.148271382320672, 65118.797861965962511 ] ] ] } },
{ "type": "Feature", "properties": { "objectid": 483646, "pxlval": 1, "Shape__Area": 3.3580250864200009e-06, "Shape__Length": 0.015111108 }, "geometry": { "type": "Polygon", "coordinates": [ [ [ 573117.803255389211699, 64995.993019652807561 ], [ 573117.811924108420499, 64922.301329566362256 ], [ 573142.540127138490789, 64922.304237309304881 ], [ 573142.543015498667955, 64897.740376397974615 ], [ 573167.270998050458729, 64897.743283997762774 ], [ 573167.282544476911426, 64799.487725601655256 ], [ 573192.010754605056718, 64799.49062980760209 ], [ 573192.016523200785741, 64750.362903788998665 ], [ 573216.744625096675009, 64750.365806761146814 ], [ 573216.747508728061803, 64725.801942682810477 ], [ 573192.019405858125538, 64725.799040811783925 ], [ 573192.022287434549071, 64701.235067317538778 ], [ 573241.478496244875714, 64701.240869837376522 ], [ 573241.48137866135221, 64676.677004696117365 ], [ 573266.209596983157098, 64676.679906337281864 ], [ 573266.215360478265211, 64627.552173902586219 ], [ 573315.671581781818531, 64627.557975688112492 ], [ 573315.668698636465706, 64652.121844103821786 ], [ 573414.581261951243505, 64652.133463849248074 ], [ 573414.57548458839301, 64701.2612095542936 ], [ 573389.847260589129291, 64701.25830093096738 ], [ 573389.850148845696822, 64676.694429172901437 ], [ 573340.393924759700894, 64676.688617099644034 ], [ 573340.391038449830376, 64701.252486650620995 ], [ 573315.662929059006274, 64701.249580980511382 ], [ 573315.660042613977566, 64725.813559984133462 ], [ 573365.116260572918691, 64725.819374510749185 ], [ 573365.110480524832383, 64774.947115922128432 ], [ 573340.38237293146085, 64774.944205961895932 ], [ 573340.379482237738557, 64799.508075590056251 ], [ 573315.651376744033769, 64799.505165508002392 ], [ 573315.654266462894157, 64774.941296982826316 ], [ 573266.198056841734797, 64774.935481968161184 ], [ 573266.192280208342709, 64824.063214628105925 ], [ 573315.648485929472372, 64824.069034052481584 ], [ 573315.645594006404281, 64848.633013152648346 ], [ 573290.917380283819512, 64848.630101833790832 ], [ 573290.914488254114985, 64873.193969314321293 ], [ 573266.186499182600528, 64873.191057901698514 ], [ 573266.183607034035958, 64897.754924305612803 ], [ 573241.455397485638969, 64897.752012747565459 ], [ 573241.449611857533455, 64946.879743397097627 ], [ 573216.721516644814983, 64946.876830632179917 ], [ 573216.718623153399676, 64971.440805420817924 ], [ 573142.5343471262604, 64971.432069726368354 ], [ 573142.531455487129278, 64995.995930695797142 ], [ 573117.803255389211699, 64995.993019652807561 ] ] ] } },
{ "type": "Feature", "properties": { "objectid": 483647, "pxlval": 1, "Shape__Area": 1.9753113580200005e-07, "Shape__Length": 0.002222224 }, "geometry": { "type": "Polygon", "coordinates": [ [ [ 570744.045291662449017, 63792.093017551786033 ], [ 570744.053523499518633, 63718.401531352523307 ], [ 570793.509593751979992, 63718.40705466720101 ], [ 570793.506848941557109, 63742.970922353430069 ], [ 570768.778814242687076, 63742.968159148840641 ], [ 570768.773323379340582, 63792.095781919473666 ], [ 570744.045291662449017, 63792.093017551786033 ] ] ] } },
{ "type": "Feature", "properties": { "objectid": 483648, "pxlval": 1, "Shape__Area": 5.4320945679000014e-07, "Shape__Length": 0.005333332 }, "geometry": { "type": "Polygon", "coordinates": [ [ [ 572326.751704493071884, 62834.281660776672652 ], [ 572326.757231934461743, 62785.154014417988947 ], [ 572302.02909293177072, 62785.15123377324926 ], [ 572302.031854086788371, 62760.587411709748267 ], [ 572252.575466208974831, 62760.581855435193575 ], [ 572252.578224395285361, 62736.018035564775346 ], [ 572326.762755052768625, 62736.026368134196673 ], [ 572326.759994034073316, 62760.590191266746842 ], [ 572351.488135065184906, 62760.592971774378384 ], [ 572351.490897028124891, 62736.02914755371603 ], [ 572400.947184280026704, 62736.034709243576799 ], [ 572400.944420428946614, 62760.598535641591297 ], [ 572376.216388482018374, 62760.595753245186643 ], [ 572376.213624493451789, 62785.159578573046019 ], [ 572351.485372021212243, 62785.156796013747226 ], [ 572351.48260789597407, 62809.720620271837106 ], [ 572376.210859423386864, 62809.723403919626435 ], [ 572376.208093271707185, 62834.287229284956993 ], [ 572326.751704493071884, 62834.281660776672652 ] ] ] } },
{ "type": "Feature", "properties": { "objectid": 483649, "pxlval": 1, "Shape__Area": 9.8765679012000021e-08, "Shape__Length": 0.001333334 }, "geometry": { "type": "Polygon", "coordinates": [ [ [ 572623.62177412956953, 61655.249903480325884 ], [ 572623.624497654149309, 61630.685957557798247 ], [ 572673.080893270671368, 61630.691441804046917 ], [ 572673.078167891013436, 61655.255389912141254 ], [ 572623.62177412956953, 61655.249903480325884 ] ] ] } },
{ "type": "Feature", "properties": { "objectid": 483650, "pxlval": 1, "Shape__Area": 2.9629725925900005e-07, "Shape__Length": 0.003111112 }, "geometry": { "type": "Polygon", "coordinates": [ [ [ 571832.476279536611401, 60205.896986485102389 ], [ 571832.484167828224599, 60132.205477371790039 ], [ 571857.212497232249007, 60132.208123244883609 ], [ 571857.20723764214199, 60181.33572443567391 ], [ 571931.391893142135814, 60181.343673972885881 ], [ 571931.389259007410146, 60205.907588381851383 ], [ 571832.476279536611401, 60205.896986485102389 ] ] ] } },
{ "type": "Feature", "properties": { "objectid": 483651, "pxlval": 1, "Shape__Area": 2.9629570370400006e-07, "Shape__Length": 0.002666666 }, "geometry": { "type": "Polygon", "coordinates": [ [ [ 570348.845534020802006, 59616.209401567357418 ], [ 570348.850634826114401, 59567.081931675471424 ], [ 570324.122350365971215, 59567.079365697332832 ], [ 570324.124898295733146, 59542.515631839210982 ], [ 570373.58124750724528, 59542.520762558277056 ], [ 570373.578697785385884, 59567.084498532778525 ], [ 570398.306984376395121, 59567.087066315456468 ], [ 570398.301879984559491, 59616.214540441593272 ], [ 570348.845534020802006, 59616.209401567357418 ] ] ] } },
{ "type": "Feature", "properties": { "objectid": 483652, "pxlval": 1, "Shape__Area": 6.9135841975300022e-07, "Shape__Length": 0.005333336 }, "geometry": { "type": "Polygon", "coordinates": [ [ [ 570991.789212018018588, 59518.021438468582346 ], [ 570991.791782031883486, 59493.457565413344128 ], [ 570917.607062925817445, 59493.449809437639487 ], [ 570917.609629182261415, 59468.886050137945858 ], [ 570892.881427831249312, 59468.883467685460346 ], [ 570892.889117570826784, 59395.192082550369378 ], [ 570917.617321604629979, 59395.194661803165218 ], [ 570917.612194378860295, 59444.322290849726414 ], [ 570967.06871338817291, 59444.32745633443119 ], [ 570967.066146402270533, 59468.891217756900005 ], [ 570991.794350973214023, 59468.893802911734383 ], [ 570991.796918853768148, 59444.330040421584272 ], [ 571041.25344431202393, 59444.335211308767612 ], [ 571041.245732106384821, 59518.02661576520768 ], [ 570991.789212018018588, 59518.021438468582346 ] ] ] } },
{ "type": "Feature", "properties": { "objectid": 483653, "pxlval": 1, "Shape__Area": 1.4814785185200003e-07, "Shape__Length": 0.001777776 }, "geometry": { "type": "Polygon", "coordinates": [ [ [ 570744.519804589101113, 59395.17662591496628 ], [ 570744.522360352100804, 59370.612874144346279 ], [ 570769.250558852334507, 59370.615446934818465 ], [ 570769.253114451188594, 59346.051694117566512 ], [ 570793.98131490778178, 59346.054266742634354 ], [ 570793.976200865698047, 59395.181774524244247 ], [ 570744.519804589101113, 59395.17662591496628 ] ] ] } },
{ "type": "Feature", "properties": { "objectid": 483654, "pxlval": 1, "Shape__Area": 3.9506160493800009e-07, "Shape__Length": 0.003555554 }, "geometry": { "type": "Polygon", "coordinates": [ [ [ 570052.15277664817404, 59174.031203644051857 ], [ 570052.155297972029075, 59149.46748168287013 ], [ 570076.883363367058337, 59149.47001979657216 ], [ 570076.885884533752687, 59124.906296799141273 ], [ 570101.614174434682354, 59124.908834777335869 ], [ 570101.611652377992868, 59149.472558829053014 ], [ 570126.339831160497852, 59149.475098746057483 ], [ 570126.342354106833227, 59124.91137363967573 ], [ 570175.798827927559614, 59124.916454062491539 ], [ 570175.793777426937595, 59174.043908513798669 ], [ 570052.15277664817404, 59174.031203644051857 ] ] ] } },
{ "type": "Feature", "properties": { "objectid": 483655, "pxlval": 1, "Shape__Area": 3.9506182716100011e-07, "Shape__Length": 0.003111112 }, "geometry": { "type": "Polygon", "coordinates": [ [ [ 571263.876668651704676, 58781.135963434382575 ], [ 571263.879216566449031, 58756.572079139303241 ], [ 571288.607571132248268, 58756.574644022832217 ], [ 571288.610118854558095, 58732.010869202764297 ], [ 571313.338364121620543, 58732.013433892236208 ], [ 571313.340911662206054, 58707.449658023455413 ], [ 571362.797407189151272, 58707.454787925111305 ], [ 571362.792307507712394, 58756.582343978792778 ], [ 571338.064060978591442, 58756.579776436810789 ], [ 571338.061510410974734, 58781.143663949471375 ], [ 571263.876668651704676, 58781.135963434382575 ] ] ] } },
{ "type": "Feature", "properties": { "objectid": 483656, "pxlval": 1, "Shape__Area": 2.4691375308600009e-07, "Shape__Length": 0.002666668 }, "geometry": { "type": "Polygon", "coordinates": [ [ [ 569260.954627810744569, 58142.274529167792934 ], [ 569260.959525513928384, 58093.147153784877446 ], [ 569285.687817631638609, 58093.149618444498628 ], [ 569285.685368423350155, 58117.713307166159211 ], [ 569359.870025881216861, 58117.720709530767635 ], [ 569359.867573013645597, 58142.284401404365781 ], [ 569260.954627810744569, 58142.274529167792934 ] ] ] } },
{ "type": "Feature", "properties": { "objectid": 483657, "pxlval": 1, "Shape__Area": 4.4444488889000009e-07, "Shape__Length": 0.004000002 }, "geometry": { "type": "Polygon", "coordinates": [ [ [ 569607.154486647224985, 58093.181738971899904 ], [ 569607.156946192029864, 58068.617926151891879 ], [ 569557.700556491385214, 58068.612976949749282 ], [ 569557.710377251612954, 57970.358065816806629 ], [ 569582.438686347333714, 57970.360535803272796 ], [ 569582.433776295278221, 58019.488048699029605 ], [ 569607.161862138775177, 58019.490521635045297 ], [ 569607.159404685487971, 58044.054223884806561 ], [ 569656.615911636734381, 58044.059174521527893 ], [ 569656.613451396115124, 58068.622878883441444 ], [ 569631.885253903456032, 58068.620402083448425 ], [ 569631.882793484837748, 58093.184215950699581 ], [ 569607.154486647224985, 58093.181738971899904 ] ] ] } },
{ "type": "Feature", "properties": { "objectid": 483660, "pxlval": 1, "Shape__Area": 3.2098772345700008e-06, "Shape__Length": 0.021777776 }, "geometry": { "type": "Polygon", "coordinates": [ [ [ 569557.710377251612954, 57970.358065816806629 ], [ 569557.722629812080413, 57847.539454925383325 ], [ 569532.994428700534627, 57847.536991058659623 ], [ 569532.996875221957453, 57822.973292086688161 ], [ 569508.268674278981052, 57822.97083014191594 ], [ 569508.266228627762757, 57847.53452806815767 ], [ 569483.53791833424475, 57847.532065942788904 ], [ 569483.535472515039146, 57872.095762840908719 ], [ 569458.807275431696326, 57872.093300557848124 ], [ 569458.809720380464569, 57847.52960470472317 ], [ 569409.353327613556758, 57847.524684857235115 ], [ 569409.350884406012483, 57872.088378621483571 ], [ 569434.079079386079684, 57872.090839151373075 ], [ 569434.076634270371869, 57896.654533977161918 ], [ 569384.620135812903754, 57896.649611694774649 ], [ 569384.617691391264088, 57921.213414991543686 ], [ 569359.889611531281844, 57921.210954138885427 ], [ 569359.887166955391876, 57945.77464586761198 ], [ 569409.343548548989929, 57945.77957055978186 ], [ 569409.34110119252, 57970.343264393188292 ], [ 569434.069292686646804, 57970.345729100081371 ], [ 569434.066843420616351, 57994.909423995042744 ], [ 569359.882274694275111, 57994.902029376957216 ], [ 569359.884721343056299, 57970.338337613626209 ], [ 569335.156421713647433, 57970.335875529883197 ], [ 569335.158866453915834, 57945.772184827001183 ], [ 569285.702491161064245, 57945.76726540105301 ], [ 569285.700048164930195, 57970.330954018783814 ], [ 569260.97175168141257, 57970.328494569272152 ], [ 569260.974193805479445, 57945.764806993567618 ], [ 569236.246120064985007, 57945.762349485914456 ], [ 569236.241236526169814, 57994.88972257135174 ], [ 569260.969308522297069, 57994.89218216228619 ], [ 569260.964419088093564, 58044.019667942069646 ], [ 569310.420785301364958, 58044.024593950249255 ], [ 569310.423232276691124, 58019.460904238199873 ], [ 569359.879826997988857, 58019.465831699431874 ], [ 569359.874928518082015, 58068.593215312663233 ], [ 569335.146632380550727, 58068.590749056362256 ], [ 569335.144182448741049, 58093.15455038138316 ], [ 569384.600551462848671, 58093.159485837997636 ], [ 569384.59809875744395, 58117.723178731444932 ], [ 569434.054581504547969, 58117.728119807048643 ], [ 569434.059489385923371, 58068.600619325661683 ], [ 569409.33130138379056, 58068.598150441765029 ], [ 569409.33620335708838, 58019.470762653763813 ], [ 569434.064393105916679, 58019.473229449162318 ], [ 569434.061941764666699, 58044.036924378749973 ], [ 569458.790131706045941, 58044.039393097591528 ], [ 569458.782768824137747, 58117.730591659761558 ], [ 569483.510957181453705, 58117.733064392778033 ], [ 569483.520775772398338, 58019.47816567641712 ], [ 569532.977273935102858, 58019.48310543007392 ], [ 569532.979727740981616, 57994.919295795210928 ], [ 569508.251532897120342, 57994.916826530272374 ], [ 569508.253984780516475, 57970.35312850032642 ], [ 569557.710377251612954, 57970.358065816806629 ] ], [ [ 569458.797485246323049, 57970.348194685051567 ], [ 569458.804829444969073, 57896.656996428260754 ], [ 569483.533025657408871, 57896.65945975631621 ], [ 569483.528128816164099, 57945.786964180828363 ], [ 569508.256435625138693, 57945.789430487682694 ], [ 569508.253984780516475, 57970.35312850032642 ], [ 569458.797485246323049, 57970.348194685051567 ] ], [ [ 569508.263781937886961, 57872.098226011650695 ], [ 569532.991981140105054, 57872.100690047889657 ], [ 569532.98708289093338, 57921.228198620061448 ], [ 569508.258885430986993, 57921.225732492341194 ], [ 569508.263781937886961, 57872.098226011650695 ] ] ] } },
{ "type": "Feature", "properties": { "objectid": 483661, "pxlval": 1, "Shape__Area": 4.4444422222200013e-07, "Shape__Length": 0.004444442 }, "geometry": { "type": "Polygon", "coordinates": [ [ [ 569310.437892400892451, 57872.078545245698479 ], [ 569310.44033212622162, 57847.51485565474286 ], [ 569285.712252803146839, 57847.512400561237882 ], [ 569285.719563155202195, 57773.82133501907083 ], [ 569310.447645087726414, 57773.823786985420156 ], [ 569310.442770815803669, 57822.951166081038537 ], [ 569335.171074624871835, 57822.953621030093927 ], [ 569335.178387087536976, 57749.262549284219858 ], [ 569359.906694552162662, 57749.265001979707449 ], [ 569359.896939050988294, 57847.519768514612224 ], [ 569335.168635064968839, 57847.517311646566668 ], [ 569335.16619446920231, 57872.081002280290704 ], [ 569310.437892400892451, 57872.078545245698479 ] ] ] } },
{ "type": "Feature", "properties": { "objectid": 483662, "pxlval": 1, "Shape__Area": 1.4814785185200003e-07, "Shape__Length": 0.001777776 }, "geometry": { "type": "Polygon", "coordinates": [ [ [ 569409.358210917096585, 57798.397297380499367 ], [ 569409.360651013092138, 57773.833603668033902 ], [ 569434.08884947327897, 57773.836060020912555 ], [ 569434.091289401054382, 57749.272365281416569 ], [ 569458.819489795947447, 57749.274821464779961 ], [ 569458.814607164124027, 57798.402213050241699 ], [ 569409.358210917096585, 57798.397297380499367 ] ] ] } },
{ "type": "Feature", "properties": { "objectid": 483663, "pxlval": 1, "Shape__Area": 3.4567943209900011e-07, "Shape__Length": 0.00311111 }, "geometry": { "type": "Polygon", "coordinates": [ [ [ 569211.532445381279103, 57798.377669698333193 ], [ 569211.534878521575592, 57773.813984326487116 ], [ 569186.806689493358135, 57773.811535849497886 ], [ 569186.811550944228657, 57724.684056697529741 ], [ 569211.539741710294038, 57724.686503092707426 ], [ 569211.542171747772954, 57700.12281777257158 ], [ 569260.998558144201525, 57700.127711103064939 ], [ 569260.996126369922422, 57724.691398506125552 ], [ 569236.268044797703624, 57724.688950373252737 ], [ 569236.260745861334726, 57798.380120102723595 ], [ 569211.532445381279103, 57798.377669698333193 ] ] ] } },
{ "type": "Feature", "properties": { "objectid": 483664, "pxlval": 1, "Shape__Area": 0.00040691358108642411, "Shape__Length": 0.645333324 }, "geometry": { "type": "Polygon", "coordinates": [ [ [ 570027.546761413803324, 57970.405145544624247 ], [ 569953.362002793699503, 57970.397690825338941 ], [ 569953.359535206807777, 57994.961407735507237 ], [ 569903.903110693674535, 57994.956440216759802 ], [ 569903.900643795961514, 58019.520265582425054 ], [ 569928.628965920768678, 58019.522749965450203 ], [ 569928.626497116289102, 58044.086465858177689 ], [ 569879.169966933550313, 58044.081495879116119 ], [ 569879.167498831287958, 58068.645209686161252 ], [ 569903.895706888753921, 58068.647695281819324 ], [ 569903.893236857256852, 58093.211520693163038 ], [ 569953.349654383491725, 58093.216496626948356 ], [ 569953.347181569901295, 58117.780213623715099 ], [ 569903.890765792224556, 58117.775235586181225 ], [ 569903.888293682481162, 58142.338950502846274 ], [ 569953.344707711017691, 58142.34393064413598 ], [ 569953.339756845962256, 58191.471475260121224 ], [ 569854.426940021920018, 58191.461510088236537 ], [ 569854.424466529861093, 58216.025222948424926 ], [ 569829.69626583729405, 58216.022732808443834 ], [ 569829.693792177597061, 58240.58644463543169 ], [ 569854.421991994022392, 58240.588935825981025 ], [ 569854.419516414403915, 58265.152648727213091 ], [ 569804.963008318562061, 58265.14766511630296 ], [ 569804.958057535695843, 58314.275086756824749 ], [ 569829.686364937573671, 58314.277580227026192 ], [ 569829.683887092629448, 58338.841402659229061 ], [ 569854.412083400995471, 58338.8438980520732 ], [ 569854.409603645908646, 58363.407611016627925 ], [ 569829.681408215546981, 58363.405114573208266 ], [ 569829.676447330741212, 58412.532538459701755 ], [ 569879.132835721014999, 58412.537536433599598 ], [ 569879.130351944128051, 58437.101361037028255 ], [ 569928.586854084976949, 58437.106364664301509 ], [ 569928.581879890989512, 58486.233907600151724 ], [ 569953.309963880456053, 58486.236412828729954 ], [ 569953.307474341476336, 58510.800130103889387 ], [ 570027.49217512528412, 58510.807654308504425 ], [ 570027.489681899314746, 58535.371374759568425 ], [ 570052.217990908306092, 58535.373885661392706 ], [ 570052.212999554700218, 58584.50132872301765 ], [ 570002.756608659517951, 58584.496303615160286 ], [ 570002.754113164497539, 58609.060133607439639 ], [ 570027.482195931253955, 58609.062646759542986 ], [ 570027.479698519455269, 58633.626367280514387 ], [ 569978.023313272162341, 58633.621339735465881 ], [ 569978.02081657864619, 58658.18505816796096 ], [ 569953.292515143984929, 58658.182544663883164 ], [ 569953.290018287603743, 58682.746262061446032 ], [ 569903.833642930374481, 58682.741235637651698 ], [ 569903.828649614821188, 58731.868666277841839 ], [ 569879.100465282332152, 58731.866152296621294 ], [ 569879.097967941663228, 58756.429866597980435 ], [ 569804.913312684278935, 58756.422326828978839 ], [ 569804.910816940828227, 58780.98614852551691 ], [ 569755.454461343819275, 58780.981124371020996 ], [ 569755.451966337743215, 58805.544833450177975 ], [ 569681.267332237097435, 58805.537300738673366 ], [ 569681.257352404063568, 58903.792235188258928 ], [ 569705.985633359989151, 58903.794749402266461 ], [ 569705.980635428102687, 58952.922163558258035 ], [ 569730.708693105727434, 58952.924680739255564 ], [ 569730.711193479364738, 58928.360972603775735 ], [ 569780.167647624155506, 58928.366007580101723 ], [ 569780.165145476930775, 58952.929717814120522 ], [ 569755.436974399723113, 58952.927198835874151 ], [ 569755.434472096967511, 58977.490908038045745 ], [ 569829.619097096147016, 58977.498470812490268 ], [ 569829.621602060622536, 58952.934758460840385 ], [ 569879.077951600775123, 58952.939802668057382 ], [ 569879.075444862013683, 58977.503517121222103 ], [ 569928.531908136443235, 58977.508567014643631 ], [ 569928.52939856692683, 59002.072394130351313 ], [ 570052.170403943047859, 59002.085039744255482 ], [ 570052.167888900032267, 59026.648761599630234 ], [ 570101.624252196750604, 59026.653828204791353 ], [ 570101.629284798051231, 58977.526269753259839 ], [ 570151.085655880626291, 58977.531335715328169 ], [ 570151.090687828487717, 58928.403883656792459 ], [ 570126.362499975133687, 58928.401352339154982 ], [ 570126.367525957291946, 58879.273902461012767 ], [ 570151.095715583185665, 58879.276431668586156 ], [ 570151.093202230054885, 58903.840157653896313 ], [ 570175.821503293933347, 58903.842688820106559 ], [ 570175.826530735241249, 58854.715124214242678 ], [ 570250.011111817555502, 58854.722716695127019 ], [ 570250.008595958352089, 58879.286557428727974 ], [ 570274.736902175471187, 58879.289091106940759 ], [ 570274.731865557841957, 58928.416553656665201 ], [ 570324.188255070708692, 58928.421627895630081 ], [ 570324.185733413090929, 58952.985361311752058 ], [ 570423.098632954992354, 58952.995524746504088 ], [ 570423.101158160134219, 58928.431787096109474 ], [ 570447.829358782735653, 58928.434329124858778 ], [ 570447.831883821869269, 58903.870590432525205 ], [ 570546.744811789016239, 58903.88076324317808 ], [ 570546.747339319903404, 58879.317020326714555 ], [ 570596.203755857073702, 58879.322109956563509 ], [ 570596.206284116604365, 58854.758254392516392 ], [ 570571.478074426529929, 58854.755710193399864 ], [ 570571.480600734241307, 58830.191966250713449 ], [ 570546.75239123031497, 58830.189424004434841 ], [ 570546.754915598547086, 58805.625681140663801 ], [ 570522.026706286356784, 58805.623140846473689 ], [ 570522.029228715808131, 58781.059399061232398 ], [ 570497.300908302189782, 58781.056860706972657 ], [ 570497.303428804851137, 58756.493009464109491 ], [ 570522.031750102643855, 58756.495546757745615 ], [ 570522.036789692239836, 58707.368063268644619 ], [ 570497.308466627029702, 58707.365528096248454 ], [ 570497.310983957955614, 58682.801787441734632 ], [ 570522.039307906292379, 58682.804321553514455 ], [ 570522.041825066553429, 58658.240579855904798 ], [ 570472.58528775931336, 58658.2355146534901 ], [ 570472.587802100810222, 58633.671775094233453 ], [ 570447.859589795349166, 58633.669244891345443 ], [ 570447.864613566780463, 58584.54165740301687 ], [ 570472.592827635933645, 58584.544185486156493 ], [ 570472.590315389330499, 58609.108035552475485 ], [ 570497.318529629847035, 58609.110565583243442 ], [ 570497.321042758179829, 58584.546714456671907 ], [ 570522.04937023553066, 58584.549244325964537 ], [ 570522.04434117290657, 58633.676838175779267 ], [ 570546.772556669777259, 58633.679371043057472 ], [ 570546.767521637957543, 58682.806856542760215 ], [ 570571.495736446348019, 58682.809392420880613 ], [ 570571.493216465925798, 58707.373136258356681 ], [ 570596.221431462676264, 58707.375674087081279 ], [ 570596.218909544288181, 58731.93941900380014 ], [ 570546.76248238934204, 58731.934342112508602 ], [ 570546.759961183764972, 58756.49808492995362 ], [ 570620.944712131284177, 58756.505704797949875 ], [ 570620.947235988453031, 58731.941958795308892 ], [ 570645.675452237250283, 58731.944499465003901 ], [ 570645.67040168796666, 58781.072104142287571 ], [ 570670.398617229890078, 58781.074647827299486 ], [ 570670.401143922354095, 58756.510789152278448 ], [ 570769.314131634077057, 58756.520968552285922 ], [ 570769.316660794662312, 58731.957216169204912 ], [ 570794.044883459224366, 58731.959762176615186 ], [ 570794.037290140753612, 58805.651133095823752 ], [ 570818.76562250929419, 58805.653683199576335 ], [ 570818.768155554193072, 58781.089928657922428 ], [ 570843.496378606418148, 58781.092478575483256 ], [ 570843.493844676762819, 58805.65623418258474 ], [ 570868.222067903028801, 58805.658786056330428 ], [ 570868.224602717207745, 58781.095029383403016 ], [ 570892.95282791252248, 58781.097581081688986 ], [ 570892.945217637927271, 58854.788854351674672 ], [ 570818.760553244617768, 58854.781192335503874 ], [ 570818.763088406063616, 58830.2174377587653 ], [ 570794.034756922512315, 58830.214886589936214 ], [ 570794.029687301022932, 58879.342504172920599 ], [ 570868.214457095018588, 58879.350166722506401 ], [ 570868.211918044835329, 58903.913923465646803 ], [ 570892.940138813224621, 58903.916480494910502 ], [ 570892.94267874956131, 58879.352722685573099 ], [ 570942.399125271127559, 58879.357837287265284 ], [ 570942.396583562600426, 58903.921597230102634 ], [ 571041.309708519256674, 58903.931841430261557 ], [ 571041.304614828433841, 58953.059369911628892 ], [ 571066.032730058534071, 58953.06193531252211 ], [ 571066.030180733650923, 58977.625700648379279 ], [ 571115.486746490933001, 58977.630836302429088 ], [ 571115.481641092570499, 59026.758481846532959 ], [ 571140.209868176956661, 59026.761053147623898 ], [ 571140.202199448714964, 59100.452469534538977 ], [ 571115.473975030356087, 59100.449895023695717 ], [ 571115.471417554654181, 59125.01366260395298 ], [ 571090.743195113958791, 59125.011087918777775 ], [ 571090.738078754511662, 59174.138620993100631 ], [ 571140.194521164172329, 59174.143775537937472 ], [ 571140.1996410836, 59125.01623818470398 ], [ 571164.927976968814619, 59125.01881467262865 ], [ 571164.930536223342642, 59100.455044952170283 ], [ 571189.65876278525684, 59100.457621253415709 ], [ 571189.656202641315758, 59125.02139204453124 ], [ 571214.384429405909032, 59125.023970312009624 ], [ 571214.381867308402434, 59149.587742191768484 ], [ 571313.29489284043666, 59149.598068516890635 ], [ 571313.292326117982157, 59174.161844702153758 ], [ 571338.020556498318911, 59174.16442959329288 ], [ 571338.017987808096223, 59198.728317405031703 ], [ 571313.289758318336681, 59198.725731441001699 ], [ 571313.287189476075582, 59223.289397125641699 ], [ 571288.558961957111023, 59223.286810985788179 ], [ 571288.561529908445664, 59198.723146373660711 ], [ 571263.83319131587632, 59198.720562191389035 ], [ 571263.828056107042357, 59247.848110367151094 ], [ 571288.556392917409539, 59247.850696693727514 ], [ 571288.553822823916562, 59272.414471877113101 ], [ 571313.282048559980467, 59272.417060162006237 ], [ 571313.279476497555152, 59296.980946971525555 ], [ 571288.551251653581858, 59296.97835761411261 ], [ 571288.548679441097192, 59321.542022296955111 ], [ 571239.092123516718857, 59321.536844121124886 ], [ 571239.084405799978413, 59395.228273994049232 ], [ 571263.812624910846353, 59395.230865842182538 ], [ 571263.815199437201954, 59370.667091642470041 ], [ 571313.271753951325081, 59370.672275904747949 ], [ 571313.266600258764811, 59419.799828611234261 ], [ 571288.538379880366847, 59419.797233891244105 ], [ 571288.533223702455871, 59468.924895065814781 ], [ 571263.80489493033383, 59468.922299089899752 ], [ 571263.802316144225188, 59493.486073360538285 ], [ 571239.074100611149333, 59493.483477225316165 ], [ 571239.071521643782035, 59518.047360977856442 ], [ 571214.343308096169494, 59518.044764672391466 ], [ 571214.340728971641511, 59542.608536835366976 ], [ 571239.068941623554565, 59542.611134212238539 ], [ 571239.058610885287635, 59640.866337869607378 ], [ 571263.786821040790528, 59640.868940435459081 ], [ 571263.784234800143167, 59665.432714830480109 ], [ 571313.240767821436748, 59665.437924828729592 ], [ 571313.238178719999269, 59690.001701386223431 ], [ 571362.694602988660336, 59690.006917133934621 ], [ 571362.692011025035754, 59714.570695861650165 ], [ 571337.963799255900085, 59714.568086462466454 ], [ 571337.961207124521025, 59739.131864128452435 ], [ 571313.232997320126742, 59739.129254560888512 ], [ 571313.220025159884244, 59861.948248336062534 ], [ 571239.035304462420754, 59861.940408968752308 ], [ 571239.032709526713006, 59886.504292988385714 ], [ 571263.76091068983078, 59886.506906271933985 ], [ 571263.75831379997544, 59911.070680845266907 ], [ 571239.030113538028672, 59911.068066489948251 ], [ 571239.027516473317519, 59935.631950551600312 ], [ 571214.299318203120492, 59935.629336032361607 ], [ 571214.301914366311394, 59911.065453042108857 ], [ 571189.573716258630157, 59911.062840501748724 ], [ 571189.576310444739647, 59886.499069142606459 ], [ 571164.848112527979538, 59886.49645858038275 ], [ 571164.845519243273884, 59911.060228868867853 ], [ 571140.117212015204132, 59911.057618131722847 ], [ 571140.114618556923233, 59935.621497909996833 ], [ 571115.386424586642534, 59935.618887022166746 ], [ 571115.383830990642309, 59960.182544670322386 ], [ 571140.112024058937095, 59960.185156628060213 ], [ 571140.109428474446759, 59984.749036435816379 ], [ 571090.65304523089435, 59984.74381128911773 ], [ 571090.650450400542468, 60009.307578439424105 ], [ 571115.378640575450845, 60009.310191628006578 ], [ 571115.376043768017553, 60033.874070401638164 ], [ 571041.191479167551734, 60033.866230355277366 ], [ 571041.194073265767656, 60009.302354789149831 ], [ 571016.465775029035285, 60009.29974431572191 ], [ 571016.463181833969429, 60033.863618813418725 ], [ 570967.006812961539254, 60033.858398481221229 ], [ 570967.004220535629429, 60058.422049789383891 ], [ 571016.460587601060979, 60058.427272257293225 ], [ 571016.455395916476846, 60107.554910812687012 ], [ 571041.183690538513474, 60107.557525559823262 ], [ 571041.178492811159231, 60156.685055781636038 ], [ 571065.906564133241773, 60156.6876735532569 ], [ 571065.901360336807556, 60205.815316526575771 ], [ 571090.629653490148485, 60205.817937371299195 ], [ 571090.627049098722637, 60230.381704682993586 ], [ 571115.355231132358313, 60230.384327497398772 ], [ 571115.35783642984461, 60205.820559116174991 ], [ 571164.814316841773689, 60205.825805353561009 ], [ 571164.811709732166491, 60230.389575874978618 ], [ 571140.083414254244417, 60230.386951224121731 ], [ 571140.08080698759295, 60254.950720693210314 ], [ 571214.265471369260922, 60254.958600571044371 ], [ 571214.262860307469964, 60279.522483806002128 ], [ 571189.534675763105042, 60279.519855200276652 ], [ 571189.529452296788804, 60328.647287980602414 ], [ 571164.801270659430884, 60328.644658146651636 ], [ 571164.798658220795915, 60353.208539293889771 ], [ 571189.526838950347155, 60353.211170198497712 ], [ 571189.524224551860243, 60377.774941898467659 ], [ 571214.252405465231277, 60377.777574788276979 ], [ 571214.249789094203152, 60402.341347577275883 ], [ 571238.977970163221471, 60402.343982453021454 ], [ 571238.975351807195693, 60426.907866873654712 ], [ 571189.518992551486008, 60426.902595894651313 ], [ 571189.516374961473048, 60451.466367648696178 ], [ 571214.244553147815168, 60451.46900375156838 ], [ 571214.241933584329672, 60476.032776594656752 ], [ 571189.513756307773292, 60476.030139420756313 ], [ 571189.505893951631151, 60549.721565387415467 ], [ 571238.962244105990976, 60549.726847078491119 ], [ 571238.959619374480098, 60574.290621065178129 ], [ 571214.231444676406682, 60574.287978689673764 ], [ 571214.226193843293004, 60623.4155245744696 ], [ 571189.49802203301806, 60623.412880974450673 ], [ 571189.492768756346777, 60672.540535331747378 ], [ 571214.220938741578721, 60672.543181073808228 ], [ 571214.218309600371867, 60697.106954079528805 ], [ 571263.674650963046588, 60697.11225046384061 ], [ 571263.672018930781633, 60721.676025630811637 ], [ 571288.400301587418653, 60721.678676286108384 ], [ 571288.397667576326057, 60746.242452543352556 ], [ 571313.125839136890136, 60746.245105178990343 ], [ 571313.128474061843008, 60721.681327849240915 ], [ 571337.856647616019472, 60721.683980332134524 ], [ 571337.854011777322739, 60746.247758734760282 ], [ 571362.58218548388686, 60746.250413210655097 ], [ 571362.579547664849088, 60770.814192704630841 ], [ 571337.851374872610904, 60770.811537155481346 ], [ 571337.848736889893189, 60795.375426136582973 ], [ 571436.761542187654413, 60795.386058163407142 ], [ 571436.758899479173124, 60819.949951451606466 ], [ 571412.030613983166404, 60819.947290980235266 ], [ 571412.02532721858006, 60869.074854390397377 ], [ 571486.209958892781287, 60869.082844992750324 ], [ 571486.20466236223001, 60918.210414930261322 ], [ 571510.932947438210249, 60918.21308246733679 ], [ 571510.930296653765254, 60942.776868535678659 ], [ 571560.386645660735667, 60942.782208506112511 ], [ 571560.383991961367428, 60967.346107280711294 ], [ 571609.840454744524322, 60967.351453109178692 ], [ 571609.837798152700998, 60991.915243519542855 ], [ 571708.750510520651005, 60991.925950545795786 ], [ 571708.745186782092787, 61041.053540050597803 ], [ 571733.47347702132538, 61041.056221286518849 ], [ 571733.47081261407584, 61065.620127677932032 ], [ 571758.198991753277369, 61065.622810905595543 ], [ 571758.196325367083773, 61090.186607858398929 ], [ 571807.652796335401945, 61090.191979260234802 ], [ 571807.650127038010396, 61114.755778390797786 ], [ 571782.921836284687743, 61114.753091141210462 ], [ 571782.913824714836664, 61188.444485408675973 ], [ 571758.18564909894485, 61188.441795858183468 ], [ 571758.182977339136414, 61213.005703438197088 ], [ 571782.911152034183033, 61213.00839406826708 ], [ 571782.905803478788584, 61262.135990370159561 ], [ 571807.634088708087802, 61262.138684099445527 ], [ 571807.623375023016706, 61360.393991784651007 ], [ 571832.351435094838962, 61360.396690738882171 ], [ 571832.34875307045877, 61384.960491150639427 ], [ 571807.620693922159262, 61384.957791116095905 ], [ 571807.618011748185381, 61409.521590472140815 ], [ 571832.34606997272931, 61409.524291586996696 ], [ 571832.34338578954339, 61434.088202571416332 ], [ 571807.615328489104286, 61434.085500376248092 ], [ 571807.612644169130363, 61458.649299762655573 ], [ 571832.340700544882566, 61458.652003038136172 ], [ 571832.338014226872474, 61483.215803523176874 ], [ 571807.609958776040003, 61483.213099167391192 ], [ 571807.607272297726013, 61507.777009132769308 ], [ 571857.063604980125092, 61507.782420960989839 ], [ 571857.060915589565411, 61532.346222563406627 ], [ 571881.789082641364075, 61532.348930956075492 ], [ 571881.783698786515743, 61581.476536378075252 ], [ 571980.69648172846064, 61581.487387937253516 ], [ 571980.693784482777119, 61606.051195003747125 ], [ 572005.421954204328358, 61606.053911305367365 ], [ 572005.413853218546137, 61679.745446406261181 ], [ 572030.142132523935288, 61679.748166903154925 ], [ 572030.139429119066335, 61704.311976209406566 ], [ 572054.867486020782962, 61704.314698699738074 ], [ 572054.853948180098087, 61827.133972003874078 ], [ 572005.397622194839641, 61827.128517098579323 ], [ 572005.394913262221962, 61851.692325432064536 ], [ 572030.123186062090099, 61851.695053512026789 ], [ 572030.117763106827624, 61900.822672407164646 ], [ 572129.030412633903325, 61900.833602720427734 ], [ 572129.024977906839922, 61949.961340893001761 ], [ 572153.753252438502386, 61949.964077997989079 ], [ 572153.750532544218004, 61974.527782392971858 ], [ 572129.022258944925852, 61974.525044202840945 ], [ 572129.014095530612394, 62048.216706930048531 ], [ 572104.28593709866982, 62048.213966436640476 ], [ 572104.283214759081602, 62072.777668735674524 ], [ 572153.739642123575322, 62072.783152844596771 ], [ 572153.742366330698133, 62048.219448375653883 ], [ 572178.470415657386184, 62048.222190736429184 ], [ 572178.467690516496077, 62072.78589629088674 ], [ 572203.195962565601803, 62072.78864070209238 ], [ 572203.190507142338902, 62121.9163856529849 ], [ 572227.918667128775269, 62121.919133164599771 ], [ 572227.915936870034784, 62146.482951482881617 ], [ 572326.828695332747884, 62146.493955300211383 ], [ 572326.82322408107575, 62195.621711226056505 ], [ 572376.27966177277267, 62195.627223142248113 ], [ 572376.276922659832053, 62220.19104804154631 ], [ 572401.004975292365998, 62220.193806483024673 ], [ 572401.002234161598608, 62244.757632496024598 ], [ 572450.458785972674377, 62244.763154434891476 ], [ 572450.447803119430318, 62343.018577899005322 ], [ 572475.175854356493801, 62343.021344617744035 ], [ 572475.17310500133317, 62367.585173992440104 ], [ 572450.445054702460766, 62367.582406183726562 ], [ 572450.442305202945136, 62392.146234480758721 ], [ 572425.714034376549534, 62392.143466502217052 ], [ 572425.705782187636942, 62465.835058772325283 ], [ 572400.9775152731454, 62465.83228847112332 ], [ 572400.980266141239554, 62441.268462297099177 ], [ 572376.252221949398518, 62441.26569405587361 ], [ 572376.249472021008842, 62465.829519141036144 ], [ 572351.521207298850641, 62465.826750732201617 ], [ 572351.518457216676325, 62490.390685289909015 ], [ 572252.605746899265796, 62490.379616803511453 ], [ 572252.608493221225217, 62465.815686596077285 ], [ 572128.967653049621731, 62465.801877718091419 ], [ 572128.964911428163759, 62490.36580249605322 ], [ 572054.780378743074834, 62490.3575252652372 ], [ 572054.777638889616355, 62514.921225730162405 ], [ 572030.049612827366218, 62514.91846747922682 ], [ 572030.04687281337101, 62539.482387951320561 ], [ 572054.774897934868932, 62539.485147285915446 ], [ 572054.772155915619805, 62564.048958324230625 ], [ 572005.315886079915799, 62564.043438410561066 ], [ 572005.313144854735583, 62588.60735784296412 ], [ 572030.041389568592422, 62588.610118421674997 ], [ 572030.038646350149065, 62613.173817877577676 ], [ 572054.766668647062033, 62613.176580463121354 ], [ 572054.763923385296948, 62637.740502093511168 ], [ 572079.492168393917382, 62637.743266736375517 ], [ 572079.489421125035733, 62662.307078933386947 ], [ 572128.94568997155875, 62662.312613209745905 ], [ 572128.942939739557914, 62686.876427594623237 ], [ 572054.758429656154476, 62686.868124338172493 ], [ 572054.761177059146576, 62662.304313206492225 ], [ 572030.033156647230498, 62662.301548453637224 ], [ 572030.03590203076601, 62637.737738424308191 ], [ 572005.307659201091155, 62637.734975679020863 ], [ 572005.30491476028692, 62662.298784625061671 ], [ 571980.576785239391029, 62662.296021758076677 ], [ 571980.574040665640496, 62686.85982963990682 ], [ 572030.030410187318921, 62686.865358501665469 ], [ 572030.027662651031278, 62711.429168568385649 ], [ 571980.571295016095974, 62711.423637540428899 ], [ 571980.568548278650269, 62735.987556002015481 ], [ 571955.84042269224301, 62735.984790836562752 ], [ 571955.837675835588016, 62760.548597691959003 ], [ 572054.750180974602699, 62760.559668387773854 ], [ 572054.747429264709353, 62785.123479594258242 ], [ 572104.2037977630971, 62785.129022826906294 ], [ 572104.201043086708523, 62809.692836220550817 ], [ 572128.929172399220988, 62809.695610341936117 ], [ 572128.934682563995011, 62760.567981403837621 ], [ 572153.662926133954898, 62760.570754318803665 ], [ 572153.671186140854843, 62686.879197254143946 ], [ 572203.127459652954713, 62686.884739396838995 ], [ 572203.124705512775108, 62711.448557056959544 ], [ 572227.852842959575355, 62711.451330638854415 ], [ 572227.855598043068312, 62686.88751189247705 ], [ 572252.58373754110653, 62686.890285337642126 ], [ 572252.58098151430022, 62711.454105170647381 ], [ 572376.221913226880133, 62711.467992103127472 ], [ 572376.224673970835283, 62686.90416683138028 ], [ 572425.680967189371586, 62686.909726065583527 ], [ 572425.678204558673315, 62711.473553515432286 ], [ 572400.949947061715648, 62711.470772321816185 ], [ 572400.947184280026704, 62736.034709243576799 ], [ 572425.675440833205357, 62736.037491526432859 ], [ 572425.672676037997007, 62760.601319013687316 ], [ 572450.400932740885764, 62760.604103336445405 ], [ 572450.398165918770246, 62785.167931932010106 ], [ 572524.58249465492554, 62785.176293825054017 ], [ 572524.574179172865115, 62858.86790007975651 ], [ 572549.302436488913372, 62858.87069256950781 ], [ 572549.307983122533187, 62809.74291601794539 ], [ 572574.036132149398327, 62809.745707264330122 ], [ 572574.033358435612172, 62834.309541350972722 ], [ 572623.489769163541496, 62834.315128894530062 ], [ 572623.498092720285058, 62760.623620138641854 ], [ 572648.226246934616938, 62760.626412054036336 ], [ 572648.220697092590854, 62809.754086724395165 ], [ 572697.677005034405738, 62809.759677779686172 ], [ 572697.674226594390348, 62834.32351732924144 ], [ 572747.130648324964568, 62834.329114390464383 ], [ 572747.122300798422657, 62908.020750257397594 ], [ 572722.394147851504385, 62908.017947974985873 ], [ 572722.391364106792025, 62932.581899229437113 ], [ 572697.663101946003735, 62932.579096793597273 ], [ 572697.660318086855114, 62957.142825900693424 ], [ 572747.116730353678577, 62957.148433900787495 ], [ 572747.111155547900125, 63006.276228161746985 ], [ 572771.839305804576725, 63006.279035774809017 ], [ 572771.842094705090858, 62981.715082275513851 ], [ 572796.570358276017942, 62981.717889760759135 ], [ 572796.561985492589884, 63055.409532526995463 ], [ 572771.833724766271189, 63055.406721757288324 ], [ 572771.830932603334077, 63079.970675319251313 ], [ 572796.559192380635068, 63079.973487183779071 ], [ 572796.550806543091312, 63153.66513017565012 ], [ 572821.278842036146671, 63153.667946255896823 ], [ 572821.281639361637644, 63129.103990453768347 ], [ 572846.009899444994517, 63129.106806420393696 ], [ 572846.007101169438101, 63153.670763318092213 ], [ 572870.735250144149177, 63153.673581324212137 ], [ 572870.729648451320827, 63202.801276301725011 ], [ 572895.457796625327319, 63202.804097457046737 ], [ 572895.454993194318376, 63227.367946067206503 ], [ 572870.726845971425064, 63227.36512381558714 ], [ 572870.718431985704228, 63301.056777006582706 ], [ 572845.990288719185628, 63301.053952424888848 ], [ 572845.987482836237177, 63325.617798924555245 ], [ 572821.259230363648385, 63325.614974193435046 ], [ 572821.267641889979132, 63251.92343805028213 ], [ 572845.995897219283506, 63251.926259494721307 ], [ 572846.001501377904788, 63202.798456103744684 ], [ 572796.545210554031655, 63202.792818579822779 ], [ 572796.542410927591845, 63227.356662807018438 ], [ 572771.814156851731241, 63227.353844373581524 ], [ 572771.81135707651265, 63251.917798061054782 ], [ 572747.083216318744235, 63251.914979503570066 ], [ 572747.074813362909481, 63325.606505793432007 ], [ 572722.346676560584456, 63325.603684911831806 ], [ 572722.343874354264699, 63350.167525950040726 ], [ 572747.072010203497484, 63350.170347925704846 ], [ 572747.069205944309942, 63374.734300613105006 ], [ 572722.341071048402227, 63374.731477543369692 ], [ 572722.338266668608412, 63399.295318619348109 ], [ 572870.707198097021319, 63399.31227801967907 ], [ 572870.701574625330977, 63448.439973374632245 ], [ 572895.429713271092623, 63448.442805492952175 ], [ 572895.426898946985602, 63473.006654291944869 ], [ 572920.155149006168358, 63473.009488480754953 ], [ 572920.146696618408896, 63546.701148817614012 ], [ 572944.874722377513535, 63546.703987233471707 ], [ 572944.869080099393614, 63595.831689395592548 ], [ 572969.597327587427571, 63595.834530994383385 ], [ 572969.602971778600477, 63546.706826637433551 ], [ 572994.331111022969708, 63546.709666991177073 ], [ 572994.328288516262546, 63571.273520261100202 ], [ 573019.056427906733006, 63571.276362675554992 ], [ 573019.059251369908452, 63546.712508307464304 ], [ 573043.787392813945189, 63546.715350586317072 ], [ 573043.78456839453429, 63571.279206052931841 ], [ 573068.512821272714064, 63571.282050406036433 ], [ 573068.509994804975577, 63595.84590698422835 ], [ 573043.781742883613333, 63595.843061532214051 ], [ 573043.776088574435562, 63644.970883083966328 ], [ 573068.504338581231423, 63644.973730733800039 ], [ 573068.49867800262291, 63694.101444029249251 ], [ 573117.954954943852499, 63694.107146593247307 ], [ 573117.957787695457228, 63669.543287733977195 ], [ 573142.686040064902045, 63669.546139375976054 ], [ 573142.680371552240103, 63718.673859307273233 ], [ 573068.495846075471491, 63718.665300702312379 ], [ 573068.490178932668641, 63767.793124641721079 ], [ 573093.218313965946436, 63767.79597873914463 ], [ 573093.204122217954136, 63890.615378618662362 ], [ 573068.475991986691952, 63890.61251902487129 ], [ 573068.473151311511174, 63915.176486392672814 ], [ 573093.201280581299216, 63915.17934708573739 ], [ 573093.198437865125015, 63939.743205029299133 ], [ 573117.926567293936387, 63939.746067790147208 ], [ 573117.923722523264587, 63964.30992685239471 ], [ 573142.651963370037265, 63964.312791694661428 ], [ 573142.649116544052958, 63988.876651876009419 ], [ 573117.920876660034992, 63988.873785933719773 ], [ 573117.912332514300942, 64062.565363298446755 ], [ 573068.45608440763317, 64062.559627750692016 ], [ 573068.453236089204438, 64087.123595245750039 ], [ 573043.725003379862756, 64087.120727815621649 ], [ 573043.722154946764931, 64111.684583694564935 ], [ 573068.450386691605672, 64111.687452223603032 ], [ 573068.447536202264018, 64136.251309220584517 ], [ 573093.175656801671721, 64136.254179807088803 ], [ 573093.17280424234923, 64160.818148465026752 ], [ 573117.900924997520633, 64160.821021122661477 ], [ 573117.898070393130183, 64185.384880356788926 ], [ 573018.985486626625061, 64185.373391148124938 ], [ 573018.982634793501347, 64209.937246005050838 ], [ 572994.254520397633314, 64209.934375038530561 ], [ 572994.248815390747041, 64259.062082613512757 ], [ 573018.97692785365507, 64259.064955776339048 ], [ 573018.968359247315675, 64332.756631119518715 ], [ 573043.696469904971309, 64332.759508551265753 ], [ 573043.693610543734394, 64357.323475157973007 ], [ 573117.878057542839088, 64357.332116610756202 ], [ 573117.880919808638282, 64332.76814670622116 ], [ 573068.424692952889018, 64332.762386970425723 ], [ 573068.42755217757076, 64308.198529820292606 ], [ 573167.340014185989276, 64308.21004879042448 ], [ 573167.342876201262698, 64283.646076717552205 ], [ 573192.071106723276898, 64283.648957807512488 ], [ 573192.068243740475737, 64308.212930981149839 ], [ 573216.796363113448024, 64308.215814132992818 ], [ 573216.79922706366051, 64283.651839858226595 ], [ 573241.527348526869901, 64283.65472288266028 ], [ 573241.53021233715117, 64259.09085806816438 ], [ 573340.442824397119693, 64259.102395506321045 ], [ 573340.445690979715437, 64234.53852630124311 ], [ 573365.173819925636053, 64234.541411987542233 ], [ 573365.170952376443893, 64259.105282295982761 ], [ 573389.899081463809125, 64259.108170058992982 ], [ 573389.890469322912395, 64332.799894953081093 ], [ 573414.618707883753814, 64332.802787014770729 ], [ 573414.615833999821916, 64357.366770144079055 ], [ 573439.343961442587897, 64357.36966427169682 ], [ 573439.346836294629611, 64332.80568003791268 ], [ 573464.074965803418308, 64332.808574035516358 ], [ 573464.072089983150363, 64357.372559374154662 ], [ 573488.800330926198512, 64357.375455464483821 ], [ 573488.797453065402806, 64381.939220854772429 ], [ 573464.069213091046549, 64381.936323659225309 ], [ 573464.066335088107735, 64406.500198499852559 ], [ 573439.338208484929055, 64406.497301187700941 ], [ 573439.332451111753471, 64455.625159259529028 ], [ 573414.604327545384876, 64455.622260714000731 ], [ 573414.601448189117946, 64480.186133402923588 ], [ 573365.145095072453842, 64480.18033701996319 ], [ 573365.150848808581941, 64431.05259607701737 ], [ 573340.422727606492117, 64431.049701563824783 ], [ 573340.41697581007611, 64480.177440300052695 ], [ 573290.960629354929551, 64480.171649777279526 ], [ 573290.951999252196401, 64553.86336195160402 ], [ 573315.680224657291546, 64553.866260039016197 ], [ 573315.677344798692502, 64578.430128390689788 ], [ 573290.949120365083218, 64578.42722920064989 ], [ 573290.946240382851101, 64602.991096468940668 ], [ 573340.402577126631513, 64602.996898019751825 ], [ 573340.399694091640413, 64627.560878049262101 ], [ 573414.584148986963555, 64627.569591019346262 ], [ 573414.587034938624129, 64603.005607678627712 ], [ 573389.858807048178278, 64603.002703471735003 ], [ 573389.861690917867236, 64578.438831790750555 ], [ 573439.318038492812775, 64578.444638961445889 ], [ 573439.315152679337189, 64603.008512851010892 ], [ 573464.043271517846733, 64603.011419001952163 ], [ 573464.040383621701039, 64627.575404552000691 ], [ 573513.496622717357241, 64627.581222000364505 ], [ 573513.499512557988055, 64603.017234239494428 ], [ 573538.227746010641567, 64603.020143339192146 ], [ 573538.230635711690411, 64578.456265027998597 ], [ 573513.502401287085377, 64578.453357034275541 ], [ 573513.505288917687722, 64553.88947984828701 ], [ 573538.233524313778616, 64553.892386736049957 ], [ 573538.236411816906184, 64529.328508463346225 ], [ 573562.964538036030717, 64529.331415209511761 ], [ 573562.955869315308519, 64603.023053404358507 ], [ 573587.6839937196346, 64603.025964448075683 ], [ 573587.681100962217897, 64627.58995552797569 ], [ 573612.409336798591539, 64627.59286867044284 ], [ 573612.406441981904209, 64652.156750346563058 ], [ 573637.134566681808792, 64652.159665562307055 ], [ 573637.128771801944822, 64701.287431174700032 ], [ 573661.856895659235306, 64701.290349585389777 ], [ 573661.853995581972413, 64725.854344064755423 ], [ 573686.582119595026597, 64725.857264563688659 ], [ 573686.587920582736842, 64676.729383944271831 ], [ 573711.316047644475475, 64676.732303206488723 ], [ 573711.313146734377369, 64701.296189346910978 ], [ 573760.76951356139034, 64701.302033041763934 ], [ 573760.763704527867958, 64750.429920353402849 ], [ 573785.49183201813139, 64750.432845883697155 ], [ 573785.488924880046397, 64774.996735416192678 ], [ 573810.217052527237684, 64774.999663037327991 ], [ 573810.214143311721273, 64799.563553692911228 ], [ 573760.757891098503023, 64799.557697212061612 ], [ 573760.75498273037374, 64824.121585667213367 ], [ 573785.483107296051458, 64824.124514526556595 ], [ 573785.474372637574561, 64897.816293879761361 ], [ 573834.930730555439368, 64897.822161218813562 ], [ 573834.916140973335132, 65020.641731268318836 ], [ 573859.644149815663695, 65020.644671946531162 ], [ 573859.638304293970577, 65069.772568642860278 ], [ 573834.910297409165651, 65069.769625743065262 ], [ 573834.901523807435296, 65143.461301802264643 ], [ 573810.173298442270607, 65143.458356530325545 ], [ 573810.170372668886557, 65168.022358012807672 ], [ 573785.442260663374327, 65168.01941263081244 ], [ 573785.439334780909121, 65192.583302486214961 ], [ 573810.167445805622265, 65192.586248978266667 ], [ 573810.164517839439213, 65217.150139963137917 ], [ 573834.892740262323059, 65217.153088566366932 ], [ 573834.88981021172367, 65241.716980681114364 ], [ 573884.346033923095092, 65241.722883046575589 ], [ 573884.343100792146288, 65266.286887945469061 ], [ 573909.071324606891721, 65266.28984173538629 ], [ 573909.07425871968735, 65241.725835724944773 ], [ 573933.802262098295614, 65241.728789364969998 ], [ 573933.799327003536746, 65266.292796487323358 ], [ 573958.527553057065234, 65266.295752254452964 ], [ 573958.524615888600238, 65290.859649965786957 ], [ 573933.79639081726782, 65290.856693086367159 ], [ 573933.790515130269341, 65339.984486342837045 ], [ 573958.51873823592905, 65339.987445446837228 ], [ 573958.515797751839273, 65364.551343216560781 ], [ 573983.243909729761072, 65364.554304409619363 ], [ 573983.249791559064761, 65315.426506664327462 ], [ 574007.977906626299955, 65315.4294666214264 ], [ 574007.974965281435288, 65339.993366597365821 ], [ 574032.703080472303554, 65339.996328657209233 ], [ 574032.700137038249522, 65364.560229766015254 ], [ 574007.97202283074148, 65364.557266592768428 ], [ 574007.969079260714352, 65389.121277150428796 ], [ 574032.697192484512925, 65389.12424143707176 ], [ 574032.694246837752871, 65413.688142584840534 ], [ 573958.509913454763591, 65413.679249357221124 ], [ 573958.504024750203826, 65462.807045033114264 ], [ 573933.775806564837694, 65462.80408036767767 ], [ 573933.772861539968289, 65487.367977122594311 ], [ 573909.044867996592075, 65487.365012363516144 ], [ 573909.038976590381935, 65536.492914250833564 ], [ 573983.223288475186564, 65536.501818217657274 ], [ 573983.220338163198903, 65561.065717256075004 ], [ 574007.948443384142593, 65561.068688343424583 ], [ 574007.945490979938768, 65585.632588514417876 ], [ 574032.673596320790239, 65585.635561708244495 ], [ 574032.679501996259205, 65536.507759159023408 ], [ 574057.407721720985137, 65536.510731132133515 ], [ 574057.401814072509296, 65585.638535908903577 ], [ 574082.129921655869111, 65585.641511089619598 ], [ 574082.124007592909038, 65634.769428715633694 ], [ 574057.395901984069496, 65634.76645130662655 ], [ 574057.392944286577404, 65659.330353763434687 ], [ 574032.66472949704621, 65659.327376221466693 ], [ 574032.670641810283996, 65610.199573554957169 ], [ 574007.942537456518039, 65610.196599247734412 ], [ 574007.936627118382603, 65659.324399687437108 ], [ 573983.20852584624663, 65659.321424147987273 ], [ 573983.205569993006065, 65683.885433820658363 ], [ 574032.661771667539142, 65683.891388120566262 ], [ 574032.658812745125033, 65708.455289502730011 ], [ 574007.930712343193591, 65708.452310741922702 ], [ 574007.927753316587768, 65733.016100493798149 ], [ 574032.655852729687467, 65733.019080368001596 ], [ 574032.652891594683751, 65757.582981795610976 ], [ 574131.565407819463871, 65757.594915719906567 ], [ 574131.562441606307402, 65782.158932154678041 ], [ 574082.106238861801103, 65782.152960977735347 ], [ 574082.103273534099571, 65806.716864666203037 ], [ 574131.559474298730493, 65806.722838072528248 ], [ 574131.55650588334538, 65831.286744009979884 ], [ 574156.284606946050189, 65831.289733323588734 ], [ 574156.281636432162486, 65855.853640395915136 ], [ 574131.553536360152066, 65855.850649967062054 ], [ 574131.547593963565305, 65904.97868301939161 ], [ 574156.27569205313921, 65904.98167567877681 ], [ 574156.272718214662746, 65929.545582810009364 ], [ 574131.544621117063798, 65929.542589035379933 ], [ 574131.535695930710062, 66003.234307207458187 ], [ 574156.263790050637908, 66003.237304327849415 ], [ 574156.254851899691857, 66076.929136552964337 ], [ 574131.526760760811158, 66076.926136086811312 ], [ 574131.529740254161879, 66052.362229952865164 ], [ 574106.801649229601026, 66052.359231602473301 ], [ 574106.804626634693705, 66027.795216066559078 ], [ 574082.076535741449334, 66027.79221983118623 ], [ 574082.070581824751571, 66076.920138157147449 ], [ 574106.798670730320737, 66076.923136621539015 ], [ 574106.795691123697907, 66101.48704166659445 ], [ 574082.06760321254842, 66101.4840420877008 ], [ 574082.064623493351974, 66126.047946031656465 ], [ 574106.79271040961612, 66126.050946725066751 ], [ 574106.786745645804331, 66175.178867437614826 ], [ 574131.514831696404144, 66175.181871362423408 ], [ 574131.51184666424524, 66199.745777594900574 ], [ 574156.239932827302255, 66199.748783637332963 ], [ 574156.248887600610033, 66126.056951116755954 ], [ 574205.70518055872526, 66126.062959528484498 ], [ 574205.702194756595418, 66150.626869068408269 ], [ 574230.430286292219535, 66150.629875886326772 ], [ 574230.421319231390953, 66224.321718516323017 ], [ 574255.149520181817934, 66224.324729700019816 ], [ 574255.143534610164352, 66273.452553423616337 ], [ 574279.871512125944719, 66273.455567817538395 ], [ 574279.865520107210614, 66322.583504390888265 ], [ 574329.321808364009485, 66322.589540701694204 ], [ 574329.315807925537229, 66371.717371294536861 ], [ 574304.587720875977539, 66371.714350407914026 ], [ 574304.584719989565201, 66396.278264612978091 ], [ 574279.85652377421502, 66396.275243600626709 ], [ 574279.853522763121873, 66420.839267244547955 ], [ 574255.125551237142645, 66420.836246147984639 ], [ 574255.122550129075535, 66445.400158158066915 ], [ 574279.85052065551281, 66445.403180371722556 ], [ 574279.844513110117987, 66494.531006691715447 ], [ 574304.572705326252617, 66494.534032174022286 ], [ 574304.575710654258728, 66469.97011788978125 ], [ 574354.031877894885838, 66469.976169612724334 ], [ 574354.028870566166006, 66494.54008613305632 ], [ 574403.485151587985456, 66494.546144134539645 ], [ 574403.482141133281402, 66519.11017344884749 ], [ 574378.754056704812683, 66519.107142832333921 ], [ 574378.74803448934108, 66568.234978209322435 ], [ 574354.019841899862513, 66568.231946349551436 ], [ 574354.013817229075357, 66617.359890111503773 ], [ 574378.742007814347744, 66617.36292420848622 ], [ 574378.732959486311302, 66691.054677541847923 ], [ 574428.189115453395061, 66691.060755450642318 ], [ 574428.180051084142178, 66764.752626220622915 ], [ 574403.451975542237051, 66764.749583403114229 ], [ 574403.448952870676294, 66789.313502399265417 ], [ 574452.905103057739325, 66789.319591284642229 ], [ 574452.902077250415459, 66813.883623082612758 ], [ 574428.174002605606802, 66813.880577014380833 ], [ 574428.170976718422025, 66838.444386633083923 ], [ 574403.442904192022979, 66838.441340457546175 ], [ 574403.433822807855904, 66912.133318758089445 ], [ 574378.705754440976307, 66912.130270238063531 ], [ 574378.702726105344482, 66936.694188241031952 ], [ 574403.430793465231545, 66936.697237880027387 ], [ 574403.421698766062036, 67010.38899534670054 ], [ 574428.149764243513346, 67010.392049357615178 ], [ 574428.146729444968514, 67034.955969672446372 ], [ 574452.874795026844367, 67034.959025818083319 ], [ 574452.877830833895132, 67010.395104383555008 ], [ 574527.062148671597242, 67010.404275565262651 ], [ 574527.071258486714214, 66936.712501297326526 ], [ 574551.79933262616396, 66936.715557019764674 ], [ 574551.802368010743521, 66912.151631176209776 ], [ 574527.074292864301242, 66912.148576574967592 ], [ 574527.080358292208984, 66863.02061666600639 ], [ 574551.808435451472178, 66863.023669024842093 ], [ 574551.805402294965461, 66887.587594822281972 ], [ 574576.53347956284415, 66887.590649315476185 ], [ 574576.539546787505969, 66838.462684960803017 ], [ 574527.083389342296869, 66838.456581473132246 ], [ 574527.092475769692101, 66764.764807617422775 ], [ 574551.820556950406171, 66764.767855491445516 ], [ 574551.829636380192824, 66691.075967914584908 ], [ 574576.557721687713638, 66691.079013435184606 ], [ 574576.563771067769267, 66641.951159935400938 ], [ 574601.291970797581598, 66641.954204236011719 ], [ 574601.29499481851235, 66617.390276393969543 ], [ 574576.566794086131267, 66617.387233215311426 ], [ 574576.575856468174607, 66543.69534263118112 ], [ 574551.847765146405436, 66543.692303840012755 ], [ 574551.850782705936581, 66519.128378320820048 ], [ 574576.578875028761104, 66519.131415990414098 ], [ 574576.587924037477933, 66445.439525644178502 ], [ 574551.859828713699244, 66445.436491339307395 ], [ 574551.87187445582822, 66347.180679161596345 ], [ 574527.143776250537485, 66347.177650348021416 ], [ 574527.146783899399452, 66322.613726102106739 ], [ 574502.418574562994763, 66322.610699400713202 ], [ 574502.430590046220459, 66224.354896586490213 ], [ 574477.702600386342965, 66224.351875398759148 ], [ 574477.708599448902532, 66175.224031612990075 ], [ 574502.436591100995429, 66175.227050559798954 ], [ 574502.439589971909299, 66150.663017042592401 ], [ 574477.711597324348986, 66150.659999216237338 ], [ 574477.717589709209278, 66101.532155555032659 ], [ 574452.989373650867492, 66101.529140943704988 ], [ 574452.992367179482244, 66076.965220256446628 ], [ 574477.720584232243709, 66076.96823374768428 ], [ 574477.726569952908903, 66027.840279668031144 ], [ 574452.998350912355818, 66027.837268416988081 ], [ 574453.004330181400292, 65978.709427192836301 ], [ 574354.09179118857719, 65978.697401184064802 ], [ 574354.094775183941238, 65954.133485071826726 ], [ 574378.822992698755115, 65954.136488966454635 ], [ 574378.825976575142704, 65929.572571761542349 ], [ 574354.097758068121038, 65929.569568985520164 ], [ 574354.100739841233008, 65905.005652918858686 ], [ 574378.828959340113215, 65905.008654576275148 ], [ 574378.831941006937996, 65880.44462687408668 ], [ 574354.103720516548492, 65880.441626335275942 ], [ 574354.106700080796145, 65855.877599765051855 ], [ 574378.834921562345698, 65855.880599185242318 ], [ 574378.840879311785102, 65806.7527649521071 ], [ 574354.112655849196017, 65806.749767769128084 ], [ 574354.115632066735998, 65782.18585180057562 ], [ 574329.38752001861576, 65782.182856746119796 ], [ 574329.402379508479498, 65659.363172245590249 ], [ 574304.674263652763329, 65659.360183776851045 ], [ 574304.677231228095479, 65634.796270161896246 ], [ 574329.405348071595654, 65634.799257512771874 ], [ 574329.417211229680106, 65536.543488234165125 ], [ 574304.689090438885614, 65536.5405053547438 ], [ 574304.69501338864211, 65487.412567796949588 ], [ 574279.966780461603776, 65487.409588131791679 ], [ 574279.969739279011264, 65462.845675771073729 ], [ 574304.697973191388883, 65462.84865431873186 ], [ 574304.700931883649901, 65438.284740860028251 ], [ 574279.972696986515075, 65438.281763429862622 ], [ 574279.975653583998792, 65413.717851108151081 ], [ 574304.703889465541579, 65413.720827420816931 ], [ 574304.706845937063918, 65389.156914001112455 ], [ 574329.434972638031468, 65389.159890173366875 ], [ 574329.443838353734463, 65315.468036134690919 ], [ 574304.715708702802658, 65315.46506331601995 ], [ 574304.724561475100927, 65241.77321280608885 ], [ 574329.452694072620943, 65241.776182271161815 ], [ 574329.461539781652391, 65168.084439125428617 ], [ 574354.189676459413022, 65168.087406224032748 ], [ 574354.192623801296577, 65143.523380226171867 ], [ 574329.464486143086106, 65143.520414245809661 ], [ 574329.482140919775702, 64996.136818045677501 ], [ 574304.753998524043709, 64996.133859759254847 ], [ 574304.756936119170859, 64971.569946669769706 ], [ 574255.300652732839808, 64971.564035285082355 ], [ 574255.306520696380176, 64922.43610309689393 ], [ 574205.850126611534506, 64922.430200101756782 ], [ 574205.853056968888268, 64897.8662915380919 ], [ 574181.124916286207736, 64897.863342638273025 ], [ 574181.127844558213837, 64873.299435203654866 ], [ 574131.671453319606371, 64873.293542570732825 ], [ 574131.680225644493476, 64799.601716557881446 ], [ 574106.952084413263947, 64799.598775066704547 ], [ 574106.955005326773971, 64775.034871061441663 ], [ 574131.68314753274899, 64775.037811437730852 ], [ 574131.686068313312717, 64750.473906330611499 ], [ 574082.229783077258617, 64750.468028788614902 ], [ 574082.23561743251048, 64701.340112567108008 ], [ 574032.779221523436718, 64701.334243390934716 ], [ 574032.785047544515692, 64652.20644223891577 ], [ 574082.241447346284986, 64652.212306959234411 ], [ 574082.244360642624088, 64627.64840417792584 ], [ 574057.516214853501879, 64627.645472448857618 ], [ 574057.519126083585434, 64603.081460270725074 ], [ 573958.606438932707533, 64603.069747583489516 ], [ 573958.615154285682365, 64529.378056132714846 ], [ 573884.430614136043005, 64529.369291896160576 ], [ 573884.433514144038782, 64504.805287577371928 ], [ 573859.705261170864105, 64504.80236922250333 ], [ 573859.711055908119306, 64455.674583950458327 ], [ 573834.983024661894888, 64455.671668820512423 ], [ 573834.985919405240566, 64431.107777324097697 ], [ 573810.257665769895539, 64431.104864254681161 ], [ 573810.260558453621343, 64406.540863345166144 ], [ 573785.532416228204966, 64406.537952374870656 ], [ 573785.535306827048771, 64381.974063137357007 ], [ 573760.807164764264598, 64381.971154252329143 ], [ 573760.810053278924897, 64357.407376680108428 ], [ 573736.081911353161559, 64357.404469879598764 ], [ 573736.076135146082379, 64406.53213336103363 ], [ 573711.347884995630011, 64406.529225304402644 ], [ 573711.353659265325405, 64357.401564040854282 ], [ 573637.169243553071283, 64357.39285241287871 ], [ 573637.177888031350449, 64283.700983751412423 ], [ 573661.906028385274112, 64283.703883329078963 ], [ 573661.917542782262899, 64185.448349056154257 ], [ 573637.189398562302813, 64185.445453909786011 ], [ 573637.195147238322534, 64136.317578561109258 ], [ 573612.467002191231586, 64136.314686601886933 ], [ 573612.472744523314759, 64087.186924087254738 ], [ 573587.744487382937223, 64087.184035300684627 ], [ 573587.741617731400765, 64111.747915441352234 ], [ 573563.013473959756084, 64111.745026531818439 ], [ 573563.019210247555748, 64062.617157946602674 ], [ 573538.291065647033975, 64062.614272220867861 ], [ 573538.293931171880104, 64038.05039432515332 ], [ 573414.65310880204197, 64038.035985765214718 ], [ 573414.661684337770566, 63964.344368789788859 ], [ 573389.933431298588403, 63964.341493289779464 ], [ 573389.936286654090509, 63939.777622106892522 ], [ 573414.664540655561723, 63939.780496502797178 ], [ 573414.673103039385751, 63866.088769213449268 ], [ 573389.944846153375693, 63866.085898129887937 ], [ 573389.947697121999227, 63841.522027023187547 ], [ 573365.219551651040092, 63841.519158023678756 ], [ 573365.21099832537584, 63915.210878632336971 ], [ 573315.75471649132669, 63915.205136915312323 ], [ 573315.757566781714559, 63890.641158538004674 ], [ 573340.485708097927272, 63890.644027809445106 ], [ 573340.488558241049759, 63866.080158890799794 ], [ 573315.760415963595733, 63866.077290722343605 ], [ 573315.763264050008729, 63841.513422925730993 ], [ 573340.491407288238406, 63841.516289991195663 ], [ 573340.494255239376798, 63816.952421110639989 ], [ 573365.222400562604889, 63816.955288039767765 ], [ 573365.230940732290037, 63743.2635676594291 ], [ 573414.687351729022339, 63743.269297806968098 ], [ 573414.695887782960199, 63669.577570974084665 ], [ 573439.42404219484888, 63669.580434176270501 ], [ 573439.446764378109947, 63473.069228321888659 ], [ 573464.174927540123463, 63473.072083649647539 ], [ 573464.183433105004951, 63399.380461350410769 ], [ 573414.727102151606232, 63399.374758284349809 ], [ 573414.732763237552717, 63350.246904065868875 ], [ 573464.189098005183041, 63350.252602713248052 ], [ 573464.191928802290931, 63325.68872869117331 ], [ 573488.920210090582259, 63325.691578361831489 ], [ 573488.925870296079665, 63276.563828157552052 ], [ 573538.382217452628538, 63276.569525927712675 ], [ 573538.385047811898403, 63252.005648645434121 ], [ 573563.113224020693451, 63252.008497861876094 ], [ 573563.116054245387204, 63227.444508955712081 ], [ 573538.387877085013315, 63227.441660845630395 ], [ 573538.390705246594734, 63202.877783601055853 ], [ 573563.118883358081803, 63202.88063060479908 ], [ 573563.121711371466517, 63178.31675226642983 ], [ 573538.393532309099101, 63178.313906369032338 ], [ 573538.399183150264435, 63129.186041437642416 ], [ 573513.670892039081082, 63129.183198696380714 ], [ 573513.679357204469852, 63055.491460020268278 ], [ 573439.494815807323903, 63055.482947519361915 ], [ 573439.497632481972687, 63030.919074828168959 ], [ 573464.225812775315717, 63030.921910268494685 ], [ 573464.228629300720058, 63006.358036491226812 ], [ 573488.956922944751568, 63006.360871793833212 ], [ 573488.959739333018661, 62981.796886393727618 ], [ 573513.687812482821755, 62981.79972151957918 ], [ 573513.690628707641736, 62957.2358455627691 ], [ 573439.506075934157707, 62957.227346324631071 ], [ 573439.514509496511891, 62883.535728532624489 ], [ 573390.058029588195495, 62883.530073755100602 ], [ 573390.060836688731797, 62858.966203403870168 ], [ 573365.332653089426458, 62858.963378553984512 ], [ 573365.329846934881061, 62883.527247801466729 ], [ 573315.87348496937193, 62883.521598751751299 ], [ 573315.876289231935516, 62858.957731710637745 ], [ 573266.419929815107025, 62858.952088675847335 ], [ 573266.425531284301542, 62809.824248516953958 ], [ 573192.240883526043035, 62809.815797702234704 ], [ 573192.243679777369834, 62785.251936226726684 ], [ 573241.700038210256025, 62785.257566940708784 ], [ 573241.702835256932303, 62760.693703281278431 ], [ 573266.431128361495212, 62760.69651897559379 ], [ 573266.433925257762894, 62736.132654232969799 ], [ 573315.890294123557396, 62736.138286243331095 ], [ 573315.887495338916779, 62760.702153190839454 ], [ 573365.343866757117212, 62760.707791208697017 ], [ 573365.341064987820573, 62785.27166038127325 ], [ 573390.069251422886737, 62785.274481919928803 ], [ 573390.072054136660881, 62760.710611643611628 ], [ 573414.800353892263956, 62760.713433041870303 ], [ 573414.803156453417614, 62736.149561680125771 ], [ 573439.531347003066912, 62736.152382911859604 ], [ 573439.536950734094717, 62687.024527492831112 ], [ 573464.265144268749282, 62687.02734746511851 ], [ 573464.270745483110659, 62637.899600453769381 ], [ 573488.999053306179121, 62637.902419177815318 ], [ 573489.001853221445344, 62613.338434058547136 ], [ 573464.273544456111267, 62613.335616439740988 ], [ 573464.276342306169681, 62588.771853517115233 ], [ 573489.004652013420127, 62588.774670030688867 ], [ 573489.010246340651065, 62539.646810415499203 ], [ 573513.73833648848813, 62539.649625640566228 ], [ 573513.741132951923646, 62515.085639490287576 ], [ 573489.013041863334365, 62515.082825370824139 ], [ 573489.01583626260981, 62490.519061417544435 ], [ 573464.287522791186348, 62490.516249324929959 ], [ 573464.295896631083451, 62416.824518740744679 ], [ 573414.839489953359589, 62416.818904048574041 ], [ 573414.842277168063447, 62392.254922411586449 ], [ 573464.298685723682866, 62392.26053489439073 ], [ 573464.307046377216466, 62318.568915069794457 ], [ 573439.578838735818863, 62318.566111670443206 ], [ 573439.587186710094102, 62244.874384797505627 ], [ 573390.130657849833369, 62244.868787443920155 ], [ 573390.136213925667107, 62195.741047723255178 ], [ 573340.679797030752525, 62195.7354585678695 ], [ 573340.685344990342855, 62146.607612805571989 ], [ 573315.957136350683868, 62146.604821847038693 ], [ 573315.959907745360397, 62122.040955364849651 ], [ 573291.231587990769185, 62122.038166437749169 ], [ 573291.234357355278917, 62097.474301070426009 ], [ 573266.506260342430323, 62097.471514211661997 ], [ 573266.50349191238638, 62122.035378476728511 ], [ 573241.775174379814416, 62122.032591431590845 ], [ 573241.777941875276156, 62097.468728268417181 ], [ 573217.049735790584236, 62097.465943278322811 ], [ 573217.0469692297047, 62122.029805339981976 ], [ 573167.590450993040577, 62122.024235967168352 ], [ 573167.593215684988536, 62097.460376107432239 ], [ 573142.865124215488322, 62097.457593951679883 ], [ 573142.859595607849769, 62146.585311482594989 ], [ 573093.403085876256227, 62146.57974555598048 ], [ 573093.408610745100304, 62097.452032424436766 ], [ 573043.952101716189645, 62097.446474659634987 ], [ 573043.949341697036289, 62122.010329021090001 ], [ 572994.492950234794989, 62122.004772834516189 ], [ 572994.498465456534177, 62072.876957993532415 ], [ 572945.041963402065448, 62072.871409948835208 ], [ 572945.039208198781125, 62097.435370429833711 ], [ 572870.854633112903684, 62097.427052143197216 ], [ 572870.851879635476507, 62121.990898822681629 ], [ 572821.395392358652316, 62121.985355797318334 ], [ 572821.398143966915086, 62097.421511309330526 ], [ 572673.028925525839441, 62097.404911407182226 ], [ 572673.026179524837062, 62121.968749329593265 ], [ 572648.297999791335315, 62121.96598488046584 ], [ 572648.300744857871905, 62097.402148051012773 ], [ 572623.572565281414427, 62097.399385635442741 ], [ 572623.583530969335698, 61999.143932362014311 ], [ 572574.127056378754787, 61999.13841907652386 ], [ 572574.129793231491931, 61974.574475080029515 ], [ 572549.401612285873853, 61974.571720943633409 ], [ 572549.404347097151913, 61950.007999135756108 ], [ 572524.676055039046332, 61950.005247016815701 ], [ 572524.678787858807482, 61925.44130524614593 ], [ 572499.950718533014879, 61925.438555181062839 ], [ 572499.953449325170368, 61900.874725055764429 ], [ 572475.225157599546947, 61900.87197699429089 ], [ 572475.230614071595483, 61851.744318973520421 ], [ 572450.50254414754454, 61851.741574054365628 ], [ 572450.50526982860174, 61827.177746164750715 ], [ 572475.23334068316035, 61827.180489993923402 ], [ 572475.238790669245645, 61778.052721553882293 ], [ 572499.967087047174573, 61778.055464163531724 ], [ 572499.969811351271346, 61753.491523606411647 ], [ 572549.426186693599448, 61753.497009426500881 ], [ 572549.431635742075741, 61704.369345088744012 ], [ 572574.159826922928914, 61704.372087218929664 ], [ 572574.167995160445571, 61630.680477033347415 ], [ 572598.896190212573856, 61630.683216822639224 ], [ 572598.898911712458357, 61606.119382553188188 ], [ 572574.170715733198449, 61606.116643855748407 ], [ 572574.181587179191411, 61507.861311328953889 ], [ 572227.986572876339778, 61507.823128496966092 ], [ 572227.989275084575638, 61483.259200115549902 ], [ 572277.445757998852059, 61483.264641459099948 ], [ 572277.451162851997651, 61434.137001488736132 ], [ 572252.722863360308111, 61434.134282519225962 ], [ 572252.725563254673034, 61409.570353112423618 ], [ 572227.997375209000893, 61409.567636172345374 ], [ 572228.000073087750934, 61385.003818400335149 ], [ 572203.271885226015002, 61385.001103476701246 ], [ 572203.274581102072261, 61360.437286815555126 ], [ 572153.818206800147891, 61360.431861929137085 ], [ 572153.831660784315318, 61237.612679212412331 ], [ 572129.103359376313165, 61237.609973576945777 ], [ 572129.108731587417424, 61188.482236469288182 ], [ 572104.380540705635212, 61188.479533943143906 ], [ 572104.383224267861806, 61163.915721769546508 ], [ 572129.111416070256382, 61163.918423210903711 ], [ 572129.114099475205876, 61139.354609964459087 ], [ 572153.842404566006735, 61139.357311259278504 ], [ 572153.847769981366582, 61090.229682663346466 ], [ 572228.032363468781114, 61090.237785552511923 ], [ 572228.035047316225246, 61065.673968024180795 ], [ 572252.763248261762783, 61065.676669751286681 ], [ 572252.765931960428134, 61041.112740618395037 ], [ 572277.494246194837615, 61041.115442195616197 ], [ 572277.502293530385941, 60967.42398324716487 ], [ 572252.773976542288437, 60967.421284931006085 ], [ 572252.779334210441448, 60918.293537365061638 ], [ 572178.594606876722537, 60918.285454499440675 ], [ 572178.605298241833225, 60820.030193686710845 ], [ 572203.333617443335243, 60820.032882716972381 ], [ 572203.34696197649464, 60697.213580608899065 ], [ 572178.618638203945011, 60697.210897008168104 ], [ 572178.623966640909202, 60648.083156352528022 ], [ 572104.439330236287788, 60648.075117613880138 ], [ 572104.444648873992264, 60598.947494083899073 ], [ 572079.716437108349055, 60598.944818510470213 ], [ 572079.719093899358995, 60574.381007857009536 ], [ 572054.990771026234142, 60574.3783342734896 ], [ 572054.993425828753971, 60549.814524722132774 ], [ 572030.265325699117966, 60549.811853163868363 ], [ 572030.270630252663977, 60500.684236276363663 ], [ 571980.81409576558508, 60500.678900207705738 ], [ 571980.822039076359943, 60426.987370983799337 ], [ 571956.093826391035691, 60426.984707577772497 ], [ 571956.096471108845435, 60402.420791924741934 ], [ 571931.368147316505201, 60402.418130504214787 ], [ 571931.370790038607083, 60377.854326493754343 ], [ 571881.914366464712657, 60377.849008584686089 ], [ 571881.919645063579082, 60328.72129440819117 ], [ 571857.191433089086786, 60328.718638987622398 ], [ 571857.196705552865751, 60279.591148111052462 ], [ 571807.740281246951781, 60279.585844333370915 ], [ 571807.742914072237909, 60255.021935282136837 ], [ 571783.014591360581107, 60255.01928583093104 ], [ 571783.009326474508271, 60304.146880719374167 ], [ 571758.281117954058573, 60304.144230033627537 ], [ 571758.286381026147865, 60255.016637304339383 ], [ 571708.829852326423861, 60255.011342977326422 ], [ 571708.835107484133914, 60205.883754636030062 ], [ 571733.563428737223148, 60205.886399191469536 ], [ 571733.568681431468576, 60156.758698222023668 ], [ 571758.296894314233214, 60156.761341519093548 ], [ 571758.294267603661865, 60181.32513780289446 ], [ 571807.750806086231023, 60181.330429302077391 ], [ 571807.761313744820654, 60083.075125100280275 ], [ 571857.217752538970672, 60083.080411589784489 ], [ 571857.225627427804284, 60009.389010039325512 ], [ 571881.953851171536371, 60009.391651406011079 ], [ 571881.956474889651872, 59984.827849846013123 ], [ 571832.499915417050943, 59984.82257017151278 ], [ 571832.502536268089898, 59960.258660255130962 ], [ 571807.77442417119164, 59960.256022878915246 ], [ 571807.777043023146689, 59935.692335132822336 ], [ 571832.50515602203086, 59935.694971428725694 ], [ 571832.51039234502241, 59886.567262215117808 ], [ 571807.782277543330565, 59886.564628079860995 ], [ 571807.784893199801445, 59862.000719315292372 ], [ 571783.056556029245257, 59861.998087143409066 ], [ 571783.059169688494876, 59837.434400548729172 ], [ 571807.787507759523578, 59837.437031640656642 ], [ 571807.795345047605224, 59763.745526573358802 ], [ 571758.338775884127244, 59763.740271786336962 ], [ 571758.343991786008701, 59714.6125693085487 ], [ 571733.615762670640834, 59714.609945437252463 ], [ 571733.618368108873256, 59690.046150566013239 ], [ 571708.890027913614176, 59690.043528666268685 ], [ 571708.892631381982937, 59665.479734897955495 ], [ 571684.164402642520145, 59665.477114992609131 ], [ 571684.167004141723737, 59640.913322320564475 ], [ 571634.710548132075928, 59640.908087376978074 ], [ 571634.707948427880183, 59665.47187789320742 ], [ 571609.979722943739034, 59665.469260699152073 ], [ 571609.9952997432556, 59518.086413790275401 ], [ 571634.723530607298017, 59518.089024520224484 ], [ 571634.733897333033383, 59419.833641909950529 ], [ 571659.462132849730551, 59419.836249230524118 ], [ 571659.46472274302505, 59395.272457814127847 ], [ 571634.73648633249104, 59395.269851571276376 ], [ 571634.739074261509813, 59370.706061250326457 ], [ 571659.467311565531418, 59370.708666415455809 ], [ 571659.472486009588465, 59321.580973128926416 ], [ 571634.744246919639409, 59321.578370119248575 ], [ 571634.74941528425552, 59272.450789601221913 ], [ 571659.477656158618629, 59272.453390455448243 ], [ 571659.482822036021389, 59223.325697310407122 ], [ 571634.75457937864121, 59223.323098611632304 ], [ 571634.751997860963456, 59247.886999368733086 ], [ 571560.567167768022045, 59247.879205412173178 ], [ 571560.57232436328195, 59198.75163145580882 ], [ 571610.028917327988893, 59198.756822226117947 ], [ 571610.031495814211667, 59174.19292258797941 ], [ 571659.487983618397266, 59174.198114778300805 ], [ 571659.490562803344801, 59149.634323538724857 ], [ 571610.034073218819685, 59149.629133503483899 ], [ 571610.03664955322165, 59125.065344436639862 ], [ 571535.851809351355769, 59125.057569321572373 ], [ 571535.846660952316597, 59174.185141013243992 ], [ 571486.390072709997185, 59174.179957774489594 ], [ 571486.400358115322888, 59075.924823060850031 ], [ 571535.85695347446017, 59075.92999769414746 ], [ 571535.862093333271332, 59026.802315607514174 ], [ 571560.59033878496848, 59026.804902108116949 ], [ 571560.59290799300652, 59002.241115282966348 ], [ 571511.136416411143728, 59002.23594532795687 ], [ 571511.13898278621491, 58977.672050130262505 ], [ 571436.954139590729028, 58977.664305114398303 ], [ 571436.956702223978937, 58953.100523701912607 ], [ 571387.500217915629037, 58953.095366980858671 ], [ 571387.505336432950571, 58903.967808505403809 ], [ 571362.776982846553437, 58903.965233620016079 ], [ 571362.779539618990384, 58879.401455482293386 ], [ 571338.051297514815815, 58879.398882573987066 ], [ 571338.053852346492931, 58854.834994984870718 ], [ 571239.140779869863763, 58854.824716547991557 ], [ 571239.143330082530156, 58830.260943807988951 ], [ 571263.871569650364108, 58830.263511005316104 ], [ 571263.876668651704676, 58781.135963434382575 ], [ 571239.148427314357832, 58781.133398380610743 ], [ 571239.150974344811402, 58756.569515157301794 ], [ 571189.694493145798333, 58756.564389863291581 ], [ 571189.702122514485382, 58682.873078327305848 ], [ 571164.973880888777785, 58682.870520227268571 ], [ 571164.981498035835102, 58609.179212067101616 ], [ 571189.709742308827117, 58609.181766955160128 ], [ 571189.712280124076642, 58584.617885990555806 ], [ 571164.98403496935498, 58584.615332173169008 ], [ 571164.991639355081134, 58510.92402422275336 ], [ 571189.719887152547017, 58510.926574828161392 ], [ 571189.724953197175637, 58461.79892359834048 ], [ 571164.996703639742918, 58461.796375134261325 ], [ 571164.999234181130305, 58437.232605887264071 ], [ 571140.27087353146635, 58437.23005936753907 ], [ 571140.273402141639963, 58412.666180672371411 ], [ 571115.545152969192713, 58412.663636119192233 ], [ 571115.550205220701173, 58363.53610198647948 ], [ 571090.8219553794479, 58363.533560457181011 ], [ 571090.824479033239186, 58338.969794489625201 ], [ 571066.096118099987507, 58338.967254902112472 ], [ 571066.098639825126156, 58314.403379485265759 ], [ 571041.370501657249406, 58314.400841873073659 ], [ 571041.373021431849338, 58289.837078078293416 ], [ 571016.644660895690322, 58289.83454239499406 ], [ 571016.647178731742315, 58265.270779686041351 ], [ 570967.1906817011768, 58265.265713126798801 ], [ 570967.193196723004803, 58240.701952564690146 ], [ 570744.638782768044621, 58240.679206304092077 ], [ 570744.63627563463524, 58265.242957273752836 ], [ 570695.179802206461318, 58265.237910130643286 ], [ 570695.184811910847202, 58216.110412470101437 ], [ 570645.728227983228862, 58216.105373097998381 ], [ 570645.730729499366134, 58191.541626423007983 ], [ 570596.27414810215123, 58191.536592702730559 ], [ 570596.27164833759889, 58216.100337253134057 ], [ 570620.999993258272298, 58216.102854740325711 ], [ 570620.992485005408525, 58289.794091688410845 ], [ 570645.720717101008631, 58289.796613233513199 ], [ 570645.718211362138391, 58314.360359978039924 ], [ 570620.98998014384415, 58314.357837370458583 ], [ 570620.987474215682596, 58338.921693605690962 ], [ 570596.259133679443039, 58338.919170807945193 ], [ 570596.264142714324407, 58289.791571014880901 ], [ 570546.807683865888976, 58289.78653233928344 ], [ 570546.817682243301533, 58191.531562519514409 ], [ 570522.089450926403515, 58191.52904875006061 ], [ 570522.09194702107925, 58166.96519686531974 ], [ 570472.635374557925388, 58166.960174080275465 ], [ 570472.642851237324066, 58093.268956493833684 ], [ 570447.914619612274691, 58093.266449608177936 ], [ 570447.917108869878575, 58068.702600973585504 ], [ 570423.188877440639772, 58068.700096027379914 ], [ 570423.193851028452627, 58019.572622000690899 ], [ 570398.465618930291384, 58019.570120052318089 ], [ 570398.473068813211285, 57945.878801777464105 ], [ 570324.288259756751359, 57945.871310719579924 ], [ 570324.303115433896892, 57798.488804229607922 ], [ 570299.574879744439386, 57798.486315315341926 ], [ 570299.582290794351138, 57724.795010205234576 ], [ 570274.854053573333658, 57724.792525338270934 ], [ 570274.856520950212143, 57700.228794907299743 ], [ 570299.584759039571509, 57700.231278716986708 ], [ 570299.592157483333722, 57626.539973813538381 ], [ 570274.863916791044176, 57626.537493175674172 ], [ 570274.861452553537674, 57651.101334097016661 ], [ 570250.133102502441034, 57651.098853263960336 ], [ 570250.125706126214936, 57724.790041334497801 ], [ 570101.756200196105056, 57724.775155729366816 ], [ 570101.753737839171663, 57749.338989329029573 ], [ 570052.297283176099882, 57749.334032351034693 ], [ 570052.299743795651011, 57724.770200859602483 ], [ 570027.571405923226848, 57724.767724725119479 ], [ 570027.568946172483265, 57749.331555162985751 ], [ 570002.840832767542452, 57749.329078871967795 ], [ 570002.838372850557789, 57773.892797731947212 ], [ 570027.56648538634181, 57773.895275076145481 ], [ 570027.564023553743027, 57798.458995006527402 ], [ 570002.83591188734863, 57798.456516609156097 ], [ 570002.826057574013248, 57896.711392290599179 ], [ 569953.369399293558672, 57896.706429656675027 ], [ 569953.36693483160343, 57921.270257056901755 ], [ 570002.823591369320638, 57921.275221796087862 ], [ 570002.821124129695818, 57945.83894077691366 ], [ 570027.549230571603402, 57945.841425493337738 ], [ 570027.546761413803324, 57970.405145544624247 ] ], [ [ 570077.003198270336725, 57970.410119740437949 ], [ 570077.00072632136289, 57994.973841916500533 ], [ 570101.729056753451005, 57994.976331397025206 ], [ 570101.726582873263396, 58019.540165186677768 ], [ 570076.99825331394095, 58019.537674651852285 ], [ 570076.99577927053906, 58044.101396862533875 ], [ 570027.539347650832497, 58044.096416344298632 ], [ 570027.541819947888143, 58019.532696241083613 ], [ 569978.08539082063362, 58019.527721345621103 ], [ 569978.087860336760059, 57994.963892823747301 ], [ 570027.544291209662333, 57994.96886561322026 ], [ 570027.546761413803324, 57970.405145544624247 ], [ 570077.003198270336725, 57970.410119740437949 ] ], [ [ 569978.082920269924216, 58044.09143934284657 ], [ 569953.354596885852516, 58044.088952149730176 ], [ 569953.357066563447006, 58019.525235204935598 ], [ 569978.08539082063362, 58019.527721345621103 ], [ 569978.082920269924216, 58044.09143934284657 ] ], [ [ 570423.103682312765159, 58903.868049463279021 ], [ 570423.106205413118005, 58879.304311848034558 ], [ 570447.834407808375545, 58879.306851757784898 ], [ 570447.831883821869269, 58903.870590432525205 ], [ 570423.103682312765159, 58903.868049463279021 ] ], [ [ 571041.317341104731895, 58830.240438297827495 ], [ 571066.045460765366443, 58830.242998354748124 ], [ 571066.042916750186123, 58854.80676360274083 ], [ 571090.771259168279357, 58854.809325642985641 ], [ 571090.773804068798199, 58830.245559325820068 ], [ 571115.502037158235908, 58830.248121176482528 ], [ 571115.504581881454214, 58805.684353807322623 ], [ 571189.689401569543406, 58805.692041506641544 ], [ 571189.68685419135727, 58830.255812086666992 ], [ 571164.958617869997397, 58830.253247562672186 ], [ 571164.956070313462988, 58854.817017089590081 ], [ 571115.499491372378543, 58854.811888563192042 ], [ 571115.496944512357004, 58879.375766509634559 ], [ 571090.768713193945587, 58879.373202519884217 ], [ 571090.766166168730706, 58903.936968872170837 ], [ 571041.309708519256674, 58903.931841430261557 ], [ 571041.317341104731895, 58830.240438297827495 ] ], [ [ 571189.691947883926332, 58781.12827094415843 ], [ 571214.420187067007646, 58781.130834217197844 ], [ 571214.41763986798469, 58805.694605850716471 ], [ 571189.689401569543406, 58805.692041506641544 ], [ 571189.691947883926332, 58781.12827094415843 ] ], [ [ 571313.284619545098394, 59247.853283906093566 ], [ 571362.741076026461087, 59247.858461023148266 ], [ 571362.735929411603138, 59296.986128380878654 ], [ 571338.007702421513386, 59296.98353722711181 ], [ 571338.010275375912897, 59272.419649344701611 ], [ 571313.282048559980467, 59272.417060162006237 ], [ 571313.284619545098394, 59247.853283906093566 ] ], [ [ 571362.746218363987282, 59198.730904265750723 ], [ 571387.47456128813792, 59198.733492034814844 ], [ 571387.469417168293148, 59247.861050939478446 ], [ 571362.741076026461087, 59247.858461023148266 ], [ 571362.746218363987282, 59198.730904265750723 ] ], [ [ 571288.530644021346234, 59493.488670408602047 ], [ 571288.525481451535597, 59542.61633168336266 ], [ 571263.797155365580693, 59542.613732491001429 ], [ 571263.802316144225188, 59493.486073360538285 ], [ 571288.530644021346234, 59493.488670408602047 ] ], [ [ 572054.75568117655348, 62711.43193548853742 ], [ 572054.752931607770734, 62735.995857199988677 ], [ 572030.024914026027545, 62735.993089196184883 ], [ 572030.027662651031278, 62711.429168568385649 ], [ 572054.75568117655348, 62711.43193548853742 ] ], [ [ 572920.183252785587683, 63227.370769289256714 ], [ 572920.180447301128879, 63251.934729551212513 ], [ 572895.452188661438413, 63251.931905232486315 ], [ 572895.454993194318376, 63227.367946067206503 ], [ 572920.183252785587683, 63227.370769289256714 ] ], [ [ 574180.983055451302789, 66076.932138033516821 ], [ 574180.980072861304507, 66101.496046424334054 ], [ 574156.251870304229669, 66101.493043828158989 ], [ 574156.254851899691857, 66076.929136552964337 ], [ 574180.983055451302789, 66076.932138033516821 ] ], [ [ 574452.986379009787925, 66126.093061644365662 ], [ 574428.258276360691525, 66126.090046928147785 ], [ 574428.261270007002167, 66101.526127347213333 ], [ 574452.989373650867492, 66101.529140943704988 ], [ 574452.986379009787925, 66126.093061644365662 ] ], [ [ 573389.930574846337549, 63988.905364491743967 ], [ 573365.202435145620257, 63988.902488869818626 ], [ 573365.199578559724614, 64013.466358987105195 ], [ 573266.28703473135829, 64013.454861780730425 ], [ 573266.292739104363136, 63964.327130387653597 ], [ 573291.020764039130881, 63964.330001017391623 ], [ 573291.023615545593202, 63939.76613424722018 ], [ 573340.480004510958679, 63939.771876246493775 ], [ 573340.477151080034673, 63964.335745222284459 ], [ 573389.933431298588403, 63964.341493289779464 ], [ 573389.930574846337549, 63988.905364491743967 ] ], [ [ 573414.718602313892916, 63473.066373955574818 ], [ 573414.721436690189876, 63448.50250204835902 ], [ 573439.449599709245376, 63448.505355310189771 ], [ 573439.446764378109947, 63473.069228321888659 ], [ 573414.718602313892916, 63473.066373955574818 ] ], [ [ 571881.911725559970364, 60402.412810431902471 ], [ 571857.183516310411505, 60402.410151768133801 ], [ 571857.186156306532212, 60377.846351001986477 ], [ 571881.914366464712657, 60377.849008584686089 ], [ 571881.911725559970364, 60402.412810431902471 ] ], [ [ 571832.457835968816653, 60377.843694321883959 ], [ 571832.460473982733674, 60353.279894654428062 ], [ 571857.188795228721574, 60353.282550253832596 ], [ 571857.186156306532212, 60377.846351001986477 ], [ 571832.457835968816653, 60377.843694321883959 ] ], [ [ 571807.77180422260426, 59984.819931714970153 ], [ 571783.043471560347825, 59984.817294143293111 ], [ 571783.046090606600046, 59960.253386387201317 ], [ 571807.77442417119164, 59960.256022878915246 ], [ 571807.77180422260426, 59984.819931714970153 ] ], [ [ 571758.317869419232011, 59960.250750815575884 ], [ 571758.320486467215233, 59935.687065229009022 ], [ 571783.048708556452766, 59935.689699721056968 ], [ 571783.046090606600046, 59960.253386387201317 ], [ 571758.317869419232011, 59960.250750815575884 ] ], [ [ 571758.330943994806148, 59837.431770375005726 ], [ 571758.333555704797618, 59812.867863799408951 ], [ 571783.061782298609614, 59812.870492893540359 ], [ 571783.059169688494876, 59837.434400548729172 ], [ 571758.330943994806148, 59837.431770375005726 ] ], [ [ 571486.387498676544055, 59198.743852031409915 ], [ 571461.659373987116851, 59198.741260698880069 ], [ 571461.661947130109183, 59174.177367517084349 ], [ 571486.390072709997185, 59174.179957774489594 ], [ 571486.387498676544055, 59198.743852031409915 ] ], [ [ 570522.086953789112158, 58216.09279011637409 ], [ 570497.358613131102175, 58216.090276156413893 ], [ 570497.361109392601065, 58191.526535850724031 ], [ 570522.089450926403515, 58191.52904875006061 ], [ 570522.086953789112158, 58216.09279011637409 ] ], [ [ 570447.912129313219339, 58117.830187724335701 ], [ 570423.183899632189423, 58117.827680659116595 ], [ 570423.186389056965709, 58093.26394360246195 ], [ 570447.914619612274691, 58093.266449608177936 ], [ 570447.912129313219339, 58117.830187724335701 ] ], [ [ 570027.551698682829738, 57921.277705459338904 ], [ 570101.736472075106576, 57921.285161757827154 ], [ 570101.741410396294668, 57872.157604876156256 ], [ 570126.469634958077222, 57872.160089950593829 ], [ 570126.472103412263095, 57847.596365751996927 ], [ 570250.113357825903222, 57847.608799005356559 ], [ 570250.110885018715635, 57872.172528482871712 ], [ 570200.654426317894831, 57872.167550444653898 ], [ 570200.649481027619913, 57921.295115768152755 ], [ 570274.834276731009595, 57921.302590490769944 ], [ 570274.831799902836792, 57945.866321077031898 ], [ 570299.560029291897081, 57945.868815459449252 ], [ 570299.557550541474484, 57970.432547120275558 ], [ 570274.829322024481371, 57970.430051680588804 ], [ 570274.826843096059747, 57994.993782301447936 ], [ 570250.098505225265399, 57994.991286671713169 ], [ 570250.100983281270601, 57970.42755710775964 ], [ 570101.731529574841261, 57970.412608166661812 ], [ 570101.734001348842867, 57945.84888495359337 ], [ 570027.549230571603402, 57945.841425493337738 ], [ 570027.551698682829738, 57921.277705459338904 ] ], [ [ 570250.115829583257437, 57823.045069545085425 ], [ 570225.387597967404872, 57823.042582200738252 ], [ 570225.390067805186845, 57798.478853814245667 ], [ 570274.846645130775869, 57798.483827276562806 ], [ 570274.841700925724581, 57847.611288293657708 ], [ 570250.113357825903222, 57847.608799005356559 ], [ 570250.115829583257437, 57823.045069545085425 ] ], [ [ 570200.661836368730292, 57798.476368401898071 ], [ 570200.666771157528274, 57749.348913792986423 ], [ 570225.395004332531244, 57749.351397093014384 ], [ 570225.390067805186845, 57798.478853814245667 ], [ 570200.661836368730292, 57798.476368401898071 ] ], [ [ 571041.322424179525115, 58781.112909992072673 ], [ 571066.050545609672554, 58781.115467911404266 ], [ 571066.048003718489781, 58805.679233124305028 ], [ 571041.319883172865957, 58805.676674136178917 ], [ 571041.322424179525115, 58781.112909992072673 ] ], [ [ 572920.160778474411927, 63423.881788702048652 ], [ 572944.888809009687975, 63423.884621632714698 ], [ 572944.885993865784258, 63448.448472612799378 ], [ 572920.157964285113849, 63448.445638585093548 ], [ 572920.160778474411927, 63423.881788702048652 ] ], [ [ 574255.17938148858957, 65978.685391179198632 ], [ 574279.907370944041759, 65978.68839216780907 ], [ 574279.904388816445135, 66003.252304939815076 ], [ 574255.176400353899226, 66003.249302834097762 ], [ 574255.17938148858957, 65978.685391179198632 ] ], [ [ 571041.188884031143971, 60058.429884867575311 ], [ 571065.916958970832638, 60058.432498364047206 ], [ 571065.914361857343465, 60082.996264505170984 ], [ 571041.186287821503356, 60082.993649939911847 ], [ 571041.188884031143971, 60058.429884867575311 ] ], [ [ 572054.851237386581488, 61851.697782504306815 ], [ 572079.579512365395203, 61851.700512458031881 ], [ 572079.576799576403573, 61876.264213524831575 ], [ 572054.848525528446771, 61876.261482487076137 ], [ 572054.851237386581488, 61851.697782504306815 ] ], [ [ 571387.451379133970477, 59419.807618183120212 ], [ 571412.179492543800734, 59419.810216491576284 ], [ 571412.176910510403104, 59444.374107701143657 ], [ 571387.448797994875349, 59444.371508318683482 ], [ 571387.451379133970477, 59419.807618183120212 ] ], [ [ 574106.863941966556013, 65536.516678029700415 ], [ 574131.592053780797869, 65536.519652967530419 ], [ 574131.589097551070154, 65561.083558689671918 ], [ 574106.860986723098904, 65561.080582636946929 ], [ 574106.863941966556013, 65536.516678029700415 ] ], [ [ 571090.786512647639029, 58707.426617460914713 ], [ 571115.514750158414245, 58707.429173963850189 ], [ 571115.512209686101414, 58731.992941262877139 ], [ 571090.783973058802076, 58731.990383690397721 ], [ 571090.786512647639029, 58707.426617460914713 ] ], [ [ 570101.649373267311603, 58781.016368276483263 ], [ 570126.377565357834101, 58781.018892373554991 ], [ 570126.375057082390413, 58805.582617233594647 ], [ 570101.646865876507945, 58805.580092081858311 ], [ 570101.649373267311603, 58781.016368276483263 ] ], [ [ 570126.442412764648907, 58142.36138890266011 ], [ 570151.170628801686689, 58142.363886459126661 ], [ 570151.168146897223778, 58166.927611920502386 ], [ 570126.43993173527997, 58166.925113309000153 ], [ 570126.442412764648907, 58142.36138890266011 ] ], [ [ 573340.411219616769813, 64529.305289655800152 ], [ 573365.139336938038468, 64529.308188582443108 ], [ 573365.136456232750788, 64553.872059121196799 ], [ 573340.408339882618748, 64553.869159091205802 ], [ 573340.411219616769813, 64529.305289655800152 ] ], [ [ 570175.911355341202579, 58019.547642041718063 ], [ 570200.639577869907953, 58019.550136080644734 ], [ 570200.637099460698664, 58044.113863566533837 ], [ 570175.908877805108204, 58044.111368471822061 ], [ 570175.911355341202579, 58019.547642041718063 ] ], [ [ 574205.788332886644639, 65438.272837126838567 ], [ 574230.516453132033348, 65438.275811569968937 ], [ 574230.513497394160368, 65462.839721677315538 ], [ 574205.785378133645281, 65462.836746117813163 ], [ 574205.788332886644639, 65438.272837126838567 ] ], [ [ 572326.784804318100214, 62539.515562661836157 ], [ 572351.512953833327629, 62539.518333376392548 ], [ 572351.51020051992964, 62564.082157447599457 ], [ 572326.782051945920102, 62564.079385644923605 ], [ 572326.784804318100214, 62539.515562661836157 ] ], [ [ 571189.674101331853308, 58953.074775792374567 ], [ 571214.402334314770997, 58953.077346562633466 ], [ 571214.399779666448012, 58977.641118319101224 ], [ 571189.671547570731491, 58977.638546477806813 ], [ 571189.674101331853308, 58953.074775792374567 ] ], [ [ 570843.524181983666494, 58510.890946969011566 ], [ 570868.252415800932795, 58510.893486052867956 ], [ 570868.249892635969445, 58535.457242533288081 ], [ 570843.521659699152224, 58535.454702383613039 ], [ 570843.524181983666494, 58510.890946969011566 ] ], [ [ 570472.622892352286726, 58289.778980936469452 ], [ 570497.351118025719188, 58289.781497184041655 ], [ 570497.348617550334893, 58314.345237559282396 ], [ 570472.620392754208297, 58314.342720251464925 ], [ 570472.622892352286726, 58289.778980936469452 ] ], [ [ 573414.744072219124064, 63251.991416921875498 ], [ 573439.472242863848805, 63251.994261347834254 ], [ 573439.469416312174872, 63276.558134208447882 ], [ 573414.741246619261801, 63276.555288678006036 ], [ 573414.744072219124064, 63251.991416921875498 ] ], [ [ 572104.436669289367273, 60672.639039948357095 ], [ 572129.164879423798993, 60672.641719694052881 ], [ 572129.162216498167254, 60697.205532589046925 ], [ 572104.434007276780903, 60697.202851758571342 ], [ 572104.436669289367273, 60672.639039948357095 ] ], [ [ 573365.298906838404946, 63153.730142384192732 ], [ 573390.02707906125579, 63153.732980478991522 ], [ 573390.024258800200187, 63178.296851055631123 ], [ 573365.29608752776403, 63178.294011857091391 ], [ 573365.298906838404946, 63153.730142384192732 ] ], [ [ 571634.647859725286253, 60230.439617404525052 ], [ 571659.376065536751412, 60230.442260289928527 ], [ 571659.373439235030673, 60255.006052313001419 ], [ 571634.645234329858795, 60255.003408349875826 ], [ 571634.647859725286253, 60230.439617404525052 ] ], [ [ 570398.413204669952393, 58535.409131259795686 ], [ 570423.141418354120106, 58535.411655449905084 ], [ 570423.138909986824729, 58559.975392819847912 ], [ 570398.410697183571756, 58559.972867570606468 ], [ 570398.413204669952393, 58535.409131259795686 ] ], [ [ 570027.477200061199255, 58658.190087818991742 ], [ 570052.205504661891609, 58658.192603988580231 ], [ 570052.203004274400882, 58682.756325598100375 ], [ 570027.474700556485914, 58682.753808374967775 ], [ 570027.477200061199255, 58658.190087818991742 ] ], [ [ 570373.702397576882504, 58363.460240585183783 ], [ 570398.430727641447447, 58363.462756488668674 ], [ 570398.428227518917993, 58388.026492683646211 ], [ 570373.699898332823068, 58388.023975721393072 ], [ 570373.702397576882504, 58363.460240585183783 ] ], [ [ 570027.524491870542988, 58191.47895840525598 ], [ 570052.252813173807226, 58191.481454557317193 ], [ 570052.250332675874233, 58216.045175835490227 ], [ 570027.522012248402461, 58216.042678629877628 ], [ 570027.524491870542988, 58191.47895840525598 ] ], [ [ 570423.118805152131245, 58756.485402957390761 ], [ 570447.847011972335167, 58756.487937569647329 ], [ 570447.844493238138966, 58781.051786692383757 ], [ 570423.116287302225828, 58781.049251020631345 ], [ 570423.118805152131245, 58756.485402957390761 ] ], [ [ 571412.210393590503372, 59125.04462870417774 ], [ 571436.938741350430064, 59125.047215043487085 ], [ 571436.936171244597062, 59149.610996579256607 ], [ 571412.207824374549091, 59149.608409165572084 ], [ 571412.210393590503372, 59125.04462870417774 ] ], [ [ 570546.805181636009365, 58314.350274836127937 ], [ 570571.53340964729432, 58314.352794793834619 ], [ 570571.530905474326573, 58338.91664890521497 ], [ 570546.80267834069673, 58338.914127886142523 ], [ 570546.805181636009365, 58314.350274836127937 ] ], [ [ 570250.078642951790243, 58191.501455426703615 ], [ 570274.80697382974904, 58191.50395951167593 ], [ 570274.804485450033098, 58216.06769028853887 ], [ 570250.076155447750352, 58216.065185146668227 ], [ 570250.078642951790243, 58191.501455426703615 ] ], [ [ 573390.097229234059341, 62539.635558912319539 ], [ 573414.82553747377824, 62539.638370373475482 ], [ 573414.822743689175695, 62564.202241585822776 ], [ 573390.094436390558258, 62564.199429020540265 ], [ 573390.097229234059341, 62539.635558912319539 ] ], [ [ 571313.276903392747045, 59321.544612726880587 ], [ 571338.005128424265422, 59321.547204055350448 ], [ 571338.002553337835707, 59346.111091979430057 ], [ 571313.274329198990017, 59346.108499578062037 ], [ 571313.276903392747045, 59321.544612726880587 ] ], [ [ 570250.123238556785509, 57749.353881267779798 ], [ 570274.851585135213099, 57749.356366328465811 ], [ 570274.849115658085793, 57773.920096793903213 ], [ 570250.12076994869858, 57773.917610676311597 ], [ 570250.123238556785509, 57749.353881267779798 ] ], [ [ 574082.194684006506577, 65045.235085613297997 ], [ 574106.922814344055951, 65045.238037268121843 ], [ 574106.919881235808134, 65069.802052022692806 ], [ 574082.191751877078786, 65069.799099253352324 ], [ 574082.194684006506577, 65045.235085613297997 ] ], [ [ 573043.710750286467373, 64209.940117944170197 ], [ 573068.43897816981189, 64209.942990868818015 ], [ 573068.436123312800191, 64234.506847942306194 ], [ 573043.707896395819262, 64234.503973918755946 ], [ 573043.710750286467373, 64209.940117944170197 ] ], [ [ 570076.926080830162391, 58731.886289066882455 ], [ 570101.654384917579591, 58731.888810176358675 ], [ 570101.651879621902481, 58756.452533952942758 ], [ 570076.923576418426819, 58756.450011789173004 ], [ 570076.926080830162391, 58731.886289066882455 ] ], [ [ 573241.62975626019761, 63399.354827777802711 ], [ 573266.358024687040597, 63399.357672121186624 ], [ 573266.355198229663074, 63423.92153737150511 ], [ 573241.626930756960064, 63423.9186919262429 ], [ 573241.62975626019761, 63399.354827777802711 ] ], [ [ 573513.519710605265573, 64431.069983664201573 ], [ 573538.247950853314251, 64431.072885022120317 ], [ 573538.24506774591282, 64455.63676321793173 ], [ 573513.516828467487358, 64455.633860754052876 ], [ 573513.519710605265573, 64431.069983664201573 ] ], [ [ 571585.191340068588033, 60230.434334358782507 ], [ 571609.919654987170361, 60230.436975431432074 ], [ 571609.917030498269014, 60255.000765299439081 ], [ 571585.188716486096382, 60254.998123149809544 ], [ 571585.191340068588033, 60230.434334358782507 ] ], [ [ 571362.715300330892205, 59493.496466924683773 ], [ 571387.443632539594546, 59493.499067577387905 ], [ 571387.441048200125806, 59518.062957766174804 ], [ 571362.712716886773705, 59518.060356039823091 ], [ 571362.715300330892205, 59493.496466924683773 ] ], [ [ 573167.368585046962835, 64062.571102727670223 ], [ 573192.096824259264395, 64062.573973910759378 ], [ 573192.093971120193601, 64087.137946905917488 ], [ 573167.365732872043736, 64087.135074622055981 ], [ 573167.368585046962835, 64062.571102727670223 ] ], [ [ 571782.990865560248494, 60476.09368448046007 ], [ 571807.719180097337812, 60476.096343651268398 ], [ 571807.716537614469416, 60500.660252864538052 ], [ 571782.988223987515084, 60500.65759261376661 ], [ 571782.990865560248494, 60476.09368448046007 ] ], [ [ 572129.135527935810387, 60942.843883620480483 ], [ 572153.863840374164283, 60942.846576234027452 ], [ 572153.861164662986994, 60967.410500949794368 ], [ 572129.132853141636588, 60967.407807251081977 ], [ 572129.135527935810387, 60942.843883620480483 ] ], [ [ 570324.265905300853774, 58166.945126893217093 ], [ 570348.99424024799373, 58166.94763256447186 ], [ 570348.99175028107129, 58191.511477032654511 ], [ 570324.263416209374554, 58191.508970303373644 ], [ 570324.265905300853774, 58166.945126893217093 ] ], [ [ 571041.332577601191588, 58682.857743048771226 ], [ 571066.060702566173859, 58682.860296692924749 ], [ 571066.055626217625104, 58731.987826996031799 ], [ 571041.327503019245341, 58731.985271214289241 ], [ 571041.332577601191588, 58682.857743048771226 ] ], [ [ 573142.626302562770434, 64185.387755099232891 ], [ 573167.354313277173787, 64185.390630788031558 ], [ 573167.348596925963648, 64234.518353714491241 ], [ 573142.620588143821806, 64234.51547582494095 ], [ 573142.626302562770434, 64185.387755099232891 ] ], [ [ 570967.165473121334799, 58510.903651262437052 ], [ 570991.893712308141403, 58510.90619477765722 ], [ 570991.888656111666933, 58560.033718425365805 ], [ 570967.160418686340563, 58560.031172774783045 ], [ 570967.165473121334799, 58510.903651262437052 ] ], [ [ 573192.079689070349559, 64209.957370029369486 ], [ 573241.535936674103141, 64209.96312849662354 ], [ 573241.533075052895583, 64234.526993272811524 ], [ 573192.076829381752759, 64234.521232602928649 ], [ 573192.079689070349559, 64209.957370029369486 ] ], [ [ 574057.422471488360316, 65413.691108989070926 ], [ 574106.878701585810632, 65413.697044743355946 ], [ 574106.875751879415475, 65438.260949253053695 ], [ 574057.419523750897497, 65438.255011270121031 ], [ 574057.422471488360316, 65413.691108989070926 ] ], [ [ 573340.542502778233029, 63399.366210874890385 ], [ 573389.998827073839493, 63399.371908178989543 ], [ 573389.995995845762081, 63423.935778944287449 ], [ 573340.539673458435573, 63423.930079433077481 ], [ 573340.542502778233029, 63399.366210874890385 ] ], [ [ 574205.73200289090164, 65904.987664005835541 ], [ 574255.188318234751932, 65904.993656326041673 ], [ 574255.185340428957716, 65929.557567922020098 ], [ 574205.729027068940923, 65929.551573368706158 ], [ 574205.73200289090164, 65904.987664005835541 ] ], [ [ 574156.329031715984456, 65462.830797960174095 ], [ 574131.600915836635977, 65462.827825375425164 ], [ 574131.603867635247298, 65438.263919731340138 ], [ 574156.331984499352984, 65438.266891200837563 ], [ 574156.329031715984456, 65462.830797960174095 ] ], [ [ 574156.334936174680479, 65413.702984460993321 ], [ 574181.063166436040774, 65413.705955819437804 ], [ 574181.060213776305318, 65438.269863674919179 ], [ 574156.331984499352984, 65438.266891200837563 ], [ 574156.334936174680479, 65413.702984460993321 ] ], [ [ 571337.979329669266008, 59567.185310291853966 ], [ 571387.435876344214194, 59567.190517125098268 ], [ 571387.433288816129789, 59591.754296837505535 ], [ 571337.976743934093975, 59591.749087857366248 ], [ 571337.979329669266008, 59567.185310291853966 ] ], [ [ 570373.714878034312278, 58240.641454654534755 ], [ 570423.171436711447313, 58240.646476744761458 ], [ 570423.168940972420387, 58265.210213911872415 ], [ 570373.712384048267268, 58265.205189703745418 ], [ 570373.714878034312278, 58240.641454654534755 ] ], [ [ 570348.979284733533859, 58314.330146961743594 ], [ 570398.435724741546437, 58314.335173627754557 ], [ 570398.433226711931638, 58338.899020317381655 ], [ 570348.976788458996452, 58338.893991534219822 ], [ 570348.979284733533859, 58314.330146961743594 ] ], [ [ 569978.080448673339561, 58068.655157357403368 ], [ 570002.808772229356691, 58068.657646482541168 ], [ 570002.803824139991775, 58117.785195204924094 ], [ 569978.075502332183532, 58117.78270397416054 ], [ 569978.080448673339561, 58068.655157357403368 ] ], [ [ 573933.828628140152432, 65020.653499943415227 ], [ 573958.556863995618187, 65020.656444587650185 ], [ 573958.551010644296184, 65069.784350177833403 ], [ 573933.822776746237651, 65069.781403309010784 ], [ 573933.828628140152432, 65020.653499943415227 ] ], [ [ 571140.240447401534766, 58731.995499724987894 ], [ 571164.968797473469749, 58731.998059088233276 ], [ 571164.963709792937152, 58781.12570856147795 ], [ 571140.235361489234492, 58781.123147057645838 ], [ 571140.240447401534766, 58731.995499724987894 ] ], [ [ 573834.971434641862288, 64553.927345541065733 ], [ 573859.699462005752139, 64553.930265114198846 ], [ 573859.696560774114914, 64578.49415781753487 ], [ 573884.424810833763331, 64578.49707950593438 ], [ 573884.421907526557334, 64603.060973339685006 ], [ 573834.96563301817514, 64603.055128745385446 ], [ 573834.971434641862288, 64553.927345541065733 ] ], [ [ 572499.862761062802747, 62711.481902770668967 ], [ 572524.590800382895395, 62711.484687738848152 ], [ 572524.588032882427797, 62736.048630110526574 ], [ 572549.316294922959059, 62736.051417144779407 ], [ 572549.313525406876579, 62760.615250083792489 ], [ 572499.857226878288202, 62760.609674808823911 ], [ 572499.862761062802747, 62711.481902770668967 ] ], [ [ 571362.723044241429307, 59419.805020751322445 ], [ 571337.9948217170313, 59419.802424231260375 ], [ 571337.997399989981204, 59395.23864679626422 ], [ 571362.725623408216052, 59395.241242243064335 ], [ 571362.723044241429307, 59419.805020751322445 ] ], [ [ 571362.728201508754864, 59370.677463752545009 ], [ 571412.184653385775164, 59370.682655197524582 ], [ 571412.182073498377576, 59395.246435835688317 ], [ 571362.725623408216052, 59395.241242243064335 ], [ 571362.728201508754864, 59370.677463752545009 ] ], [ [ 573365.279148628469557, 63325.677339639136335 ], [ 573340.550984174595214, 63325.67449477736227 ], [ 573340.553809110540897, 63301.11062628844229 ], [ 573390.010141031816602, 63301.116314764105482 ], [ 573390.004486252553761, 63350.244056168747193 ], [ 573365.27632164361421, 63350.241209244020865 ], [ 573365.279148628469557, 63325.677339639136335 ] ], [ [ 569854.367288053384982, 58780.991176252755395 ], [ 569903.823652109713294, 58780.996207530100946 ], [ 569903.821151795913465, 58805.559922911568719 ], [ 569879.092970116180368, 58805.557405776402447 ], [ 569879.090469642775133, 58830.121120124109439 ], [ 569854.362289920332842, 58830.11860282872658 ], [ 569854.367288053384982, 58780.991176252755395 ] ], [ [ 574082.177074677194469, 65192.618725604923384 ], [ 574106.90519913577009, 65192.621683946847043 ], [ 574106.908137768041342, 65168.057779631744779 ], [ 574131.636264332337305, 65168.06073784626642 ], [ 574131.630383998621255, 65217.18854872565862 ], [ 574082.174135918729007, 65217.182628824921267 ], [ 574082.177074677194469, 65192.618725604923384 ] ], [ [ 570274.799505540169775, 58265.195151900690689 ], [ 570274.801996020134538, 58240.631421082784072 ], [ 570324.258434895891696, 58240.636436104308814 ], [ 570324.255942662945017, 58265.200169037125306 ], [ 570274.799505540169775, 58265.195151900690689 ] ], [ [ 570348.984274106216617, 58265.202678940462647 ], [ 570348.981779945548624, 58289.766412942401075 ], [ 570324.253449379117228, 58289.763901981052186 ], [ 570324.255942662945017, 58265.200169037125306 ], [ 570348.984274106216617, 58265.202678940462647 ] ], [ [ 570373.724843473290093, 58142.386404120763473 ], [ 570373.727332201087847, 58117.82266915836226 ], [ 570398.455671028816141, 58117.825174474215601 ], [ 570398.453181426273659, 58142.388910495385062 ], [ 570373.724843473290093, 58142.386404120763473 ] ], [ [ 570447.909637961420231, 58142.393925864133053 ], [ 570447.907145556877367, 58166.957664014997135 ], [ 570398.450690771685913, 58166.952646527621255 ], [ 570398.453181426273659, 58142.388910495385062 ], [ 570447.909637961420231, 58142.393925864133053 ] ], [ [ 573983.28498970658984, 65020.659390203523799 ], [ 574057.469484832603484, 65020.668232973715931 ], [ 574057.466554802027531, 65045.232134943740675 ], [ 573983.282062611542642, 65045.223288833338302 ], [ 573983.28498970658984, 65020.659390203523799 ] ], [ [ 572845.984675864689052, 63350.181645436823601 ], [ 572870.712817225605249, 63350.184472210377862 ], [ 572870.715625150129199, 63325.620624602182943 ], [ 572895.443768564611673, 63325.623451239007409 ], [ 572895.438149707508273, 63374.751259203141672 ], [ 572845.981867791968398, 63374.74560250423383 ], [ 572845.984675864689052, 63350.181645436823601 ] ], [ [ 571412.197536827414297, 59247.863641729942174 ], [ 571436.925880134571344, 59247.86623344115651 ], [ 571436.923304691212252, 59272.430015065227053 ], [ 571461.651648185565136, 59272.432608748647908 ], [ 571461.649070771061815, 59296.996502001115005 ], [ 571412.192386645241641, 59296.991313382954104 ], [ 571412.197536827414297, 59247.863641729942174 ] ], [ [ 574106.855072900652885, 65610.208502452922403 ], [ 574131.583181754918769, 65610.211480735408259 ], [ 574131.586140213534236, 65585.647464431371191 ], [ 574156.314251163275912, 65585.650442592406762 ], [ 574156.308331177104264, 65634.778366907747113 ], [ 574131.580222201766446, 65634.775386516179424 ], [ 574131.577261540922336, 65659.339292316522915 ], [ 574106.849154661758803, 65659.336311804276193 ], [ 574106.855072900652885, 65610.208502452922403 ] ], [ [ 570447.884666520520113, 58388.031529238724033 ], [ 570423.156446480890736, 58388.029010518977884 ], [ 570423.158947481657378, 58363.465273264875577 ], [ 570447.887168399640359, 58363.467790925118607 ], [ 570447.884666520520113, 58388.031529238724033 ] ], [ [ 570447.889669226016849, 58338.904052635203698 ], [ 570472.617892091628164, 58338.906570119608659 ], [ 570472.615390387247317, 58363.470309469397762 ], [ 570447.887168399640359, 58363.467790925118607 ], [ 570447.889669226016849, 58338.904052635203698 ] ], [ [ 570522.071948823519051, 58363.475349221400393 ], [ 570522.069444309454411, 58388.039090715748898 ], [ 570472.612887629773468, 58388.034048842877382 ], [ 570472.615390387247317, 58363.470309469397762 ], [ 570522.071948823519051, 58363.475349221400393 ] ], [ [ 570052.287430274183862, 57847.588916321350553 ], [ 570027.559096749173477, 57847.586434919081512 ], [ 570027.561560674686916, 57823.022714954182447 ], [ 570052.289895069901831, 57823.025195302892826 ], [ 570052.287430274183862, 57847.588916321350553 ] ], [ [ 570052.292358818813227, 57798.461474301686394 ], [ 570101.748810004675761, 57798.466435496127815 ], [ 570101.743877979926765, 57847.593881732231239 ], [ 570077.01554231881164, 57847.591398577504151 ], [ 570077.018007984850556, 57823.02767650513124 ], [ 570052.289895069901831, 57823.025195302892826 ], [ 570052.292358818813227, 57798.461474301686394 ] ], [ [ 570324.195813749916852, 58854.730317210684007 ], [ 570324.200847607338801, 58805.60285053656844 ], [ 570348.929159674211405, 58805.605383716283541 ], [ 570348.924124046345241, 58854.732852506436757 ], [ 570324.195813749916852, 58854.730317210684007 ] ], [ [ 570373.652212841785513, 58854.735388670836983 ], [ 570373.649692553910427, 58879.299234692662139 ], [ 570348.921604644274339, 58879.296697469872015 ], [ 570348.924124046345241, 58854.732852506436757 ], [ 570373.652212841785513, 58854.735388670836983 ] ], [ [ 570398.378004095633514, 58879.301772830134723 ], [ 570398.375481881434098, 58903.865509386254416 ], [ 570373.64717122586444, 58903.86297019002086 ], [ 570373.649692553910427, 58879.299234692662139 ], [ 570398.378004095633514, 58879.301772830134723 ] ], [ [ 569903.875917454017326, 58265.157635857081914 ], [ 569879.147716398001648, 58265.155141850875225 ], [ 569879.150192854227498, 58240.591427898703841 ], [ 569903.878394786734134, 58240.593920853592863 ], [ 569903.880871074739844, 58216.030205873772502 ], [ 569928.609186203917488, 58216.032698670365789 ], [ 569928.601751576410607, 58289.723846823355416 ], [ 569903.873439076822251, 58289.721350871681352 ], [ 569903.875917454017326, 58265.157635857081914 ] ], [ [ 571486.379770201165229, 59272.435203306522453 ], [ 571511.108115860261023, 59272.437798785562336 ], [ 571511.11069397861138, 59247.874013936125266 ], [ 571535.838930324651301, 59247.876609225430002 ], [ 571535.836351314559579, 59272.440395150733821 ], [ 571560.564587866421789, 59272.442992413714819 ], [ 571560.562006883788854, 59297.006889968914038 ], [ 571486.377191894687712, 59296.999097634106874 ], [ 571486.379770201165229, 59272.435203306522453 ] ], [ [ 571956.013985138852149, 61163.899532564915717 ], [ 571980.742170381476171, 61163.902228447514062 ], [ 571980.744848265778273, 61139.338421704174834 ], [ 572005.473035532631911, 61139.341117430310987 ], [ 572005.470356728299521, 61163.904925256567367 ], [ 572054.926732679246925, 61163.910321654060681 ], [ 572054.924050958012231, 61188.474131659211707 ], [ 571956.011307099484839, 61188.463338237641437 ], [ 571956.013985138852149, 61163.899532564915717 ] ], [ [ 570868.247368411859497, 58560.020999031163228 ], [ 570892.975601552170701, 58560.023541133683466 ], [ 570892.978126657195389, 58535.459783569611318 ], [ 570917.706361743388698, 58535.462325492575474 ], [ 570917.701308711897582, 58584.589842771325493 ], [ 570892.973075387766585, 58584.587298715225188 ], [ 570892.968019869644195, 58633.714924472893472 ], [ 570868.239789374289103, 58633.712379171782231 ], [ 570868.247368411859497, 58560.020999031163228 ] ], [ [ 573884.389898237539455, 64873.264138405203994 ], [ 573909.118137717712671, 64873.267074410381611 ], [ 573909.115220185020007, 64897.83096959348768 ], [ 573933.843237270717509, 64897.833907666798041 ], [ 573933.837396938237362, 64946.961700302257668 ], [ 573884.381145256222226, 64946.955820665316423 ], [ 573884.389898237539455, 64873.264138405203994 ] ], [ [ 572846.037822228041478, 62883.468122754915385 ], [ 572821.309552664286457, 62883.465317743917694 ], [ 572821.312338006915525, 62858.901472684679902 ], [ 572846.04060851666145, 62858.904276600107551 ], [ 572846.043393729254603, 62834.340319921502669 ], [ 572870.771555025829002, 62834.343123680526332 ], [ 572870.76876886759419, 62858.907081455065054 ], [ 572895.496930319233797, 62858.909887262161647 ], [ 572895.494142138632014, 62883.473735609193682 ], [ 572870.765981632983312, 62883.470928705799452 ], [ 572870.763193309423514, 62908.034775975291268 ], [ 572846.03503485082183, 62908.031968928473361 ], [ 572846.037822228041478, 62883.468122754915385 ] ], [ [ 570225.360360457911156, 58093.243927212213748 ], [ 570225.362841850263067, 58068.680088099805289 ], [ 570250.091064747422934, 58068.682586009439547 ], [ 570250.088582481141202, 58093.246426178382535 ], [ 570225.360360457911156, 58093.243927212213748 ] ], [ [ 570324.27336623670999, 58093.253928367783374 ], [ 570324.268393330392428, 58142.381394036150596 ], [ 570299.540169852320105, 58142.378890314867022 ], [ 570299.54265595623292, 58117.81515852650773 ], [ 570250.086099176201969, 58117.810155828927236 ], [ 570250.088582481141202, 58093.246426178382535 ], [ 570324.27336623670999, 58093.253928367783374 ] ], [ [ 574205.770587721723132, 65585.656401908228872 ], [ 574230.498702052515, 65585.659383049598546 ], [ 574230.495739645790309, 65610.223403816926293 ], [ 574255.223965392215177, 65610.226387081915163 ], [ 574255.221000902121887, 65634.790298442705534 ], [ 574230.492776143015362, 65634.787314060959034 ], [ 574230.486845796462148, 65683.915245144278742 ], [ 574205.758735415991396, 65683.912259537406499 ], [ 574205.770587721723132, 65585.656401908228872 ] ], [ [ 570225.292966434382834, 58756.465158076207445 ], [ 570225.295476149534807, 58731.901429022589582 ], [ 570250.023675321484916, 58731.90395545840147 ], [ 570250.02116472250782, 58756.467685568553861 ], [ 570225.292966434382834, 58756.465158076207445 ] ], [ [ 570274.7494753645733, 58756.470213962260459 ], [ 570274.751986847491935, 58731.906482795217016 ], [ 570299.480188147397712, 58731.909011010269751 ], [ 570299.475162352086045, 58781.036586005873687 ], [ 570274.746962820296176, 58781.034055676289427 ], [ 570274.74444923712872, 58805.597786872123834 ], [ 570250.016140363877639, 58805.59525636460603 ], [ 570250.02116472250782, 58756.467685568553861 ], [ 570274.7494753645733, 58756.470213962260459 ] ], [ [ 570299.472647884278558, 58805.600318258977495 ], [ 570299.470132366055623, 58830.164050529623637 ], [ 570274.741934603895061, 58830.161518085500575 ], [ 570274.74444923712872, 58805.597786872123834 ], [ 570299.472647884278558, 58805.600318258977495 ] ], [ [ 574181.066117987269536, 65389.142047983463272 ], [ 574156.33788674173411, 65389.139077740648645 ], [ 574156.346731807338074, 65315.447247153701028 ], [ 574181.074966002837755, 65315.450214049604256 ], [ 574181.066117987269536, 65389.142047983463272 ] ], [ [ 574181.077913119923323, 65290.886306291526125 ], [ 574230.53416427783668, 65290.892240792309167 ], [ 574230.531215195544064, 65315.456150782767509 ], [ 574181.074966002837755, 65315.450214049604256 ], [ 574181.077913119923323, 65290.886306291526125 ] ], [ [ 574230.537112250807695, 65266.328330821306736 ], [ 574255.265351782087237, 65266.331298451776092 ], [ 574255.262402826920152, 65290.895209539528878 ], [ 574230.53416427783668, 65290.892240792309167 ], [ 574230.537112250807695, 65266.328330821306736 ] ], [ [ 574057.440134686301462, 65266.307585169168306 ], [ 574082.168255067314021, 65266.310545866035682 ], [ 574082.171196053153835, 65241.746532064367784 ], [ 574106.899318549199961, 65241.749492635317438 ], [ 574106.896376581513323, 65266.313507551501971 ], [ 574131.624499220633879, 65266.316470225581725 ], [ 574131.621555176563561, 65290.880375733315304 ], [ 574106.893433519639075, 65290.877411944347841 ], [ 574106.887544073630124, 65340.00522078841459 ], [ 574057.431308074039407, 65339.999291720108886 ], [ 574057.440134686301462, 65266.307585169168306 ] ], [ [ 574181.024695368250832, 65733.036980549251894 ], [ 574181.02766131691169, 65708.473182995832758 ], [ 574205.755769573966973, 65708.476168723762385 ], [ 574205.752802636474371, 65733.039967393182451 ], [ 574181.024695368250832, 65733.036980549251894 ] ], [ [ 574304.665354264667258, 65733.051924739134847 ], [ 574304.662382247857749, 65757.615838438665378 ], [ 574255.206161806941964, 65757.609855546470499 ], [ 574255.203190645668656, 65782.173877561261179 ], [ 574205.74686539452523, 65782.167896406666841 ], [ 574205.752802636474371, 65733.039967393182451 ], [ 574304.665354264667258, 65733.051924739134847 ] ], [ [ 574205.74389511696063, 65806.731805671413895 ], [ 574230.472000551293604, 65806.734796860138886 ], [ 574230.469028174411505, 65831.298707260837546 ], [ 574181.012820421601646, 65831.292723647813546 ], [ 574181.018760105245747, 65782.164907330734422 ], [ 574205.74686539452523, 65782.167896406666841 ], [ 574205.74389511696063, 65806.731805671413895 ] ], [ [ 570101.714197803637944, 58142.358892226875469 ], [ 570076.985872613848187, 58142.356396420545934 ], [ 570076.983393334550783, 58166.920118717920559 ], [ 570052.255292636109516, 58166.917622760818631 ], [ 570052.257771040429361, 58142.353901517359191 ], [ 570027.52944798686076, 58142.351407472415303 ], [ 570027.534399906173348, 58093.223967138379521 ], [ 570076.990828030975536, 58093.228951871569734 ], [ 570076.993304179981351, 58068.665119090546796 ], [ 570101.721631992491893, 58068.667611733973899 ], [ 570101.714197803637944, 58142.358892226875469 ] ], [ [ 570101.724107956630178, 58044.103888451667444 ], [ 570126.452326414058916, 58044.106380908779101 ], [ 570126.449849576340057, 58068.670105245750165 ], [ 570101.721631992491893, 58068.667611733973899 ], [ 570101.724107956630178, 58044.103888451667444 ] ], [ [ 570200.634620002354495, 58068.677591069746995 ], [ 570200.632139483932406, 58093.241429125991999 ], [ 570126.447371679591015, 58093.233940135753073 ], [ 570126.449849576340057, 58068.670105245750165 ], [ 570200.634620002354495, 58068.677591069746995 ] ], [ [ 573142.804069006699137, 62637.863043520956126 ], [ 573167.532139830989763, 62637.86584988537652 ], [ 573167.534927496220917, 62613.301879105201806 ], [ 573216.99140819592867, 62613.307492516389175 ], [ 573216.988618645933457, 62637.871465498486941 ], [ 573266.445101907011122, 62637.877084906787786 ], [ 573266.44789334165398, 62613.31310972126812 ], [ 573315.904271637788042, 62613.318730707200302 ], [ 573315.901478318613954, 62637.882708097604336 ], [ 573291.173178274766542, 62637.879896015147096 ], [ 573291.167590260505676, 62687.007627574057551 ], [ 573241.711219842429273, 62687.002001872548135 ], [ 573241.708426079247147, 62711.565865475888131 ], [ 573142.7957023170311, 62711.554621063478407 ], [ 573142.804069006699137, 62637.863043520956126 ] ], [ [ 573983.296687044086866, 64922.403685335164482 ], [ 573958.568557422724552, 64922.400744169921381 ], [ 573958.571478013182059, 64897.836846749582037 ], [ 573983.299608611268923, 64897.839786802163871 ], [ 573983.305448428960517, 64848.711989787865605 ], [ 574008.033582102274522, 64848.714928597415565 ], [ 574008.036501341499388, 64824.150918472878402 ], [ 574032.764637096901424, 64824.153857151301054 ], [ 574032.767556192236952, 64799.589956469179015 ], [ 574057.495805333950557, 64799.592895028967177 ], [ 574057.492885263403878, 64824.156796824863704 ], [ 574082.221023261314258, 64824.159737467110972 ], [ 574082.218101095408201, 64848.72375093298615 ], [ 574106.946239250828512, 64848.72669367166236 ], [ 574106.940389671945013, 64897.854501823712781 ], [ 574057.484118398744613, 64897.848612871312071 ], [ 574057.481193901505321, 64922.412514744515647 ], [ 574032.752949639572762, 64922.409570615833218 ], [ 574032.750025012646802, 64946.97347139462363 ], [ 573983.293764371308498, 64946.96758388751914 ], [ 573983.296687044086866, 64922.403685335164482 ] ], [ [ 572895.524752250872552, 62613.271073199895909 ], [ 572870.796581359696575, 62613.268278355855728 ], [ 572870.802130783209577, 62564.140584278218739 ], [ 572895.530303557985462, 62564.14337692965637 ], [ 572895.533077577594668, 62539.579528825663147 ], [ 572944.989428312750533, 62539.585114777837589 ], [ 572944.994976846501231, 62490.45741423832078 ], [ 573043.907810376025736, 62490.46858873902238 ], [ 573043.905032904818654, 62515.032332855094864 ], [ 573068.633326572249644, 62515.0351299550166 ], [ 573068.622201944235712, 62613.290663689120265 ], [ 573043.893912042374723, 62613.287862193537876 ], [ 573043.891129088588059, 62637.851827475424216 ], [ 572895.521974950912409, 62637.835031896116561 ], [ 572895.524752250872552, 62613.271073199895909 ] ], [ [ 570126.395093955215998, 58609.072708302061073 ], [ 570076.938587181502953, 58609.067675749633054 ], [ 570076.946078437264077, 58535.376397427251504 ], [ 570101.674389582360163, 58535.378910102357622 ], [ 570101.67688545002602, 58510.815186489526241 ], [ 570076.94857342436444, 58510.812674868713657 ], [ 570076.951067364308983, 58486.248952327674488 ], [ 570175.864102778141387, 58486.258999886507809 ], [ 570175.869094564812258, 58437.131435875919124 ], [ 570274.782042753417045, 58437.141489147063112 ], [ 570274.779543872340582, 58461.705220097988786 ], [ 570299.50775487057399, 58461.707736683092662 ], [ 570299.502752186497673, 58510.83531129383482 ], [ 570250.046223483979702, 58510.830274769483367 ], [ 570250.041220132028684, 58559.957734679723217 ], [ 570200.584810483735055, 58559.952697486427496 ], [ 570200.57980644737836, 58609.080263783216651 ], [ 570175.851604976691306, 58609.077744405520207 ], [ 570175.854106643237174, 58584.513907033164287 ], [ 570151.125794088817202, 58584.511389587307349 ], [ 570151.120791481807828, 58633.638951696681033 ], [ 570126.392593015334569, 58633.636433039457188 ], [ 570126.395093955215998, 58609.072708302061073 ] ] ] } },
{ "type": "Feature", "properties": { "objectid": 483704, "pxlval": 1, "Shape__Area": 1.9753024691400005e-07, "Shape__Length": 0.00222222 }, "geometry": { "type": "Polygon", "coordinates": [ [ [ 568593.584308681311086, 55120.875149569706991 ], [ 568593.588907010853291, 55071.747834338682878 ], [ 568667.7736822249135, 55071.754778710666869 ], [ 568667.771381086204201, 55096.318439415037574 ], [ 568618.314753610407934, 55096.313806924030359 ], [ 568618.312453103950247, 55120.877465579753334 ], [ 568593.584308681311086, 55120.875149569706991 ] ] ] } },
{ "type": "Feature", "properties": { "objectid": 483665, "pxlval": 1, "Shape__Area": 3.0123438765440008e-06, "Shape__Length": 0.011555558 }, "geometry": { "type": "Polygon", "coordinates": [ [ [ 569706.077343654469587, 57994.936605268645508 ], [ 569706.07980251708068, 57970.37289886236249 ], [ 569681.351488149259239, 57970.370424485481635 ], [ 569681.353945098235272, 57945.806719144857198 ], [ 569582.441139808157459, 57945.796834652297548 ], [ 569582.453391526127234, 57822.978218614836806 ], [ 569631.909800771740265, 57822.983148635285033 ], [ 569631.912249733461067, 57798.419445493884268 ], [ 569681.368664936511777, 57798.424376922142983 ], [ 569681.366214235080406, 57822.988082159114128 ], [ 569706.094533829833381, 57822.990550245907798 ], [ 569706.101885418407619, 57749.299431441701017 ], [ 569681.373563215369359, 57749.296966499954578 ], [ 569681.376010803855024, 57724.733150772837689 ], [ 569730.832435442251153, 57724.738079411799845 ], [ 569730.829986116266809, 57749.301897235993238 ], [ 569755.558310430729762, 57749.304363927207305 ], [ 569755.560760625521652, 57724.740545053915412 ], [ 569829.745519953779876, 57724.747947204246884 ], [ 569829.740613319445401, 57773.875480725175294 ], [ 569780.284072433132678, 57773.870540880139743 ], [ 569780.281619295128621, 57798.434250295460515 ], [ 569829.738158442662098, 57798.439192240533885 ], [ 569829.735702522331849, 57823.002903773158323 ], [ 569780.279165114508942, 57822.997959728039859 ], [ 569780.269337953068316, 57921.252908172908064 ], [ 569730.812811723910272, 57921.247959236978204 ], [ 569730.805435644695535, 57994.939081550037372 ], [ 569706.077343654469587, 57994.936605268645508 ] ] ] } },
{ "type": "Feature", "properties": { "objectid": 483666, "pxlval": 1, "Shape__Area": 4.9382839506000011e-08, "Shape__Length": 0.00088889 }, "geometry": { "type": "Polygon", "coordinates": [ [ [ 569805.019642478553578, 57700.181768525588268 ], [ 569805.022092313505709, 57675.618058129366545 ], [ 569829.750422403099947, 57675.620524294157804 ], [ 569829.747971700271592, 57700.184235740583972 ], [ 569805.019642478553578, 57700.181768525588268 ] ] ] } },
{ "type": "Feature", "properties": { "objectid": 483667, "pxlval": 1, "Shape__Area": 9.876545679000002e-08, "Shape__Length": 0.001333334 }, "geometry": { "type": "Polygon", "coordinates": [ [ [ 569656.65269036963582, 57675.603279542054224 ], [ 569656.657576511963271, 57626.475760846180492 ], [ 569681.385790712316521, 57626.478219662232732 ], [ 569681.380902835167944, 57675.605740454055194 ], [ 569656.65269036963582, 57675.603279542054224 ] ] ] } },
{ "type": "Feature", "properties": { "objectid": 483668, "pxlval": 1, "Shape__Area": 9.8765901235000024e-08, "Shape__Length": 0.001333336 }, "geometry": { "type": "Polygon", "coordinates": [ [ [ 569730.839777135057375, 57651.046957668273535 ], [ 569730.844666397897527, 57601.919432716720621 ], [ 569755.572995919268578, 57601.921893113365513 ], [ 569755.568104922305793, 57651.049420163108152 ], [ 569730.839777135057375, 57651.046957668273535 ] ] ] } },
{ "type": "Feature", "properties": { "objectid": 483669, "pxlval": 1, "Shape__Area": 4.9382617284000016e-08, "Shape__Length": 0.000888888 }, "geometry": { "type": "Polygon", "coordinates": [ [ [ 569755.572995919268578, 57601.921893113365513 ], [ 569755.575439848704264, 57577.358184885255469 ], [ 569780.303660019533709, 57577.360645093867788 ], [ 569780.301215223618783, 57601.924354371440131 ], [ 569755.572995919268578, 57601.921893113365513 ] ] ] } },
{ "type": "Feature", "properties": { "objectid": 483670, "pxlval": 1, "Shape__Area": 2.962963703710001e-07, "Shape__Length": 0.002666666 }, "geometry": { "type": "Polygon", "coordinates": [ [ [ 569310.464672436006367, 57601.877739609961282 ], [ 569310.467100768233649, 57577.314050208544359 ], [ 569285.739011893398128, 57577.311606581308297 ], [ 569285.743863718817011, 57528.184229914790194 ], [ 569310.471954325563274, 57528.186671457253397 ], [ 569310.474379561608657, 57503.622871565545211 ], [ 569335.202694649691693, 57503.625312958589348 ], [ 569335.192984060267918, 57601.880185174086364 ], [ 569310.464672436006367, 57601.877739609961282 ] ] ] } },
{ "type": "Feature", "properties": { "objectid": 483671, "pxlval": 1, "Shape__Area": 3.9506116049300009e-07, "Shape__Length": 0.003555554 }, "geometry": { "type": "Polygon", "coordinates": [ [ [ 568865.383395084063523, 57331.633271030172182 ], [ 568865.388196885585785, 57282.50593003413087 ], [ 568914.844583412865177, 57282.510763660458906 ], [ 568914.846984504256397, 57257.946980573833571 ], [ 568939.575291463639587, 57257.949397662538104 ], [ 568939.577692375751212, 57233.38572409794142 ], [ 568964.305778702488169, 57233.388140994989953 ], [ 568964.300974114332348, 57282.515600757404172 ], [ 568939.572889510542154, 57282.513181785987399 ], [ 568939.570486548938788, 57307.076744849320676 ], [ 568914.842181313200854, 57307.074325686975499 ], [ 568914.839778162189759, 57331.638108801525959 ], [ 568865.383395084063523, 57331.633271030172182 ] ] ] } },
{ "type": "Feature", "properties": { "objectid": 483672, "pxlval": 1, "Shape__Area": 4.9382839506000011e-08, "Shape__Length": 0.00088889 }, "geometry": { "type": "Polygon", "coordinates": [ [ [ 569186.859937933273613, 57233.409932210095576 ], [ 569186.862346435664222, 57208.846137738437392 ], [ 569211.59055535949301, 57208.848562274586584 ], [ 569211.588145996211097, 57233.412357787157816 ], [ 569186.859937933273613, 57233.409932210095576 ] ] ] } },
{ "type": "Feature", "properties": { "objectid": 483673, "pxlval": 1, "Shape__Area": 2.1234585432090004e-06, "Shape__Length": 0.013777772 }, "geometry": { "type": "Polygon", "coordinates": [ [ [ 568766.470530151156709, 57331.623605897395464 ], [ 568791.198717006715015, 57331.626020875271934 ], [ 568791.196317150723189, 57356.189688292994106 ], [ 568815.92461544694379, 57356.192105185094988 ], [ 568815.922213699901477, 57380.755773654891527 ], [ 568840.650400913204066, 57380.758192440218409 ], [ 568840.652803523465991, 57356.194522935104033 ], [ 568865.380992639577016, 57356.196941553876968 ], [ 568865.383395084063523, 57331.633271030172182 ], [ 568840.655205105082132, 57331.630853447095433 ], [ 568840.660005182260647, 57282.50351452245377 ], [ 568865.388196885585785, 57282.50593003413087 ], [ 568865.390596253564581, 57257.942149020032957 ], [ 568840.662403688533232, 57257.939734544052044 ], [ 568840.664801155216992, 57233.376065124481102 ], [ 568865.392994581721723, 57233.378478564758552 ], [ 568865.39539189147763, 57208.814697591107688 ], [ 568815.939004356274381, 57208.809873648489884 ], [ 568815.94139889429789, 57184.246315833865083 ], [ 568890.125984330195934, 57184.253549940520315 ], [ 568890.128380442038178, 57159.689767958676384 ], [ 568914.856578539125621, 57159.6921800234486 ], [ 568914.861369383055717, 57110.564724586089142 ], [ 568890.133169566746801, 57110.562314594208146 ], [ 568890.130775513709523, 57135.126096535648685 ], [ 568840.674380746087991, 57135.121277075260878 ], [ 568840.67198739410378, 57159.68494642652513 ], [ 568741.759102522977628, 57159.675313740910497 ], [ 568741.756711572408676, 57184.239089511873317 ], [ 568717.02852163289208, 57184.236682473827386 ], [ 568717.026130537269637, 57208.800236150884302 ], [ 568692.297831219970249, 57208.797828934701101 ], [ 568692.295439936919138, 57233.361602666242106 ], [ 568717.023738393210806, 57233.364010915887775 ], [ 568717.021345233079046, 57257.927675162551168 ], [ 568692.293047638144344, 57257.92526587942848 ], [ 568692.288259961060248, 57307.052592363383155 ], [ 568766.472928127506748, 57307.059828995952557 ], [ 568766.470530151156709, 57331.623605897395464 ] ], [ [ 568766.475325054721907, 57282.496273182478035 ], [ 568791.203513634740375, 57282.49868609119585 ], [ 568791.201115845469758, 57307.062242939238786 ], [ 568766.472928127506748, 57307.059828995952557 ], [ 568766.475325054721907, 57282.496273182478035 ] ], [ [ 568766.484902541502379, 57184.241497416092898 ], [ 568791.213094566133805, 57184.243906186471577 ], [ 568791.210700888652354, 57208.807462966142339 ], [ 568766.482509724679403, 57208.805053161187971 ], [ 568766.484902541502379, 57184.241497416092898 ] ], [ [ 568741.751926611177623, 57233.36642002161534 ], [ 568766.480115858721547, 57233.368829994251428 ], [ 568766.477720975875854, 57257.932496308960253 ], [ 568741.749532589688897, 57257.930085302112275 ], [ 568741.751926611177623, 57233.36642002161534 ] ] ] } },
{ "type": "Feature", "properties": { "objectid": 483674, "pxlval": 1, "Shape__Area": 9.8765479012300019e-07, "Shape__Length": 0.006222222 }, "geometry": { "type": "Polygon", "coordinates": [ [ [ 569137.405820468673483, 57208.841291254866519 ], [ 569137.408226194325835, 57184.277719952035113 ], [ 569112.680019565974362, 57184.275299055298092 ], [ 569112.68242341990117, 57159.711507732034079 ], [ 569087.954216966638342, 57159.709088740884908 ], [ 569087.963818584801629, 57061.454259407684731 ], [ 569137.420239401049912, 57061.459089938922261 ], [ 569137.415437226416543, 57110.586453462099598 ], [ 569162.14375877159182, 57110.588872115389677 ], [ 569162.141355264233425, 57135.1526654782283 ], [ 569186.869565706932917, 57135.155086026235949 ], [ 569186.87437338498421, 57086.027718307566829 ], [ 569236.330912152654491, 57086.032557846367126 ], [ 569236.323693927843124, 57159.723615696515481 ], [ 569162.138950734282844, 57159.716348322603153 ], [ 569162.134138573659584, 57208.843714068832924 ], [ 569137.405820468673483, 57208.841291254866519 ] ] ] } },
{ "type": "Feature", "properties": { "objectid": 483675, "pxlval": 1, "Shape__Area": 2.9629681481500008e-07, "Shape__Length": 0.002666668 }, "geometry": { "type": "Polygon", "coordinates": [ [ [ 568692.316924455575645, 57012.288413432223024 ], [ 568692.319306489545852, 56987.724750389599649 ], [ 568642.862918077618815, 56987.719957170898851 ], [ 568642.867675648303702, 56938.592524732885067 ], [ 568692.324067488545552, 56938.597313819940609 ], [ 568692.321687507675961, 56963.160976828548883 ], [ 568717.049995414097793, 56963.163373709998268 ], [ 568717.045230647199787, 57012.290812380626448 ], [ 568692.316924455575645, 57012.288413432223024 ] ] ] } },
{ "type": "Feature", "properties": { "objectid": 483676, "pxlval": 1, "Shape__Area": 4.9382395062000014e-08, "Shape__Length": 0.000888886 }, "geometry": { "type": "Polygon", "coordinates": [ [ [ 569879.284789972356521, 56889.585750407124578 ], [ 569879.287207940826192, 56865.022147958989081 ], [ 569904.015458366833627, 56865.024582039834058 ], [ 569904.013039542594925, 56889.5881855392945 ], [ 569879.284789972356521, 56889.585750407124578 ] ] ] } },
{ "type": "Feature", "properties": { "objectid": 483677, "pxlval": 1, "Shape__Area": 1.9753113580300006e-07, "Shape__Length": 0.002222224 }, "geometry": { "type": "Polygon", "coordinates": [ [ [ 569805.102351750945672, 56865.014850873529213 ], [ 569805.107179456274025, 56815.887320724723395 ], [ 569879.292040777392685, 56815.894611506671936 ], [ 569879.289624886703677, 56840.458324456529226 ], [ 569829.833125512115657, 56840.453460980388627 ], [ 569829.830710277077742, 56865.01728238130454 ], [ 569805.102351750945672, 56865.014850873529213 ] ] ] } },
{ "type": "Feature", "properties": { "objectid": 483678, "pxlval": 1, "Shape__Area": 1.4814829629600003e-07, "Shape__Length": 0.00177778 }, "geometry": { "type": "Polygon", "coordinates": [ [ [ 568123.610537339467555, 56570.08752783426462 ], [ 568123.615224301116541, 56520.960139168892056 ], [ 568173.071712942211889, 56520.964857190549083 ], [ 568173.069368274416775, 56545.528498294195742 ], [ 568148.341068651876412, 56545.526137824708712 ], [ 568148.338723805733025, 56570.089888461552619 ], [ 568123.610537339467555, 56570.08752783426462 ] ] ] } },
{ "type": "Feature", "properties": { "objectid": 483679, "pxlval": 1, "Shape__Area": 1.2839504938270004e-06, "Shape__Length": 0.006666668 }, "geometry": { "type": "Polygon", "coordinates": [ [ [ 568247.251702526817098, 56570.099339560605586 ], [ 568247.254050776944496, 56545.535584820361692 ], [ 568222.525748056243174, 56545.533221781392058 ], [ 568222.53278410481289, 56471.842292366003676 ], [ 568148.34809704835061, 56471.83521764024772 ], [ 568148.350437810411677, 56447.271577612511464 ], [ 568173.078740833210759, 56447.273933980832226 ], [ 568173.081081436597742, 56422.710182403032377 ], [ 568247.265776687068865, 56422.717253538721707 ], [ 568247.268118796986528, 56398.153719976638968 ], [ 568296.724514974630438, 56398.158436279263697 ], [ 568296.726857782574371, 56373.594679609414015 ], [ 568321.455058263847604, 56373.597038014588179 ], [ 568321.450369951431639, 56422.724332355464867 ], [ 568296.722171167260967, 56422.721971895254683 ], [ 568296.708086806465872, 56570.104070240675355 ], [ 568247.251702526817098, 56570.099339560605586 ] ] ] } },
{ "type": "Feature", "properties": { "objectid": 483680, "pxlval": 1, "Shape__Area": 4.9382395062000014e-08, "Shape__Length": 0.000888886 }, "geometry": { "type": "Polygon", "coordinates": [ [ [ 569582.586444770684466, 56471.973359943120158 ], [ 569582.588834803900681, 56447.409659833778278 ], [ 569607.316975760739297, 56447.412065771073685 ], [ 569607.314584877924062, 56471.975766927273071 ], [ 569582.586444770684466, 56471.973359943120158 ] ] ] } },
{ "type": "Feature", "properties": { "objectid": 483681, "pxlval": 1, "Shape__Area": 1.9753158024700006e-07, "Shape__Length": 0.002222224 }, "geometry": { "type": "Polygon", "coordinates": [ [ [ 570151.336939162574708, 56472.028937283801497 ], [ 570151.339348734589294, 56447.465213002462406 ], [ 570126.611073214095086, 56447.462788244025433 ], [ 570126.613480899482965, 56422.898954492586199 ], [ 570200.798424454871565, 56422.906228177569574 ], [ 570200.796014222083613, 56447.470065095287282 ], [ 570176.067736579570919, 56447.467638626825646 ], [ 570176.065326158073731, 56472.031363963593321 ], [ 570151.336939162574708, 56472.028937283801497 ] ] ] } },
{ "type": "Feature", "properties": { "objectid": 483682, "pxlval": 1, "Shape__Area": 5.9259229629600017e-07, "Shape__Length": 0.004444444 }, "geometry": { "type": "Polygon", "coordinates": [ [ [ 568544.011482085450552, 56349.054645697739033 ], [ 568544.020872881170362, 56250.799909685811144 ], [ 568593.477415370754898, 56250.804634124171571 ], [ 568593.475067517836578, 56275.368292529376049 ], [ 568618.203172552632168, 56275.370657042629318 ], [ 568618.205521252122708, 56250.806997605446668 ], [ 568642.933850736240856, 56250.809361960018578 ], [ 568642.931501190178096, 56275.373022429565026 ], [ 568667.659719593822956, 56275.37538865825627 ], [ 568667.657368175103329, 56299.9390501773305 ], [ 568618.200822827639058, 56299.934316496619431 ], [ 568618.198472077492625, 56324.497975967409729 ], [ 568568.742043868405744, 56324.49324364484346 ], [ 568568.739693777519278, 56349.057011610551854 ], [ 568544.011482085450552, 56349.054645697739033 ] ] ] } },
{ "type": "Feature", "properties": { "objectid": 483683, "pxlval": 1, "Shape__Area": 6.4197469135800022e-07, "Shape__Length": 0.003555554 }, "geometry": { "type": "Polygon", "coordinates": [ [ [ 568197.818630640860647, 56324.457859969552374 ], [ 568197.820966987404972, 56299.894217991895857 ], [ 568222.54916589113418, 56299.896569903423369 ], [ 568222.55383722030092, 56250.769283946465293 ], [ 568321.466761188814417, 56250.778691915191303 ], [ 568321.459742503007874, 56324.469633199390955 ], [ 568197.818630640860647, 56324.457859969552374 ] ] ] } },
{ "type": "Feature", "properties": { "objectid": 483684, "pxlval": 1, "Shape__Area": 4.9382839506000011e-08, "Shape__Length": 0.00088889 }, "geometry": { "type": "Polygon", "coordinates": [ [ [ 568346.18794572877232, 56324.471990402664233 ], [ 568346.190287158940919, 56299.908342263239319 ], [ 568370.91860354016535, 56299.910699302003195 ], [ 568370.916261262726039, 56324.474348469695542 ], [ 568346.18794572877232, 56324.471990402664233 ] ] ] } },
{ "type": "Feature", "properties": { "objectid": 483686, "pxlval": 1, "Shape__Area": 9.8765679012000021e-08, "Shape__Length": 0.001333334 }, "geometry": { "type": "Polygon", "coordinates": [ [ [ 568445.110253370366991, 56226.226818839764746 ], [ 568445.112594109028578, 56201.663056110584876 ], [ 568494.569020405644551, 56201.667769602332555 ], [ 568494.566677975468338, 56226.231534391394234 ], [ 568445.110253370366991, 56226.226818839764746 ] ] ] } },
{ "type": "Feature", "properties": { "objectid": 483687, "pxlval": 1, "Shape__Area": 4.9382617284000016e-08, "Shape__Length": 0.000888888 }, "geometry": { "type": "Polygon", "coordinates": [ [ [ 568370.927962443674915, 56201.655992257590697 ], [ 568370.930299612693489, 56177.092343173877453 ], [ 568395.65850997553207, 56177.094695911626332 ], [ 568395.656171960989013, 56201.658346023978083 ], [ 568370.927962443674915, 56201.655992257590697 ] ] ] } },
{ "type": "Feature", "properties": { "objectid": 483688, "pxlval": 1, "Shape__Area": 4.4444466666700013e-07, "Shape__Length": 0.003555554 }, "geometry": { "type": "Polygon", "coordinates": [ [ [ 568667.662069986341521, 56250.811727155982226 ], [ 568667.664419352891855, 56226.248065670515643 ], [ 568618.207868926227093, 56226.243338185064204 ], [ 568618.210215585539117, 56201.67956823977147 ], [ 568593.48210801219102, 56201.677206822459993 ], [ 568593.484452790115029, 56177.11354846762697 ], [ 568618.212561208871193, 56177.115908852952998 ], [ 568618.214905806817114, 56152.552249482905609 ], [ 568667.67146130616311, 56152.556970773082867 ], [ 568667.666767703834921, 56201.68429366012424 ], [ 568692.394989671651274, 56201.686657641912461 ], [ 568692.390290262294002, 56250.814093203975062 ], [ 568667.662069986341521, 56250.811727155982226 ] ] ] } },
{ "type": "Feature", "properties": { "objectid": 483689, "pxlval": 1, "Shape__Area": 9.876545679000002e-08, "Shape__Length": 0.001333334 }, "geometry": { "type": "Polygon", "coordinates": [ [ [ 568667.673806568142027, 56127.99330935470789 ], [ 568667.678494024206884, 56078.865876026553451 ], [ 568692.406720215571113, 56078.868234842833772 ], [ 568692.402031071134843, 56127.995670237192826 ], [ 568667.673806568142027, 56127.99330935470789 ] ] ] } },
{ "type": "Feature", "properties": { "objectid": 483690, "pxlval": 1, "Shape__Area": 9.3827083950600019e-07, "Shape__Length": 0.005777776 }, "geometry": { "type": "Polygon", "coordinates": [ [ [ 568370.939638082287274, 56078.837636465039395 ], [ 568370.944301181822084, 56029.710338481949293 ], [ 568395.672516609542072, 56029.712685047874402 ], [ 568395.674847480026074, 56005.148924517416162 ], [ 568346.218304689624347, 56005.144234280603996 ], [ 568346.220632842741907, 55980.580586359152221 ], [ 568296.764203783357516, 55980.575901581534708 ], [ 568296.768853657878935, 55931.448609893319372 ], [ 568370.953615130973049, 55931.455632174831408 ], [ 568370.951288178795949, 55956.019281091124867 ], [ 568395.679506133892573, 55956.021624571134453 ], [ 568395.677177318022586, 55980.585274539058446 ], [ 568445.133614657213911, 55980.589966100160382 ], [ 568445.12428241816815, 56078.844684882904403 ], [ 568370.939638082287274, 56078.837636465039395 ] ] ] } },
{ "type": "Feature", "properties": { "objectid": 483691, "pxlval": 1, "Shape__Area": 4.4444422222200013e-07, "Shape__Length": 0.004444446 }, "geometry": { "type": "Polygon", "coordinates": [ [ [ 568370.953615130973049, 55931.455632174831408 ], [ 568370.955941061372869, 55906.891983275228995 ], [ 568346.22761117387563, 55906.889642688773165 ], [ 568346.229935241630301, 55882.325994834151061 ], [ 568370.95826597022824, 55882.328334392332181 ], [ 568370.962912733084522, 55833.200926141216769 ], [ 568395.691134893218987, 55833.203264478033816 ], [ 568395.688811177038588, 55857.767024891574692 ], [ 568420.417033541132696, 55857.769365103114978 ], [ 568420.419358097482473, 55833.205603660557244 ], [ 568445.147582326550037, 55833.207943688779778 ], [ 568445.145256929914467, 55857.771706160725444 ], [ 568469.873481369344518, 55857.774048064406088 ], [ 568469.87115411972627, 55882.337701047406881 ], [ 568395.686486449325457, 55882.330674786426243 ], [ 568395.68183392775245, 55931.457974626202486 ], [ 568370.953615130973049, 55931.455632174831408 ] ] ] } },
{ "type": "Feature", "properties": { "objectid": 483692, "pxlval": 1, "Shape__Area": 6.9135753086400013e-07, "Shape__Length": 0.005333332 }, "geometry": { "type": "Polygon", "coordinates": [ [ [ 568544.05361160216853, 55906.908391028126061 ], [ 568544.055942397913896, 55882.344734936952591 ], [ 568519.327715690247715, 55882.34238946417463 ], [ 568519.337025280692615, 55784.0876588480387 ], [ 568544.06525534868706, 55784.09000019733503 ], [ 568544.062928650062531, 55808.653656221817073 ], [ 568568.791158905019984, 55808.655999447313661 ], [ 568568.786500744288787, 55857.783424150446081 ], [ 568593.5148416479351, 55857.785770295071416 ], [ 568593.512510195141658, 55882.349428432426066 ], [ 568692.425435701850802, 55882.358825559618708 ], [ 568692.423099860083312, 55906.922487843825365 ], [ 568544.05361160216853, 55906.908391028126061 ] ] ] } },
{ "type": "Feature", "properties": { "objectid": 483693, "pxlval": 1, "Shape__Area": 6.419755802470002e-07, "Shape__Length": 0.004444444 }, "geometry": { "type": "Polygon", "coordinates": [ [ [ 568445.152230030507781, 55784.080639859370422 ], [ 568445.154552348190919, 55759.516987972805509 ], [ 568346.241540271090344, 55759.507645269506611 ], [ 568346.243858221336268, 55734.943886979519448 ], [ 568370.972193988156505, 55734.946220368074137 ], [ 568370.976828480372205, 55685.818922845930501 ], [ 568395.70505567418877, 55685.821255010916502 ], [ 568395.702738100895658, 55710.38490479545726 ], [ 568469.887423401232809, 55710.391909439385927 ], [ 568469.885102290660143, 55734.955562322407786 ], [ 568494.613331950386055, 55734.957899921530043 ], [ 568494.60868497134652, 55784.085318333171017 ], [ 568445.152230030507781, 55784.080639859370422 ] ] ] } },
{ "type": "Feature", "properties": { "objectid": 483694, "pxlval": 1, "Shape__Area": 4.938270617280001e-07, "Shape__Length": 0.004 }, "geometry": { "type": "Polygon", "coordinates": [ [ [ 568321.522579940385185, 55661.250614359065366 ], [ 568321.524892957648262, 55636.686967698857188 ], [ 568296.796667196555063, 55636.684640119332471 ], [ 568296.801288505201228, 55587.557238368477556 ], [ 568321.529515939764678, 55587.559563892958977 ], [ 568321.531825894257054, 55562.995917276297405 ], [ 568346.260055213817395, 55562.998242614863557 ], [ 568346.262364983092993, 55538.43459499317396 ], [ 568395.718939661164768, 55538.439246148700477 ], [ 568395.714315757271834, 55587.566545528759889 ], [ 568346.257744423113763, 55587.561890259421489 ], [ 568346.250805913005024, 55661.252943809216958 ], [ 568321.522579940385185, 55661.250614359065366 ] ] ] } },
{ "type": "Feature", "properties": { "objectid": 483695, "pxlval": 1, "Shape__Area": 1.0370369629630002e-06, "Shape__Length": 0.00711111 }, "geometry": { "type": "Polygon", "coordinates": [ [ [ 566837.831717984285206, 55636.548804410958837 ], [ 566837.833979775197804, 55611.985108225257136 ], [ 566813.105703291599639, 55611.982832203924772 ], [ 566813.110222183866426, 55562.855662956601009 ], [ 566788.382167577045038, 55562.853389807743952 ], [ 566788.384424689691514, 55538.289806216947909 ], [ 566763.656147706555203, 55538.287534893694101 ], [ 566763.651634155074134, 55587.41470008923352 ], [ 566714.195309134200215, 55587.410155971258064 ], [ 566714.19756473635789, 55562.846575369847415 ], [ 566738.925727583351545, 55562.848846004140796 ], [ 566738.930237478460185, 55513.72157232119207 ], [ 566813.114737092750147, 55513.72838324688928 ], [ 566813.112480132374913, 55538.292078360980668 ], [ 566887.297097605071031, 55538.298899881338002 ], [ 566887.292575693572871, 55587.426075128903904 ], [ 566936.748914898606017, 55587.430631034476392 ], [ 566936.746650770539418, 55611.994220693035459 ], [ 566912.018592773936689, 55611.991941322834464 ], [ 566912.016328472178429, 55636.555640526392381 ], [ 566837.831717984285206, 55636.548804410958837 ] ] ] } },
{ "type": "Feature", "properties": { "objectid": 483696, "pxlval": 1, "Shape__Area": 1.4814785185200003e-07, "Shape__Length": 0.001777776 }, "geometry": { "type": "Polygon", "coordinates": [ [ [ 568816.10646206419915, 55464.787694138962252 ], [ 568816.111104109091684, 55415.660359843284823 ], [ 568865.567615347914398, 55415.665032600220002 ], [ 568865.565293171675876, 55440.228701810832717 ], [ 568840.837037866469473, 55440.22636397696624 ], [ 568840.834715495468117, 55464.790032168413745 ], [ 568816.10646206419915, 55464.787694138962252 ] ] ] } },
{ "type": "Feature", "properties": { "objectid": 483697, "pxlval": 1, "Shape__Area": 6.6172856049360019e-06, "Shape__Length": 0.024888884 }, "geometry": { "type": "Polygon", "coordinates": [ [ [ 564884.290216467226855, 55832.879686567648605 ], [ 564884.294622339657508, 55783.752671539805306 ], [ 564933.750786436139606, 55783.757106668985216 ], [ 564933.752989596221596, 55759.193597230492742 ], [ 564884.296823821496218, 55759.189164054056164 ], [ 564884.299024343723431, 55734.625546050236153 ], [ 564933.755191795877181, 55734.629977273929399 ], [ 564933.7617925433442, 55660.939449102115759 ], [ 564958.489991526817903, 55660.94166305942781 ], [ 564958.487791410298087, 55685.505173408222618 ], [ 565007.943968127481639, 55685.509605787112378 ], [ 565007.948370739701204, 55636.382581196223327 ], [ 565032.676573512493633, 55636.38479670471861 ], [ 565032.67877420829609, 55611.821172921445395 ], [ 565057.406756265670992, 55611.823388274286117 ], [ 565057.408956816303544, 55587.259874063944153 ], [ 565106.865259369951673, 55587.264305368582427 ], [ 565106.869660898577422, 55538.137273075575649 ], [ 565131.597759696771391, 55538.139488026783511 ], [ 565131.60435721790418, 55464.448715706792427 ], [ 565181.060674045467749, 55464.453142262253095 ], [ 565181.058474172255956, 55489.016771828290075 ], [ 565205.786577586783096, 55489.018987341849424 ], [ 565205.790978018194437, 55439.891836806098581 ], [ 565230.519084100378677, 55439.894051198083616 ], [ 565230.523482291842811, 55390.767009307623084 ], [ 565304.70792273664847, 55390.77365164130606 ], [ 565304.710122869815677, 55366.210127775615547 ], [ 565329.438235397683457, 55366.212342578983225 ], [ 565329.440435387892649, 55341.648817747329304 ], [ 565378.896776373148896, 55341.65324791373132 ], [ 565378.890168474521488, 55415.343828356752056 ], [ 565403.61817102599889, 55415.346047633218404 ], [ 565403.615965605247766, 55439.909575464305817 ], [ 565354.159740594564937, 55439.905135763874569 ], [ 565354.155330149107613, 55489.032298083067872 ], [ 565378.88355177314952, 55489.034519489927334 ], [ 565378.881344255409203, 55513.598046387131035 ], [ 565329.425014945561998, 55513.593602457745874 ], [ 565329.427220793208107, 55489.030077526680543 ], [ 565304.699112435104325, 55489.027857810768182 ], [ 565304.696907422505319, 55513.591381759324577 ], [ 565279.968800879898481, 55513.589161901742045 ], [ 565279.971005057333969, 55489.025638935323514 ], [ 565230.514682000037283, 55489.02120369586919 ], [ 565230.512479492696002, 55513.584724699132494 ], [ 565255.240584061481059, 55513.586942875022942 ], [ 565255.231760930619203, 55611.841141520671954 ], [ 565230.50365970574785, 55611.838919419205922 ], [ 565230.499243958853185, 55660.966072143193742 ], [ 565205.771145398844965, 55660.963848922016041 ], [ 565205.768936905893497, 55685.52736906055361 ], [ 565181.040840182220563, 55685.525145701802103 ], [ 565181.038631552830338, 55710.088664882627199 ], [ 565156.310536640114151, 55710.086441387044033 ], [ 565156.308327875100076, 55734.649959597954876 ], [ 565131.580123525927775, 55734.647735956292308 ], [ 565131.57791461609304, 55759.211363738737418 ], [ 565156.306118126609363, 55759.213588360311405 ], [ 565156.3039074143162, 55783.77710660455341 ], [ 565181.031999810831621, 55783.779333040962229 ], [ 565181.029787285369821, 55808.342852282155945 ], [ 565156.3016957284417, 55808.340624865471909 ], [ 565156.299483068869449, 55832.904143149360607 ], [ 565131.571282076998614, 55832.901915588059637 ], [ 565131.573493896634318, 55808.338398284075083 ], [ 565106.845404312596656, 55808.33617255801073 ], [ 565106.847614319529384, 55783.772656256529444 ], [ 565082.119524884736165, 55783.770432354926015 ], [ 565082.121733079547994, 55759.206917049290496 ], [ 564983.209270576830022, 55759.198033795160882 ], [ 564983.204859929042868, 55808.325056597284856 ], [ 564958.476776257622987, 55808.322835943057726 ], [ 564958.47457031707745, 55832.886346398132446 ], [ 564884.290216467226855, 55832.879686567648605 ] ], [ [ 565032.669965624227189, 55710.075336556452385 ], [ 565057.39794433186762, 55710.077555822950671 ], [ 565057.400148771004751, 55685.514041539790924 ], [ 565032.672169225406833, 55685.511823251705209 ], [ 565032.669965624227189, 55710.075336556452385 ] ] ] } },
{ "type": "Feature", "properties": { "objectid": 483698, "pxlval": 1, "Shape__Area": 1.9753046913600006e-07, "Shape__Length": 0.00222222 }, "geometry": { "type": "Polygon", "coordinates": [ [ [ 568865.569936495041475, 55391.10136340616009 ], [ 568865.572256613057107, 55366.537694228631153 ], [ 568840.84399880701676, 55366.535359501889616 ], [ 568840.84631706320215, 55341.971691376602394 ], [ 568865.574575702077709, 55341.974025067633193 ], [ 568865.576893761986867, 55317.410355916887056 ], [ 568890.305154264904559, 55317.412689410099119 ], [ 568890.298194499337114, 55391.10370000761759 ], [ 568865.569936495041475, 55391.10136340616009 ] ] ] } },
{ "type": "Feature", "properties": { "objectid": 483699, "pxlval": 1, "Shape__Area": 3.4567898765400011e-07, "Shape__Length": 0.003111112 }, "geometry": { "type": "Polygon", "coordinates": [ [ [ 568667.746000805636868, 55366.519039875565795 ], [ 568667.748313231626526, 55341.955378989827295 ], [ 568643.02006291912403, 55341.953052004915662 ], [ 568643.024683038587682, 55292.82562180680543 ], [ 568667.752935015712865, 55292.827946726247319 ], [ 568667.750624631531537, 55317.391718114347896 ], [ 568717.207241303636692, 55317.396372542854806 ], [ 568717.204928238759749, 55341.960035484924447 ], [ 568741.933181669097394, 55341.962364984632586 ], [ 568741.930866744485684, 55366.526028970802145 ], [ 568667.746000805636868, 55366.519039875565795 ] ] ] } },
{ "type": "Feature", "properties": { "objectid": 483700, "pxlval": 1, "Shape__Area": 3.4567965432200008e-07, "Shape__Length": 0.003555558 }, "geometry": { "type": "Polygon", "coordinates": [ [ [ 564735.96325041144155, 55366.159418705341523 ], [ 564735.967609447892755, 55317.032416007466963 ], [ 564711.239407601067796, 55317.030223268055124 ], [ 564711.241584845934995, 55292.466612385964254 ], [ 564735.969787525013089, 55292.468804151787481 ], [ 564735.971964624826796, 55267.905302847320854 ], [ 564760.700057843117975, 55267.907494466824573 ], [ 564760.697879911516793, 55292.47099674524361 ], [ 564810.154178888420574, 55292.47538445450482 ], [ 564810.15199831512291, 55317.038999233169307 ], [ 564760.695701002376154, 55317.034609574875503 ], [ 564760.691340300487354, 55366.161614220654883 ], [ 564735.96325041144155, 55366.159418705341523 ] ] ] } },
{ "type": "Feature", "properties": { "objectid": 483701, "pxlval": 1, "Shape__Area": 9.876545679000002e-08, "Shape__Length": 0.001333334 }, "geometry": { "type": "Polygon", "coordinates": [ [ [ 564760.700057843117975, 55267.907494466824573 ], [ 564760.702234807075001, 55243.343992204943788 ], [ 564810.158537110080943, 55243.348376016147085 ], [ 564810.15635848348029, 55267.911880227053189 ], [ 564760.700057843117975, 55267.907494466824573 ] ] ] } },
{ "type": "Feature", "properties": { "objectid": 483702, "pxlval": 1, "Shape__Area": 1.4814851851900005e-07, "Shape__Length": 0.00177778 }, "geometry": { "type": "Polygon", "coordinates": [ [ [ 568692.492728661047295, 55170.011852760020702 ], [ 568692.497337738866918, 55120.884418661073141 ], [ 568717.22570888698101, 55120.8867380316442 ], [ 568717.223404026590288, 55145.450511377224757 ], [ 568741.951664106571116, 55145.452832606126321 ], [ 568741.949357399833389, 55170.016496460310009 ], [ 568692.492728661047295, 55170.011852760020702 ] ] ] } },
{ "type": "Feature", "properties": { "objectid": 483703, "pxlval": 1, "Shape__Area": 5.4320945679000014e-07, "Shape__Length": 0.003999998 }, "geometry": { "type": "Polygon", "coordinates": [ [ [ 567653.903546015848406, 55194.478726060973713 ], [ 567653.908087408286519, 55145.351488611137029 ], [ 567629.179872757289559, 55145.349204134749016 ], [ 567629.182141117635183, 55120.785475910517562 ], [ 567604.453926675370894, 55120.783193286522874 ], [ 567604.45619318576064, 55096.219576637369755 ], [ 567629.184408457251266, 55096.221858244251052 ], [ 567629.186674786382355, 55071.658240594435483 ], [ 567678.643110085162334, 55071.66280427647871 ], [ 567678.640842098509893, 55096.226423961627006 ], [ 567703.369060446391813, 55096.228708072114387 ], [ 567703.36451977014076, 55145.356060069745581 ], [ 567678.63630308106076, 55145.353773922804976 ], [ 567678.631760028423741, 55194.481013408345461 ], [ 567653.903546015848406, 55194.478726060973713 ] ] ] } },
{ "type": "Feature", "properties": { "objectid": 483705, "pxlval": 1, "Shape__Area": 5.9259362963000015e-07, "Shape__Length": 0.004000002 }, "geometry": { "type": "Polygon", "coordinates": [ [ [ 567554.999654423212633, 55096.215015916946868 ], [ 567555.001918265945278, 55071.651401317350974 ], [ 567530.273705224390142, 55071.649123230068653 ], [ 567530.275967229041271, 55047.085509662916593 ], [ 567505.547643102705479, 55047.083233415178256 ], [ 567505.549903280450962, 55022.519510344900482 ], [ 567579.73465864546597, 55022.526338521012804 ], [ 567579.736920287250541, 54997.962722948082956 ], [ 567604.465249135624617, 54997.964999663723574 ], [ 567604.462986666010693, 55022.528616253388464 ], [ 567629.191204422852024, 55022.530894808936864 ], [ 567629.186674786382355, 55071.658240594435483 ], [ 567604.458458686014637, 55071.655960004660301 ], [ 567604.45619318576064, 55096.219576637369755 ], [ 567554.999654423212633, 55096.215015916946868 ] ] ] } },
{ "type": "Feature", "properties": { "objectid": 483706, "pxlval": 1, "Shape__Area": 2.0246910864200004e-06, "Shape__Length": 0.013777776 }, "geometry": { "type": "Polygon", "coordinates": [ [ [ 565329.473318132921122, 54973.195505089272046 ], [ 565329.477685897727497, 54924.06845596999483 ], [ 565304.749558435170911, 54924.066258851846214 ], [ 565304.747375857667066, 54948.629892955563264 ], [ 565280.019250202109106, 54948.627695687180676 ], [ 565280.021431953064166, 54924.064062565601489 ], [ 565205.836947169038467, 54924.057478688511765 ], [ 565205.839125456055626, 54899.49395906234713 ], [ 565230.567249799962156, 54899.49615187181189 ], [ 565230.569427938433364, 54874.932631281037175 ], [ 565181.113178597879596, 54874.92824845531868 ], [ 565181.115354120498523, 54850.364619301566563 ], [ 565131.658995798439719, 54850.360241750888235 ], [ 565131.650294491439126, 54948.614529535181646 ], [ 565106.922175744897686, 54948.612338092811115 ], [ 565106.919998826575466, 54973.17574329666968 ], [ 565057.463654685998335, 54973.171360940992599 ], [ 565057.461478439508937, 54997.734874738096551 ], [ 565032.733475579530932, 54997.732683845613792 ], [ 565032.735650998656638, 54973.169171026922413 ], [ 565008.00742575887125, 54973.166981925809523 ], [ 565008.003075603861362, 55022.294005629810272 ], [ 565082.187526775640436, 55022.300581281961058 ], [ 565082.189704821910709, 54997.737066483328817 ], [ 565131.645938017871231, 54997.741452453170496 ], [ 565131.641577631584369, 55046.868596512744261 ], [ 565181.097922725602984, 55046.872989744973893 ], [ 565181.095739420619793, 55071.436508489110565 ], [ 565205.823856974602677, 55071.438707331595651 ], [ 565205.830406461493112, 54997.748037665536685 ], [ 565255.28664952586405, 54997.75243196568772 ], [ 565255.288832390680909, 54973.188910327829944 ], [ 565329.473318132921122, 54973.195505089272046 ] ], [ [ 565131.648116746218875, 54973.177935718573281 ], [ 565156.376346913632005, 54973.180128982996393 ], [ 565156.374167358037084, 54997.743646697505028 ], [ 565131.645938017871231, 54997.741452453170496 ], [ 565131.648116746218875, 54973.177935718573281 ] ], [ [ 565205.832587671699002, 54973.184517990099266 ], [ 565205.834767897729762, 54948.621108865874703 ], [ 565255.291014270507731, 54948.625499241199577 ], [ 565255.288832390680909, 54973.188910327829944 ], [ 565205.832587671699002, 54973.184517990099266 ] ] ] } },
{ "type": "Feature", "properties": { "objectid": 483707, "pxlval": 1, "Shape__Area": 1.2345678765430004e-06, "Shape__Length": 0.009333336 }, "geometry": { "type": "Polygon", "coordinates": [ [ [ 568371.038994206232019, 55022.599639088934055 ], [ 568371.034414874971844, 55071.727046247171529 ], [ 568445.219162062508985, 55071.733968096545141 ], [ 568445.216868383111432, 55096.297619519697037 ], [ 568519.401733703096397, 55096.30455197738047 ], [ 568519.39943651331123, 55120.868206507380819 ], [ 568544.127689108601771, 55120.870520023097924 ], [ 568544.125390055123717, 55145.434286142102792 ], [ 568593.582007968681864, 55145.438917751591362 ], [ 568593.584308681311086, 55120.875149569706991 ], [ 568568.855942730559036, 55120.872834373738442 ], [ 568568.858241578680463, 55096.309177781622566 ], [ 568544.129987127613276, 55096.306864462232625 ], [ 568544.132284122169949, 55071.743208917810989 ], [ 568568.860539402114227, 55071.74552120595763 ], [ 568568.867426734883338, 54998.054441035921627 ], [ 568544.139168970752507, 54998.05213184151944 ], [ 568544.141461868304759, 54973.488476362836082 ], [ 568519.413204303476959, 54973.486169032366888 ], [ 568519.4109122332884, 54998.049823480170744 ], [ 568494.682545254239812, 54998.047515941500023 ], [ 568494.680252987891436, 55022.61116938151099 ], [ 568371.038994206232019, 55022.599639088934055 ] ], [ [ 568544.136875048978254, 55022.615787342918338 ], [ 568544.134580092504621, 55047.179553389840294 ], [ 568519.406325010815635, 55047.177242966739868 ], [ 568519.404029868892394, 55071.740897463838337 ], [ 568494.675665374146774, 55071.738586833635054 ], [ 568494.680252987891436, 55022.61116938151099 ], [ 568544.136875048978254, 55022.615787342918338 ] ] ] } },
{ "type": "Feature", "properties": { "objectid": 483708, "pxlval": 1, "Shape__Area": 1.4814820740720005e-06, "Shape__Length": 0.00888889 }, "geometry": { "type": "Polygon", "coordinates": [ [ [ 565502.563872754340991, 55046.901627013154211 ], [ 565502.566065859748051, 55022.337984973150014 ], [ 565477.837823485722765, 55022.335778081185708 ], [ 565477.844394407584332, 54948.645297148214013 ], [ 565428.388130235602148, 54948.640891791699687 ], [ 565428.390316945966333, 54924.077252771676285 ], [ 565378.934055086807348, 54924.072852711949963 ], [ 565378.93623915722128, 54899.509326210798463 ], [ 565354.207997602410614, 54899.507128402176022 ], [ 565354.210179870016873, 54874.943602900690166 ], [ 565329.482049757614732, 54874.941406916390406 ], [ 565329.484230233123526, 54850.377771873107122 ], [ 565403.66862600739114, 54850.384359369745653 ], [ 565403.670807971968316, 54825.820831934179296 ], [ 565428.399053980829194, 54825.823028453880397 ], [ 565428.394687413936481, 54874.950195850520686 ], [ 565453.122932765749283, 54874.952395169413649 ], [ 565453.125117368530482, 54850.388755207961367 ], [ 565477.853141971165314, 54850.390954353482812 ], [ 565477.850956543115899, 54874.954595299685025 ], [ 565527.3073409141507, 54874.958998083442566 ], [ 565527.305152865708806, 54899.522530475544045 ], [ 565502.577016655006446, 54899.520327687539975 ], [ 565502.572639263584279, 54948.647501084829855 ], [ 565527.300773821538314, 54948.649705843810807 ], [ 565527.296390880132094, 54997.776660208088288 ], [ 565552.024524787440896, 54997.778867771077785 ], [ 565552.020136253908277, 55046.90604524880473 ], [ 565502.563872754340991, 55046.901627013154211 ] ] ] } },
{ "type": "Feature", "properties": { "objectid": 483709, "pxlval": 1, "Shape__Area": 0.00017600000200000104, "Shape__Length": 0.33111112 }, "geometry": { "type": "Polygon", "coordinates": [ [ [ 568939.736206878325902, 55587.617975712637417 ], [ 568915.007842190098017, 55587.615629127998545 ], [ 568915.010172213194892, 55563.051957739153295 ], [ 568890.281918994616717, 55563.049613043513091 ], [ 568890.284247152041644, 55538.485942713981785 ], [ 568865.555994155001827, 55538.483599896033411 ], [ 568865.558320458047092, 55513.919820083734521 ], [ 568840.830067656934261, 55513.917479142735829 ], [ 568840.827742189401761, 55538.48125791932398 ], [ 568816.099491263390519, 55538.478916783860768 ], [ 568816.10181589552667, 55513.915139042605006 ], [ 568791.373453914071433, 55513.912799772828293 ], [ 568791.378098412882537, 55464.785356939122721 ], [ 568766.649847065564245, 55464.783020589922671 ], [ 568766.65216693340335, 55440.219355503373663 ], [ 568741.923915807157755, 55440.217021028525778 ], [ 568741.926233813515864, 55415.653356992741465 ], [ 568692.469621713738889, 55415.648692619120993 ], [ 568692.471937025547959, 55391.085030667214596 ], [ 568667.743687353562564, 55391.082700777827995 ], [ 568667.746000805636868, 55366.519039875565795 ], [ 568618.289391612284817, 55366.514384668436833 ], [ 568618.294012107537128, 55317.387067037416273 ], [ 568593.565874331514351, 55317.384742771479068 ], [ 568593.575099701411091, 55219.130001312667446 ], [ 568568.84673707105685, 55219.127681990197743 ], [ 568568.849040028057061, 55194.563914790538547 ], [ 568544.120788895874284, 55194.561597346160852 ], [ 568544.123089987668209, 55169.997941735899076 ], [ 568519.394839051761664, 55169.995626158422965 ], [ 568519.397138289408758, 55145.431971595498908 ], [ 568469.940526602440514, 55145.427344997755426 ], [ 568469.938229024759494, 55169.9909975000337 ], [ 568445.209981197724119, 55169.988684429539717 ], [ 568445.205384623375721, 55219.116097965663357 ], [ 568395.748895417200401, 55219.111470214833389 ], [ 568395.751192559720948, 55194.54771022611385 ], [ 568371.022948682541028, 55194.545398633948935 ], [ 568371.025243962416425, 55169.981750231992919 ], [ 568346.296889005578123, 55169.979440493727452 ], [ 568346.299182433751412, 55145.415793136518914 ], [ 568321.570938955410384, 55145.413485272205435 ], [ 568321.573230543057434, 55120.849728417728329 ], [ 568346.30147485085763, 55120.852035254138173 ], [ 568346.306056600646116, 55071.724740622019453 ], [ 568321.577810634858906, 55071.72243584140233 ], [ 568321.580099149374291, 55047.158789577915741 ], [ 568346.308345943572931, 55047.161093330629228 ], [ 568346.312921575736254, 54998.033688255520246 ], [ 568272.128068069810979, 54998.026785653586558 ], [ 568272.125783252646215, 55022.590429835814575 ], [ 568296.854140079580247, 55022.592730904128985 ], [ 568296.851853403844871, 55047.156486658997892 ], [ 568247.395365001051687, 55047.151883322549111 ], [ 568247.399934010114521, 54998.024486466179951 ], [ 568222.671578422770835, 54998.022188091134012 ], [ 568222.669295261031948, 55022.585830220166827 ], [ 568197.941052807960659, 55022.5835316624798 ], [ 568197.947896742727607, 54948.892718950672133 ], [ 568148.491298711160198, 54948.888130478117091 ], [ 568148.500403115991503, 54850.633353513621842 ], [ 568099.043913877569139, 54850.62877657853096 ], [ 568099.046185777522624, 54826.065139697086124 ], [ 568123.774430698947981, 54826.067426724664983 ], [ 568123.776702406117693, 54801.503788835041632 ], [ 568099.04845665988978, 54801.501502832012193 ], [ 568099.050726524670608, 54776.937865983294614 ], [ 568049.594125186442398, 54776.933298505173298 ], [ 568049.596392395789735, 54752.369553185504628 ], [ 568000.139904796495102, 54752.364991082977212 ], [ 568000.137639235239476, 54776.928734356137284 ], [ 567950.681157414219342, 54776.924173525905644 ], [ 567950.676626561791636, 54826.051434960696497 ], [ 567925.948277574847452, 54826.049153735977598 ], [ 567925.94601145060733, 54850.612783455981116 ], [ 567901.21788685861975, 54850.610502060662839 ], [ 567901.213353206054308, 54899.7378700482368 ], [ 567876.485008738236502, 54899.735587420786032 ], [ 567876.473661010619253, 55022.553726223144622 ], [ 567901.202001343714073, 55022.556013956622337 ], [ 567901.199727916973643, 55047.119753321581811 ], [ 567925.927845894824713, 55047.122042889459408 ], [ 567925.932393379160203, 54997.994672661814548 ], [ 567950.660736582591198, 54997.996961040196766 ], [ 567950.658462525345385, 55022.560591903260502 ], [ 567975.386694667977281, 55022.562882126716431 ], [ 567975.384418757166713, 55047.126624557524337 ], [ 568024.840884460601956, 55047.131209550454514 ], [ 568024.838605887256563, 55071.694843508172198 ], [ 568000.110373342060484, 55071.692549571744166 ], [ 568000.105814803857356, 55120.819815490409383 ], [ 568024.834045691182837, 55120.822111472953111 ], [ 568024.831764057977125, 55145.385856021617656 ], [ 568049.559995142975822, 55145.388153862513718 ], [ 568049.555427187588066, 55194.515423972945428 ], [ 568024.827197762788273, 55194.513124085184245 ], [ 568024.822627391200513, 55243.64050275626505 ], [ 568049.550855154404417, 55243.642804690898629 ], [ 568049.548567617544904, 55268.206439803820103 ], [ 568074.276906844694167, 55268.208743609400699 ], [ 568074.272327046259306, 55317.3361264677078 ], [ 568099.000554378260858, 55317.338433148419426 ], [ 568099.007425040239468, 55243.647411080841266 ], [ 568148.463887774734758, 55243.652020807508961 ], [ 568148.461596912355162, 55268.215660017893242 ], [ 568123.733365853549913, 55268.213353711245873 ], [ 568123.728782727383077, 55317.34074066701578 ], [ 568173.185353822424076, 55317.345358228267287 ], [ 568173.183059072587639, 55341.908998519764282 ], [ 568222.63952134444844, 55341.913621473882813 ], [ 568222.637223910074681, 55366.477263827327988 ], [ 568247.365567043190822, 55366.479577598605829 ], [ 568247.370162557810545, 55317.352290849135898 ], [ 568346.283106968039647, 55317.361546060194087 ], [ 568346.280806390685029, 55341.925193539158499 ], [ 568395.737394415424205, 55341.929828239357448 ], [ 568395.73509115097113, 55366.493477785486903 ], [ 568420.463330249884166, 55366.495797416784626 ], [ 568420.461025130236521, 55391.059448008454638 ], [ 568519.374099817243405, 55391.068739050198928 ], [ 568519.376408269978128, 55366.505084338758024 ], [ 568568.832897863001563, 55366.509732826329127 ], [ 568568.830587743897922, 55391.073389599885559 ], [ 568618.287079826695845, 55391.078043505600363 ], [ 568618.282453179126605, 55440.205361229564005 ], [ 568643.010810391977429, 55440.207691516137857 ], [ 568643.013125062454492, 55415.644031613519473 ], [ 568667.741372875170782, 55415.646361696628446 ], [ 568667.73674084036611, 55464.773683583873208 ], [ 568643.008494695881382, 55464.771351435301767 ], [ 568643.003860215772875, 55513.898781865020283 ], [ 568667.732104690512642, 55513.901116079068743 ], [ 568667.725142774987034, 55587.592209675327467 ], [ 568642.996900807833299, 55587.589872363088944 ], [ 568642.992256070137955, 55636.717302952383761 ], [ 568618.263905542553402, 55636.714964406877698 ], [ 568618.259258387377486, 55685.84228246249404 ], [ 568593.531133137643337, 55685.839942716796941 ], [ 568593.528808859991841, 55710.403600743840798 ], [ 568568.800462920335121, 55710.401260788938089 ], [ 568568.795812956755981, 55759.528685352532193 ], [ 568593.524157219217159, 55759.531027370678203 ], [ 568593.521829866454937, 55784.094685441355978 ], [ 568618.249951761914417, 55784.097029314980318 ], [ 568618.2476225446444, 55808.660688434305484 ], [ 568642.975967203383334, 55808.663034206358134 ], [ 568642.973636120907031, 55833.226694380995468 ], [ 568766.614925692672841, 55833.238441046407388 ], [ 568766.617260974599048, 55808.674775704392232 ], [ 568840.802094245445915, 55808.681830751462257 ], [ 568840.799756443826482, 55833.245499198361358 ], [ 568964.440976415178739, 55833.257279681427462 ], [ 568964.438633373007178, 55857.821063856434193 ], [ 568989.166990938247181, 55857.823423538357019 ], [ 568989.162300101597793, 55906.950772942596814 ], [ 569013.890545742237009, 55906.953135535855836 ], [ 569013.892892517033033, 55882.38945978746051 ], [ 569038.621140057919547, 55882.391822189230879 ], [ 569038.616443794686347, 55931.519175779343641 ], [ 569013.888197936234064, 55931.516811300956761 ], [ 569013.883499230141751, 55980.644162887525454 ], [ 568989.155256114783697, 55980.641797180447611 ], [ 568989.157605141284876, 55956.078122413615347 ], [ 568865.516289700753987, 55956.066311770817265 ], [ 568865.518633487634361, 55931.502642211074999 ], [ 568741.877339909318835, 55931.490857932258223 ], [ 568741.875000331085175, 55956.054522317186638 ], [ 568717.146767833386548, 55956.052166971283441 ], [ 568717.137402608292177, 56054.306931084473035 ], [ 568766.593861892004497, 56054.311650896102947 ], [ 568766.589169737999327, 56103.439092460066604 ], [ 568717.132713829283603, 56103.434368512294895 ], [ 568717.130367904785089, 56127.998031980481755 ], [ 568741.858594499994069, 56128.00039456331433 ], [ 568741.856246703886427, 56152.56405908211309 ], [ 568766.584473483962938, 56152.566423549324099 ], [ 568766.586822124780156, 56128.002757996306173 ], [ 568816.043391789193265, 56128.007487423456041 ], [ 568816.041041458956897, 56152.571155046025524 ], [ 568791.312701319577172, 56152.568788867080002 ], [ 568791.307999264798127, 56201.696122092573205 ], [ 568766.579773119650781, 56201.693754705644096 ], [ 568766.575068634352647, 56250.821196470787982 ], [ 568791.303293087519705, 56250.823565926904848 ], [ 568791.300938462140039, 56275.387232598397532 ], [ 568816.029274372500367, 56275.389603952171456 ], [ 568816.033984287874773, 56226.26226855605637 ], [ 568890.218669547932222, 56226.269381485552003 ], [ 568890.216312565840781, 56250.833052282323479 ], [ 568939.672884202329442, 56250.837800577566668 ], [ 568939.668163762893528, 56299.965146368056594 ], [ 568964.39628254622221, 56299.967523852064915 ], [ 568964.398644127883017, 56275.403849911235739 ], [ 568989.12698735203594, 56275.406227231847879 ], [ 568989.122261463897303, 56324.533577205453184 ], [ 568964.393919933936559, 56324.531197809694277 ], [ 568964.391556280432269, 56349.094982325914316 ], [ 568939.663439192227088, 56349.092602767523204 ], [ 568939.661075366893783, 56373.656275721616112 ], [ 568989.117531441384926, 56373.661037788086105 ], [ 568989.115164878428914, 56398.224823369237129 ], [ 569038.571623423602432, 56398.229590927519894 ], [ 569038.569254153524525, 56422.793157530773897 ], [ 568989.112797305802815, 56422.788387896260247 ], [ 568989.110428681015037, 56447.352173517385381 ], [ 569013.838655726052821, 56447.354558945262397 ], [ 569013.836285231402144, 56471.918235079399892 ], [ 569088.021081394748762, 56471.925399619874952 ], [ 569088.016332211322151, 56521.052758170837478 ], [ 569063.288104565348476, 56521.05036706077226 ], [ 569063.290478823008016, 56496.486688815915841 ], [ 568989.105688359821215, 56496.479523726658954 ], [ 568989.103316652937792, 56521.043198856597883 ], [ 568964.374981914646924, 56521.040811160288285 ], [ 568964.372610027319752, 56545.604485269534052 ], [ 568989.100943915080279, 56545.606874003402481 ], [ 568989.098570135538466, 56570.170659708841413 ], [ 568964.370237098773941, 56570.1682699373996 ], [ 568964.365488171577454, 56619.295618240328622 ], [ 568989.09381950518582, 56619.29801008690265 ], [ 568989.091442632838152, 56643.861795836761303 ], [ 569013.81966287153773, 56643.864189568121219 ], [ 569013.817284126533195, 56668.42786584363057 ], [ 568989.089064740343019, 56668.425471074333473 ], [ 568989.086685816873796, 56692.989146322535817 ], [ 568964.35835704067722, 56692.98675136325619 ], [ 568964.351216645445675, 56766.677774096751818 ], [ 568989.079542860970832, 56766.680172168729769 ], [ 568989.074775725021027, 56815.807633359356259 ], [ 569013.802989988820627, 56815.810034356254619 ], [ 569013.800604024785571, 56840.3737107440611 ], [ 569063.257145268027671, 56840.378517407421896 ], [ 569063.254756551119499, 56864.94230642466573 ], [ 569038.526430631172843, 56864.939901618410659 ], [ 569038.521651834598742, 56914.067256555492349 ], [ 569013.793439934030175, 56914.06485054478253 ], [ 569013.79582900274545, 56889.501063570569386 ], [ 568989.067617305321619, 56889.498659459874034 ], [ 568989.070004465407692, 56864.935094611544628 ], [ 568964.341681669349782, 56864.932692389294971 ], [ 568964.336908008670434, 56914.0600410987754 ], [ 568989.065229092724621, 56914.062445396149997 ], [ 568989.062839859980159, 56938.626120820226788 ], [ 568939.606422998593189, 56938.621311034439714 ], [ 568939.613582467078231, 56864.930291049997322 ], [ 568914.885261770570651, 56864.927890550417942 ], [ 568914.88287717779167, 56889.49145228719135 ], [ 568890.154669642797671, 56889.489051623313571 ], [ 568890.152284854790196, 56914.052833411558822 ], [ 568865.424079233314842, 56914.050432573305443 ], [ 568865.419308303971775, 56963.177773064002395 ], [ 568840.691105427336879, 56963.175371016419376 ], [ 568840.695874643162824, 56914.04803259712935 ], [ 568815.967671092716046, 56914.045633483023266 ], [ 568815.965287855709903, 56938.609301651988062 ], [ 568791.236974941799417, 56938.606902354200429 ], [ 568791.239357322338037, 56914.043235220196948 ], [ 568766.511155855609104, 56914.040837830245437 ], [ 568766.508774331654422, 56938.604503929665952 ], [ 568741.780574776930735, 56938.60210636757256 ], [ 568741.778193082311191, 56963.165771443491394 ], [ 568766.506391780101694, 56963.168170039789402 ], [ 568766.501623583375476, 57012.295612846530275 ], [ 568791.229821621789597, 57012.298014374820923 ], [ 568791.234591533313505, 56963.170569498914119 ], [ 568815.962903590290807, 56963.172969831655791 ], [ 568815.960518285864964, 56987.736748563802394 ], [ 568840.688719265628606, 56987.739150783898367 ], [ 568840.686332085984759, 57012.302820032913587 ], [ 568865.414533247705549, 57012.305224151896255 ], [ 568865.407362950500101, 57085.99634564997541 ], [ 568939.592076225206256, 57086.003572527151846 ], [ 568939.587285733083263, 57135.130919468581851 ], [ 568964.315375501406379, 57135.133332216908457 ], [ 568964.305778702488169, 57233.388140994989953 ], [ 569038.490489037474617, 57233.395396931126015 ], [ 569038.492892374051735, 57208.831608697139018 ], [ 569063.221206279355101, 57208.834028044919251 ], [ 569063.226011556689627, 57159.706670615538314 ], [ 569038.497695930534974, 57159.704253345109464 ], [ 569038.50009616126772, 57135.140575697841996 ], [ 569063.228412647265941, 57135.142991929591517 ], [ 569063.238006700063124, 57036.888166814474971 ], [ 569087.966216405620798, 57036.890579744584102 ], [ 569087.968613194068894, 57012.326900104795641 ], [ 569112.696824800921604, 57012.32931285941595 ], [ 569112.701617006212473, 56963.201841016547405 ], [ 569137.429831363260746, 56963.204252555144194 ], [ 569137.432226768229157, 56938.640570887189824 ], [ 569162.160554319503717, 56938.642982259298151 ], [ 569162.158158057602122, 56963.206664967430697 ], [ 569186.88637450884562, 56963.209078231673629 ], [ 569186.888771627680399, 56938.645394483006385 ], [ 569211.61698999768123, 56938.647807569170254 ], [ 569211.614592022029683, 56963.211492358743271 ], [ 569236.34292185655795, 56963.213907359495352 ], [ 569236.340521978563629, 56987.777703742904123 ], [ 569261.068629440618679, 56987.780120626397547 ], [ 569261.066227681119926, 57012.343807532910432 ], [ 569236.338121076696552, 57012.341389607769088 ], [ 569236.333316169213504, 57061.46876139487722 ], [ 569261.061421057209373, 57061.471181403307128 ], [ 569261.059016181854531, 57086.03497889645223 ], [ 569285.78734382649418, 57086.037400833010906 ], [ 569285.792154248338193, 57036.909914308955194 ], [ 569359.976926060859114, 57036.917179028314422 ], [ 569359.974518797942437, 57061.480870145504014 ], [ 569384.702628933824599, 57061.483294475467119 ], [ 569384.697809580597095, 57110.61067883540818 ], [ 569359.969701162655838, 57110.608252418431221 ], [ 569359.96729077945929, 57135.172054116010258 ], [ 569335.238961707567796, 57135.169627499104536 ], [ 569335.241371231270023, 57110.605826844672265 ], [ 569310.513042347040027, 57110.603402135973738 ], [ 569310.510633682715707, 57135.167201747630315 ], [ 569285.782529274001718, 57135.164776883408194 ], [ 569285.784937078831717, 57110.600978314148961 ], [ 569261.056610293337144, 57110.598555335564015 ], [ 569261.049386363360099, 57184.289837439158873 ], [ 569211.592963666887954, 57184.284987850158359 ], [ 569211.59055535949301, 57208.848562274586584 ], [ 569236.318876604782417, 57208.850987688194436 ], [ 569236.316466380492784, 57233.414784242049791 ], [ 569261.044565249583684, 57233.417211542015139 ], [ 569261.039739985018969, 57282.544696255012241 ], [ 569236.311642838874832, 57282.542266871751053 ], [ 569236.309229532489553, 57307.105842405821022 ], [ 569261.037325816461816, 57307.108272830722854 ], [ 569261.032494341838174, 57356.23575764006091 ], [ 569285.760812515858561, 57356.238191038930381 ], [ 569285.758394368342124, 57380.801879243532312 ], [ 569310.486490161973052, 57380.804314531662385 ], [ 569310.479226904571988, 57454.495492917281808 ], [ 569335.207543722353876, 57454.49793222478911 ], [ 569335.202694649691693, 57503.625312958589348 ], [ 569359.93101078493055, 57503.627755222652922 ], [ 569359.926155836670659, 57552.755138117689057 ], [ 569384.654248727485538, 57552.757583317783428 ], [ 569384.651818821555935, 57577.32138636700256 ], [ 569409.380134463310242, 57577.323833504742652 ], [ 569409.377702665049583, 57601.887527079459687 ], [ 569434.105907201068476, 57601.889976122562075 ], [ 569434.108339865808375, 57577.326281503599603 ], [ 569483.564753839746118, 57577.331180117689655 ], [ 569483.567187210195698, 57552.767372890695697 ], [ 569508.295507921720855, 57552.769822471578664 ], [ 569508.297941097756848, 57528.206235287558229 ], [ 569533.026152454316616, 57528.208684683435422 ], [ 569533.023718412499875, 57552.772272913185589 ], [ 569557.751929942052811, 57552.774724226546823 ], [ 569557.754364849650301, 57528.211134950688574 ], [ 569582.482689585769549, 57528.213586100355315 ], [ 569582.480253812507726, 57552.777176422699995 ], [ 569607.208356175688095, 57552.779629468532221 ], [ 569607.196157301194035, 57675.598360327821865 ], [ 569557.739739736309275, 57675.593444619116781 ], [ 569557.742179851979017, 57651.029744721694442 ], [ 569533.013971789157949, 57651.027289223871776 ], [ 569533.016410009004176, 57626.463479847901908 ], [ 569508.288202117779292, 57626.461026269069407 ], [ 569508.283326384727843, 57675.588532404857688 ], [ 569533.011532541131601, 57675.590988075186033 ], [ 569533.009092254098505, 57700.154686943700654 ], [ 569508.280886965687387, 57700.1522302276353 ], [ 569508.278446507873014, 57724.715928067649656 ], [ 569656.647800074773841, 57724.730687764895265 ], [ 569656.650245742639527, 57700.166983644856373 ], [ 569631.922035185853019, 57700.164522558865428 ], [ 569631.941556144854985, 57503.654677515027288 ], [ 569656.669773635221645, 57503.657130220199178 ], [ 569656.667336283600889, 57528.220944744556618 ], [ 569706.123883957625367, 57528.225854875316145 ], [ 569706.128761069849133, 57479.098332193003444 ], [ 569730.856871303287335, 57479.100786451446766 ], [ 569730.854432408465073, 57503.664493561780546 ], [ 569780.3109881618293, 57503.669406822271412 ], [ 569780.306103783776052, 57552.796825297824398 ], [ 569829.762660287320614, 57552.801746242461377 ], [ 569829.750422403099947, 57675.620524294157804 ], [ 569854.47864227683749, 57675.622991321462905 ], [ 569854.476190706016496, 57700.186703818471869 ], [ 569879.20441075542476, 57700.189172770340519 ], [ 569879.199502733885311, 57749.316710459861497 ], [ 569854.471284421510063, 57749.314239406085107 ], [ 569854.468829719116911, 57773.877951954797027 ], [ 569879.197047162335366, 57773.880424059512734 ], [ 569879.194590546423569, 57798.444137676393439 ], [ 569953.379246643744409, 57798.451562396243389 ], [ 569953.381705867941491, 57773.887845624289184 ], [ 569928.653596513904631, 57773.885370905394666 ], [ 569928.658510099630803, 57724.757828975365555 ], [ 569903.930177525617182, 57724.755357212699892 ], [ 569903.932631877134554, 57700.191642596197198 ], [ 569928.66096531949006, 57700.194113307159569 ], [ 569928.663419494288974, 57675.630397656190326 ], [ 569903.935085183940828, 57675.627927996923972 ], [ 569903.939988674945198, 57626.500388308049878 ], [ 569928.66832472011447, 57626.50285586391692 ], [ 569928.665872624143958, 57651.066682022421446 ], [ 569978.122323630261235, 57651.071621835078986 ], [ 569978.119868765119463, 57675.635339573345846 ], [ 570077.032780000474304, 57675.645233891045791 ], [ 570077.035238336073235, 57651.081511939315533 ], [ 570101.763580948580056, 57651.083986659621587 ], [ 570101.758661494473927, 57700.21143268889864 ], [ 570126.486892142449506, 57700.213910380654852 ], [ 570126.489353261305951, 57675.65018630274426 ], [ 570151.217585853300989, 57675.652663813445542 ], [ 570151.2200467918301, 57651.088938697699632 ], [ 570175.948392575839534, 57651.091416037757881 ], [ 570175.950853344402276, 57626.527579341811361 ], [ 570200.679089793469757, 57626.530056488176342 ], [ 570200.684009895776398, 57577.40260212028079 ], [ 570225.412249144050293, 57577.405078027208219 ], [ 570225.409788750926964, 57601.968806258708355 ], [ 570274.866379967425019, 57601.97376281353354 ], [ 570274.873763195471838, 57528.282571830226516 ], [ 570250.14540881162975, 57528.280096281705482 ], [ 570250.142949662636966, 57552.843714999668009 ], [ 570200.686468384345062, 57552.838764426385751 ], [ 570200.688925801892765, 57528.275147821099381 ], [ 570225.417166782077402, 57528.277621615714452 ], [ 570225.424535379745066, 57454.586326585216739 ], [ 570250.152780004311353, 57454.588798081618734 ], [ 570250.160141749074683, 57380.897500035833218 ], [ 570299.616750664077699, 57380.90243930802535 ], [ 570299.621656689676456, 57331.77497682943067 ], [ 570250.165044322609901, 57331.770041785603098 ], [ 570250.167494045686908, 57307.206202150446188 ], [ 570274.895856204908341, 57307.208668186794966 ], [ 570274.898305718321353, 57282.645048583261087 ], [ 570250.169942697044462, 57282.642583603817911 ], [ 570250.172390320571139, 57258.078743996564299 ], [ 570200.71588831266854, 57258.073818775570544 ], [ 570200.718333152704872, 57233.510091840093082 ], [ 570225.446584493387491, 57233.512552960790345 ], [ 570225.449029156472534, 57208.948714450511034 ], [ 570250.177282407414168, 57208.951175381589564 ], [ 570250.17483688343782, 57233.515014948403405 ], [ 570299.631456145667471, 57233.519941535480029 ], [ 570299.629007860203274, 57258.08367269783048 ], [ 570324.357262592646293, 57258.086138343860512 ], [ 570324.359711739467457, 57233.522406123862311 ], [ 570398.544596182648093, 57233.529805101643433 ], [ 570398.542144451872446, 57258.093540496818605 ], [ 570472.726924626156688, 57258.100950444328191 ], [ 570472.729378941003233, 57233.537211870636384 ], [ 570497.457641985849477, 57233.539682527472905 ], [ 570497.460096119553782, 57208.975832374824677 ], [ 570546.91673842468299, 57208.980774178773572 ], [ 570546.919193204143085, 57184.417142993130255 ], [ 570571.647461185581051, 57184.419614128004469 ], [ 570571.652369334944524, 57135.292018071544589 ], [ 570596.380640108021908, 57135.294487949118775 ], [ 570596.397791403811425, 56963.348060675263696 ], [ 570571.669514622073621, 56963.345598229891038 ], [ 570571.671959727304056, 56938.781855617395195 ], [ 570546.943683160236105, 56938.779395096222288 ], [ 570546.936347241513431, 57012.470730336375709 ], [ 570522.208074323018081, 57012.468267494659813 ], [ 570522.217850007466041, 56914.213194958079839 ], [ 570497.489463443518616, 56914.210737211389642 ], [ 570497.496781576890498, 56840.519408539963479 ], [ 570472.76850480097346, 56840.516954847189481 ], [ 570472.770941213006154, 56815.953216562818852 ], [ 570448.042664634995162, 56815.950764790890389 ], [ 570448.045099139329977, 56791.387027583361487 ], [ 570398.588547490886413, 56791.382128739955078 ], [ 570398.590979244792834, 56766.81828312597645 ], [ 570373.862592880614102, 56766.815836042376759 ], [ 570373.867451503057964, 56717.688368066854309 ], [ 570324.410901123192161, 56717.68348073407833 ], [ 570324.413327150628902, 56693.119748888129834 ], [ 570274.956779326894321, 56693.114867106713064 ], [ 570274.959202597732656, 56668.551137392605597 ], [ 570299.687476824503392, 56668.553576796664856 ], [ 570299.689899897668511, 56643.989846035903611 ], [ 570274.961624818388373, 56643.987407689121028 ], [ 570274.964045999804512, 56619.42356747310987 ], [ 570250.235659842146561, 56619.421131030270772 ], [ 570250.240497329621576, 56570.293673834174115 ], [ 570200.783947366056964, 56570.288807768687548 ], [ 570200.781530849868432, 56594.852534245590505 ], [ 570176.053258309955709, 56594.850101442367304 ], [ 570176.055673974682577, 56570.286376021256729 ], [ 570151.327290381072089, 56570.283945119765121 ], [ 570151.329704156960361, 56545.720110228990961 ], [ 570176.058088601683266, 56545.722540075053985 ], [ 570176.062914687907323, 56496.59508931721939 ], [ 570151.334528542356566, 56496.592661582006258 ], [ 570151.336939162574708, 56472.028937283801497 ], [ 570101.880390896927565, 56472.024086512232316 ], [ 570101.887611373094842, 56398.332920041619218 ], [ 570052.431062247371301, 56398.3280790163044 ], [ 570052.433465291629545, 56373.764248467748985 ], [ 570027.705080208135769, 56373.761830279188871 ], [ 570027.712280495325103, 56300.070562960223469 ], [ 570052.440668121911585, 56300.072977988085768 ], [ 570052.443066968000494, 56275.509258042460715 ], [ 570002.986513620358892, 56275.504430967994267 ], [ 570002.9841164679965, 56300.068148806865793 ], [ 569978.255730962031521, 56300.065735484575271 ], [ 569978.262916741077788, 56226.374585176810797 ], [ 569953.534529740922153, 56226.372175864657038 ], [ 569953.536922074155882, 56201.808349639475637 ], [ 569928.808757843216881, 56201.805942252743989 ], [ 569928.813537661568262, 56152.678513040722464 ], [ 569953.541703582974151, 56152.680918323319929 ], [ 569953.546480910503305, 56103.553487074183067 ], [ 569879.361647434649058, 56103.546280055779789 ], [ 569879.368798004114069, 56029.855032231062069 ], [ 569854.640519773471169, 56029.852634744078387 ], [ 569854.635755465249531, 56078.980057480635878 ], [ 569829.907479965011589, 56078.977658741168852 ], [ 569829.912242586375214, 56029.850238105791504 ], [ 569780.455580124747939, 56029.845447364503343 ], [ 569780.453201022348367, 56054.409155573761382 ], [ 569730.99654445971828, 56054.404366128663241 ], [ 569730.998921875841916, 56029.840660017980554 ], [ 569706.270761259947903, 56029.838267633902433 ], [ 569706.268384687136859, 56054.40197269586497 ], [ 569681.540003408677876, 56054.399580090590462 ], [ 569681.537626637844369, 56078.963284120938624 ], [ 569582.624560569413006, 56078.953718043805566 ], [ 569582.62930632266216, 56029.826318379244185 ], [ 569557.900929473224096, 56029.823931065780926 ], [ 569557.905669392435811, 55980.69642302551074 ], [ 569582.634047927218489, 55980.698808245972032 ], [ 569582.636417164467275, 55956.135108465925441 ], [ 569607.364575033774599, 55956.137493465990701 ], [ 569607.362204954377376, 55980.701194292902073 ], [ 569656.818856020225212, 55980.705968962807674 ], [ 569656.816483215661719, 56005.269671894995554 ], [ 569681.544753837282769, 56005.272061544470489 ], [ 569681.554242177633569, 55907.017245717717742 ], [ 569607.36931207193993, 55907.010091874828504 ], [ 569607.366944073000923, 55931.573792662064079 ], [ 569434.268964965245686, 55931.557122695005091 ], [ 569434.266601818264462, 55956.120816178670793 ], [ 569409.538340043392964, 55956.118437100871233 ], [ 569409.540702348691411, 55931.55474466146552 ], [ 569360.084180254256353, 55931.549991135972959 ], [ 569360.091255900682881, 55857.858920180115092 ], [ 569384.819407662143931, 55857.861293378024129 ], [ 569384.817049309145659, 55882.424984723475063 ], [ 569434.27368814649526, 55882.429735777739552 ], [ 569434.271327074617147, 55906.99342922802316 ], [ 569458.999591598287225, 55906.995807064122346 ], [ 569459.006674233591184, 55833.304613093830994 ], [ 569434.278407188132405, 55833.302238391639548 ], [ 569434.283122068736702, 55784.174851601470436 ], [ 569384.826476510614157, 55784.170108899845218 ], [ 569384.828830716316588, 55759.606417621056607 ], [ 569310.643923375057057, 55759.599313040656853 ], [ 569310.64157168683596, 55784.163001190005161 ], [ 569285.913420555647463, 55784.160633657527796 ], [ 569285.915771404630505, 55759.596946550576831 ], [ 569261.187397916452028, 55759.594580883800518 ], [ 569261.189746901858598, 55735.030784299990046 ], [ 569187.004964058636688, 55735.023695523013885 ], [ 569187.009653873974457, 55685.896329717819754 ], [ 569137.553022591164336, 55685.89161223841802 ], [ 569137.557704920880497, 55636.764250667431043 ], [ 569112.829444820410572, 55636.761895277850272 ], [ 569112.831783609231934, 55612.198105021598167 ], [ 569088.103523707017303, 55612.195751514176663 ], [ 569088.105860615847632, 55587.632072849424731 ], [ 569038.649231008719653, 55587.627370428825088 ], [ 569038.651565212872811, 55563.063693852142023 ], [ 569013.923306772485375, 55563.061344948429905 ], [ 569013.92563910910394, 55538.497669432916155 ], [ 568964.469012432382442, 55538.492976215282397 ], [ 568964.464350071968511, 55587.620323118142551 ], [ 568989.192716859746724, 55587.622671386765433 ], [ 568989.185713068582118, 55661.313805504294578 ], [ 568964.457348791649565, 55661.311454122958821 ], [ 568964.459683578810655, 55636.747780616562522 ], [ 568939.731542058638297, 55636.745431136674597 ], [ 568939.736206878325902, 55587.617975712637417 ] ], [ [ 567950.665281640482135, 54948.869809911200718 ], [ 567901.208815494901501, 54948.865238095109817 ], [ 567901.211084862938151, 54924.301498795830412 ], [ 567975.395788112888113, 54924.308354702567158 ], [ 567975.388969552936032, 54997.999250241329719 ], [ 567950.660736582591198, 54997.996961040196766 ], [ 567950.665281640482135, 54948.869809911200718 ] ], [ [ 568024.836326297488995, 55096.258477482333547 ], [ 568074.292904080240987, 55096.263069915257802 ], [ 568074.29062181559857, 55120.826705953120836 ], [ 568024.834045691182837, 55120.822111472953111 ], [ 568024.836326297488995, 55096.258477482333547 ] ], [ [ 569112.74456090060994, 56521.055150137013698 ], [ 569112.742183909751475, 56545.618830477214942 ], [ 569088.013956070994027, 56545.616437471617246 ], [ 569088.016332211322151, 56521.052758170837478 ], [ 569112.74456090060994, 56521.055150137013698 ] ], [ [ 569063.249976042658091, 56914.069663439113356 ], [ 569063.247584240394644, 56938.633341978107637 ], [ 569038.519260888919234, 56938.630934055807302 ], [ 569038.521651834598742, 56914.067256555492349 ], [ 569063.249976042658091, 56914.069663439113356 ] ], [ [ 569038.49529465730302, 57184.268041551214992 ], [ 569013.767092198831961, 57184.265624119158019 ], [ 569013.769492611871101, 57159.701836951360747 ], [ 569038.497695930534974, 57159.704253345109464 ], [ 569038.49529465730302, 57184.268041551214992 ] ], [ [ 569904.08515025745146, 56152.676108587023919 ], [ 569904.087537754443474, 56128.112395057854883 ], [ 569928.815926003269851, 56128.114798459842859 ], [ 569928.813537661568262, 56152.678513040722464 ], [ 569904.08515025745146, 56152.676108587023919 ] ], [ [ 569458.994864658685401, 55956.123196104046656 ], [ 569458.992499631945975, 55980.686890655335446 ], [ 569483.720762667944655, 55980.689272473282472 ], [ 569483.716027804766782, 56029.816774239028746 ], [ 569458.987766454112716, 56029.814390331062896 ], [ 569458.990133567363955, 56005.250585217050684 ], [ 569434.261872411472723, 56005.248203202405421 ], [ 569434.266601818264462, 55956.120816178670793 ], [ 569458.994864658685401, 55956.123196104046656 ] ], [ [ 569187.000270097167231, 55784.151171924000664 ], [ 569137.543645523255691, 55784.146446121711051 ], [ 569137.54833612870425, 55735.018973882171849 ], [ 569187.004964058636688, 55735.023695523013885 ], [ 569187.000270097167231, 55784.151171924000664 ] ], [ [ 568939.729208108736202, 55661.309103605875862 ], [ 568915.000845931353979, 55661.306753910750558 ], [ 568915.003179043997079, 55636.743082478373253 ], [ 568939.731542058638297, 55636.745431136674597 ], [ 568939.729208108736202, 55661.309103605875862 ] ], [ [ 569928.709850327461027, 57208.919250846287468 ], [ 569953.437979577109218, 57208.921701367755304 ], [ 569953.435544384759851, 57233.485528280674771 ], [ 569928.707415996002965, 57233.483076707139844 ], [ 569928.709850327461027, 57208.919250846287468 ] ], [ [ 569162.186845010030083, 56668.442252506480145 ], [ 569186.915071719675325, 56668.444653284277592 ], [ 569186.912685973569751, 56693.008336846374732 ], [ 569162.184460116783157, 56693.005935028042586 ], [ 569162.186845010030083, 56668.442252506480145 ] ], [ [ 568420.467937422217801, 55317.368496276758378 ], [ 568445.19617921137251, 55317.37081468791439 ], [ 568445.193875303957611, 55341.934466282189533 ], [ 568420.465634347288869, 55341.93214684164559 ], [ 568420.467937422217801, 55317.368496276758378 ] ], [ [ 569854.573439428582788, 56717.637222421035403 ], [ 569879.301693909219466, 56717.639649334814749 ], [ 569879.299282195279375, 56742.203362216881942 ], [ 569854.571028568199836, 56742.200934252148727 ], [ 569854.573439428582788, 56717.637222421035403 ] ], [ [ 568544.113879464566708, 55268.252674817529623 ], [ 568568.842128103715368, 55268.254995355651772 ], [ 568568.839822083129548, 55292.818652063135232 ], [ 568544.111574275768362, 55292.816330493777059 ], [ 568544.113879464566708, 55268.252674817529623 ] ], [ [ 568840.82541570358444, 55563.04492617707001 ], [ 568865.553666833322495, 55563.047269189482904 ], [ 568865.551338482648134, 55587.610938505793456 ], [ 568840.823088189121336, 55587.608594457669824 ], [ 568840.82541570358444, 55563.04492617707001 ] ], [ [ 569087.978190034511499, 56914.072071173977747 ], [ 569112.706405069679022, 56914.074479770919424 ], [ 569112.704011554364115, 56938.63816038837831 ], [ 569087.975797375664115, 56938.635750752022432 ], [ 569087.978190034511499, 56914.072071173977747 ] ], [ [ 570101.805227171396837, 57233.500256015475316 ], [ 570126.533474248019047, 57233.502713668480283 ], [ 570126.531031991937198, 57258.066437437701097 ], [ 570101.802785776671953, 57258.063978730024246 ], [ 570101.805227171396837, 57233.500256015475316 ] ], [ [ 569063.302334641572088, 56373.668187302704609 ], [ 569088.030567383393645, 56373.670572178452858 ], [ 569088.028197426814586, 56398.234361913593602 ], [ 569063.299965533427894, 56398.231975998794951 ], [ 569063.302334641572088, 56373.668187302704609 ] ], [ [ 568469.935930423787795, 55194.554650018792017 ], [ 568494.664178443257697, 55194.556964955074363 ], [ 568494.66187797812745, 55219.120729062095052 ], [ 568469.933630789397284, 55219.118413095682627 ], [ 568469.935930423787795, 55194.554650018792017 ] ], [ [ 568964.419852009159513, 56054.330564115429297 ], [ 568989.148202838958241, 56054.332932097917364 ], [ 568989.145849688677117, 56078.896606925372907 ], [ 568964.417499702540226, 56078.894237905311456 ], [ 568964.419852009159513, 56054.330564115429297 ] ], [ [ 570398.571495823329315, 56963.328385260465438 ], [ 570423.299765118164942, 56963.330841666022025 ], [ 570423.29732409096323, 56987.894688468644745 ], [ 570398.569055653410032, 56987.892231003941561 ], [ 570398.571495823329315, 56963.328385260465438 ] ], [ [ 569879.258123248466291, 57159.786925970540324 ], [ 569903.986363380681723, 57159.7893726672919 ], [ 569903.983931999420747, 57184.353197448566789 ], [ 569879.255692727514543, 57184.350749700490269 ], [ 569879.258123248466291, 57159.786925970540324 ] ], [ [ 570423.285103224567138, 57110.713370064404444 ], [ 570448.013368447893299, 57110.715833689850115 ], [ 570448.010920247063041, 57135.279681654115848 ], [ 570423.2826558832312, 57135.277216969152505 ], [ 570423.285103224567138, 57110.713370064404444 ] ], [ [ 570151.290958075784147, 56938.740144007679191 ], [ 570176.019328860216774, 56938.742590740526794 ], [ 570176.016897465451621, 56963.306316415735637 ], [ 570151.288527537835762, 56963.303868627466727 ], [ 570151.290958075784147, 56938.740144007679191 ] ], [ [ 570274.91053761029616, 57159.826177059243491 ], [ 570299.638794710044749, 57159.828637608872668 ], [ 570299.636349565116689, 57184.392479262009147 ], [ 570274.908093325560912, 57184.390017655103293 ], [ 570274.91053761029616, 57159.826177059243491 ] ], [ [ 569953.464697601855733, 56938.72060125941789 ], [ 569978.193059912533499, 56938.723041092591302 ], [ 569978.190635373000987, 56963.286758334863407 ], [ 569953.462273919256404, 56963.28431744925183 ], [ 569953.464697601855733, 56938.72060125941789 ] ], [ [ 569335.351088905939832, 55980.674994274013443 ], [ 569360.079457974177785, 55980.677371862955624 ], [ 569360.077095279470086, 56005.241062248365779 ], [ 569335.348727053729817, 56005.23868361627683 ], [ 569335.351088905939832, 55980.674994274013443 ] ], [ [ 569384.80760552873835, 55980.679750278432039 ], [ 569409.535976700950414, 55980.682129563261697 ], [ 569409.533612321247347, 56005.245822036078607 ], [ 569384.805241991649382, 56005.243441707352758 ], [ 569384.80760552873835, 55980.679750278432039 ] ], [ [ 570299.677774026873522, 56766.808499983730144 ], [ 570324.40604591590818, 56766.810944476761506 ], [ 570324.403616724885069, 56791.374786915541335 ], [ 570299.675345690222457, 56791.372341364854947 ], [ 570299.677774026873522, 56766.808499983730144 ] ], [ [ 569508.446770294220187, 56005.255351801999495 ], [ 569533.17503460671287, 56005.257736361592833 ], [ 569533.172664964920841, 56029.821544611753779 ], [ 569508.444401495275088, 56029.819159006408881 ], [ 569508.446770294220187, 56005.255351801999495 ] ], [ [ 569508.339146411395632, 57110.622823972596962 ], [ 569533.067372429533862, 57110.625255590828601 ], [ 569533.064956029877067, 57135.189064600839629 ], [ 569508.336730871233158, 57135.186631936856429 ], [ 569508.339146411395632, 57110.622823972596962 ] ], [ [ 569112.787170175579377, 56078.908464724445366 ], [ 569137.515415147994645, 56078.910838830408466 ], [ 569137.513055892428383, 56103.474630449585675 ], [ 569112.784811764024198, 56103.472255303822749 ], [ 569112.787170175579377, 56078.908464724445366 ] ], [ [ 570324.386583029059693, 56963.321021209732862 ], [ 570349.114960417384282, 56963.323475037839671 ], [ 570349.112521962029859, 56987.887318664150371 ], [ 570324.384145430987701, 56987.884863778010185 ], [ 570324.386583029059693, 56963.321021209732862 ] ], [ [ 570151.259279283229262, 57258.068897012672096 ], [ 570175.987638899125159, 57258.07135746601125 ], [ 570175.985193860717118, 57282.63519390476722 ], [ 570151.256835106527433, 57282.632732396006759 ], [ 570151.259279283229262, 57258.068897012672096 ] ], [ [ 568247.377048191381618, 55243.661250322889828 ], [ 568272.10517395765055, 55243.663559778076888 ], [ 568272.10058289882727, 55292.790848475735402 ], [ 568247.372458795784041, 55292.788536966989341 ], [ 568247.377048191381618, 55243.661250322889828 ] ], [ [ 569013.779083918430842, 57061.447020082290692 ], [ 569038.507290674373507, 57061.449432322828216 ], [ 569038.502495371154509, 57110.576787532125309 ], [ 569013.774290333152749, 57110.574373214985826 ], [ 569013.779083918430842, 57061.447020082290692 ] ], [ [ 569458.968792245839722, 56226.324168644940073 ], [ 569483.697046840330586, 56226.326560912959394 ], [ 569483.692291221348569, 56275.453952478193969 ], [ 569458.964038319536485, 56275.451558120170375 ], [ 569458.968792245839722, 56226.324168644940073 ] ], [ [ 569236.452197428094223, 55833.28327120893664 ], [ 569285.908715751487762, 55833.288007927687431 ], [ 569285.906361785833724, 55857.851805620157393 ], [ 569236.449845142895356, 55857.847066817703308 ], [ 569236.452197428094223, 55833.28327120893664 ] ], [ [ 569112.79188387922477, 56029.781104699453863 ], [ 569088.063638255232945, 56029.778733521765389 ], [ 569088.065992725663818, 56005.214944038285466 ], [ 569112.794239192502573, 56005.217314176537911 ], [ 569112.79188387922477, 56029.781104699453863 ] ], [ [ 569112.796593462349847, 55980.653634205860726 ], [ 569162.253202488995157, 55980.658374958009517 ], [ 569162.250846534152515, 56005.22205700865743 ], [ 569112.794239192502573, 56005.217314176537911 ], [ 569112.796593462349847, 55980.653634205860726 ] ], [ [ 569582.526355941197835, 57086.066531419026433 ], [ 569557.79801568435505, 57086.064099106217327 ], [ 569557.800430864561349, 57061.500289084164251 ], [ 569607.256891588447616, 57061.505152459219971 ], [ 569607.249637796543539, 57135.196367785356415 ], [ 569582.521520765498281, 57135.193932536043576 ], [ 569582.526355941197835, 57086.066531419026433 ] ], [ [ 569285.885129588074051, 56078.92510132559255 ], [ 569261.156767037813552, 56078.922722112343763 ], [ 569261.159129467676394, 56054.359035847111954 ], [ 569285.887492861482315, 56054.361414018327196 ], [ 569285.885129588074051, 56078.92510132559255 ] ], [ [ 569285.89221631269902, 56005.233928918445599 ], [ 569310.620359875028953, 56005.236305832506332 ], [ 569310.617997818859294, 56029.80010468425462 ], [ 569335.346364154713228, 56029.802483510808088 ], [ 569335.344000230310485, 56054.366172886511777 ], [ 569285.887492861482315, 56054.361414018327196 ], [ 569285.89221631269902, 56005.233928918445599 ] ], [ [ 568395.739696657750756, 55317.366178703487094 ], [ 568371.011456937645562, 55317.363861968107813 ], [ 568371.016056702821516, 55268.236454480371322 ], [ 568395.744298086850904, 55268.238769158466312 ], [ 568395.739696657750756, 55317.366178703487094 ] ], [ [ 568395.746597263030708, 55243.675119678409828 ], [ 568420.474840522743762, 55243.677434164637816 ], [ 568420.472540515125729, 55268.241084673711157 ], [ 568395.744298086850904, 55268.238769158466312 ], [ 568395.746597263030708, 55243.675119678409828 ] ], [ [ 568445.200783968088217, 55268.243401026091306 ], [ 568445.198482106323354, 55292.807052581069001 ], [ 568420.470239485031925, 55292.804735199300922 ], [ 568420.472540515125729, 55268.241084673711157 ], [ 568445.200783968088217, 55268.243401026091306 ] ], [ [ 570176.036319282837212, 56766.79629040540749 ], [ 570151.307942510466091, 56766.793851060523593 ], [ 570151.310364661971107, 56742.230126576461771 ], [ 570200.767009712290019, 56742.235004003894574 ], [ 570200.759734976105392, 56815.926294382552442 ], [ 570176.031470115063712, 56815.923852077205083 ], [ 570176.036319282837212, 56766.79629040540749 ] ], [ [ 569533.146530422847718, 56300.022441661196353 ], [ 569557.874785635387525, 56300.024839622565196 ], [ 569557.870018690940924, 56349.15234810498805 ], [ 569582.598384549608454, 56349.154749022927717 ], [ 569582.595998675562441, 56373.718449064923334 ], [ 569533.139380995417014, 56373.713646000753215 ], [ 569533.146530422847718, 56300.022441661196353 ] ], [ [ 570274.934922611224465, 56914.188656373589765 ], [ 570274.937355344300158, 56889.624815971226781 ], [ 570250.20897858007811, 56889.62236790235329 ], [ 570250.211409385316074, 56865.05874964533723 ], [ 570274.939787005307153, 56865.061196657305118 ], [ 570274.942217638134025, 56840.497356288899027 ], [ 570299.670485887210816, 56840.499803093909577 ], [ 570299.663188292994164, 56914.191106350437622 ], [ 570274.934922611224465, 56914.188656373589765 ] ], [ [ 570324.391455050557852, 56914.193557189377316 ], [ 570324.389019565307535, 56938.757289194203622 ], [ 570299.66075366421137, 56938.754837297616177 ], [ 570299.663188292994164, 56914.191106350437622 ], [ 570324.391455050557852, 56914.193557189377316 ] ], [ [ 569755.677143721142784, 56545.68134931872919 ], [ 569730.948777273413725, 56545.67893403328344 ], [ 569730.943977623945102, 56594.806457519203832 ], [ 569706.215836495626718, 56594.804041014554969 ], [ 569706.223031848552637, 56521.112814228094066 ], [ 569755.679542828118429, 56521.117641822937003 ], [ 569755.677143721142784, 56545.68134931872919 ] ], [ [ 569755.681940892594866, 56496.55393434400321 ], [ 569730.953572744037956, 56496.551521156761737 ], [ 569730.955968916299753, 56471.987814743792114 ], [ 569755.684337914688513, 56471.990226881935087 ], [ 569755.686733894515783, 56447.426519436732633 ], [ 569780.414993525249884, 56447.428931369940983 ], [ 569780.407799909124151, 56521.1200569045468 ], [ 569755.679542828118429, 56521.117641822937003 ], [ 569755.681940892594866, 56496.55393434400321 ] ], [ [ 568890.147512212162837, 56963.180175974397571 ], [ 568890.14989904826507, 56938.61650468762673 ], [ 568914.878104870673269, 56938.618907424403005 ], [ 568914.875717177754268, 56963.182579747612181 ], [ 568890.147512212162837, 56963.180175974397571 ] ], [ [ 568989.060449596378021, 56963.189796255013789 ], [ 568989.055665965541266, 57012.317257711096318 ], [ 568964.327348309801891, 57012.31484926345729 ], [ 568964.329739777604118, 56987.751174832228571 ], [ 568914.873328444198705, 56987.746362623322057 ], [ 568914.875717177754268, 56963.182579747612181 ], [ 568989.060449596378021, 56963.189796255013789 ] ], [ [ 569013.783873378648423, 57012.319667011455749 ], [ 569013.786266561714001, 56987.755990504731017 ], [ 569063.242797528859228, 56987.760809630024596 ], [ 569063.240402630530298, 57012.324488213729637 ], [ 569038.512081850785762, 57012.322077175391314 ], [ 569038.509686778415926, 57036.885754737457319 ], [ 568989.053272609133273, 57036.880933196924161 ], [ 568989.055665965541266, 57012.317257711096318 ], [ 569013.783873378648423, 57012.319667011455749 ] ], [ [ 569063.245191405992955, 56963.197020527804852 ], [ 569087.973403684445657, 56963.199430340762774 ], [ 569087.9710089500295, 56987.763220482032921 ], [ 569063.242797528859228, 56987.760809630024596 ], [ 569063.245191405992955, 56963.197020527804852 ] ], [ [ 568989.050878221867606, 57061.444608706064173 ], [ 568964.322562282439321, 57061.442198183300206 ], [ 568964.324955811374821, 57036.878523711726302 ], [ 568989.053272609133273, 57036.880933196924161 ], [ 568989.050878221867606, 57061.444608706064173 ] ], [ [ 569953.484049452701584, 56742.21065126794565 ], [ 569904.027536894776858, 56742.205791041094926 ], [ 569904.032360985060222, 56693.07836319123453 ], [ 569928.760729712084867, 56693.080790782456461 ], [ 569928.758317335974425, 56717.644505750620738 ], [ 569953.486463727313094, 56717.646935230790405 ], [ 569953.49128914042376, 56668.519503207236994 ], [ 569928.763141043134965, 56668.51707583120151 ], [ 569928.765551329241134, 56643.953360890576732 ], [ 569978.222072843695059, 56643.958214418351417 ], [ 569978.217247815919109, 56693.085648519248934 ], [ 570002.945619720849209, 56693.08807868668373 ], [ 570002.943204785115086, 56717.65179681218433 ], [ 570027.67135435831733, 56717.654228869665531 ], [ 570027.668937522917986, 56742.217948065270321 ], [ 569978.212418605224229, 56742.213082681540982 ], [ 569978.210002431413159, 56766.776799788080098 ], [ 569953.481634132796898, 56766.774367322046601 ], [ 569953.484049452701584, 56742.21065126794565 ] ], [ [ 569632.038162014447153, 56521.105579245951958 ], [ 569557.853301670285873, 56521.098351968976203 ], [ 569557.858083155937493, 56471.970953792690125 ], [ 569533.129833882208914, 56471.968548508477397 ], [ 569533.136995767592452, 56398.277454502538603 ], [ 569557.865247588837519, 56398.279856648397981 ], [ 569557.862860494758934, 56422.843445141959819 ], [ 569632.047731035156175, 56422.850659856543643 ], [ 569632.038162014447153, 56521.105579245951958 ] ], [ [ 569632.050120675587095, 56398.287068222394737 ], [ 569607.321754405624233, 56398.284663502912736 ], [ 569607.324142178636976, 56373.720851861638948 ], [ 569632.052509296918288, 56373.723255533877818 ], [ 569632.054896867019124, 56349.159553397774289 ], [ 569656.783154614269733, 56349.16195686548599 ], [ 569656.775986237218603, 56422.853066467076133 ], [ 569632.047731035156175, 56422.850659856543643 ], [ 569632.050120675587095, 56398.287068222394737 ] ], [ [ 569706.251719490042888, 56226.348129682330182 ], [ 569681.523344124667346, 56226.345729738539376 ], [ 569681.52572715387214, 56201.781915065766952 ], [ 569656.797463285503909, 56201.779517032424337 ], [ 569656.799844417255372, 56177.21581396630063 ], [ 569706.256486187805422, 56177.22060879872879 ], [ 569706.251719490042888, 56226.348129682330182 ] ], [ [ 569706.258867968805134, 56152.656903653027257 ], [ 569656.802224508137442, 56152.652110916933452 ], [ 569656.80460355815012, 56128.088407884330081 ], [ 569805.174329130910337, 56128.102789984150149 ], [ 569805.169559851405211, 56177.230208653061709 ], [ 569829.897942189709283, 56177.232610754756024 ], [ 569829.89555513986852, 56201.796321164576511 ], [ 569879.352098736912012, 56201.801130000654666 ], [ 569879.349708941183053, 56226.364953070718911 ], [ 569829.893167035770603, 56226.360142133082263 ], [ 569829.89077789883595, 56250.923852576452191 ], [ 569805.162398098036647, 56250.921447324093606 ], [ 569805.164786388748325, 56226.357737930949952 ], [ 569780.436518086469732, 56226.355334591295104 ], [ 569780.441289857961237, 56177.22780741310271 ], [ 569706.256486187805422, 56177.22060879872879 ], [ 569706.258867968805134, 56152.656903653027257 ] ], [ [ 570052.402144172578119, 56693.092941575894656 ], [ 570077.130296717281453, 56693.095374297656235 ], [ 570077.135128566296771, 56643.967931769773713 ], [ 570052.406974316341802, 56643.965501155864331 ], [ 570052.40455976780504, 56668.529221360571682 ], [ 570002.948033610358834, 56668.524360578099731 ], [ 570002.950446453876793, 56643.960642480145907 ], [ 570027.678598585538566, 56643.963071378078894 ], [ 570027.685833405703306, 56570.27180350922572 ], [ 570077.142368496861309, 56570.276657578440791 ], [ 570077.139956237399019, 56594.840378780099854 ], [ 570101.868335808161646, 56594.842808165260067 ], [ 570101.870748918852769, 56570.279085909292917 ], [ 570126.599019111832604, 56570.281515086091531 ], [ 570126.596605149796233, 56594.845238396730565 ], [ 570151.324875567574054, 56594.847669485454389 ], [ 570151.317624826682732, 56668.538953225855948 ], [ 570101.861090179765597, 56668.534085576487996 ], [ 570101.856254530372098, 56717.66153024052619 ], [ 570052.399727530544624, 56717.656661808141507 ], [ 570052.402144172578119, 56693.092941575894656 ] ], [ [ 569533.101092803641222, 56766.733147109873244 ], [ 569458.916270665475167, 56766.725898745149607 ], [ 569458.918668906437233, 56742.162203661784588 ], [ 569409.462198553141207, 56742.15737781401549 ], [ 569409.466988507891074, 56693.029991875868291 ], [ 569384.738641917938367, 56693.027582318121858 ], [ 569384.74342601862736, 56643.900198529161571 ], [ 569360.015301340725273, 56643.897791938848968 ], [ 569360.017690994427539, 56619.333990580831596 ], [ 569409.474165671737865, 56619.338802553706046 ], [ 569409.4765559816733, 56594.775109660731687 ], [ 569434.204795741476119, 56594.777515889327333 ], [ 569434.20001236977987, 56643.905014316245797 ], [ 569458.928251491277479, 56643.907423491349618 ], [ 569458.930644553387538, 56619.343617957027163 ], [ 569508.387238915776834, 56619.348436801657954 ], [ 569508.380051522399299, 56693.039638661648496 ], [ 569533.108292095130309, 56693.042052502212755 ], [ 569533.110689780907705, 56668.478354333514289 ], [ 569557.83893224527128, 56668.48076798668626 ], [ 569557.834134128759615, 56717.60816643324506 ], [ 569632.018974027014337, 56717.615418834975571 ], [ 569632.01176136021968, 56791.306636595465534 ], [ 569607.283408714924008, 56791.304215120144363 ], [ 569607.281003269948997, 56815.86791651299427 ], [ 569582.55287509446498, 56815.865494872829004 ], [ 569582.557683246326633, 56766.737983655897551 ], [ 569557.829331854474731, 56766.735564947513922 ], [ 569557.824525411706418, 56815.863074071450683 ], [ 569533.096288069849834, 56815.860654141572013 ], [ 569533.101092803641222, 56766.733147109873244 ] ], [ [ 569186.926984963240102, 56545.626014643785311 ], [ 569186.929364506038837, 56521.062331183078641 ], [ 569162.201132687157951, 56521.059936648525763 ], [ 569162.203510345774703, 56496.496254245226737 ], [ 569137.475167433614843, 56496.49386159619462 ], [ 569137.477543208864518, 56471.930180249924888 ], [ 569112.749311784165911, 56471.927789507215493 ], [ 569112.751685676863417, 56447.364109217611258 ], [ 569137.479917951044627, 56447.366498920535378 ], [ 569137.484664335846901, 56398.23913630599418 ], [ 569112.756430363748223, 56398.236748682662437 ], [ 569112.763539669569582, 56324.545486938630347 ], [ 569137.491776185808703, 56324.547871442562609 ], [ 569137.49414472898934, 56299.984190214170667 ], [ 569211.678974407259375, 56299.991345733986236 ], [ 569211.681344458134845, 56275.427661400761281 ], [ 569186.953103091567755, 56275.425276419198781 ], [ 569186.957838397822343, 56226.297909884975525 ], [ 569236.414436837891117, 56226.302676546838484 ], [ 569236.419171401765198, 56177.175195373543829 ], [ 569261.147306958329864, 56177.177577882561309 ], [ 569261.149673528037965, 56152.613891550325206 ], [ 569335.334534160909243, 56152.621041098565911 ], [ 569335.332165055908263, 56177.184730558015872 ], [ 569310.60380378505215, 56177.182345474793692 ], [ 569310.599064147449099, 56226.309832900260517 ], [ 569285.870928184129298, 56226.307446604623692 ], [ 569285.863813515286893, 56299.998508928809315 ], [ 569310.591946939006448, 56300.00089835163817 ], [ 569310.594320377567783, 56275.437209851043008 ], [ 569335.32267826446332, 56275.439599105382513 ], [ 569335.329794914927334, 56201.748420034229639 ], [ 569360.058156387531199, 56201.750807011529105 ], [ 569360.043908681371249, 56349.133171563931683 ], [ 569335.315552289132029, 56349.130778327737062 ], [ 569335.317928657517768, 56324.566978208917135 ], [ 569285.861439888365567, 56324.562196403800044 ], [ 569285.849556201719679, 56447.380855114788574 ], [ 569261.121206349693239, 56447.378460271036602 ], [ 569261.116447335458361, 56496.50583335581905 ], [ 569236.388322798302397, 56496.503437305320404 ], [ 569236.385942589025944, 56521.067122831358574 ], [ 569211.657597386743873, 56521.064726573764347 ], [ 569211.655216993414797, 56545.628411075384065 ], [ 569186.926984963240102, 56545.626014643785311 ] ], [ [ 569236.383561344933696, 56545.630808374262415 ], [ 569236.381179055664688, 56570.194604475844244 ], [ 569211.652835555025376, 56570.192206135674496 ], [ 569211.655216993414797, 56545.628411075384065 ], [ 569236.383561344933696, 56545.630808374262415 ] ], [ [ 569928.726861322298646, 57036.973133499443065 ], [ 569928.724434316623956, 57061.536848711548373 ], [ 569903.996078426600434, 57061.534405344784318 ], [ 569903.991222998243757, 57110.661833704121818 ], [ 569854.534740367671475, 57110.656945380986144 ], [ 569854.532312794704922, 57135.220768019593379 ], [ 569829.804073918727227, 57135.218324105022475 ], [ 569829.806500632199459, 57110.654502516998036 ], [ 569755.621676509617828, 57110.647179104416864 ], [ 569755.619252374512143, 57135.210997542912082 ], [ 569730.890906452666968, 57135.208557079087768 ], [ 569730.88605678640306, 57184.336081379682582 ], [ 569681.429594111163169, 57184.331198876148846 ], [ 569681.434440337121487, 57135.203678769692488 ], [ 569656.706208869465627, 57135.201240913142101 ], [ 569656.708629566594027, 57110.63742666879989 ], [ 569681.436861893744208, 57110.639863477372273 ], [ 569681.444120283122174, 57036.948749303228396 ], [ 569706.172467529308051, 57036.951183842778846 ], [ 569706.189373335801065, 56865.005133499573276 ], [ 569780.374105569673702, 56865.012420238032064 ], [ 569780.376519093755633, 56840.448600937175797 ], [ 569755.648273099563085, 56840.446172212490637 ], [ 569755.657913318253122, 56742.191230977077794 ], [ 569829.842775984783657, 56742.198507146888005 ], [ 569829.840364934643731, 56766.762217944356962 ], [ 569854.568616664037108, 56766.76464610020048 ], [ 569854.566203705151565, 56791.328468507126672 ], [ 569904.022708615171723, 56791.333329500637774 ], [ 569904.020292914006859, 56815.897043484867027 ], [ 569953.476800345932133, 56815.90191002303618 ], [ 569953.474381890031509, 56840.465626127981523 ], [ 569978.202747624600306, 56840.468061751365894 ], [ 569978.195483406423591, 56914.159323861007579 ], [ 569928.738980686874129, 56914.154447183595039 ], [ 569928.741401433595456, 56889.590621544135502 ], [ 569904.013039542594925, 56889.5881855392945 ], [ 569904.000929676461965, 57012.406977047285181 ], [ 569953.457423407002352, 57012.41186041560286 ], [ 569953.454996588290669, 57036.97557665646309 ], [ 569928.726861322298646, 57036.973133499443065 ] ], [ [ 569978.183355469140224, 57036.978020699418266 ], [ 569978.180926746688783, 57061.54173801602883 ], [ 569953.452568724285811, 57061.539292920628213 ], [ 569953.454996588290669, 57036.97557665646309 ], [ 569978.183355469140224, 57036.978020699418266 ] ] ] } },
{ "type": "Feature", "properties": { "objectid": 483728, "pxlval": 1, "Shape__Area": 6.9135775308700015e-07, "Shape__Length": 0.004 }, "geometry": { "type": "Polygon", "coordinates": [ [ [ 566467.264511279645376, 51608.085284098626289 ], [ 566467.270767318899743, 51534.394469649785606 ], [ 566491.999163489905186, 51534.396567876683548 ], [ 566492.005412905127741, 51460.705861101370829 ], [ 566516.733589846058749, 51460.707957088816329 ], [ 566516.731506926706061, 51485.27152700311126 ], [ 566541.459906661999412, 51485.273624789653695 ], [ 566541.44947326881811, 51608.091590105694195 ], [ 566467.264511279645376, 51608.085284098626289 ] ] ] } },
{ "type": "Feature", "properties": { "objectid": 483729, "pxlval": 1, "Shape__Area": 2.4691419753100004e-07, "Shape__Length": 0.002666668 }, "geometry": { "type": "Polygon", "coordinates": [ [ [ 566244.716026001027785, 51534.375620800157776 ], [ 566244.724325590883382, 51436.121274531338713 ], [ 566269.452715803869069, 51436.123361746256705 ], [ 566269.44856643548701, 51485.250592113865423 ], [ 566294.17684483830817, 51485.252682092570467 ], [ 566294.174767898512073, 51509.816243025867152 ], [ 566269.446490270551294, 51509.814152050123084 ], [ 566269.444413115386851, 51534.37771200176212 ], [ 566244.716026001027785, 51534.375620800157776 ] ] ] } },
{ "type": "Feature", "properties": { "objectid": 483759, "pxlval": 1, "Shape__Area": 2.4691330864200006e-07, "Shape__Length": 0.002666666 }, "geometry": { "type": "Polygon", "coordinates": [ [ [ 566319.16678886837326, 48291.988644488599675 ], [ 566319.16873675910756, 48267.425084510796296 ], [ 566269.71198233217001, 48267.421165048814146 ], [ 566269.713927779928781, 48242.857607079902664 ], [ 566368.627554818056524, 48242.865444946648495 ], [ 566368.625606466084719, 48267.429006906015275 ], [ 566343.897115466184914, 48267.427045338437892 ], [ 566343.895166848902591, 48291.990606314044271 ], [ 566319.16678886837326, 48291.988644488599675 ] ] ] } },
{ "type": "Feature", "properties": { "objectid": 483710, "pxlval": 1, "Shape__Area": 1.3629631925924004e-05, "Shape__Length": 0.048888876 }, "geometry": { "type": "Polygon", "coordinates": [ [ [ 564587.635669225128368, 54899.439409018050355 ], [ 564587.633511592866853, 54924.002904239496274 ], [ 564513.449220645241439, 54923.996390253014397 ], [ 564513.447064517764375, 54948.559993112612574 ], [ 564562.903255856828764, 54948.564336879942857 ], [ 564562.901097130845301, 54973.127720628217503 ], [ 564488.716702785808593, 54973.121203304057417 ], [ 564488.718859030981548, 54948.557822467599181 ], [ 564439.262673555174842, 54948.553483693962335 ], [ 564439.260518963797949, 54973.116862591072277 ], [ 564463.988721656729467, 54973.119032541006163 ], [ 564463.986565265455283, 54997.682522958697518 ], [ 564538.170842919382267, 54997.689040685829241 ], [ 564538.166522270184942, 55046.816137932917627 ], [ 564488.710228229523636, 55046.811788056998921 ], [ 564488.708068119944073, 55071.375279493906419 ], [ 564513.436269468278624, 55071.37745499011362 ], [ 564513.427616066415794, 55169.631535324377182 ], [ 564538.155703784548678, 55169.63371552737226 ], [ 564538.153537196107209, 55194.197208987527119 ], [ 564562.881625075475313, 55194.199390997120645 ], [ 564562.879456682363525, 55218.7629959857004 ], [ 564637.063834954751655, 55218.769549955533876 ], [ 564637.061663113650866, 55243.3330473348542 ], [ 564661.789753230172209, 55243.335234633406799 ], [ 564661.787579591735266, 55267.89873300169711 ], [ 564735.971964624826796, 55267.905302847320854 ], [ 564735.976315922569484, 55218.778300287980528 ], [ 564785.432506650337018, 55218.782680467542377 ], [ 564785.441204297472723, 55120.528446671800339 ], [ 564834.897405589930713, 55120.53282239777036 ], [ 564834.899579234886914, 55095.969317310773476 ], [ 564884.355897399829701, 55095.973694434898789 ], [ 564884.358071733498946, 55071.41018741310836 ], [ 564933.814284199150279, 55071.414565912709804 ], [ 564933.816459220019169, 55046.851056954641535 ], [ 564958.544679024606012, 55046.853246488579316 ], [ 564958.549027820932679, 54997.72611612691253 ], [ 564983.277139000594616, 54997.728304530159221 ], [ 564983.279312765109353, 54973.164793667201593 ], [ 565008.00742575887125, 54973.166981925809523 ], [ 565008.009599369484931, 54948.603580636357947 ], [ 565032.73782543616835, 54948.605768759429338 ], [ 565032.739998921519145, 54924.042145438841544 ], [ 564983.283657380961813, 54924.037771990573674 ], [ 564983.285828232299536, 54899.474261176896107 ], [ 565032.742171425255947, 54899.478632669437502 ], [ 565032.744342957274057, 54874.915119916440744 ], [ 565082.200580465258099, 54874.919492768101918 ], [ 565082.202752686105669, 54850.355867533253331 ], [ 565032.746513527119532, 54850.351496638810204 ], [ 565032.750851731980219, 54801.224471214816731 ], [ 565057.478861200041138, 54801.226654279969807 ], [ 565057.483197175781243, 54752.099516429909272 ], [ 565032.755186059512198, 54752.097335321588616 ], [ 565032.753019376774319, 54776.660958527390903 ], [ 564909.112203780328855, 54776.650060470215976 ], [ 564909.110040257219225, 54801.21356827110867 ], [ 564884.381925430847332, 54801.211390176453278 ], [ 564884.386249868315645, 54752.084266008692794 ], [ 564859.658134361961856, 54752.082090695730585 ], [ 564859.662453264580108, 54702.955079073522938 ], [ 564834.934225820587017, 54702.952906530983455 ], [ 564834.936383004998788, 54678.38929118829401 ], [ 564859.664611271815374, 54678.391462755382236 ], [ 564859.666768290335312, 54653.828067523012578 ], [ 564810.21053365629632, 54653.823727187082113 ], [ 564810.20837828272488, 54678.387120468934882 ], [ 564637.111371150356717, 54678.371948534942931 ], [ 564637.107068991288543, 54727.499053121595352 ], [ 564587.650745646562427, 54727.494721845221648 ], [ 564587.6485947703477, 54752.05821695819759 ], [ 564562.920491039403714, 54752.056051596933685 ], [ 564562.918340012198314, 54776.619656283321092 ], [ 564612.374658091226593, 54776.623989787993196 ], [ 564612.370349863776937, 54825.750982026729616 ], [ 564637.098453092388809, 54825.753151962904667 ], [ 564637.096296705305576, 54850.316649078951741 ], [ 564661.824400073383003, 54850.318820818014501 ], [ 564661.822241885354742, 54874.882429463898006 ], [ 564637.094139342661947, 54874.880256752359855 ], [ 564637.09198102389928, 54899.443753901214222 ], [ 564587.635669225128368, 54899.439409018050355 ] ], [ [ 564661.820082740741782, 54899.445927585220488 ], [ 564661.81792262988165, 54924.009425722957531 ], [ 564686.546135789481923, 54924.01160122112924 ], [ 564686.550456697004847, 54874.884603016384062 ], [ 564760.734773166710511, 54874.891128631512402 ], [ 564760.732610718812793, 54899.454630646432634 ], [ 564736.004505068878643, 54899.452453636266 ], [ 564736.00017891288735, 54948.579566302134481 ], [ 564711.271964623127133, 54948.577388166537276 ], [ 564711.267636271426454, 54997.70427788154484 ], [ 564686.539647178491578, 54997.702098651418055 ], [ 564686.537482374929823, 55022.26559783401899 ], [ 564661.809272523852997, 55022.263418444468698 ], [ 564661.807107571978122, 55046.827027199062286 ], [ 564637.079010817804374, 55046.824847680254607 ], [ 564637.081174941617064, 55022.261239898129134 ], [ 564612.353078324114904, 55022.25906218518503 ], [ 564612.355240644654259, 54997.695565919995715 ], [ 564637.083338089869358, 54997.697742660842778 ], [ 564637.085500272223726, 54973.134245446286513 ], [ 564612.357401999644935, 54973.132069677536492 ], [ 564612.36172181321308, 54924.005077241919935 ], [ 564637.089821739238687, 54924.00725106648315 ], [ 564637.09198102389928, 54899.443753901214222 ], [ 564661.820082740741782, 54899.445927585220488 ] ], [ [ 564760.736934656626545, 54850.327516092016594 ], [ 564810.193263462977484, 54850.331868718698388 ], [ 564810.191100322175771, 54874.895483207234065 ], [ 564760.734773166710511, 54874.891128631512402 ], [ 564760.736934656626545, 54850.327516092016594 ] ], [ [ 564834.919098451151513, 54874.897661727147351 ], [ 564834.916933525819331, 54899.461166666165809 ], [ 564859.645154373487458, 54899.463347012308077 ], [ 564859.647320124669932, 54874.899841097838362 ], [ 564909.103543858742341, 54874.904202313118731 ], [ 564909.105710301315412, 54850.340583922043152 ], [ 564958.562050893786363, 54850.344946518314828 ], [ 564958.551200758200139, 54973.162606241254252 ], [ 564933.822978470474482, 54973.16041963812313 ], [ 564933.820806360570714, 54997.723928546845855 ], [ 564909.092697145068087, 54997.721741809655214 ], [ 564909.094868427724577, 54973.158233877496968 ], [ 564834.910432936623693, 54973.151681581723096 ], [ 564834.912600758718327, 54948.588287128164666 ], [ 564810.184605108341202, 54948.586105683047208 ], [ 564810.191100322175771, 54874.895483207234065 ], [ 564834.919098451151513, 54874.897661727147351 ] ], [ [ 564859.649484916357324, 54850.336224658778519 ], [ 564859.651648729108274, 54825.772718777116097 ], [ 564909.107875764253549, 54825.777076088379545 ], [ 564909.105710301315412, 54850.340583922043152 ], [ 564859.649484916357324, 54850.336224658778519 ] ], [ [ 564810.197586819645949, 54801.204860872800054 ], [ 564834.925587423960678, 54801.20703646750917 ], [ 564834.923425405053422, 54825.770541357327602 ], [ 564810.195425625541247, 54825.768364787560131 ], [ 564810.197586819645949, 54801.204860872800054 ] ], [ [ 564612.348750776727684, 55071.38616528701823 ], [ 564637.07684573775623, 55071.388344944156415 ], [ 564637.074679691926576, 55095.951842224530992 ], [ 564612.346585559542291, 55095.949661595295765 ], [ 564612.348750776727684, 55071.38616528701823 ] ], [ [ 564983.294501936878078, 54801.220107545203064 ], [ 565008.022620711475611, 54801.222288960074366 ], [ 565008.02045291964896, 54825.785800685822323 ], [ 564983.292334969853982, 54825.783618293273321 ], [ 564983.294501936878078, 54801.220107545203064 ] ], [ [ 564735.998014398501255, 54973.142956857656827 ], [ 564760.726117568672635, 54973.145136789687967 ], [ 564760.728282910073176, 54948.581745260220487 ], [ 564785.456387873739004, 54948.583925050581456 ], [ 564785.452054559369572, 54997.710820609318034 ], [ 564735.995848906924948, 54997.706457964311994 ], [ 564735.998014398501255, 54973.142956857656827 ] ] ] } },
{ "type": "Feature", "properties": { "objectid": 483732, "pxlval": 1, "Shape__Area": 3.950620493830001e-07, "Shape__Length": 0.003555558 }, "geometry": { "type": "Polygon", "coordinates": [ [ [ 566665.14303741895128, 50994.012167766952189 ], [ 566665.147171716322191, 50944.884906016799505 ], [ 566615.690551826846786, 50944.880747551178501 ], [ 566615.694679074804299, 50895.753489877955872 ], [ 566665.151302029029466, 50895.757644333818462 ], [ 566665.149237366160378, 50920.321330435210257 ], [ 566689.877549598459154, 50920.323409822514805 ], [ 566689.873415769659914, 50969.450563006888842 ], [ 566714.601838741335087, 50969.452645181576372 ], [ 566714.599769555730745, 50994.016333341300196 ], [ 566665.14303741895128, 50994.012167766952189 ] ] ] } },
{ "type": "Feature", "properties": { "objectid": 483733, "pxlval": 1, "Shape__Area": 1.4814874074100003e-07, "Shape__Length": 0.00177778 }, "geometry": { "type": "Polygon", "coordinates": [ [ [ 563969.803984118974768, 50453.392960319302802 ], [ 563969.805947130080312, 50428.829381602488866 ], [ 564043.990720235393383, 50428.835312110510131 ], [ 564043.988754947553389, 50453.398893715791928 ], [ 563969.803984118974768, 50453.392960319302802 ] ] ] } },
{ "type": "Feature", "properties": { "objectid": 483766, "pxlval": 1, "Shape__Area": 5.9259340740700014e-07, "Shape__Length": 0.004444446 }, "geometry": { "type": "Polygon", "coordinates": [ [ [ 568149.071278372080997, 48292.135795440437505 ], [ 568149.077280263998546, 48218.444780482532224 ], [ 568124.348825764958747, 48218.442768333836284 ], [ 568124.358804921736009, 48095.62448917770962 ], [ 568149.087263043620624, 48095.626496201613918 ], [ 568149.085268517257646, 48120.190241462296399 ], [ 568173.813838221831247, 48120.192250249085191 ], [ 568173.799842999433167, 48292.137811404572858 ], [ 568149.071278372080997, 48292.135795440437505 ] ] ] } },
{ "type": "Feature", "properties": { "objectid": 483711, "pxlval": 1, "Shape__Area": 4.1777774888890009e-05, "Shape__Length": 0.096444434 }, "geometry": { "type": "Polygon", "coordinates": [ [ [ 565551.984886978869326, 55439.922914739108819 ], [ 565551.987097403383814, 55415.359380998452252 ], [ 565502.530858833808452, 55415.354933192611497 ], [ 565502.533066611620598, 55390.791401439862966 ], [ 565453.076830339618027, 55390.786958961296477 ], [ 565453.079035472124815, 55366.22342919496441 ], [ 565428.350806707050651, 55366.221210188545228 ], [ 565428.353010028600693, 55341.657681423137547 ], [ 565403.624781424296089, 55341.655464239338471 ], [ 565403.626982935704291, 55317.091936468197673 ], [ 565428.355212372494861, 55317.094152667996241 ], [ 565428.359614137094468, 55267.966984685030184 ], [ 565453.087846231414005, 55267.969199753948487 ], [ 565453.090046473545954, 55243.405670070293127 ], [ 565428.361813547904603, 55243.403455985753681 ], [ 565428.36401198094245, 55218.839927302971773 ], [ 565378.90777000808157, 55218.835503631700703 ], [ 565378.909965812112205, 55194.271866391973163 ], [ 565403.637975852470845, 55194.27407681584009 ], [ 565403.646752587868832, 55096.019855710583215 ], [ 565428.374989500385709, 55096.022063054333557 ], [ 565428.377182067139074, 55071.45853447047557 ], [ 565477.833437962457538, 55071.462949672568357 ], [ 565477.831243738066405, 55096.026480225540581 ], [ 565453.103227406507358, 55096.02427123261441 ], [ 565453.101033032871783, 55120.587800817316747 ], [ 565477.829048535320908, 55120.590010794978298 ], [ 565477.826852344092913, 55145.153651922002609 ], [ 565428.370601423783228, 55145.149230812559836 ], [ 565428.366209446219727, 55194.276288095607015 ], [ 565453.094444033456966, 55194.278500211396022 ], [ 565453.096641341457143, 55169.714970577253553 ], [ 565477.824655184405856, 55169.717182524400414 ], [ 565477.820257919724099, 55218.844354319764534 ], [ 565502.548493659123778, 55218.846569092704158 ], [ 565502.555090574314818, 55145.155863739579218 ], [ 565527.283218506374396, 55145.158076382467698 ], [ 565527.281019686954096, 55169.721608955464035 ], [ 565576.73727688274812, 55169.726038719127246 ], [ 565576.741676871199161, 55120.598859104298754 ], [ 565626.198052645195276, 55120.603288273312501 ], [ 565626.200252822833136, 55096.039751787597197 ], [ 565650.928387378808111, 55096.041966632117692 ], [ 565650.930587404640391, 55071.478429175520432 ], [ 565675.658723794855177, 55071.480643866838363 ], [ 565675.660923668066971, 55046.917105438988074 ], [ 565650.932786449440755, 55046.914891735381389 ], [ 565650.939377707545646, 54973.224168972512416 ], [ 565626.211239011376165, 54973.221959064736438 ], [ 565626.209043737035245, 54997.785495468189765 ], [ 565601.480906847747974, 54997.783285406098003 ], [ 565601.485294751822948, 54948.656325124429713 ], [ 565576.75704592873808, 54948.654117858648533 ], [ 565576.75923759851139, 54924.090472926778602 ], [ 565601.487487248145044, 54924.092679205954482 ], [ 565601.491869280231185, 54874.965608487946156 ], [ 565626.220010302262381, 54874.967813615163323 ], [ 565626.222200683201663, 54850.404166752647143 ], [ 565601.494058835669421, 54850.401962612413627 ], [ 565601.496247400995344, 54825.838427294416761 ], [ 565576.767994448775426, 54825.836224961683911 ], [ 565576.765806708601303, 54850.399759293075476 ], [ 565502.581390131264925, 54850.393154349607357 ], [ 565502.585759682347998, 54801.266091618374048 ], [ 565477.857509872526862, 54801.263893592491513 ], [ 565477.859692355501465, 54776.700363236574049 ], [ 565527.316083325771615, 54776.704758137879253 ], [ 565527.313899194123223, 54801.268290464417078 ], [ 565552.042039709514938, 54801.270490140515903 ], [ 565552.044224665500224, 54776.706956828122202 ], [ 565576.772366989403963, 54776.709156348049873 ], [ 565576.770181209081784, 54801.272690646677802 ], [ 565626.226578483358026, 54801.277094159078842 ], [ 565626.228765912353992, 54776.713557886869239 ], [ 565675.685057520400733, 54776.717962734524917 ], [ 565675.689432741608471, 54727.590775747921725 ], [ 565552.048591648694128, 54727.57977971132641 ], [ 565552.05077366612386, 54703.016246448023594 ], [ 565601.507175532868132, 54703.020640408925829 ], [ 565601.509358226321638, 54678.456994654283335 ], [ 565552.052954713697545, 54678.452602666227904 ], [ 565552.057313850615174, 54629.325536221353104 ], [ 565675.698171397089027, 54629.336512518355448 ], [ 565675.695988197927363, 54653.900161202385789 ], [ 565700.424139606999233, 54653.902359930274542 ], [ 565700.4263236282859, 54629.33871025814733 ], [ 565725.15458813868463, 54629.340908835285518 ], [ 565725.158954859361984, 54580.213828626510804 ], [ 565749.887110735173337, 54580.21602604353393 ], [ 565749.889293453190476, 54555.652374443059671 ], [ 565824.073769490700215, 54555.658968685631407 ], [ 565824.078136882279068, 54506.531880665832432 ], [ 565873.534573797835037, 54506.536277007093304 ], [ 565873.536757658002898, 54481.972731034315075 ], [ 565898.26492278103251, 54481.974929447322211 ], [ 565898.262738100951537, 54506.538476411165902 ], [ 565997.17551661178004, 54506.547282293337048 ], [ 565997.173327665776014, 54531.11083323519415 ], [ 566021.901607417850755, 54531.113037770104711 ], [ 566021.905985963763669, 54481.985933910524182 ], [ 566071.362329221563414, 54481.990341464457742 ], [ 566071.355755001073703, 54555.681003236059041 ], [ 566046.627474055625498, 54555.67879605552298 ], [ 566046.625281485263258, 54580.2424595511402 ], [ 566021.897224915679544, 54580.240252223506104 ], [ 566021.895032189786434, 54604.803804207207577 ], [ 566046.623087937943637, 54604.806012528140855 ], [ 566046.620893403538503, 54629.369565527755185 ], [ 566071.349171884823591, 54629.37177568932384 ], [ 566071.351367240888067, 54604.808221696031978 ], [ 566096.079536254401319, 54604.81043168107135 ], [ 566096.077340076444671, 54629.373986668411817 ], [ 566120.805509283207357, 54629.376198474958073 ], [ 566120.816484410781413, 54506.558308219515311 ], [ 566195.001121614594012, 54506.564933686378936 ], [ 566194.994532112381421, 54580.255720957407902 ], [ 566170.266246981569566, 54580.253508649606374 ], [ 566170.264049327117391, 54604.817066598705424 ], [ 566219.720507658319548, 54604.821494022515253 ], [ 566219.718307371484116, 54629.385053985664854 ], [ 566244.446481588413008, 54629.387269929495233 ], [ 566244.448682696907781, 54604.823708970063308 ], [ 566293.905147042940371, 54604.828141356410924 ], [ 566293.902944290894084, 54629.391704309513443 ], [ 566318.631121518323198, 54629.393922735725937 ], [ 566318.628916943678632, 54653.957597231237742 ], [ 566368.085384026402608, 54653.962038571946323 ], [ 566368.08096863294486, 54703.089170533836295 ], [ 566392.809035119484179, 54703.091394427945488 ], [ 566392.811244144802913, 54678.527716905337002 ], [ 566417.539535020012408, 54678.529940649154014 ], [ 566417.541743855923414, 54653.966483213982428 ], [ 566392.813452158123255, 54653.964260469045257 ], [ 566392.815659199259244, 54629.40058297910582 ], [ 566467.000317216152325, 54629.407250679614663 ], [ 566466.991473256377503, 54727.661641123508161 ], [ 566491.719765504007228, 54727.663869351956237 ], [ 566491.717551209847443, 54752.227440376322193 ], [ 566516.445621080114506, 54752.22967041402444 ], [ 566516.436750659486279, 54850.484069186517445 ], [ 566491.708684087265283, 54850.4818351473441 ], [ 566491.706464815186337, 54875.045516788602981 ], [ 566466.978177514858544, 54875.043282560131047 ], [ 566466.980395961552858, 54850.47960191887978 ], [ 566417.524045289610513, 54850.475137974477548 ], [ 566417.512951425858773, 54973.293089185193821 ], [ 566466.969293835689314, 54973.297563123996952 ], [ 566466.964846036862582, 55022.424703510747349 ], [ 566442.236675990861841, 55022.422464125767874 ], [ 566442.22999931848608, 55096.113282355909178 ], [ 566392.773555913707241, 55096.108800081688969 ], [ 566392.766875282744877, 55169.799612471870205 ], [ 566318.582392118871212, 55169.792886351395282 ], [ 566318.580165751744062, 55194.356450672908977 ], [ 566194.939273418160155, 55194.345252191655163 ], [ 566194.941495633916929, 55169.781692853379354 ], [ 566170.213230318622664, 55169.779456652657245 ], [ 566170.215450715390034, 55145.215898326394381 ], [ 566145.487408126937225, 55145.213663976595853 ], [ 566145.489626715192571, 55120.649996120730066 ], [ 566071.305057385703549, 55120.643301025993424 ], [ 566071.302841285942122, 55145.206965898592898 ], [ 566046.574580147163942, 55145.204734869774256 ], [ 566046.572363899904303, 55169.768288223953277 ], [ 566021.844327145721763, 55169.766057057182479 ], [ 566021.842110741767101, 55194.329609434549639 ], [ 565972.385708073736168, 55194.325147592338908 ], [ 565972.379057918558829, 55268.015909408175503 ], [ 565947.650916221318766, 55268.013676769551239 ], [ 565947.653133090818301, 55243.450127320356842 ], [ 565922.924991546664387, 55243.447896510675491 ], [ 565922.927206599735655, 55218.8843480697833 ], [ 565873.470813585096039, 55218.879890933167189 ], [ 565873.468600193969905, 55243.443437391550106 ], [ 565898.196739727864042, 55243.445666527710273 ], [ 565898.192308329511434, 55292.57276147614175 ], [ 565873.464170458726585, 55292.570530357843381 ], [ 565873.466385818552226, 55268.006983866427618 ], [ 565848.738248099456541, 55268.004754576322739 ], [ 565848.740461643552408, 55243.44120909213234 ], [ 565774.555940714664757, 55243.434529204423598 ], [ 565774.553729664767161, 55267.998071718749998 ], [ 565749.825595946167596, 55267.995845777157228 ], [ 565749.827806164743379, 55243.432304252033646 ], [ 565700.371428750106134, 55243.427856847520161 ], [ 565700.369220194173977, 55267.991396395344054 ], [ 565675.641089458600618, 55267.989172965135367 ], [ 565675.649914477951825, 55169.734908284088306 ], [ 565626.193649337743409, 55169.730471835318895 ], [ 565626.184830964892171, 55267.984728616094799 ], [ 565552.000339389662258, 55267.978068360993348 ], [ 565551.99151531374082, 55366.232313566833909 ], [ 565576.719637751346454, 55366.234536756332091 ], [ 565576.713006915641017, 55439.925140887295129 ], [ 565551.984886978869326, 55439.922914739108819 ] ], [ [ 565502.541887944447808, 55292.537164053268498 ], [ 565527.270010891719721, 55292.539382609080349 ], [ 565527.272214607102796, 55267.975849953545548 ], [ 565502.544090828159824, 55267.973632383218501 ], [ 565502.541887944447808, 55292.537164053268498 ] ], [ [ 565824.014424546272494, 55218.875437142101873 ], [ 565848.742674203589559, 55218.877663624451088 ], [ 565848.747096381732263, 55169.75046219741489 ], [ 565824.018845063517801, 55169.748237695726857 ], [ 565824.021053841686808, 55145.184693267859984 ], [ 565799.293025250546634, 55145.182470611769531 ], [ 565799.288608370581642, 55194.309557504100667 ], [ 565824.016635301639326, 55194.31178214008105 ], [ 565824.014424546272494, 55218.875437142101873 ] ], [ [ 565650.923984374152496, 55145.16915213586617 ], [ 565675.652118276804686, 55145.171369790346944 ], [ 565675.654321104171686, 55120.607720771942695 ], [ 565650.926186371943913, 55120.605504105180444 ], [ 565650.923984374152496, 55145.16915213586617 ] ], [ [ 565700.380253165611066, 55145.173588280100375 ], [ 565725.108500333502889, 55145.175807615109079 ], [ 565725.11070481990464, 55120.612156620132737 ], [ 565749.838842539815232, 55120.614375791577913 ], [ 565749.841046863235533, 55096.050834365407354 ], [ 565774.56918639363721, 55096.053053382536746 ], [ 565774.573593750363216, 55046.925968601164641 ], [ 565749.845452562673017, 55046.923751562440884 ], [ 565749.843250204226933, 55071.487292955695011 ], [ 565700.386861171107739, 55071.482859392315731 ], [ 565700.380253165611066, 55145.173588280100375 ] ], [ [ 565799.295232225442305, 55120.618816649155633 ], [ 565848.751514623872936, 55120.623260836327972 ], [ 565848.753722263965756, 55096.059715451083321 ], [ 565799.297438207315281, 55096.055273244186537 ], [ 565799.295232225442305, 55120.618816649155633 ] ], [ [ 565824.027674284530804, 55071.493949541931215 ], [ 565848.755928920116276, 55071.496170082304161 ], [ 565848.75813459220808, 55046.932624729990494 ], [ 565873.486279780277982, 55046.934845103831321 ], [ 565873.4906898381887, 54997.807641925959615 ], [ 565848.762542994343676, 54997.805423533514841 ], [ 565848.760339290252887, 55022.368968859227607 ], [ 565799.304050263133831, 55022.364532593172044 ], [ 565799.301847221096978, 55046.928186483644822 ], [ 565824.029879128211178, 55046.930405179940863 ], [ 565824.027674284530804, 55071.493949541931215 ] ], [ [ 565675.665320480125956, 54997.789918091475556 ], [ 565700.393460340565071, 54997.792130652669584 ], [ 565700.395658096764237, 54973.228591286053415 ], [ 565675.667517409194261, 54973.226379712956259 ], [ 565675.665320480125956, 54997.789918091475556 ] ], [ [ 566219.685184296802618, 54997.838786919091945 ], [ 566269.141620253794827, 54997.843249538178497 ], [ 566269.146052822237834, 54948.716235698724631 ], [ 566343.330552338040434, 54948.722929875752016 ], [ 566343.332769631640986, 54924.159254186000908 ], [ 566368.061050251009874, 54924.161486254837655 ], [ 566368.065483495942317, 54875.034353998264123 ], [ 566318.609031244996004, 54875.02989469437307 ], [ 566318.606816770043224, 54899.593458818555519 ], [ 566293.878648606478237, 54899.591229420999298 ], [ 566293.887497268966399, 54801.336866470956011 ], [ 566318.615668733604252, 54801.339091878930049 ], [ 566318.617879244498909, 54776.775527820296702 ], [ 566219.705084851244465, 54776.766635146108456 ], [ 566219.700669434736483, 54825.893755305063678 ], [ 566194.972502822289243, 54825.89153222143068 ], [ 566194.974710200564004, 54801.327973129671591 ], [ 566170.246432475629263, 54801.32575186201575 ], [ 566170.244225922040641, 54825.889309958234662 ], [ 566145.516172578558326, 54825.887088545474398 ], [ 566145.513965861289762, 54850.450645662916941 ], [ 566170.242018379736692, 54850.452868070839031 ], [ 566170.239809838589281, 54875.016536741073651 ], [ 566145.511758145643398, 54875.014313337989734 ], [ 566145.509549451526254, 54899.577870488225017 ], [ 566170.237600318621844, 54899.580094886463485 ], [ 566170.233178302412853, 54948.707321761430649 ], [ 566194.961451073409989, 54948.709549002327549 ], [ 566194.959237770177424, 54973.272997657528322 ], [ 566219.687399426475167, 54973.275226716592442 ], [ 566219.685184296802618, 54997.838786919091945 ] ], [ [ 565725.145842901663855, 54727.595179971111065 ], [ 565774.602145766839385, 54727.599587500160851 ], [ 565774.604335193405859, 54703.036045347354957 ], [ 565824.06064368924126, 54703.04045421264891 ], [ 565824.062833788455464, 54678.476799561765802 ], [ 565848.791101634385996, 54678.479004256863846 ], [ 565848.799855443416163, 54580.2248239886394 ], [ 565774.615267592482269, 54580.218224287265912 ], [ 565774.61089758540038, 54629.345308452138852 ], [ 565749.882742371293716, 54629.343108229986683 ], [ 565749.878370077349246, 54678.470190475454729 ], [ 565725.150217489339411, 54678.467989103075524 ], [ 565725.145842901663855, 54727.595179971111065 ] ], [ [ 566046.614303868846036, 54703.060335140624375 ], [ 566096.070745606906712, 54703.064762244466692 ], [ 566096.075142901041545, 54653.937652200722368 ], [ 566071.346975531429052, 54653.935440227585786 ], [ 566071.34477821062319, 54678.49888371230918 ], [ 566046.616501373937353, 54678.496671563378186 ], [ 566046.614303868846036, 54703.060335140624375 ] ] ] } },
{ "type": "Feature", "properties": { "objectid": 483712, "pxlval": 1, "Shape__Area": 9.8765679012000021e-08, "Shape__Length": 0.001333334 }, "geometry": { "type": "Polygon", "coordinates": [ [ [ 567802.354261104366742, 54310.201094247298897 ], [ 567802.358739508315921, 54261.073845748920576 ], [ 567827.087102231336758, 54261.076099359233922 ], [ 567827.082622193731368, 54310.203349897798034 ], [ 567802.354261104366742, 54310.201094247298897 ] ] ] } },
{ "type": "Feature", "properties": { "objectid": 483713, "pxlval": 1, "Shape__Area": 2.4691464197600005e-07, "Shape__Length": 0.002666672 }, "geometry": { "type": "Polygon", "coordinates": [ [ [ 567851.806276035029441, 54359.332969530260016 ], [ 567851.808519415440969, 54334.769232664693845 ], [ 567876.53688174218405, 54334.771490981300303 ], [ 567876.539124915958382, 54310.207863646399346 ], [ 567851.810761771863326, 54310.205606350624294 ], [ 567851.813003114424646, 54285.641980052780127 ], [ 567901.269732078537345, 54285.646493424923392 ], [ 567901.263000095030293, 54359.337489028548589 ], [ 567851.806276035029441, 54359.332969530260016 ] ] ] } },
{ "type": "Feature", "properties": { "objectid": 483714, "pxlval": 1, "Shape__Area": 1.8271608395060005e-06, "Shape__Length": 0.009777778 }, "geometry": { "type": "Polygon", "coordinates": [ [ [ 566590.665643895044923, 54359.218835522355221 ], [ 566590.670046244398691, 54310.091575481455948 ], [ 566565.941847309470177, 54310.089360972546274 ], [ 566565.948440915788524, 54236.398529298610811 ], [ 566541.220240524969995, 54236.396318615676137 ], [ 566541.224629651056603, 54187.269173277178197 ], [ 566516.496317363227718, 54187.26696540730336 ], [ 566516.502891150536016, 54113.57625051694049 ], [ 566565.959410349023528, 54113.580661061925639 ], [ 566565.95502555987332, 54162.707808311810368 ], [ 566590.68322939099744, 54162.71001681179041 ], [ 566590.681034689303488, 54187.273591459350428 ], [ 566615.409350001136772, 54187.275801791533013 ], [ 566615.40495598106645, 54236.40295313896786 ], [ 566664.861363808158785, 54236.40738025540486 ], [ 566664.859163662535138, 54260.971068499573448 ], [ 566763.772099442081526, 54260.979936614683538 ], [ 566763.765483254450373, 54334.670681862982747 ], [ 566739.037278070230968, 54334.668460591594339 ], [ 566739.039483646396548, 54310.104879830032587 ], [ 566689.582963387481868, 54310.100441753340419 ], [ 566689.585166332544759, 54285.536863015084236 ], [ 566664.856962530640885, 54285.534646218642592 ], [ 566664.854760402580723, 54310.09822395392257 ], [ 566640.126558427233249, 54310.096006977131765 ], [ 566640.122152807773091, 54359.223271026232396 ], [ 566590.665643895044923, 54359.218835522355221 ] ] ] } },
{ "type": "Feature", "properties": { "objectid": 483715, "pxlval": 1, "Shape__Area": 4.9382839506000011e-08, "Shape__Length": 0.00088889 }, "geometry": { "type": "Polygon", "coordinates": [ [ [ 567382.011539124883711, 53892.581226234113274 ], [ 567382.013747837394476, 53868.017508994642412 ], [ 567406.74199490994215, 53868.019732402448426 ], [ 567406.739785386715084, 53892.583450655693014 ], [ 567382.011539124883711, 53892.581226234113274 ] ] ] } },
{ "type": "Feature", "properties": { "objectid": 483716, "pxlval": 1, "Shape__Area": 4.9382839506000011e-08, "Shape__Length": 0.00088889 }, "geometry": { "type": "Polygon", "coordinates": [ [ [ 567357.285390523145907, 53868.015286392772396 ], [ 567357.287597408518195, 53843.451680724261678 ], [ 567382.01595553313382, 53843.453902312729042 ], [ 567382.013747837394476, 53868.017508994642412 ], [ 567357.285390523145907, 53868.015286392772396 ] ] ] } },
{ "type": "Feature", "properties": { "objectid": 483746, "pxlval": 1, "Shape__Area": 4.9383061729000014e-08, "Shape__Length": 0.000888892 }, "geometry": { "type": "Polygon", "coordinates": [ [ [ 566937.345504341181368, 48685.055714288988383 ], [ 566937.34748640563339, 48660.492018487777386 ], [ 566962.075989951961674, 48660.49401371562999 ], [ 566962.074007155257277, 48685.057710523949936 ], [ 566937.345504341181368, 48685.055714288988383 ] ] ] } },
{ "type": "Feature", "properties": { "objectid": 483747, "pxlval": 1, "Shape__Area": 1.1358030864190003e-06, "Shape__Length": 0.007111116 }, "geometry": { "type": "Polygon", "coordinates": [ [ [ 566615.876283805584535, 48685.029830439605576 ], [ 566615.878256349591538, 48660.466147696883127 ], [ 566591.149766949238256, 48660.464162787895475 ], [ 566591.155676387134008, 48586.77344925764919 ], [ 566665.340931636979803, 48586.77939715753746 ], [ 566665.34290166082792, 48562.215712461736985 ], [ 566690.071285740239546, 48562.217695560939319 ], [ 566690.069314985536039, 48586.781381259745103 ], [ 566714.797810606774874, 48586.783366106828908 ], [ 566714.79583813319914, 48611.346942282230884 ], [ 566764.252608401933685, 48611.350916174233134 ], [ 566764.248657536692917, 48660.478072584352049 ], [ 566788.977154009393416, 48660.480062652772176 ], [ 566788.975176339037716, 48685.043752419180237 ], [ 566714.789914721623063, 48685.037781430633913 ], [ 566714.79189019498881, 48660.474094676610548 ], [ 566690.063396768528037, 48660.472106819383043 ], [ 566690.067343243164942, 48611.344956431770697 ], [ 566665.338960625813343, 48611.342971326550469 ], [ 566665.333041606005281, 48685.033804455786594 ], [ 566615.876283805584535, 48685.029830439605576 ] ] ] } },
{ "type": "Feature", "properties": { "objectid": 483748, "pxlval": 1, "Shape__Area": 9.8765679012000021e-08, "Shape__Length": 0.001333336 }, "geometry": { "type": "Polygon", "coordinates": [ [ [ 564415.061793125933036, 48562.038329328461259 ], [ 564415.063695671502501, 48537.474844904776546 ], [ 564464.520508135436103, 48537.478676044753229 ], [ 564464.518604128970765, 48562.042162407116848 ], [ 564415.061793125933036, 48562.038329328461259 ] ] ] } },
{ "type": "Feature", "properties": { "objectid": 483749, "pxlval": 1, "Shape__Area": 4.9382395062000014e-08, "Shape__Length": 0.000888886 }, "geometry": { "type": "Polygon", "coordinates": [ [ [ 564390.335513463011011, 48537.472930454801826 ], [ 564390.337414315785281, 48512.909447014411853 ], [ 564415.065597254317254, 48512.911360495607369 ], [ 564415.063695671502501, 48537.474844904776546 ], [ 564390.335513463011011, 48537.472930454801826 ] ] ] } },
{ "type": "Feature", "properties": { "objectid": 483750, "pxlval": 1, "Shape__Area": 1.4814785185200003e-07, "Shape__Length": 0.001777776 }, "geometry": { "type": "Polygon", "coordinates": [ [ [ 567431.926049834117293, 48537.713925234369526 ], [ 567431.928040490369312, 48513.150319842679892 ], [ 567506.11329459247645, 48513.15633366577822 ], [ 567506.111301745870151, 48537.719942102201458 ], [ 567431.926049834117293, 48537.713925234369526 ] ] ] } },
{ "type": "Feature", "properties": { "objectid": 483717, "pxlval": 1, "Shape__Area": 5.6839502938273014e-05, "Shape__Length": 0.132888878 }, "geometry": { "type": "Polygon", "coordinates": [ [ [ 567579.775213720160536, 54580.380929198225203 ], [ 567629.231789181241766, 54580.385448876753799 ], [ 567629.22729593666736, 54629.512683543805906 ], [ 567604.499064981238917, 54629.510421262035379 ], [ 567604.494569338858128, 54678.637653953839617 ], [ 567579.766229764325544, 54678.635390455870947 ], [ 567579.75272351433523, 54826.017303899716353 ], [ 567555.024501190637238, 54826.015035141936096 ], [ 567555.022247442859225, 54850.578649577364558 ], [ 567505.565696218283847, 54850.574112511319981 ], [ 567505.567948315758258, 54826.010500107513508 ], [ 567480.83984033903107, 54826.008233851265686 ], [ 567480.835336775635369, 54875.135567186247499 ], [ 567431.378793345647864, 54875.131033075704181 ], [ 567431.376541708130389, 54899.694642467649828 ], [ 567381.920115279150195, 54899.690109664159536 ], [ 567381.917864286457188, 54924.253717044608493 ], [ 567357.18954216549173, 54924.251450866613595 ], [ 567357.191792331985198, 54899.687844499560015 ], [ 567332.463581669726409, 54899.685580176708754 ], [ 567332.461332329316065, 54924.249185530745308 ], [ 567307.733123521320522, 54924.246921026810014 ], [ 567307.730873991269618, 54948.810635919777269 ], [ 567208.817940952721983, 54948.801582166262961 ], [ 567208.815693744923919, 54973.365071958462067 ], [ 567233.543896833085455, 54973.367335156995978 ], [ 567233.539397729327902, 55022.494537889571802 ], [ 567208.811196296010166, 55022.492272668729129 ], [ 567208.80669481982477, 55071.619583973588306 ], [ 567159.350187051575631, 55071.615051979541022 ], [ 567159.347936469595879, 55096.178650367881346 ], [ 567109.891545703052543, 55096.174119700968731 ], [ 567109.889295775908977, 55120.737716086048749 ], [ 567085.161102742073126, 55120.735450995096471 ], [ 567085.158852631459013, 55145.29915692875511 ], [ 567109.88704483571928, 55145.301423029013677 ], [ 567109.884792902856134, 55169.865019447031955 ], [ 567085.156601528404281, 55169.862752337481652 ], [ 567085.154349423013628, 55194.426347762688238 ], [ 567010.969672614010051, 55194.419548412079166 ], [ 567010.965170370531268, 55243.546843802032527 ], [ 567035.693356209318154, 55243.549111429179902 ], [ 567035.691102759214118, 55268.112704886385472 ], [ 567010.962917751749046, 55268.110436251059582 ], [ 567010.958409500075504, 55317.237731733781402 ], [ 566986.230227185413241, 55317.235461919975933 ], [ 566986.232480984879658, 55292.671759910619585 ], [ 566961.504298841231503, 55292.669491942127934 ], [ 566961.502045873901807, 55317.233192944047914 ], [ 566936.773754311609082, 55317.230924795789178 ], [ 566936.771501186187379, 55341.794514278342831 ], [ 566912.043434007908218, 55341.79224598169094 ], [ 566912.041180715197697, 55366.355834467824025 ], [ 566887.31289283093065, 55366.353565982688451 ], [ 566887.310639371629804, 55390.917153479036642 ], [ 566837.854290876770392, 55390.912617033529386 ], [ 566837.84978429460898, 55440.039788052839867 ], [ 566862.577845097868703, 55440.042057857026521 ], [ 566862.575589474290609, 55464.605644397081051 ], [ 566887.303872996359132, 55464.607916067390761 ], [ 566887.306129454285838, 55440.044328521384159 ], [ 566912.034414837718941, 55440.046600025496446 ], [ 566912.02989924303256, 55489.173887688091781 ], [ 567010.942599101690575, 55489.182990119035821 ], [ 567010.940336469444446, 55513.746582733525429 ], [ 566986.212160825030878, 55513.744304857260431 ], [ 566986.205369417089969, 55587.435190318195964 ], [ 567010.93354255403392, 55587.437471217883285 ], [ 567010.935808190493844, 55562.873878547346976 ], [ 567035.663983192527667, 55562.876159280829597 ], [ 567035.666248663328588, 55538.312565624990384 ], [ 567060.394536792417057, 55538.314846201792534 ], [ 567060.399066409678198, 55489.187546387664042 ], [ 567085.127245934447274, 55489.189825777582882 ], [ 567085.134035342489369, 55415.498928415217961 ], [ 567060.405853314674459, 55415.49665205207566 ], [ 567060.410372900776565, 55366.369462938731886 ], [ 567109.86674131732434, 55366.374012467953435 ], [ 567109.871260225656442, 55317.246819378051441 ], [ 567134.599558893823996, 55317.24909339149599 ], [ 567134.604075464885682, 55268.121787819494784 ], [ 567159.332154275616631, 55268.124060630281747 ], [ 567159.334411882562563, 55243.560462126588391 ], [ 567184.062715091044083, 55243.562734784551139 ], [ 567184.064972525462508, 55218.999135286940145 ], [ 567233.521361096063629, 55219.003681070767925 ], [ 567233.523619198007509, 55194.43996902629442 ], [ 567282.980013502528891, 55194.444516132258286 ], [ 567282.984529992332682, 55145.317309128746274 ], [ 567307.712841613101773, 55145.319581921445206 ], [ 567307.715099189663306, 55120.75586689067859 ], [ 567332.443301374674775, 55120.758139495781506 ], [ 567332.447815147810616, 55071.630928541235335 ], [ 567381.904337174841203, 55071.635472213572939 ], [ 567381.911105266772211, 54997.94453928443545 ], [ 567406.639314665226266, 54997.946809325447248 ], [ 567406.637058817199431, 55022.510417791621876 ], [ 567456.093479007249698, 55022.514962401422963 ], [ 567456.095736510702409, 54997.951351906609489 ], [ 567480.82406024588272, 54997.953624456997204 ], [ 567480.826317568542436, 54973.390012970019598 ], [ 567505.554420589236543, 54973.39228531774279 ], [ 567505.552162439213134, 54997.955897819963866 ], [ 567555.008703747065738, 54997.960447075740376 ], [ 567555.010963551700115, 54973.396832541904587 ], [ 567579.739180919248611, 54973.399107397875923 ], [ 567579.74144053121563, 54948.835602399311028 ], [ 567629.197991272551008, 54948.840152585697069 ], [ 567629.195730006671511, 54973.40365961810312 ], [ 567678.652171928551979, 54973.408215158800886 ], [ 567678.649907987215556, 54997.971834778189077 ], [ 567703.378129648044705, 54997.974114815777284 ], [ 567703.380394416628405, 54973.410494178155204 ], [ 567728.108729214640334, 54973.41277404045104 ], [ 567728.110993788344786, 54948.84926293589524 ], [ 567752.839219151413999, 54948.851542601645633 ], [ 567752.834687327616848, 54997.97867740035872 ], [ 567802.291137848980725, 54997.983243306873192 ], [ 567802.293405926786363, 54973.419618592626648 ], [ 567777.565179327037185, 54973.417336242557212 ], [ 567777.569710789714009, 54924.290088902744174 ], [ 567752.841483559925109, 54924.287809424036823 ], [ 567752.843746945727617, 54899.724186798084702 ], [ 567802.300204081344418, 54899.72874454837438 ], [ 567802.3047311285045, 54850.601384725996468 ], [ 567777.576500397641212, 54850.599107474503398 ], [ 567777.585539025370963, 54752.344502652958909 ], [ 567827.042119375197217, 54752.349049837779603 ], [ 567827.039859581855126, 54776.912785959873872 ], [ 567851.767983567318879, 54776.915061801380944 ], [ 567851.770244184648618, 54752.351324658826343 ], [ 567901.226941977278329, 54752.355876829882618 ], [ 567901.231463443604298, 54703.228619573987089 ], [ 567925.959592980681919, 54703.230894839878601 ], [ 567925.961853024782613, 54678.66715468273469 ], [ 567950.690206954721361, 54678.669429775734898 ], [ 567950.687946087564342, 54703.233170954830712 ], [ 567975.416188961360604, 54703.235447888131603 ], [ 567975.418450651341118, 54678.671705686712812 ], [ 568024.874941118992865, 54678.676259993306303 ], [ 568024.879464720492251, 54629.548992618489137 ], [ 568000.151217320119031, 54629.546717097218789 ], [ 568000.155735212378204, 54580.419451827503508 ], [ 567950.699240228161216, 54580.414907357386255 ], [ 567950.70149601821322, 54555.851166259868478 ], [ 568000.157992644468322, 54555.855708684961428 ], [ 568000.160249050357379, 54531.292076094003278 ], [ 568024.888499735621735, 54531.29434752301313 ], [ 568024.886242509121075, 54555.85798113704368 ], [ 568074.342856588540599, 54555.862528530495183 ], [ 568074.34963014011737, 54482.171621589230199 ], [ 568049.621264491812326, 54482.16935054564965 ], [ 568049.619008478475735, 54506.732985156835639 ], [ 568000.162504439940676, 54506.728443519328721 ], [ 568000.167012170772068, 54457.601178412514855 ], [ 568024.895265315892175, 54457.603446772336611 ], [ 568024.899770630290732, 54408.476069155432924 ], [ 568000.171515847207047, 54408.473802841748693 ], [ 568000.173766156076454, 54383.910170348397514 ], [ 567975.445511598489247, 54383.907905881533225 ], [ 567975.447760073118843, 54359.344274420815054 ], [ 567901.263000095030293, 54359.337489028548589 ], [ 567901.25850703951437, 54408.464745828219748 ], [ 567876.530146125005558, 54408.462483624964079 ], [ 567876.532392341643572, 54383.898856241365138 ], [ 567851.804031650768593, 54383.896595883074042 ], [ 567851.806276035029441, 54359.332969530260016 ], [ 567802.349778637522832, 54359.328453345813614 ], [ 567802.352020382648334, 54334.764718520811584 ], [ 567752.895525445346721, 54334.760207668943622 ], [ 567752.900002607028, 54285.632963216266944 ], [ 567728.171755056013353, 54285.630711062789487 ], [ 567728.176226545125246, 54236.503358171394211 ], [ 567703.447867099195719, 54236.501108867261792 ], [ 567703.450100494665094, 54211.937599270451756 ], [ 567678.721852543065324, 54211.935351816187904 ], [ 567678.728544264100492, 54138.244273495161906 ], [ 567654.000294883386232, 54138.24202991562197 ], [ 567654.002522603259422, 54113.678522419613728 ], [ 567678.730772798298858, 54113.680764981298125 ], [ 567678.737452373141423, 54039.989797395792266 ], [ 567604.552697546780109, 54039.983081327089167 ], [ 567604.554919607006013, 54015.419465395068983 ], [ 567579.82655795419123, 54015.417229349259287 ], [ 567579.828778201597743, 53990.853503908641869 ], [ 567555.100528044393286, 53990.851269707440224 ], [ 567555.093866731156595, 54064.542221945615893 ], [ 567505.637263066717423, 54064.537749891642306 ], [ 567505.639482884085737, 54039.974138008241425 ], [ 567456.182992972433567, 54039.969671270118852 ], [ 567456.185210155206732, 54015.406061432986462 ], [ 567431.456965921795927, 54015.403830306240707 ], [ 567431.459181293961592, 53990.840110958299192 ], [ 567456.187426339951344, 53990.842341070529073 ], [ 567456.196280958945863, 53892.587901947757928 ], [ 567431.468032666482031, 53892.585675893569714 ], [ 567431.463608995545655, 53941.712893393720151 ], [ 567406.735363338259049, 53941.710666127561126 ], [ 567406.733150803134777, 53966.274273887654999 ], [ 567382.004906975547783, 53966.272046424775908 ], [ 567382.007118698908016, 53941.708439678448485 ], [ 567357.278763817739673, 53941.706214036370511 ], [ 567357.280973722692579, 53917.142608319554711 ], [ 567332.552730315132067, 53917.140384517566417 ], [ 567332.554938402608968, 53892.576779829876614 ], [ 567357.283182621235028, 53892.579002618840605 ], [ 567357.285390523145907, 53868.015286392772396 ], [ 567332.557145493803546, 53868.013064616839984 ], [ 567332.561556637752801, 53818.885855321925192 ], [ 567307.833311016322114, 53818.883636387225124 ], [ 567307.835514269536361, 53794.32003277655167 ], [ 567283.107157572871074, 53794.317815659342159 ], [ 567283.109359020949341, 53769.754102535582206 ], [ 567258.381225083838217, 53769.751887265047117 ], [ 567258.383424697793089, 53745.188396245837794 ], [ 567307.839917758479714, 53745.192825597114279 ], [ 567307.842118004104123, 53720.629111499445571 ], [ 567233.657266252208501, 53720.622471719427267 ], [ 567233.655068431864493, 53745.18618278134818 ], [ 567208.926824449095875, 53745.183970140897145 ], [ 567208.9246264527319, 53769.747459137412079 ], [ 567184.196384305018, 53769.745246300240979 ], [ 567184.194186093751341, 53794.30895537858305 ], [ 567159.465834487811662, 53794.306742335473245 ], [ 567159.454832463525236, 53917.124840750628209 ], [ 567184.183180017862469, 53917.127058845864667 ], [ 567184.180975792813115, 53941.690657479324727 ], [ 567208.909212268306874, 53941.692877392044466 ], [ 567208.907006227527745, 53966.256477052411356 ], [ 567233.635242917574942, 53966.258698793339136 ], [ 567233.633035060251132, 53990.822299480976653 ], [ 567208.904799182433635, 53990.820076728887216 ], [ 567208.898172011133283, 54064.510986396569933 ], [ 567184.169939598301426, 54064.508761429897277 ], [ 567184.167729349574074, 54089.072360160149401 ], [ 567159.439387482940219, 54089.07013499194727 ], [ 567159.43717703432776, 54113.633843263058225 ], [ 567134.70905954844784, 54113.631617924118473 ], [ 567134.706848930451088, 54138.195104131118569 ], [ 567060.522059940267354, 54138.188429964255192 ], [ 567060.51764055446256, 54187.315727982582757 ], [ 566986.332865576492622, 54187.30905514681217 ], [ 566986.335073320195079, 54162.74546442481369 ], [ 567011.063294344814494, 54162.747686871480255 ], [ 567011.067708458285779, 54113.620503454105346 ], [ 566961.611264153616503, 54113.61606341166771 ], [ 566961.61346809018869, 54089.052363210546901 ], [ 566936.885135374497622, 54089.050145415894804 ], [ 566936.880728148971684, 54138.17732274998707 ], [ 566887.424291539005935, 54138.172885612439131 ], [ 566887.419883562368341, 54187.300169526533864 ], [ 566837.963454280630685, 54187.295731645994238 ], [ 566837.961250419029966, 54211.859426880182582 ], [ 566813.232926841592416, 54211.857208155866829 ], [ 566813.224104712717235, 54310.111543099788832 ], [ 566788.49600795074366, 54310.109321197240206 ], [ 566788.493800739874132, 54334.672903967359161 ], [ 566837.950216179015115, 54334.677350625126564 ], [ 566837.948006324702874, 54359.241045956609014 ], [ 566862.67610347259324, 54359.243271515559172 ], [ 566862.671679151128046, 54408.370443174520915 ], [ 566837.943583639687859, 54408.368215604423312 ], [ 566837.941370798973367, 54432.931800449579896 ], [ 566813.213054577587172, 54432.929572678338445 ], [ 566813.217477622907609, 54383.80240501472872 ], [ 566788.489383314037696, 54383.80018009768537 ], [ 566788.491592521080747, 54359.236597288792836 ], [ 566739.035071486840025, 54359.232151904456259 ], [ 566739.028445782372728, 54432.922894341609208 ], [ 566590.659032922587357, 54432.909559909261588 ], [ 566590.656827265047468, 54457.473245270346524 ], [ 566565.928633239585906, 54457.471024752492667 ], [ 566565.924220598535612, 54506.598172456739121 ], [ 566516.467727548908442, 54506.593729881889885 ], [ 566516.465521376812831, 54531.157301753431966 ], [ 566491.737444107304327, 54531.155080719028774 ], [ 566491.733030413161032, 54580.282333045281121 ], [ 566467.004733231617138, 54580.280110816849628 ], [ 566467.002525720512494, 54604.843680736928945 ], [ 566516.458896887023002, 54604.848128000863653 ], [ 566516.454475587350316, 54653.975382432021433 ], [ 566491.726402424857952, 54653.973156395783008 ], [ 566491.724191121407785, 54678.536616829820559 ], [ 566516.4522634614259, 54678.538843866423122 ], [ 566516.450050321640447, 54703.102526387192484 ], [ 566541.17834540666081, 54703.104755272797775 ], [ 566541.173914518207312, 54752.231901301121979 ], [ 566615.358578319312073, 54752.238598918280331 ], [ 566615.365230579627678, 54678.547760355031642 ], [ 566664.821608909522183, 54678.552223558537662 ], [ 566664.819390832446516, 54703.11591208937898 ], [ 566689.547580695594661, 54703.118145936416113 ], [ 566689.552017478970811, 54653.990987955206947 ], [ 566763.736709310440347, 54653.997688455528987 ], [ 566763.738928683684207, 54629.433995943203627 ], [ 566788.467236332246102, 54629.436230101215187 ], [ 566788.473890910157934, 54555.745370712567819 ], [ 566862.658382197027095, 54555.7520690642923 ], [ 566862.660600852221251, 54531.188483132187685 ], [ 566961.573644275544211, 54531.197421844139171 ], [ 566961.575865212827921, 54506.633831902276143 ], [ 566986.304073789156973, 54506.636067632738559 ], [ 566986.306294545764104, 54482.072476693436329 ], [ 567035.762716373312287, 54482.076948615169385 ], [ 567035.760493976995349, 54506.640541570464848 ], [ 567085.217029501451179, 54506.645018820679979 ], [ 567085.228139667888172, 54383.826933609467233 ], [ 567060.499922947143205, 54383.824699621240143 ], [ 567060.506574568105862, 54310.133807499732939 ], [ 567035.778245119494386, 54310.131577350883163 ], [ 567035.7804595020134, 54285.567984531880938 ], [ 567134.693564075627364, 54285.576906006506761 ], [ 567134.695780722890049, 54261.01330916723964 ], [ 567109.967446607071906, 54261.011078569856181 ], [ 567109.971875259652734, 54211.883886953030014 ], [ 567159.428325233748183, 54211.888344910170417 ], [ 567159.430539696710184, 54187.324636574347096 ], [ 567184.158878304995596, 54187.326865784234542 ], [ 567184.152229477651417, 54261.017772807601432 ], [ 567233.60868229076732, 54261.022239735488256 ], [ 567233.606462377123535, 54285.585840617161011 ], [ 567258.334800763172098, 54285.588076335530786 ], [ 567258.332579027977772, 54310.151678244954383 ], [ 567307.789034695131704, 54310.156154152522504 ], [ 567307.786810320103541, 54334.71975810235017 ], [ 567332.515038855141029, 54334.721998302724387 ], [ 567332.521711413515732, 54261.031183463943307 ], [ 567307.793480427702889, 54261.028946301521501 ], [ 567307.795701795141213, 54236.465231858906918 ], [ 567332.523933597374707, 54236.467468008675496 ], [ 567332.526154754916206, 54211.903973646200029 ], [ 567406.71097002143506, 54211.910683994501596 ], [ 567406.70874641626142, 54236.474181397148641 ], [ 567456.165219211601652, 54236.478661090324749 ], [ 567456.162992946570739, 54261.04238161444664 ], [ 567480.891341340611689, 54261.044623718276853 ], [ 567480.88911326113157, 54285.608234732040728 ], [ 567530.345588920870796, 54285.612723416066729 ], [ 567530.341126468032598, 54334.739949553993938 ], [ 567555.06936420162674, 54334.742197161387594 ], [ 567555.064896066440269, 54383.869535937737965 ], [ 567579.793133178725839, 54383.8717864008795 ], [ 567579.790896783466451, 54408.435401559014281 ], [ 567653.975723099894822, 54408.442160952399718 ], [ 567653.969000472221524, 54482.133126213644573 ], [ 567604.512527672806755, 54482.128613030225097 ], [ 567604.514767917222343, 54457.564996806555428 ], [ 567555.058186297421344, 54457.560488947041449 ], [ 567555.060423903283663, 54432.996764237555908 ], [ 567505.6038447257597, 54432.992261709136073 ], [ 567505.608313614269719, 54383.86503747257666 ], [ 567480.880190848954953, 54383.862789490791329 ], [ 567480.869015147676691, 54506.680955669391551 ], [ 567505.597133817151189, 54506.683208727423334 ], [ 567505.59489483339712, 54531.246820918910089 ], [ 567555.051467453013174, 54531.251331573832431 ], [ 567555.04922581918072, 54555.814945813232043 ], [ 567579.777457194635645, 54555.817203390950453 ], [ 567579.775213720160536, 54580.380929198225203 ] ], [ [ 567060.403592018526979, 55440.060246633584029 ], [ 567010.947121372562833, 55440.055694398433843 ], [ 567010.949381000711583, 55415.492101833660854 ], [ 567060.405853314674459, 55415.49665205207566 ], [ 567060.403592018526979, 55440.060246633584029 ] ], [ [ 567357.182785626733676, 54997.942270066254423 ], [ 567357.185038812807761, 54973.378663649957161 ], [ 567381.913359280209988, 54973.380931854742812 ], [ 567381.911105266772211, 54997.94453928443545 ], [ 567357.182785626733676, 54997.942270066254423 ] ], [ [ 567975.438760069664568, 54457.598910877561138 ], [ 567975.441011601709761, 54433.035168839109247 ], [ 568000.169264522148296, 54433.037435351368913 ], [ 568000.167012170772068, 54457.601178412514855 ], [ 567975.438760069664568, 54457.598910877561138 ] ], [ [ 567233.610901209525764, 54236.458528328606917 ], [ 567258.339241228532046, 54236.460762023889401 ], [ 567258.33702149335295, 54261.024474442318024 ], [ 567233.60868229076732, 54261.022239735488256 ], [ 567233.610901209525764, 54236.458528328606917 ] ], [ [ 567579.779699649079703, 54531.253588135186874 ], [ 567604.508044153219089, 54531.255845532679814 ], [ 567604.505800878163427, 54555.819461805192987 ], [ 567579.777457194635645, 54555.817203390950453 ], [ 567579.779699649079703, 54531.253588135186874 ] ], [ [ 566714.295824376633391, 54482.047940107819159 ], [ 566739.024023649748415, 54482.050166578541393 ], [ 566739.021811092388816, 54506.613747460178274 ], [ 566714.293612639186904, 54506.611519985744962 ], [ 566714.295824376633391, 54482.047940107819159 ] ], [ [ 566961.499791915994138, 55341.79678343366686 ], [ 566986.227972395136021, 55341.799053417031246 ], [ 566986.225716603803448, 55366.362644924352935 ], [ 566961.497536957613192, 55366.360373933552182 ], [ 566961.499791915994138, 55341.79678343366686 ] ], [ [ 567678.656696776975878, 54924.280975969260908 ], [ 567703.384920918615535, 54924.283252952169278 ], [ 567703.382658163318411, 54948.84698409219709 ], [ 567678.654434848227538, 54948.844706091062108 ], [ 567678.656696776975878, 54924.280975969260908 ] ], [ [ 566763.754436301649548, 54457.48881201131735 ], [ 566837.939156949636526, 54457.495495846051199 ], [ 566837.936942111351527, 54482.059080723731313 ], [ 566763.752223922172561, 54482.052393874480913 ], [ 566763.754436301649548, 54457.48881201131735 ] ], [ [ 566862.667250822996721, 54457.497725427303521 ], [ 566887.395568249979988, 54457.499955853483698 ], [ 566887.397783737629652, 54432.936258445464773 ], [ 566912.126103010843508, 54432.938488690182567 ], [ 566912.123886703862809, 54457.502187104531913 ], [ 566936.851983618806116, 54457.504419160344696 ], [ 566936.84976550238207, 54482.068008062575245 ], [ 566887.393351772567257, 54482.063542742689606 ], [ 566887.391134295728989, 54506.627129654465534 ], [ 566862.662818508339114, 54506.624897216373938 ], [ 566862.667250822996721, 54457.497725427303521 ] ] ] } },
{ "type": "Feature", "properties": { "objectid": 483718, "pxlval": 1, "Shape__Area": 6.9135841975300022e-07, "Shape__Length": 0.004444446 }, "geometry": { "type": "Polygon", "coordinates": [ [ [ 567332.570366861647926, 53720.631326383532723 ], [ 567332.576963967294432, 53646.940402212894696 ], [ 567283.120351140270941, 53646.935979323272477 ], [ 567283.124740945990197, 53597.808774367164006 ], [ 567332.58135700027924, 53597.813193206900905 ], [ 567332.583552007563412, 53573.249588727921946 ], [ 567382.040173750021495, 53573.254008788615465 ], [ 567382.031381219741888, 53671.50854544777394 ], [ 567357.303017433150671, 53671.506330953110592 ], [ 567357.298616747371852, 53720.633542081326596 ], [ 567332.570366861647926, 53720.631326383532723 ] ] ] } },
{ "type": "Feature", "properties": { "objectid": 483719, "pxlval": 1, "Shape__Area": 4.4938281728380012e-06, "Shape__Length": 0.009333332 }, "geometry": { "type": "Polygon", "coordinates": [ [ [ 566689.68110941676423, 53204.738309077525628 ], [ 566689.704793723067269, 52934.538730695319828 ], [ 566838.074526445707306, 52934.551717347298109 ], [ 566838.070219618850388, 52983.678885128763795 ], [ 566887.52672791283112, 52983.683224443702784 ], [ 566887.520255385548808, 53057.374092810627189 ], [ 566912.248619943275116, 53057.376266700681299 ], [ 566912.242136033484712, 53131.067027687939117 ], [ 566936.970276655163616, 53131.069205382169457 ], [ 566936.968112542876042, 53155.632903951445769 ], [ 566912.239972720621154, 53155.630725250506657 ], [ 566912.235643114894629, 53204.757899359414296 ], [ 566689.68110941676423, 53204.738309077525628 ] ] ] } },
{ "type": "Feature", "properties": { "objectid": 483720, "pxlval": 1, "Shape__Area": 4.9382617284000016e-08, "Shape__Length": 0.000888888 }, "geometry": { "type": "Polygon", "coordinates": [ [ [ 566195.143838255433366, 52885.368424117266841 ], [ 566195.145967489457689, 52860.804866296610271 ], [ 566219.874198911827989, 52860.807009707321413 ], [ 566219.872068882337771, 52885.370568523896509 ], [ 566195.143838255433366, 52885.368424117266841 ] ] ] } },
{ "type": "Feature", "properties": { "objectid": 483721, "pxlval": 1, "Shape__Area": 1.1851868148160003e-06, "Shape__Length": 0.005777784 }, "geometry": { "type": "Polygon", "coordinates": [ [ [ 567035.894227111828513, 53008.259964163880795 ], [ 567035.896388412220404, 52983.696261659177253 ], [ 567060.624761448358186, 52983.698437345461571 ], [ 567060.629082618048415, 52934.5712514366096 ], [ 567035.900707988184877, 52934.569077767453564 ], [ 567035.911489417310804, 52811.750897232013813 ], [ 567110.096405716962181, 52811.75740549119655 ], [ 567110.087773038889281, 52910.011895670388185 ], [ 567134.816151498584077, 52910.014070735247515 ], [ 567134.809664067695849, 52983.704969199992775 ], [ 567085.353024209616706, 52983.700613824505126 ], [ 567085.350861314451322, 53008.264318346722575 ], [ 567035.894227111828513, 53008.259964163880795 ] ] ] } },
{ "type": "Feature", "properties": { "objectid": 483722, "pxlval": 1, "Shape__Area": 6.9135864197500021e-07, "Shape__Length": 0.00488889 }, "geometry": { "type": "Polygon", "coordinates": [ [ [ 566689.709087011520751, 52885.411464487246121 ], [ 566689.711232156027108, 52860.847886677576753 ], [ 566714.439594981493428, 52860.850046111489064 ], [ 566714.441739924601279, 52836.286467314239417 ], [ 566689.713376304018311, 52836.284308883688936 ], [ 566689.724082104978152, 52713.466309609626478 ], [ 566714.452449695905671, 52713.46846302337508 ], [ 566714.44602682965342, 52787.159199225789052 ], [ 566763.902537739253603, 52787.163514452717209 ], [ 566763.893953591235913, 52885.417948182774126 ], [ 566689.709087011520751, 52885.411464487246121 ] ] ] } },
{ "type": "Feature", "properties": { "objectid": 483723, "pxlval": 1, "Shape__Area": 4.9382839506000011e-08, "Shape__Length": 0.00088889 }, "geometry": { "type": "Polygon", "coordinates": [ [ [ 565997.338991015451029, 52639.715578642979381 ], [ 565997.34110402315855, 52615.152028933902329 ], [ 566022.069446647888981, 52615.154156019401853 ], [ 566022.067332848440856, 52639.717706721421564 ], [ 565997.338991015451029, 52639.715578642979381 ] ] ] } },
{ "type": "Feature", "properties": { "objectid": 483724, "pxlval": 1, "Shape__Area": 9.8765679012000021e-08, "Shape__Length": 0.001333334 }, "geometry": { "type": "Polygon", "coordinates": [ [ [ 566022.069446647888981, 52615.154156019401853 ], [ 566022.07155947026331, 52590.590494798190775 ], [ 566071.528026775456965, 52590.594749353898806 ], [ 566071.525912370183505, 52615.1584125621157 ], [ 566022.069446647888981, 52615.154156019401853 ] ] ] } },
{ "type": "Feature", "properties": { "objectid": 483725, "pxlval": 1, "Shape__Area": 2.3259256518516005e-05, "Shape__Length": 0.06444444 }, "geometry": { "type": "Polygon", "coordinates": [ [ [ 566195.150222999509424, 52811.677640161433374 ], [ 566195.152349265990779, 52787.114082388143288 ], [ 566244.608817896340042, 52787.118364033623948 ], [ 566244.606690041022375, 52811.681923799114884 ], [ 566269.335036335512996, 52811.684066827496281 ], [ 566269.328644435154274, 52885.374859749943425 ], [ 566294.056878082803451, 52885.377006559712754 ], [ 566294.052610269049183, 52934.5042407614892 ], [ 566566.063451740890741, 52934.527930541131354 ], [ 566566.06130758987274, 52959.091503387026023 ], [ 566590.789550908957608, 52959.093662813829724 ], [ 566590.798124738736078, 52860.839256977837067 ], [ 566566.069878235226497, 52860.837101557022834 ], [ 566566.074157594470307, 52811.709845466153638 ], [ 566590.802405687863939, 52811.711998883976776 ], [ 566590.806682647089474, 52762.584851394538418 ], [ 566566.078432965208776, 52762.582699979713652 ], [ 566566.082704357104376, 52713.455554556341667 ], [ 566590.810955625958741, 52713.457703968175338 ], [ 566590.813090622774325, 52688.894130278611556 ], [ 566615.541454980615526, 52688.896279496693751 ], [ 566615.560632312321104, 52467.823886898731871 ], [ 566665.01715573319234, 52467.82816966604878 ], [ 566665.019283146946691, 52443.26459312687075 ], [ 566615.562758147600107, 52443.260312364407582 ], [ 566615.573372411075979, 52320.44221884500439 ], [ 566590.844996203435585, 52320.440084655056125 ], [ 566590.853466534987092, 52222.185790994568379 ], [ 566541.396933414041996, 52222.181533021852374 ], [ 566541.401159477303736, 52173.054279749216221 ], [ 566516.672781577100977, 52173.052153941316647 ], [ 566516.679110856261104, 52099.361332428488822 ], [ 566541.407491109799594, 52099.36345523410273 ], [ 566541.405381553689949, 52123.92713708023075 ], [ 566566.133650757139549, 52123.929261666569801 ], [ 566566.144192482810467, 52001.111179184583307 ], [ 566541.415919362567365, 52001.109059603892092 ], [ 566541.41170722967945, 52050.236202117237553 ], [ 566491.955167157109827, 52050.231961316538218 ], [ 566491.950954171363264, 52099.359210431110114 ], [ 566467.222575932042673, 52099.35708920378238 ], [ 566467.220468728104606, 52123.920768048737955 ], [ 566491.948846183368005, 52123.922890276087855 ], [ 566491.942516276612878, 52197.613708840821346 ], [ 566393.029244472272694, 52197.605212694128568 ], [ 566393.027135661570355, 52222.168778068633401 ], [ 566343.57061864505522, 52222.164532751950901 ], [ 566343.568510413984768, 52246.728096145394375 ], [ 566368.296878914465196, 52246.730219415941974 ], [ 566368.294768905732781, 52271.293783823151898 ], [ 566294.109891338157468, 52271.287413411388115 ], [ 566294.105673066456802, 52320.414536285970826 ], [ 566269.377421215176582, 52320.412412407989905 ], [ 566269.385850650141947, 52222.158170709422848 ], [ 566294.114105647196993, 52222.160290599262225 ], [ 566294.116211315849796, 52197.59672921661695 ], [ 566219.931335710221902, 52197.590374900551978 ], [ 566219.918700985959731, 52344.971836031938437 ], [ 566170.462094611837529, 52344.967591822372924 ], [ 566170.455768624553457, 52418.658261354117712 ], [ 566195.184124591178261, 52418.660386053896218 ], [ 566195.182013152749278, 52443.22405413256638 ], [ 566343.551608856534585, 52443.236824938067002 ], [ 566343.549491703044623, 52467.800388472271152 ], [ 566318.821242584846914, 52467.798257022630423 ], [ 566318.814887545770034, 52541.488944726035697 ], [ 566343.543134293984622, 52541.491079168998112 ], [ 566343.538891064468771, 52590.618206384926452 ], [ 566318.810645897989161, 52590.616069946401694 ], [ 566318.804275984177366, 52664.306868420382671 ], [ 566294.076034183381125, 52664.304729786221287 ], [ 566294.073909682920203, 52688.868402007872646 ], [ 566145.704373460030183, 52688.855580968258437 ], [ 566145.702252736082301, 52713.419136687785794 ], [ 566096.245676083723083, 52713.414867396830232 ], [ 566096.252030544215813, 52639.724095711972041 ], [ 566071.523796987021342, 52639.721965251133952 ], [ 566071.519563249312341, 52688.849181217578007 ], [ 566046.791220986982808, 52688.847049557094579 ], [ 566046.789103434886783, 52713.410601299648988 ], [ 565972.604418871924281, 52713.404208156563982 ], [ 565972.608648242428899, 52664.277000103662431 ], [ 565997.336877021589316, 52664.279128367779776 ], [ 565997.338991015451029, 52639.715578642979381 ], [ 565898.425967463175766, 52639.707074331156036 ], [ 565898.421744818799198, 52688.83427640159789 ], [ 565923.150081082829274, 52688.836403273657197 ], [ 565923.14796749537345, 52713.399950053360953 ], [ 565898.419632024248131, 52713.397822189843282 ], [ 565898.413287732168101, 52787.088459649123251 ], [ 565873.685066927573644, 52787.086329620382458 ], [ 565873.678716147667728, 52860.777074789599283 ], [ 565898.406934567959979, 52860.77920779158012 ], [ 565898.404814880341291, 52885.342753690259997 ], [ 565997.31780667824205, 52885.351297682551376 ], [ 565997.313557970453985, 52934.478508004598552 ], [ 566046.770001033437438, 52934.482788774708752 ], [ 566046.774252925533801, 52885.355574480148789 ], [ 566022.046140572521836, 52885.35343569044926 ], [ 566022.048264237819239, 52860.789884830788651 ], [ 566071.504714090260677, 52860.794161243487906 ], [ 566071.50258883391507, 52885.35771409013978 ], [ 566145.687379983137362, 52885.364137707139889 ], [ 566145.689507625997066, 52860.800581877199875 ], [ 566170.417625779053196, 52860.802723676926689 ], [ 566170.421879699104466, 52811.675499532851973 ], [ 566195.150222999509424, 52811.677640161433374 ] ], [ [ 566120.965418673702516, 52811.671220694741351 ], [ 566120.967542556929402, 52787.107665906973125 ], [ 566170.424005171167664, 52787.111942755109339 ], [ 566170.421879699104466, 52811.675499532851973 ], [ 566120.965418673702516, 52811.671220694741351 ] ], [ [ 566071.511083944933489, 52787.103392257049563 ], [ 566071.513205252005719, 52762.53983947353845 ], [ 566120.969665452139452, 52762.544111134971899 ], [ 566120.967542556929402, 52787.107665906973125 ], [ 566071.511083944933489, 52787.103392257049563 ] ], [ [ 566467.15679098223336, 52860.828487870800018 ], [ 566442.428549515083432, 52860.826336453355907 ], [ 566442.430685711558908, 52836.262768672575476 ], [ 566516.615415532141924, 52836.269222326911404 ], [ 566516.613276950316504, 52860.832793107714679 ], [ 566491.885144743369892, 52860.830640098611184 ], [ 566491.883005963056348, 52885.394209894817322 ], [ 566467.15465299738571, 52885.392056666998542 ], [ 566467.15679098223336, 52860.828487870800018 ] ], [ [ 566318.789378169341944, 52836.252028578383033 ], [ 566343.517615404562093, 52836.254174994690402 ], [ 566343.519747438491322, 52811.690500683274877 ], [ 566417.70457885961514, 52811.696941748079553 ], [ 566417.700309040024877, 52860.824185836587276 ], [ 566318.787245948798954, 52860.815591366561421 ], [ 566318.789378169341944, 52836.252028578383033 ] ], [ [ 566516.649497690028511, 52443.251760352446581 ], [ 566393.00811169994995, 52443.241088224829582 ], [ 566393.010229449369945, 52418.677412168355659 ], [ 566368.282088016858324, 52418.675281135911064 ], [ 566368.286318943602964, 52369.548152149494854 ], [ 566467.199342136387713, 52369.556673088838579 ], [ 566467.197224016301334, 52394.120241570548387 ], [ 566491.925592822371982, 52394.122374798076635 ], [ 566491.92771173059009, 52369.558805316351936 ], [ 566516.655859770486131, 52369.560938317903492 ], [ 566516.657978472765535, 52344.997367851472518 ], [ 566541.386350868968293, 52344.999500664700463 ], [ 566541.379989415523596, 52418.69021511325991 ], [ 566566.108249181415886, 52418.692351713136304 ], [ 566566.1061259098351, 52443.256034769721737 ], [ 566590.834385880618356, 52443.258173165071639 ], [ 566590.832260834635235, 52467.821746697525668 ], [ 566566.104001653031446, 52467.819607300669304 ], [ 566566.093365448643453, 52590.637470197063521 ], [ 566516.636746710864827, 52590.633183768484741 ], [ 566516.649497690028511, 52443.251760352446581 ] ] ] } },
{ "type": "Feature", "properties": { "objectid": 483726, "pxlval": 1, "Shape__Area": 3.9506160493800009e-07, "Shape__Length": 0.00311111 }, "geometry": { "type": "Polygon", "coordinates": [ [ [ 562782.751861136755906, 51681.471207319140376 ], [ 562782.753834619419649, 51656.907784133130917 ], [ 562758.025700412574224, 51656.90579828058253 ], [ 562758.029643009766005, 51607.778953843328054 ], [ 562807.485915495781228, 51607.7829225532696 ], [ 562807.487886940245517, 51583.219498462742195 ], [ 562832.216136666014791, 51583.221483054207056 ], [ 562832.2102171870647, 51656.911758194451977 ], [ 562807.481969791231677, 51656.909770768106682 ], [ 562807.479995531146415, 51681.47319489869551 ], [ 562782.751861136755906, 51681.471207319140376 ] ] ] } },
{ "type": "Feature", "properties": { "objectid": 483727, "pxlval": 1, "Shape__Area": 1.8271599506180006e-06, "Shape__Length": 0.006666666 }, "geometry": { "type": "Polygon", "coordinates": [ [ [ 566318.888474773149937, 51681.763379269403231 ], [ 566318.890559424879029, 51657.199817230801273 ], [ 566294.162285447004251, 51657.197719490381132 ], [ 566294.166450223652646, 51608.070597454287054 ], [ 566244.70979091222398, 51608.066408298756869 ], [ 566244.713948631077074, 51558.939179770532064 ], [ 566318.898888131021522, 51558.945458689406223 ], [ 566318.90096782753244, 51534.381896727907588 ], [ 566368.357637819251977, 51534.386084585814388 ], [ 566368.359718075254932, 51509.822520643778262 ], [ 566393.087888436159119, 51509.82461473094736 ], [ 566393.08372538164258, 51558.951744627462176 ], [ 566442.540399867692031, 51558.9559391670482 ], [ 566442.529967092908919, 51681.773884710244602 ], [ 566318.888474773149937, 51681.763379269403231 ] ] ] } },
{ "type": "Feature", "properties": { "objectid": 483730, "pxlval": 1, "Shape__Area": 2.3012342987657006e-05, "Shape__Length": 0.05688888 }, "geometry": { "type": "Polygon", "coordinates": [ [ [ 566838.083128123660572, 52836.297271432733396 ], [ 566838.08097920473665, 52860.86085525235103 ], [ 566887.53749546140898, 52860.865184509537357 ], [ 566887.539645970682614, 52836.301598678372102 ], [ 566912.268017698195763, 52836.303763511386933 ], [ 566912.270168012357317, 52811.740066148318874 ], [ 566961.726693530217744, 52811.744396182002674 ], [ 566961.72884442366194, 52787.180807362296036 ], [ 566986.457109502051026, 52787.182972571587015 ], [ 566986.45926018897444, 52762.619382760196459 ], [ 566912.274465621681884, 52762.61289255223528 ], [ 566912.276612926507369, 52738.049305777843983 ], [ 566937.004766291473061, 52738.0514673648795 ], [ 566937.006913389777765, 52713.487879599539156 ], [ 566961.735291100223549, 52713.490040997763572 ], [ 566961.741728780907579, 52639.799164233583724 ], [ 566912.285192156676203, 52639.794848296391137 ], [ 566912.287334462162107, 52615.231261600703874 ], [ 566887.558955594780855, 52615.229105824728322 ], [ 566887.561096118413843, 52590.665409616020042 ], [ 566813.376185801811516, 52590.658950106051634 ], [ 566813.397512295516208, 52345.023013852827717 ], [ 566887.582446295069531, 52345.02944319503149 ], [ 566887.584575823973864, 52320.465747152462427 ], [ 566912.31296416465193, 52320.467890852349228 ], [ 566912.317221778444946, 52271.340717884158948 ], [ 566937.045390153070912, 52271.342860343836946 ], [ 566937.051771432394162, 52197.65209798853175 ], [ 566912.323600700008683, 52197.649958548958239 ], [ 566912.325725017115474, 52173.086261593729432 ], [ 566937.053896534605883, 52173.088400026594172 ], [ 566937.058143719099462, 52123.961225232196739 ], [ 566961.786540358327329, 52123.963362460403005 ], [ 566961.784416481736116, 52148.526950856889016 ], [ 566986.512702085427009, 52148.529089872441546 ], [ 566986.516950415913016, 52099.401800545056176 ], [ 566912.332091949530877, 52099.39539191055519 ], [ 566912.351138734025881, 51878.323004758320167 ], [ 566887.622736283345148, 51878.320879172577406 ], [ 566887.626956350402907, 51829.193598235789977 ], [ 566862.898553366423585, 51829.191475447798439 ], [ 566862.904873627936468, 51755.500612453593931 ], [ 566838.176691860426217, 51755.498493486527877 ], [ 566838.187201751279645, 51632.680467517064244 ], [ 566813.458794565289281, 51632.678354341005615 ], [ 566813.460892768576741, 51608.114772306915256 ], [ 566862.917487164377235, 51608.118997411278542 ], [ 566862.923780448851176, 51534.428134827692702 ], [ 566838.195591687806882, 51534.426024910942942 ], [ 566838.197686672676355, 51509.86244193327002 ], [ 566862.925876208813861, 51509.86455084442423 ], [ 566862.932157503440976, 51436.173688445560401 ], [ 566887.66057291731704, 51436.175795137991372 ], [ 566887.662665454437956, 51411.61221021025267 ], [ 566912.391082669142634, 51411.614316675448208 ], [ 566912.393174980068579, 51387.050730756731355 ], [ 566937.121371428249404, 51387.052836974988168 ], [ 566937.123463512281887, 51362.489250064914813 ], [ 566961.851884286152199, 51362.491356073391216 ], [ 566961.856067007756792, 51313.364069743729488 ], [ 566986.584379075211473, 51313.366174505805247 ], [ 566986.586469702189788, 51288.802585627185181 ], [ 566961.858156862901524, 51288.800481872574892 ], [ 566961.860245726886205, 51264.236783481654129 ], [ 566937.131821864866652, 51264.234681501540763 ], [ 566937.133908938267268, 51239.67120520320168 ], [ 566912.405707857804373, 51239.669105025197496 ], [ 566912.409877490834333, 51190.541822876337392 ], [ 566937.138080112519674, 51190.543921040916757 ], [ 566937.140164194512181, 51165.980334253399633 ], [ 566912.411960802855901, 51165.978237095521763 ], [ 566912.414043114986271, 51141.414651329985645 ], [ 566887.685617413721047, 51141.412555934599368 ], [ 566887.687697966000997, 51116.848860649341077 ], [ 566862.959272522479296, 51116.846767034570803 ], [ 566862.96135129686445, 51092.283183311919856 ], [ 566838.233148638973944, 51092.281091495839064 ], [ 566838.231070633395575, 51116.844674212901737 ], [ 566813.502647214569151, 51116.84258214665897 ], [ 566813.50472445122432, 51092.279000434828049 ], [ 566739.319791758665815, 51092.272731923367246 ], [ 566739.31564089236781, 51141.399999876746733 ], [ 566714.58733355300501, 51141.397909913226613 ], [ 566714.581102097639814, 51215.088643134717131 ], [ 566665.124383801477961, 51215.084459503093967 ], [ 566665.122306188102812, 51239.648145809114794 ], [ 566689.850608429173008, 51239.65023823534284 ], [ 566689.848529067123309, 51264.213704483336187 ], [ 566665.120227597071789, 51264.21161105412466 ], [ 566665.116067398572341, 51313.338873195192718 ], [ 566640.387768481508829, 51313.336778537232021 ], [ 566640.385687655536458, 51337.900463895639405 ], [ 566665.11398580041714, 51337.902559556234337 ], [ 566665.107735056662932, 51411.593287132593105 ], [ 566714.564440999762155, 51411.597486815124284 ], [ 566714.562353878631257, 51436.161064708896447 ], [ 566689.833945544669405, 51436.158963470174058 ], [ 566689.827680513844825, 51509.849804774930817 ], [ 566739.284382280078717, 51509.854014043339703 ], [ 566739.280197514803149, 51558.981171976760379 ], [ 566714.551903309882618, 51558.979064949715394 ], [ 566714.547716098139063, 51608.106331478622451 ], [ 566689.819313190528192, 51608.104223216323589 ], [ 566689.802530709072016, 51804.613060833442432 ], [ 566714.530927392770536, 51804.615177122686873 ], [ 566714.524615176487714, 51878.306022132077487 ], [ 566739.252899265382439, 51878.308142207686615 ], [ 566739.2486845809035, 51927.435300604687654 ], [ 566714.520402053953148, 51927.433178521612717 ], [ 566714.514074893202633, 52001.123913228570018 ], [ 566739.24235507461708, 52001.126038322843669 ], [ 566739.244465897907503, 51976.562569605070166 ], [ 566763.972747860825621, 51976.564694482898631 ], [ 566763.970636255340651, 52001.128164204768836 ], [ 566788.699029737734236, 52001.130290883920679 ], [ 566788.69268654845655, 52074.821145296446048 ], [ 566763.964295414974913, 52074.819015603839944 ], [ 566763.960063196369447, 52123.946286798964138 ], [ 566739.231785932322964, 52123.944155896504526 ], [ 566739.225432481151074, 52197.63500452304288 ], [ 566714.497158570913598, 52197.632871398898715 ], [ 566714.480178463971242, 52394.141609490972769 ], [ 566739.208446079515852, 52394.143750644972897 ], [ 566739.202059717499651, 52467.83459978710016 ], [ 566763.930325965746306, 52467.836744747015473 ], [ 566763.928194397361949, 52492.400325316077215 ], [ 566739.199928938644007, 52492.398179352057923 ], [ 566739.195664389291778, 52541.525338529005239 ], [ 566763.923928267555311, 52541.527486501225212 ], [ 566763.92179370613303, 52566.091067117340572 ], [ 566739.193530618562363, 52566.08891814101662 ], [ 566739.191395850619301, 52590.652497775030497 ], [ 566763.919658147147857, 52590.654647755451151 ], [ 566763.917521580820903, 52615.218338938044326 ], [ 566788.645895387395285, 52615.220490729218 ], [ 566788.643757041078061, 52639.784072396949341 ], [ 566813.371908514527604, 52639.786225970550731 ], [ 566813.369768378091976, 52664.349808658851543 ], [ 566838.098142609582283, 52664.3519640543891 ], [ 566838.096000672550872, 52688.915658304998942 ], [ 566788.639477344928309, 52688.911346320950543 ], [ 566788.637336004525423, 52713.474928035895573 ], [ 566838.093857746222056, 52713.479242030007299 ], [ 566838.087422974873334, 52787.169993299525231 ], [ 566788.630905995261855, 52787.165673275238078 ], [ 566788.628760662744753, 52811.729255053214729 ], [ 566813.356906582950614, 52811.731415660695347 ], [ 566813.354759447975084, 52836.295109000639059 ], [ 566838.083128123660572, 52836.297271432733396 ] ], [ [ 566764.012679035076872, 51509.85611984312709 ], [ 566788.741088091861457, 51509.858226432610536 ], [ 566788.73899465741124, 51534.421807400212856 ], [ 566764.010586375952698, 51534.419699806247081 ], [ 566764.012679035076872, 51509.85611984312709 ] ], [ [ 566689.840201597078703, 51362.468232845050807 ], [ 566689.842284954735078, 51337.904655994432687 ], [ 566714.570696381386369, 51337.906753219685925 ], [ 566714.568612251197919, 51362.470331073665875 ], [ 566689.840201597078703, 51362.468232845050807 ] ], [ [ 566739.296912650344893, 51362.472430070825794 ], [ 566739.294826750061475, 51387.036008937611768 ], [ 566714.566527123912238, 51387.033908936718944 ], [ 566714.568612251197919, 51362.470331073665875 ], [ 566739.296912650344893, 51362.472430070825794 ] ] ] } },
{ "type": "Feature", "properties": { "objectid": 483731, "pxlval": 1, "Shape__Area": 2.4691375308600009e-07, "Shape__Length": 0.002666664 }, "geometry": { "type": "Polygon", "coordinates": [ [ [ 566714.595628212322481, 51043.143488623820303 ], [ 566714.599769555730745, 50994.016333341300196 ], [ 566739.328081505256705, 50994.018417282393784 ], [ 566739.326010573888198, 51018.581885384723137 ], [ 566764.054322755313478, 51018.583971102321811 ], [ 566764.056394454091787, 50994.02050199588848 ], [ 566788.784819704829715, 50994.02258749117027 ], [ 566788.780673755682074, 51043.149748798350629 ], [ 566714.595628212322481, 51043.143488623820303 ] ] ] } },
{ "type": "Feature", "properties": { "objectid": 483734, "pxlval": 1, "Shape__Area": 4.8395073827150016e-06, "Shape__Length": 0.020888886 }, "geometry": { "type": "Polygon", "coordinates": [ [ [ 564390.194152168696746, 50330.609140462081996 ], [ 564439.650631537195295, 50330.613111582882993 ], [ 564439.656546478974633, 50256.922541715925036 ], [ 564390.200062570162117, 50256.918576408876106 ], [ 564390.203998029697686, 50207.791496941179503 ], [ 564365.475644745980389, 50207.789517357392469 ], [ 564365.477610272937454, 50183.226033881786861 ], [ 564340.749479758436792, 50183.224056044309691 ], [ 564340.757329239160754, 50084.970015623068321 ], [ 564316.028974143438973, 50084.968042398548278 ], [ 564316.021127679850906, 50183.222078949147544 ], [ 564241.836299813468941, 50183.216152242122917 ], [ 564241.834338062792085, 50207.779630881312187 ], [ 564192.377866714145057, 50207.775681617808004 ], [ 564192.371980229159817, 50281.466222370465402 ], [ 564142.915406028507277, 50281.462270348565653 ], [ 564142.913443464669399, 50306.025745185397682 ], [ 564068.728647351730615, 50306.019819976063445 ], [ 564068.726686091860756, 50330.583402469579596 ], [ 563895.629016108578071, 50330.569596924709913 ], [ 563895.627059202175587, 50355.133062161607086 ], [ 563870.898841156973504, 50355.131092030576838 ], [ 563870.894925995962694, 50404.258020633897104 ], [ 563920.351471286965534, 50404.261965512116149 ], [ 563920.3553894800134, 50355.135033064216259 ], [ 563945.083498187479563, 50355.13700471179618 ], [ 563945.077617190545425, 50428.827406288219208 ], [ 563969.805947130080312, 50428.829381602488866 ], [ 563969.807909176452085, 50404.265913435287075 ], [ 564019.26435095211491, 50404.269864412279276 ], [ 564019.266313567874022, 50379.706283794053888 ], [ 564043.994647931307554, 50379.708259473431099 ], [ 564043.992684557451867, 50404.271841054847755 ], [ 564068.720796594396234, 50404.273818443085474 ], [ 564068.718831513775513, 50428.837290462302917 ], [ 564142.903616259456612, 50428.843230136269995 ], [ 564142.905583615764044, 50404.279755224131804 ], [ 564192.362150241970085, 50404.283716898426064 ], [ 564192.364118164987303, 50379.720129530025588 ], [ 564217.09234804904554, 50379.722110542104929 ], [ 564217.094315752852708, 50355.158743298430636 ], [ 564241.822547381394543, 50355.160724107430724 ], [ 564241.824514891952276, 50330.597245378048683 ], [ 564266.552859524148516, 50330.599225992140418 ], [ 564266.554826840641908, 50306.035635776679555 ], [ 564291.28306191554293, 50306.037616177287418 ], [ 564291.281093841884285, 50330.601207359657565 ], [ 564316.00932914740406, 50330.603189489520446 ], [ 564316.011297978111543, 50306.039597339862667 ], [ 564390.196123270550743, 50306.045545408320322 ], [ 564390.194152168696746, 50330.609140462081996 ] ], [ [ 564390.198093401500955, 50281.482060904229002 ], [ 564414.926222828449681, 50281.484044136981538 ], [ 564414.924251940799877, 50306.047529609844787 ], [ 564390.196123270550743, 50306.045545408320322 ], [ 564390.198093401500955, 50281.482060904229002 ] ], [ [ 564340.74554924480617, 50232.351131609109871 ], [ 564365.473678248468786, 50232.353111382632051 ], [ 564365.471710797981359, 50256.916594888272812 ], [ 564340.743582550319843, 50256.914614146720851 ], [ 564340.74554924480617, 50232.351131609109871 ] ] ] } },
{ "type": "Feature", "properties": { "objectid": 483735, "pxlval": 1, "Shape__Area": 8.8888866666600024e-07, "Shape__Length": 0.00488889 }, "geometry": { "type": "Polygon", "coordinates": [ [ [ 566788.840399340726435, 50330.805252536978514 ], [ 566788.844487412599847, 50281.677981572676799 ], [ 566739.387705022934824, 50281.673869613361603 ], [ 566739.389746044529602, 50257.110291423581657 ], [ 566714.661411243490875, 50257.10823759471532 ], [ 566714.667526066768914, 50183.417395610478707 ], [ 566788.852651570690796, 50183.423550353007158 ], [ 566788.850612030597404, 50207.98713050007791 ], [ 566838.307291725184768, 50207.991239466318802 ], [ 566838.303206618293189, 50257.118514360721747 ], [ 566813.574756507063285, 50257.116457477633958 ], [ 566813.568623630679213, 50330.807311654883961 ], [ 566788.840399340726435, 50330.805252536978514 ] ] ] } },
{ "type": "Feature", "properties": { "objectid": 483736, "pxlval": 1, "Shape__Area": 1.4814807407400004e-07, "Shape__Length": 0.001777778 }, "geometry": { "type": "Polygon", "coordinates": [ [ [ 564761.165488291648217, 49741.114360965388187 ], [ 564761.16744752402883, 49716.550751699855027 ], [ 564736.439175813808106, 49716.548780197357701 ], [ 564736.441133321728557, 49691.985282455359993 ], [ 564785.897679204470478, 49691.989224265060329 ], [ 564785.893760220264085, 49741.116334195285162 ], [ 564761.165488291648217, 49741.114360965388187 ] ] ] } },
{ "type": "Feature", "properties": { "objectid": 483737, "pxlval": 1, "Shape__Area": 9.8765234568000032e-08, "Shape__Length": 0.001333332 }, "geometry": { "type": "Polygon", "coordinates": [ [ [ 564761.171363067929633, 49667.423754276460386 ], [ 564761.175274740788154, 49618.29675691875309 ], [ 564785.903550406801514, 49618.298725276872574 ], [ 564785.899637239985168, 49667.425724583292322 ], [ 564761.171363067929633, 49667.423754276460386 ] ] ] } },
{ "type": "Feature", "properties": { "objectid": 483738, "pxlval": 1, "Shape__Area": 4.9383061729000014e-08, "Shape__Length": 0.000888892 }, "geometry": { "type": "Polygon", "coordinates": [ [ [ 564711.718615048797801, 49618.292822448318475 ], [ 564711.720567949698307, 49593.729215204628417 ], [ 564736.44895368872676, 49593.731181094874046 ], [ 564736.447000041371211, 49618.29478931218182 ], [ 564711.718615048797801, 49618.292822448318475 ] ] ] } },
{ "type": "Feature", "properties": { "objectid": 483739, "pxlval": 1, "Shape__Area": 4.9382395062000014e-08, "Shape__Length": 0.000888886 }, "geometry": { "type": "Polygon", "coordinates": [ [ [ 564810.63389423082117, 49593.737083255029575 ], [ 564810.635849139885977, 49569.173582664174319 ], [ 564835.364016984240152, 49569.175550566353195 ], [ 564835.362061329185963, 49593.739052132303186 ], [ 564810.63389423082117, 49593.737083255029575 ] ] ] } },
{ "type": "Feature", "properties": { "objectid": 483740, "pxlval": 1, "Shape__Area": 4.9382395062000014e-08, "Shape__Length": 0.000888886 }, "geometry": { "type": "Polygon", "coordinates": [ [ [ 566838.422037664917298, 48807.865753726386174 ], [ 566838.424021784914657, 48783.302172412120854 ], [ 566863.152295070933178, 48783.30416970182705 ], [ 566863.150310216704383, 48807.867752021695196 ], [ 566838.422037664917298, 48807.865753726386174 ] ] ] } },
{ "type": "Feature", "properties": { "objectid": 483741, "pxlval": 1, "Shape__Area": 4.9383061729000014e-08, "Shape__Length": 0.000888892 }, "geometry": { "type": "Polygon", "coordinates": [ [ [ 566887.880791912088171, 48783.306167748422013 ], [ 566887.882776509854011, 48758.742473902078927 ], [ 566912.611275111907162, 48758.744471681246068 ], [ 566912.609289780259132, 48783.308166533955955 ], [ 566887.880791912088171, 48783.306167748422013 ] ] ] } },
{ "type": "Feature", "properties": { "objectid": 483742, "pxlval": 1, "Shape__Area": 7.4074103703700015e-07, "Shape__Length": 0.00488889 }, "geometry": { "type": "Polygon", "coordinates": [ [ [ 564909.607257356517948, 48832.275667620473541 ], [ 564909.609185180976056, 48807.712163576681633 ], [ 564884.88088017096743, 48807.710223675945599 ], [ 564884.884731450700201, 48758.583107062419003 ], [ 564835.42801014019642, 48758.579233372729504 ], [ 564835.431854599853978, 48709.452231254872459 ], [ 564909.616886787815019, 48709.458037037766189 ], [ 564909.614962843246758, 48734.02154101695487 ], [ 564934.343271051649936, 48734.023478727191105 ], [ 564934.341345403692685, 48758.586983697539836 ], [ 564983.798074563732371, 48758.590863295525196 ], [ 564983.796146469074301, 48783.15448076948087 ], [ 564959.067837763694115, 48783.152539628244995 ], [ 564959.065909440862015, 48807.716045604720421 ], [ 564934.337491187965497, 48807.714104216691339 ], [ 564934.335562629043125, 48832.277609237076831 ], [ 564909.607257356517948, 48832.275667620473541 ] ] ] } },
{ "type": "Feature", "properties": { "objectid": 483743, "pxlval": 1, "Shape__Area": 4.9382839506000011e-08, "Shape__Length": 0.00088889 }, "geometry": { "type": "Polygon", "coordinates": [ [ [ 566813.699490754050203, 48734.172904733975884 ], [ 566813.701471144682728, 48709.609324468663544 ], [ 566838.429968161392026, 48709.611318021692568 ], [ 566838.427987037692219, 48734.174899292251212 ], [ 566813.699490754050203, 48734.172904733975884 ] ] ] } },
{ "type": "Feature", "properties": { "objectid": 483744, "pxlval": 1, "Shape__Area": 1.777778e-06, "Shape__Length": 0.007555556 }, "geometry": { "type": "Polygon", "coordinates": [ [ [ 566541.673265581717715, 48906.096219503589964 ], [ 566541.681176773738116, 48807.841831712539715 ], [ 566566.409548484021798, 48807.843821145354013 ], [ 566566.411524528171867, 48783.280250868243456 ], [ 566591.139897966524586, 48783.282240038832242 ], [ 566591.145822339691222, 48709.591415755377966 ], [ 566615.874310274957679, 48709.593402668149793 ], [ 566615.872335748863406, 48734.156974904959498 ], [ 566665.329090617829934, 48734.160952930928033 ], [ 566665.333041606005281, 48685.033804455786594 ], [ 566690.06142202753108, 48685.03579257002275 ], [ 566690.049552697804756, 48832.417354717006674 ], [ 566714.778040990233421, 48832.419349597912515 ], [ 566714.776058547198772, 48856.982925918884575 ], [ 566640.590821429621428, 48856.976940504086087 ], [ 566640.588840186595917, 48881.540624365654367 ], [ 566615.860467670019716, 48881.538629708185908 ], [ 566615.85848617576994, 48906.102202047084575 ], [ 566541.673265581717715, 48906.096219503589964 ] ] ] } },
{ "type": "Feature", "properties": { "objectid": 483745, "pxlval": 1, "Shape__Area": 1.8765436790130006e-06, "Shape__Length": 0.012444444 }, "geometry": { "type": "Polygon", "coordinates": [ [ [ 566912.611275111907162, 48758.744471681246068 ], [ 566912.613259434700012, 48734.180887378170155 ], [ 566937.341537229483947, 48734.182884871181159 ], [ 566937.34352128545288, 48709.619299575955665 ], [ 566962.072023366810754, 48709.621296818018891 ], [ 566962.074007155257277, 48685.057710523949936 ], [ 566986.802399717620574, 48685.059707487358537 ], [ 566986.80438324669376, 48660.49600967157312 ], [ 567011.532777544576675, 48660.49800636456348 ], [ 567011.534760795650072, 48635.934418090553663 ], [ 567085.720063280663453, 48635.940409575137892 ], [ 567085.722047725110315, 48611.376818289892981 ], [ 567135.178959675366059, 48611.380814280360937 ], [ 567135.180944579886273, 48586.817220990596979 ], [ 567184.637750796391629, 48586.821217896824237 ], [ 567184.639736168319359, 48562.257512059659348 ], [ 567308.281884428113699, 48562.267512155427539 ], [ 567308.283872439642437, 48537.703911816352047 ], [ 567382.469220316619612, 48537.709917665160901 ], [ 567382.465238894918002, 48586.837234977567277 ], [ 567283.551375418785028, 48586.82922054061055 ], [ 567283.549386126920581, 48611.392819896398578 ], [ 567184.635764429462142, 48611.384813207107072 ], [ 567184.63377705856692, 48635.948408531912719 ], [ 567110.448462383123115, 48635.942408207047265 ], [ 567110.446476204204373, 48660.50600051615038 ], [ 567085.71807783364784, 48660.50400087491289 ], [ 567085.71609137521591, 48685.067702724321862 ], [ 567036.259187877643853, 48685.063703626474307 ], [ 567036.257201891043223, 48709.627292944074725 ], [ 567011.52880802936852, 48709.625293497585517 ], [ 567011.526821774081327, 48734.188881815221976 ], [ 566986.798429674352519, 48734.186882098700153 ], [ 566986.796443151193671, 48758.750469423059258 ], [ 566912.611275111907162, 48758.744471681246068 ] ] ] } },
{ "type": "Feature", "properties": { "objectid": 483751, "pxlval": 1, "Shape__Area": 4.9382617283000014e-08, "Shape__Length": 0.000888888 }, "geometry": { "type": "Polygon", "coordinates": [ [ [ 564489.254401719896123, 48463.790020249631198 ], [ 564489.256302593625151, 48439.226643510017311 ], [ 564513.984714191523381, 48439.228557036884013 ], [ 564513.982812588918023, 48463.791934746775951 ], [ 564489.254401719896123, 48463.790020249631198 ] ] ] } },
{ "type": "Feature", "properties": { "objectid": 483752, "pxlval": 1, "Shape__Area": 4.9382839506000011e-08, "Shape__Length": 0.00088889 }, "geometry": { "type": "Polygon", "coordinates": [ [ [ 564143.0674198664492, 48340.945815417871927 ], [ 564143.069305750308558, 48316.382341760676354 ], [ 564167.797707335324958, 48316.384240190425771 ], [ 564167.795820724335499, 48340.94771481268981 ], [ 564143.0674198664492, 48340.945815417871927 ] ] ] } },
{ "type": "Feature", "properties": { "objectid": 483753, "pxlval": 1, "Shape__Area": 4.9382617284000016e-08, "Shape__Length": 0.000888888 }, "geometry": { "type": "Polygon", "coordinates": [ [ [ 566319.162890113540925, 48341.115764487527485 ], [ 566319.16483998647891, 48316.55220448084583 ], [ 566343.893217240227386, 48316.554167304093426 ], [ 566343.891266640275717, 48341.117728308563528 ], [ 566319.162890113540925, 48341.115764487527485 ] ] ] } },
{ "type": "Feature", "properties": { "objectid": 483754, "pxlval": 1, "Shape__Area": 4.9382839506000011e-08, "Shape__Length": 0.00088889 }, "geometry": { "type": "Polygon", "coordinates": [ [ [ 565478.399717975640669, 48316.485903868859168 ], [ 565478.401642146985978, 48291.922377580442117 ], [ 565503.130097482120618, 48291.924314544514345 ], [ 565503.128172584110871, 48316.487841818081506 ], [ 565478.399717975640669, 48316.485903868859168 ] ] ] } },
{ "type": "Feature", "properties": { "objectid": 483755, "pxlval": 1, "Shape__Area": 0.00025930864802469307, "Shape__Length": 0.546666624 }, "geometry": { "type": "Polygon", "coordinates": [ [ [ 564711.706877380143851, 49765.673913555081526 ], [ 564662.250341867562383, 49765.669970423092309 ], [ 564662.25425530411303, 49716.542870199264144 ], [ 564637.525987527100369, 49716.54090170894051 ], [ 564637.527942043612711, 49691.977407859150844 ], [ 564588.071296628098935, 49691.973475072656584 ], [ 564588.073248683940619, 49667.409983175311936 ], [ 564563.344982346985489, 49667.408018886875652 ], [ 564563.346932690474205, 49642.844527982051659 ], [ 564538.618666569935158, 49642.84256541691866 ], [ 564538.614766412647441, 49691.969545305699285 ], [ 564489.158128830138594, 49691.965618540583819 ], [ 564489.156178800622001, 49716.529106563219102 ], [ 564464.428029132657684, 49716.527143353028805 ], [ 564464.426078878808767, 49741.090740955267393 ], [ 564414.969338870374486, 49741.086814820002473 ], [ 564414.961534241563641, 49839.340866025471769 ], [ 564390.233391257119365, 49839.338900230541185 ], [ 564390.231438445742242, 49863.902384465138311 ], [ 564489.144458368537016, 49863.910256086957816 ], [ 564489.146414180169813, 49839.346767975046532 ], [ 564588.059564007795416, 49839.354647806845605 ], [ 564588.061521854484454, 49814.791155826540489 ], [ 564612.789895966765471, 49814.793126706652401 ], [ 564612.784017272293568, 49888.483716142203775 ], [ 564563.32738581369631, 49888.479769315978047 ], [ 564563.325425822404213, 49913.043260375910904 ], [ 564588.053684668033384, 49913.045234378136229 ], [ 564588.051722960779443, 49937.608726418104197 ], [ 564563.323464866261929, 49937.606751444509428 ], [ 564563.321502945385873, 49962.170242528009112 ], [ 564538.593246566015296, 49962.16826733979542 ], [ 564538.591284432215616, 49986.73175746724155 ], [ 564489.134664846700616, 49986.7278074113201 ], [ 564489.130740686901845, 50035.854894370175316 ], [ 564464.402600774425082, 50035.852918551470793 ], [ 564464.400638006394729, 50060.416405812997255 ], [ 564439.672277281759307, 50060.414429764867236 ], [ 564439.664419592707418, 50158.668375082648708 ], [ 564464.392777301603928, 50158.670355008856859 ], [ 564464.394743922748603, 50134.106867687412887 ], [ 564489.122880820999853, 50134.108847385658009 ], [ 564489.11697579419706, 50207.799422845542722 ], [ 564538.573581812088378, 50207.803390369539557 ], [ 564538.575552625581622, 50183.239900107320864 ], [ 564637.488668148289435, 50183.247840385956806 ], [ 564637.486694313935004, 50207.811334534431808 ], [ 564662.214947056490928, 50207.813322474627057 ], [ 564662.218895278405398, 50158.686221706760989 ], [ 564686.947261800873093, 50158.688208470652171 ], [ 564686.949235212407075, 50134.124712406824983 ], [ 564736.405750135658309, 50134.128686249096063 ], [ 564736.409697074675933, 50085.001690272707492 ], [ 564785.866218937793747, 50085.005663255789841 ], [ 564785.868192463065498, 50060.442163341722335 ], [ 564810.59656690293923, 50060.44415000542358 ], [ 564810.606423777877353, 49937.626535244853585 ], [ 564909.51950126432348, 49937.634469933291257 ], [ 564909.517528821947053, 49962.197974649941898 ], [ 564934.245799906202592, 49962.19996118961717 ], [ 564934.243825741927139, 49986.763466897784383 ], [ 564860.059017707360908, 49986.75750662041537 ], [ 564860.055070973699912, 50035.884622765304812 ], [ 564884.783337835688144, 50035.886610718975135 ], [ 564884.785312444204465, 50011.322996392722416 ], [ 564958.97023243305739, 50011.328961880208226 ], [ 564958.974183236015961, 49962.201948494999669 ], [ 564983.702456284547225, 49962.203936548205093 ], [ 564983.700480616418645, 49986.767444210672693 ], [ 565033.15713943017181, 49986.771424552112876 ], [ 565033.155161286471412, 50011.334934185295424 ], [ 565132.068265184061602, 50011.342907851932978 ], [ 565132.070246336865239, 49986.77939430274273 ], [ 565156.798636794905178, 49986.781388642222737 ], [ 565156.796654889825732, 50011.344903171353508 ], [ 565181.524934320012107, 50011.346899239302729 ], [ 565181.526916977367364, 49986.783383729867637 ], [ 565230.983480286900885, 49986.787376176565886 ], [ 565230.977524867863394, 50060.478039175955928 ], [ 565181.520966074196622, 50060.474040844070259 ], [ 565181.518980494816788, 50085.037556398383458 ], [ 565255.703817915171385, 50085.043557976743614 ], [ 565255.701829091529362, 50109.607187023953884 ], [ 565230.97354971175082, 50109.605184757783718 ], [ 565230.969570674467832, 50158.732109329968807 ], [ 565255.697848545620218, 50158.734113558974059 ], [ 565255.699839310604148, 50134.170595016577863 ], [ 565305.156510786153376, 50134.174603798892349 ], [ 565305.154518512194045, 50158.738124305244128 ], [ 565329.882799337618053, 50158.740130813479482 ], [ 565329.880805323948152, 50183.303762858427945 ], [ 565354.609086392330937, 50183.305771109320631 ], [ 565354.607090656179935, 50207.869293611118337 ], [ 565379.335483238333836, 50207.871303614454519 ], [ 565379.333485760958865, 50232.434937649341009 ], [ 565404.061656010453589, 50232.436949378723511 ], [ 565404.059656809084117, 50257.000473877473269 ], [ 565428.788049857364967, 50257.002487369856681 ], [ 565428.790049814619124, 50232.438961887077312 ], [ 565502.975014615105465, 50232.445003959204769 ], [ 565502.971009185770527, 50281.572060854676238 ], [ 565552.4275801286567, 50281.576096643817436 ], [ 565552.425574432243593, 50306.139627082338848 ], [ 565527.697289215750061, 50306.137607821081474 ], [ 565527.689259656239301, 50404.391836323207826 ], [ 565552.417541842209175, 50404.393859528005123 ], [ 565552.421560091897845, 50355.266798539341835 ], [ 565577.149844778003171, 50355.268820535093255 ], [ 565577.151853190967813, 50330.705289080215152 ], [ 565601.880250912625343, 50330.707310861158476 ], [ 565601.882259111735038, 50306.143667899872526 ], [ 565700.795417841873132, 50306.151758660496853 ], [ 565700.793406614335254, 50330.715405572023883 ], [ 565626.608538354048505, 50330.709333395352587 ], [ 565626.604517526691779, 50379.836289732564182 ], [ 565651.332804432604462, 50379.838315003842581 ], [ 565651.334816089831293, 50355.274891107772419 ], [ 565725.51979634934105, 50355.280968544968346 ], [ 565725.517782418639399, 50379.844395405380055 ], [ 565774.97436519805342, 50379.84845281579328 ], [ 565774.976380644366145, 50355.285023977296078 ], [ 565799.704785566660576, 50355.28705284667376 ], [ 565799.700752156786621, 50404.414133593956649 ], [ 565774.972348750568926, 50404.412102745358425 ], [ 565774.968312916113064, 50453.539292102264881 ], [ 565750.240023311343975, 50453.537260047807649 ], [ 565750.23800469271373, 50478.100687957361515 ], [ 565849.151277354452759, 50478.10882472875528 ], [ 565849.153299010242335, 50453.545392860061838 ], [ 565799.696714804857038, 50453.541324930083647 ], [ 565799.698733976925723, 50428.977673987057642 ], [ 565824.42691505944822, 50428.979706570811686 ], [ 565824.428933997871354, 50404.416165187736624 ], [ 565849.157339397235774, 50404.418197563274589 ], [ 565849.155319700366817, 50428.98173993670207 ], [ 565898.611909412429668, 50428.985808941695723 ], [ 565898.613930626423098, 50404.422264586464735 ], [ 565948.07063713518437, 50404.426334672680241 ], [ 565948.072658890043385, 50379.86267780802882 ], [ 565923.34436001512222, 50379.860643379608518 ], [ 565923.346380008501001, 50355.297208597927238 ], [ 565948.074679641169496, 50355.299242034518102 ], [ 565948.07871821441222, 50306.172038927936228 ], [ 565972.807020346168429, 50306.174071142828325 ], [ 565972.805000790627673, 50330.737728948253789 ], [ 565997.533303178614005, 50330.739762917713961 ], [ 565997.531281888834201, 50355.303311195872084 ], [ 566046.98788813140709, 50355.307383408122405 ], [ 566046.991932762786746, 50306.180172359388962 ], [ 566071.720350183779374, 50306.182207631361962 ], [ 566071.718327599810436, 50330.745869409365696 ], [ 566096.446633973508142, 50330.747906428230635 ], [ 566096.456740773981437, 50207.929924316580582 ], [ 566121.185051944456063, 50207.931957125590998 ], [ 566121.181010673986748, 50257.059174018555495 ], [ 566244.822685241000727, 50257.069359435750812 ], [ 566244.824710145709105, 50232.505801271443488 ], [ 566269.553137836512178, 50232.507839649260859 ], [ 566269.54908552498091, 50281.634957992537238 ], [ 566220.09234543365892, 50281.630878020980163 ], [ 566220.090319306007586, 50306.194435219025763 ], [ 566195.362007166841067, 50306.192395384321571 ], [ 566195.359980797511525, 50330.756062136417313 ], [ 566170.63155912712682, 50330.754022058950795 ], [ 566170.629532535211183, 50355.317577295594674 ], [ 566220.086264072684571, 50355.321660195178993 ], [ 566220.084234985522926, 50379.885106903406268 ], [ 566244.812545869266614, 50379.887150488990301 ], [ 566244.810515015968122, 50404.450819284749741 ], [ 566294.267249536584131, 50404.454910748143448 ], [ 566294.275373043725267, 50306.20055930421222 ], [ 566343.732006367412396, 50306.204645831450762 ], [ 566343.734036278678104, 50281.641083648180938 ], [ 566368.462466484983452, 50281.643127065806766 ], [ 566368.464496161206625, 50257.079563893101295 ], [ 566343.736065198667347, 50257.077521473642264 ], [ 566343.740120073547587, 50207.950286647195753 ], [ 566368.468552547739819, 50207.952327070328465 ], [ 566368.470579248736612, 50183.388763948933047 ], [ 566393.19879092136398, 50183.390804115661012 ], [ 566393.194735007593408, 50232.518042905488983 ], [ 566467.379816650645807, 50232.52417399881233 ], [ 566467.383877097046934, 50183.396929213296971 ], [ 566417.927226161235012, 50183.392845060872787 ], [ 566417.937352340435609, 50060.574909150243911 ], [ 566442.665681082988158, 50060.576945850007178 ], [ 566442.667704092455097, 50036.013379821757553 ], [ 566467.396034580073319, 50036.015416280126374 ], [ 566467.394010817515664, 50060.578983308027091 ], [ 566492.12245284661185, 50060.581021533478634 ], [ 566492.124477362260222, 50036.01745350555575 ], [ 566566.309477915870957, 50036.023569701690576 ], [ 566566.311503704986535, 50011.459888145138393 ], [ 566591.039839981705882, 50011.461927391443169 ], [ 566591.045913608977571, 49937.771211430736003 ], [ 566615.774364437907934, 49937.773248438090377 ], [ 566615.77638774132356, 49913.209675479134603 ], [ 566689.961414700024761, 49913.215788004228671 ], [ 566689.963439260376617, 49888.652212046043132 ], [ 566714.691895617404953, 49888.65425007227168 ], [ 566714.693919940851629, 49864.090562596844393 ], [ 566689.965462833410129, 49864.088525573992229 ], [ 566689.973547132220119, 49765.834111433585349 ], [ 566665.245199299184605, 49765.832079187195632 ], [ 566665.247217131662183, 49741.268504327606934 ], [ 566640.518869559513405, 49741.266473837647936 ], [ 566640.52088565658778, 49716.702789460534404 ], [ 566615.792538359644823, 49716.700760726256703 ], [ 566615.790523010771722, 49741.26444410111435 ], [ 566591.062066182726994, 49741.262415108874848 ], [ 566591.064080783398822, 49716.698732735916565 ], [ 566541.607391217839904, 49716.6946790326474 ], [ 566541.611414424958639, 49667.56753940031922 ], [ 566492.154725899337791, 49667.563492711589788 ], [ 566492.156734517193399, 49642.999924922005448 ], [ 566467.428279736894183, 49642.997903697039874 ], [ 566467.43028661434073, 49618.434336922306102 ], [ 566492.158742141444236, 49618.43635714724951 ], [ 566492.162754418211989, 49569.309111107206263 ], [ 566516.890989882522263, 49569.311130064736062 ], [ 566516.901006897096522, 49446.493176017946098 ], [ 566492.172767708194442, 49446.4911620623825 ], [ 566492.176766065414995, 49397.364026758164982 ], [ 566516.905006741406396, 49397.3660387129421 ], [ 566516.907005181652494, 49372.802359550725669 ], [ 566541.635470170062035, 49372.804371271049604 ], [ 566541.637468350003473, 49348.240801657804695 ], [ 566566.36582381487824, 49348.242813115786703 ], [ 566566.363824892323464, 49372.806383730174275 ], [ 566615.820648620952852, 49372.810410901016439 ], [ 566615.824648441397585, 49323.68326568017801 ], [ 566665.281367901246995, 49323.6872918235822 ], [ 566665.283367802156135, 49299.123717224101711 ], [ 566615.826646858360618, 49299.119693085594918 ], [ 566615.82864427997265, 49274.556120512017515 ], [ 566640.557004981790669, 49274.558131205652899 ], [ 566640.559002149151638, 49249.994557644538872 ], [ 566665.287364615360275, 49249.996568081900477 ], [ 566665.291357452864759, 49200.869308463523339 ], [ 566690.019722410012037, 49200.871317640863708 ], [ 566690.021718070027418, 49176.307742111952393 ], [ 566665.293352372711524, 49176.305733937624609 ], [ 566665.297339232987724, 49127.178474407432077 ], [ 566690.025706409360282, 49127.180480575756519 ], [ 566690.027699079597369, 49102.616905097187555 ], [ 566739.484549200278707, 49102.620917668122274 ], [ 566739.486542351194657, 49078.057340197097801 ], [ 566813.671660424908623, 49078.063361604647071 ], [ 566813.669665058143437, 49102.626942089140357 ], [ 566764.212920132209547, 49102.622925064708397 ], [ 566764.210925244959071, 49127.186503554519732 ], [ 566739.482555051916279, 49127.184495153815078 ], [ 566739.480559906340204, 49151.748072654190764 ], [ 566764.208929360029288, 49151.750082059013948 ], [ 566764.206932468456216, 49176.313771113222174 ], [ 566813.663672958151437, 49176.317794165734085 ], [ 566813.657671872409992, 49250.008646380840219 ], [ 566838.386152676073834, 49250.010662049186067 ], [ 566838.384149579214863, 49274.574243641764042 ], [ 566863.112408111453988, 49274.576261043548584 ], [ 566863.106390602188185, 49348.267008932736644 ], [ 566887.834870463469997, 49348.269030116993235 ], [ 566887.832861886126921, 49372.832613780097745 ], [ 566937.28960063715931, 49372.836660385924915 ], [ 566937.287589565035887, 49397.400356611913594 ], [ 566986.744442144641653, 49397.404408232818241 ], [ 566986.746454702806659, 49372.840709992255142 ], [ 567036.203201552038081, 49372.844762580869428 ], [ 567036.199172470718622, 49421.972052573779365 ], [ 567011.470800018170848, 49421.970023889123695 ], [ 567011.468784723198041, 49446.533612638246268 ], [ 567036.197156431968324, 49446.535642331116833 ], [ 567036.195139391580597, 49471.099232096952619 ], [ 567060.923622648231685, 49471.101263556513004 ], [ 567060.925640432862565, 49446.537672782091249 ], [ 567085.654014158295467, 49446.539703972892312 ], [ 567085.645934019121341, 49544.794181730176206 ], [ 567060.917563272640109, 49544.79214650355425 ], [ 567060.913518684450537, 49593.919328191776003 ], [ 567036.185039154021069, 49593.917291689285776 ], [ 567036.176940930890851, 49692.171761738085479 ], [ 567011.448576680384576, 49692.169721963116899 ], [ 567011.444523049867712, 49741.29701032453886 ], [ 566986.716161324293353, 49741.294969286573178 ], [ 566986.714133760076948, 49765.858557214189204 ], [ 567011.442494737100787, 49765.860599259991432 ], [ 567011.438435098389164, 49814.987887716895784 ], [ 566986.710075619746931, 49814.985843655413191 ], [ 566986.706013484392315, 49864.113019614771474 ], [ 567011.434371463372372, 49864.115065691919881 ], [ 567011.430303813656792, 49913.24235426793166 ], [ 566986.701947335968725, 49913.240306175110163 ], [ 566986.693803045433015, 50011.494658392031852 ], [ 567011.422156516113319, 50011.496710516199528 ], [ 567011.420117179164663, 50036.060410156962462 ], [ 567036.148470926098526, 50036.062464046866808 ], [ 567036.14642984396778, 50060.626054169420968 ], [ 567011.418076850008219, 50060.623999271309003 ], [ 567011.416035519447178, 50085.187588400614914 ], [ 566986.687684307806194, 50085.185533252944879 ], [ 566986.683600150514394, 50134.312709540783544 ], [ 566961.955251449951902, 50134.310653136817564 ], [ 566961.95116478879936, 50183.437938010989456 ], [ 566986.67951198015362, 50183.439996429886378 ], [ 566986.673372221528552, 50257.130871599059901 ], [ 566961.945027297129855, 50257.128810157781118 ], [ 566961.940930638927966, 50306.255984646908473 ], [ 567036.125963907921687, 50306.262177301490738 ], [ 567036.121858694357798, 50355.389468426561507 ], [ 566986.665171865723096, 50355.385335196100641 ], [ 566986.663119285833091, 50379.948812962516968 ], [ 566961.934778146911412, 50379.946746483925381 ], [ 566961.928616630728357, 50453.637729532849335 ], [ 566937.200167516246438, 50453.635660786778317 ], [ 566937.196056366898119, 50502.762833496264648 ], [ 566961.924503962509334, 50502.76490425652446 ], [ 566961.920387291698717, 50551.892079046840081 ], [ 566937.19194121658802, 50551.890006272391474 ], [ 566937.185760980006307, 50625.580876075509877 ], [ 566912.45754074130673, 50625.578801065283187 ], [ 566912.443090524058789, 50797.52412058950722 ], [ 566887.714654086274095, 50797.522039282979676 ], [ 566887.712586537119932, 50822.085623828919779 ], [ 566838.25594079925213, 50822.081461531313835 ], [ 566838.253873780253343, 50846.645044080862135 ], [ 566862.98208410711959, 50846.647125840994704 ], [ 566862.967581634758972, 51018.592321700445609 ], [ 566838.239376672310755, 51018.590232901151467 ], [ 566838.235225645708852, 51067.717508794048626 ], [ 566887.691856053192168, 51067.721691207356344 ], [ 566887.687697966000997, 51116.848860649341077 ], [ 566912.416124436538666, 51116.850955038382381 ], [ 566912.420284061226994, 51067.7237835837077 ], [ 566986.605240319739096, 51067.730065325617034 ], [ 566986.607320936862379, 51043.166476599908492 ], [ 567011.335642477613874, 51043.168571053087362 ], [ 567011.333561092382297, 51067.732160786625172 ], [ 567060.790316987317055, 51067.736354038643185 ], [ 567060.796562745817937, 50994.04557883340749 ], [ 567134.981655446463265, 50994.051865424247808 ], [ 567134.98789909586776, 50920.360970730842382 ], [ 567060.802799494820647, 50920.354693223904178 ], [ 567060.806952320039272, 50871.227399379844428 ], [ 567085.535282273311168, 50871.229489089833805 ], [ 567085.549790929886512, 50699.284119869676942 ], [ 567110.278127259109169, 50699.286203284966177 ], [ 567110.28226508689113, 50650.159016218858596 ], [ 567085.553927232744172, 50650.156934822211042 ], [ 567085.560124177718535, 50576.466046823057695 ], [ 567110.288464316516183, 50576.468125191742729 ], [ 567110.29259211581666, 50527.340938276829547 ], [ 567135.021046057459898, 50527.34301540155866 ], [ 567135.025171374436468, 50478.215715986232681 ], [ 567159.753405313007534, 50478.21779183747276 ], [ 567159.778081994620152, 50183.454426654956478 ], [ 567184.506548588396981, 50183.456491164150066 ], [ 567184.510648833937012, 50134.329188128809619 ], [ 567209.239006669260561, 50134.33125136722083 ], [ 567209.245151755400002, 50060.640459706162801 ], [ 567233.97351287829224, 50060.642520670407976 ], [ 567233.983738372800872, 49937.824419270342332 ], [ 567258.712215540814213, 49937.826475944326376 ], [ 567258.718341037281789, 49864.135568032084848 ], [ 567283.446598936687224, 49864.137622408190509 ], [ 567283.45271763659548, 49790.446711594253429 ], [ 567308.181201354949735, 49790.448763707223407 ], [ 567308.185276952572167, 49741.321561575314263 ], [ 567332.913651902345009, 49741.323612407875771 ], [ 567332.915688949869946, 49716.759899816395773 ], [ 567357.644065676024184, 49716.761950389343838 ], [ 567357.650172996334732, 49643.071141263986647 ], [ 567382.37866425071843, 49643.07318955896335 ], [ 567382.384764760383405, 49569.382266997919942 ], [ 567407.113148011500016, 49569.384312994254287 ], [ 567407.117211468168534, 49520.257103017189365 ], [ 567431.845597228151746, 49520.259147736025625 ], [ 567431.851687101298012, 49446.568219313106965 ], [ 567456.580076107522473, 49446.570261738415866 ], [ 567456.584132465883158, 49397.443047851775191 ], [ 567506.040916523314081, 49397.447130888918764 ], [ 567506.04294468567241, 49372.883411405513471 ], [ 567530.77145027613733, 49372.885453039954882 ], [ 567530.773478163289838, 49348.321843090809125 ], [ 567555.501874239300378, 49348.323884447898308 ], [ 567555.503901859628968, 49323.760273497471644 ], [ 567580.23229969246313, 49323.762314585641434 ], [ 567580.236353388172574, 49274.635090689916979 ], [ 567604.964865013491362, 49274.637130500836065 ], [ 567604.966891087708063, 49250.073517561424524 ], [ 567629.695293189724907, 49250.075557092393865 ], [ 567629.70339036360383, 49151.820880336519622 ], [ 567654.431796465069056, 49151.822916543424071 ], [ 567654.433818966848776, 49127.259301642836363 ], [ 567703.890635707997717, 49127.263374254020164 ], [ 567703.892658676835708, 49102.699757331960427 ], [ 567728.621180605492555, 49102.701793744286988 ], [ 567728.625224984716624, 49053.574557900610671 ], [ 567827.538995016016997, 49053.582702803585562 ], [ 567827.541018639109097, 49029.019080828642473 ], [ 567852.269325363216922, 49029.021117879980011 ], [ 567852.271348710171878, 49004.457494899172161 ], [ 567876.999879739247262, 49004.459531690627045 ], [ 567877.001902818563394, 48979.895797168355784 ], [ 567852.273371052229777, 48979.893761397768685 ], [ 567852.275392371346243, 48955.330138446246565 ], [ 567951.189306023879908, 48955.33828187600011 ], [ 567951.191329274559394, 48930.774654847118654 ], [ 567975.919755365001038, 48930.776691531456891 ], [ 567975.921778336400166, 48906.213063501119905 ], [ 568000.650206178077497, 48906.215099903893133 ], [ 568000.652228869264945, 48881.65147086543584 ], [ 568025.380658490583301, 48881.653506985901913 ], [ 568025.382680910057388, 48857.089766403682006 ], [ 568000.654250553576276, 48857.087731306310161 ], [ 568000.656271212501451, 48832.524102297051286 ], [ 568050.11313442280516, 48832.528171185265819 ], [ 568050.135310752084479, 48562.327898907431518 ], [ 568025.406870573526248, 48562.325875351642026 ], [ 568025.41490126599092, 48464.071245465689572 ], [ 567951.229578156024218, 48464.065191484485695 ], [ 567951.231581089552492, 48439.501675288018305 ], [ 567901.774702711496502, 48439.497645014584123 ], [ 567901.7767031902913, 48414.93390980566619 ], [ 567877.04815352964215, 48414.931896781701653 ], [ 567877.046153779490851, 48439.495630969373451 ], [ 567827.589281567139551, 48439.491605098242871 ], [ 567827.587282278807834, 48464.055116188545071 ], [ 567778.130304358783178, 48464.051091203364194 ], [ 567778.122302863863297, 48562.305680232362647 ], [ 567629.751633778563701, 48562.293598470336292 ], [ 567629.749635251238942, 48586.857322559262684 ], [ 567605.021213276428171, 48586.855310491133423 ], [ 567605.023211072897539, 48562.291587419364078 ], [ 567506.109307890525088, 48562.283550553132955 ], [ 567506.107313017477281, 48586.847269560028508 ], [ 567431.922065489692613, 48586.841246602714818 ], [ 567431.918077123700641, 48635.968457487666456 ], [ 567407.189664780162275, 48635.966449278792425 ], [ 567407.191658735391684, 48611.402844843221828 ], [ 567382.463246678235009, 48611.400838384826784 ], [ 567382.459259224007837, 48660.52804524289968 ], [ 567456.644494053442031, 48660.534072912036208 ], [ 567456.646490479935892, 48635.970466433238471 ], [ 567530.831847973284312, 48635.976497699135507 ], [ 567530.829849350964651, 48660.540107223787345 ], [ 567555.558266072068363, 48660.542120132151467 ], [ 567555.556265699211508, 48685.105841222553863 ], [ 567407.185673838830553, 48685.093768728678697 ], [ 567407.181678877444938, 48734.220977707860584 ], [ 567431.910088290809654, 48734.222989973408403 ], [ 567431.900079579791054, 48857.041128272809146 ], [ 567456.628486335044727, 48857.043146349227754 ], [ 567456.63049082562793, 48832.479539753941935 ], [ 567555.544242307776585, 48832.487615407233534 ], [ 567555.542234877473675, 48857.051226064395451 ], [ 567580.270646744058467, 48857.053247841009579 ], [ 567580.272654909291305, 48832.489636167447316 ], [ 567629.72959446569439, 48832.493679915998655 ], [ 567629.7275848306017, 48857.057293623474834 ], [ 567654.455999779864214, 48857.059317620216461 ], [ 567654.460019508958794, 48807.932088178538834 ], [ 567679.188436949392781, 48807.934110879548825 ], [ 567679.19446117116604, 48734.243153246898146 ], [ 567654.466041529201902, 48734.241133599556633 ], [ 567654.470051148557104, 48685.113904303550953 ], [ 567679.198472256190144, 48685.115921915123181 ], [ 567679.200476290658116, 48660.552195738979208 ], [ 567654.472054450656287, 48660.550179145298898 ], [ 567654.474056732840836, 48635.986564536789956 ], [ 567679.202479304862209, 48635.988580112585623 ], [ 567679.204481307649985, 48611.424964500707574 ], [ 567703.932905627647415, 48611.426979794938234 ], [ 567703.930902893305756, 48635.990596425064723 ], [ 567778.116291105747223, 48635.996649791763048 ], [ 567778.114285163697787, 48660.560269493435044 ], [ 567703.92889914708212, 48660.554213069728576 ], [ 567703.916855406248942, 48807.936134319854318 ], [ 567802.830650792806409, 48807.944235483155353 ], [ 567802.828637026366778, 48832.507856312739023 ], [ 567778.10021519230213, 48832.505828895496961 ], [ 567778.098201147629879, 48857.069448713642487 ], [ 567728.641362036461942, 48857.065394059798564 ], [ 567728.639348440454341, 48881.629122389378608 ], [ 567629.725574175827205, 48881.621017880745057 ], [ 567629.723562519531697, 48906.184631617419655 ], [ 567604.995150079485029, 48906.182606326430687 ], [ 567604.993138148565777, 48930.746219060565636 ], [ 567555.536206520395353, 48930.742168658660376 ], [ 567555.534195051994175, 48955.305779380527383 ], [ 567530.805787143297493, 48955.303754279841087 ], [ 567530.803775402251631, 48979.867363994009793 ], [ 567407.161643614992499, 48979.857244529848685 ], [ 567407.157624469720758, 49028.984564388178114 ], [ 567382.42922489985358, 49028.982540695273201 ], [ 567382.427214558701962, 49053.546144365012879 ], [ 567357.698705484392121, 49053.54412039223098 ], [ 567357.696694874553941, 49078.107723069493659 ], [ 567308.239903801935725, 49078.103675345453667 ], [ 567308.237893662764691, 49102.667276005369786 ], [ 567258.781108133145608, 49102.663229230645811 ], [ 567258.779098466155119, 49127.226827880993369 ], [ 567234.050596704124473, 49127.224804588600819 ], [ 567234.04858677147422, 49151.788402242062148 ], [ 567209.320198032539338, 49151.786378691722348 ], [ 567209.318187825847417, 49176.350085883794236 ], [ 567184.589800852932967, 49176.34806206713256 ], [ 567184.587790391058661, 49200.911657734242908 ], [ 567234.044563882867806, 49200.915708134438319 ], [ 567234.038522019400261, 49274.606611806273577 ], [ 567209.310136982821859, 49274.604583199987246 ], [ 567209.306105539901182, 49323.73177668194694 ], [ 567159.849230218445882, 49323.727717656816822 ], [ 567159.845197728136554, 49372.854907148917846 ], [ 567135.116929986397736, 49372.852876750570431 ], [ 567135.118945990689099, 49348.289283007208724 ], [ 567110.390455983229913, 49348.287254348142596 ], [ 567110.388440721668303, 49372.850847081797838 ], [ 567085.66006373881828, 49372.848818170015875 ], [ 567085.662078257650137, 49348.28522644568875 ], [ 567036.205214585526846, 49348.281172874085314 ], [ 567036.207226617261767, 49323.71758318204229 ], [ 567011.478851193212904, 49323.715558530231647 ], [ 567011.480861481279135, 49299.15196985485818 ], [ 566986.75248634419404, 49299.149946957986685 ], [ 566986.754494889406487, 49274.586359311462729 ], [ 567011.482870768057182, 49274.588381200490403 ], [ 567011.486886337399483, 49225.461203935919912 ], [ 567060.943755408632569, 49225.465245928571676 ], [ 567060.949775711051188, 49151.774253015115391 ], [ 567036.22128280904144, 49151.772234667201701 ], [ 567036.22528984292876, 49102.64505553314666 ], [ 567011.496907754684798, 49102.643039955240965 ], [ 567011.49890903045889, 49078.079451418430835 ], [ 566986.770527232554741, 49078.077437592124625 ], [ 566986.772526768734679, 49053.513850071540219 ], [ 566937.315653451019898, 49053.509826654590142 ], [ 566937.313655391335487, 49078.073412160607404 ], [ 566912.585387898259796, 49078.071400573506253 ], [ 566912.587385219638236, 49053.507816074205039 ], [ 566887.858895447803661, 49053.505806218738144 ], [ 566887.85290269984398, 49127.196556729009899 ], [ 566838.396153197041713, 49127.192533230452682 ], [ 566838.404135621269234, 49028.938207294537278 ], [ 566863.132401548908092, 49028.940214640286285 ], [ 566863.140370949404314, 48930.685774381265219 ], [ 566887.868863379815593, 48930.687778463783616 ], [ 566887.878806323627941, 48807.869751074278611 ], [ 566863.150310216704383, 48807.867752021695196 ], [ 566863.148324363399297, 48832.431334362423513 ], [ 566838.420052546076477, 48832.429335061511665 ], [ 566838.416079303133301, 48881.556608298036736 ], [ 566764.230829231441021, 48881.550608768084203 ], [ 566764.232814150862396, 48856.986919889612182 ], [ 566714.776058547198772, 48856.982925918884575 ], [ 566714.774075098335743, 48881.546612789483333 ], [ 566690.045588276116177, 48881.544615901810175 ], [ 566690.041619877098128, 48930.67176661000849 ], [ 566615.856503686052747, 48930.665774400593364 ], [ 566615.85253572021611, 48979.792919157749566 ], [ 566640.58090529195033, 48979.794917824256117 ], [ 566640.582890509394929, 48955.231344439249369 ], [ 566665.311261841212399, 48955.23334284502198 ], [ 566665.307288927724585, 49004.360602169967024 ], [ 566615.850550235132687, 49004.35660209015623 ], [ 566615.848563763545826, 49028.920174502192822 ], [ 566566.391719307168387, 49028.916175379046763 ], [ 566566.387746329884976, 49078.043316246526956 ], [ 566541.659382720012218, 49078.041315801121527 ], [ 566541.657395477872342, 49102.604885252570966 ], [ 566516.928922340273857, 49102.602884540778177 ], [ 566516.92693484283518, 49127.166453006131633 ], [ 566492.1986860135803, 49127.164452055701986 ], [ 566492.196698261541314, 49151.728019535330532 ], [ 566442.739871266181581, 49151.724017840148008 ], [ 566442.737883990979753, 49176.287693869759096 ], [ 566418.009528372320347, 49176.285693144127436 ], [ 566418.00555233284831, 49225.412932720180834 ], [ 566393.277087926631793, 49225.410930732585257 ], [ 566393.267134189372882, 49348.22874858880823 ], [ 566368.538897058460861, 49348.226742372171429 ], [ 566368.53690407727845, 49372.790304987844138 ], [ 566319.080100479535758, 49372.786292773947935 ], [ 566319.092034589149989, 49225.404929270509456 ], [ 566269.635337370214984, 49225.400932023854693 ], [ 566269.637321447953582, 49200.837262952045421 ], [ 566294.365670294500887, 49200.839260205510072 ], [ 566294.369636949850246, 49151.712030640548619 ], [ 566368.55480522220023, 49151.718020894608344 ], [ 566368.5587723411154, 49102.590895942848874 ], [ 566393.287016878486611, 49102.592892174136068 ], [ 566393.2889996888116, 49078.029328721742786 ], [ 566418.017468532314524, 49078.031324715833762 ], [ 566418.019451088854112, 49053.467760272906162 ], [ 566393.290981507161632, 49053.465765277724131 ], [ 566393.294942167354748, 49004.338638446228288 ], [ 566368.566694677807391, 49004.336646209085302 ], [ 566368.564715581247583, 49028.900208618979377 ], [ 566319.107891255873255, 49028.89622434861667 ], [ 566319.105912643251941, 49053.459784777172899 ], [ 566244.920741530135274, 49053.453810954742949 ], [ 566244.916785762528889, 49102.580925879839924 ], [ 566220.18843596172519, 49102.57893410208635 ], [ 566220.190413601929322, 49078.015377631651063 ], [ 566195.462064079474658, 49078.013387593586231 ], [ 566195.460087177925743, 49102.576943068081164 ], [ 566170.731628105626442, 49102.574952768874937 ], [ 566170.735579442698509, 49053.447843819390982 ], [ 566146.007342451950535, 49053.445856272221135 ], [ 566146.009315899340436, 49028.882302817808522 ], [ 566121.28085663029924, 49028.880316990580468 ], [ 566121.28282835171558, 49004.316764545626938 ], [ 566195.467988849035464, 49004.322721251774055 ], [ 566195.466014915029518, 49028.886276682300377 ], [ 566294.379536229651421, 49028.894233331870055 ], [ 566294.381513113738038, 49004.33067391536315 ], [ 566319.10986887733452, 49004.332663934685115 ], [ 566319.11184551671613, 48979.768993000441696 ], [ 566343.840203007683158, 48979.770982764224755 ], [ 566343.844154768739827, 48930.643860007701733 ], [ 566368.572626025648788, 48930.645848525993642 ], [ 566368.574601155123673, 48906.082286174634646 ], [ 566393.30285159102641, 48906.0842744176407 ], [ 566393.304826464387588, 48881.520711082353955 ], [ 566418.03330120339524, 48881.52269908512244 ], [ 566418.039222084335051, 48807.831895628878556 ], [ 566442.76758876000531, 48807.833881365244451 ], [ 566442.789230283815414, 48537.634332522116893 ], [ 566418.060855552554131, 48537.632357777896686 ], [ 566418.072605003020726, 48390.250862758679432 ], [ 566393.344115628278814, 48390.248894734293572 ], [ 566393.34606966690626, 48365.685331704204145 ], [ 566418.074559769476764, 48365.687298729673785 ], [ 566418.0804181228159, 48291.996496188061428 ], [ 566368.623657122487202, 48291.992568879795726 ], [ 566368.619755459832959, 48341.119692870670406 ], [ 566343.891266640275717, 48341.117728308563528 ], [ 566343.889315040083602, 48365.681399868750304 ], [ 566319.160939240944572, 48365.679435049903987 ], [ 566319.162890113540925, 48341.115764487527485 ], [ 566294.434514577034861, 48341.113801398707437 ], [ 566294.43646372272633, 48316.550242389457708 ], [ 566195.52285745786503, 48316.542401333528687 ], [ 566195.520911220810376, 48341.105956356790557 ], [ 566244.977655255468562, 48341.109877408896864 ], [ 566244.971806233050302, 48414.800659083375649 ], [ 566195.515066565596499, 48414.796732054521271 ], [ 566195.517015770310536, 48390.233176987887418 ], [ 566170.788535428233445, 48390.231215560204873 ], [ 566170.784637477947399, 48439.358434251713334 ], [ 566195.513116363086738, 48439.360397670541715 ], [ 566195.511165188858286, 48463.923842231175513 ], [ 566220.239533056388609, 48463.925807370811526 ], [ 566220.237580154906027, 48488.489363483080524 ], [ 566244.965948310098611, 48488.491330353106605 ], [ 566244.963993680430576, 48513.054998004838126 ], [ 566269.692473371746019, 48513.056966614865814 ], [ 566269.690517030889168, 48537.62052474282973 ], [ 566294.418885730206966, 48537.622495075876941 ], [ 566294.416927668498829, 48562.186054215402692 ], [ 566244.960081469034776, 48562.182112281909212 ], [ 566244.962038069730625, 48537.618555136126815 ], [ 566220.233671374386176, 48537.616586273477878 ], [ 566220.235626255045645, 48513.053030138500617 ], [ 566195.50725984654855, 48513.051063006983895 ], [ 566195.509213016717695, 48488.487397347504157 ], [ 566146.052481721737422, 48488.483467279707838 ], [ 566146.048577320761979, 48537.610684096696787 ], [ 566121.320103371748701, 48537.608718165982282 ], [ 566121.322055331896991, 48513.045166012525442 ], [ 566096.59369291679468, 48513.043201820306422 ], [ 566096.597592422622256, 48463.915989004577568 ], [ 566121.32595629687421, 48463.917951207899023 ], [ 566121.327905284124427, 48439.354509632845293 ], [ 566096.599540680879727, 48439.352548423965345 ], [ 566096.601487968931906, 48414.78888678799558 ], [ 566071.873123652068898, 48414.786927306908183 ], [ 566071.877013791468926, 48365.659827136347303 ], [ 566047.148537728120573, 48365.657870367198484 ], [ 566047.150480597978458, 48341.094210756113171 ], [ 566022.42222736380063, 48341.092255730494799 ], [ 566022.4280478451401, 48267.401611587483785 ], [ 566047.15630325966049, 48267.403563633110025 ], [ 566047.158242173027247, 48242.840014620960574 ], [ 565972.973142928211018, 48242.834163629922841 ], [ 565972.971206193091348, 48267.397709663186106 ], [ 565948.242842511273921, 48267.395759802078828 ], [ 565948.240905516664498, 48291.959304857540701 ], [ 565972.969268472050317, 48291.961255710863043 ], [ 565972.967329765087925, 48316.524801772975479 ], [ 565948.238967536599375, 48316.522849927438074 ], [ 565948.237028571078554, 48341.08639501176367 ], [ 565972.965390072437003, 48341.088347849530692 ], [ 565972.959565070341341, 48414.779096707083227 ], [ 565997.68792540137656, 48414.781053254839208 ], [ 565997.684035685611889, 48463.908147523259686 ], [ 565972.95567681232933, 48463.906188990324154 ], [ 565972.953731204499491, 48488.469735159953416 ], [ 565997.682089348440059, 48488.471694685475086 ], [ 565997.678193706553429, 48537.598899575721589 ], [ 566022.406662652734667, 48537.600861830447684 ], [ 566022.404712626477703, 48562.164410022836819 ], [ 565972.947888457099907, 48562.160484271858877 ], [ 565972.949837022460997, 48537.596938065020368 ], [ 565923.493126665358432, 48537.593017249193508 ], [ 565923.500905231805518, 48439.338840496784542 ], [ 565898.772437351639383, 48439.336885148761212 ], [ 565898.774378810659982, 48414.773231455037603 ], [ 565874.046022487804294, 48414.771277840620314 ], [ 565874.047962225042284, 48390.207735687341483 ], [ 565824.591139813070185, 48390.203832630810211 ], [ 565824.604680253774859, 48218.258830747770844 ], [ 565849.333151685656048, 48218.26077498140512 ], [ 565849.338942144531757, 48144.570151883439394 ], [ 565799.882218490121886, 48144.566270105067815 ], [ 565799.874501702492125, 48242.82053688425367 ], [ 565775.146032989490777, 48242.818593121723097 ], [ 565775.144102062680759, 48267.382131227641366 ], [ 565750.415746359969489, 48267.380187215348997 ], [ 565750.409949862398207, 48341.070798651955556 ], [ 565527.85459028952755, 48341.053308763956011 ], [ 565527.852662697667256, 48365.616947593051009 ], [ 565552.581006556050852, 48365.618888969031104 ], [ 565552.579077265807427, 48390.182418257354584 ], [ 565602.035877773538232, 48390.186305188726692 ], [ 565602.03201333177276, 48439.313478289433988 ], [ 565577.303558395709842, 48439.311532479601738 ], [ 565577.301625446416438, 48463.874952262791339 ], [ 565552.573283517500386, 48463.873006209163577 ], [ 565552.571350308950059, 48488.436535561668279 ], [ 565527.843010093667544, 48488.4345892562269 ], [ 565527.841076626558788, 48512.998228165874025 ], [ 565503.112738144700415, 48512.9962816093539 ], [ 565503.116602631867863, 48463.86911630412942 ], [ 565478.388152391882613, 48463.8671724439846 ], [ 565478.392011497402564, 48414.74011970810534 ], [ 565453.663783359108493, 48414.738178569066804 ], [ 565453.665710715926252, 48390.174653207614028 ], [ 565428.937260272796266, 48390.172713768843096 ], [ 565428.93533364427276, 48414.736238145895186 ], [ 565354.750213013845496, 48414.730421293825202 ], [ 565354.738645833567716, 48562.111660695401952 ], [ 565379.467088199686259, 48562.113604818332533 ], [ 565379.463223192258738, 48611.240760395550751 ], [ 565354.734782288200222, 48611.238814306023414 ], [ 565354.732849054969847, 48635.802335862594191 ], [ 565305.276194246252999, 48635.798443944520841 ], [ 565305.274261500337161, 48660.361963550167275 ], [ 565330.002587673719972, 48660.36391012340755 ], [ 565330.000653210910968, 48684.927541260927683 ], [ 565206.358924588770606, 48684.917810847437067 ], [ 565206.362785208155401, 48635.79066893975687 ], [ 565231.091108168591745, 48635.792611583739927 ], [ 565231.093037743936293, 48611.229094938033086 ], [ 565181.636391358799301, 48611.225212348472269 ], [ 565181.62867305718828, 48709.479381712648319 ], [ 565206.356992821791209, 48709.481326562010508 ], [ 565206.353126364760101, 48758.608358022269385 ], [ 565181.624808066640981, 48758.606411211534578 ], [ 565181.622874101623893, 48783.170036517607514 ], [ 565107.437816024641506, 48783.164197568046802 ], [ 565107.435883296770044, 48807.727709414117271 ], [ 565082.707570401369594, 48807.725763599140919 ], [ 565082.709502395009622, 48783.16225273226155 ], [ 565057.981078485725448, 48783.160308626647748 ], [ 565057.984938096953556, 48734.033178359553858 ], [ 565033.256736244657077, 48734.031236967231962 ], [ 565033.252878100727685, 48783.158365277427947 ], [ 564983.796146469074301, 48783.15448076948087 ], [ 564983.794217412127182, 48807.717987723292026 ], [ 564959.065909440862015, 48807.716045604720421 ], [ 564959.063980147358961, 48832.279551602070569 ], [ 564983.792287384043448, 48832.281494697977905 ], [ 564983.790356384939514, 48856.845001680980204 ], [ 564959.062049883068539, 48856.843057607737137 ], [ 564959.056253257556818, 48930.53368624713039 ], [ 564909.599536350462586, 48930.529794451293128 ], [ 564909.601468054694124, 48905.966290355339879 ], [ 564884.873165985103697, 48905.964346549735637 ], [ 564884.86930307908915, 48955.091352810115495 ], [ 564860.14100345026236, 48955.089407793580904 ], [ 564860.142934651696123, 48930.525905628775945 ], [ 564835.414523995132186, 48930.523962320483406 ], [ 564835.410662096110173, 48979.650964707478124 ], [ 564785.954069235711358, 48979.647076432134781 ], [ 564785.950206401990727, 49028.774185506459617 ], [ 564736.493620415218174, 49028.770296301954659 ], [ 564736.489756669849157, 49077.897291009801847 ], [ 564711.761355342459865, 49077.895345565513708 ], [ 564711.759422757313587, 49102.458841964689782 ], [ 564736.487823346047662, 49102.460788382595638 ], [ 564736.483953796443529, 49151.587783172231866 ], [ 564761.21224261354655, 49151.589732273088885 ], [ 564761.214178611407988, 49127.026233896947815 ], [ 564810.670871929149143, 49127.030132391824736 ], [ 564810.672808437142521, 49102.466632081268472 ], [ 564860.129395879339427, 49102.470531593258784 ], [ 564860.131332896067761, 49077.907029346817581 ], [ 564934.316223653964698, 49077.912881264230236 ], [ 564934.318161916104145, 49053.349376097525237 ], [ 564983.774873416172341, 49053.353279147144349 ], [ 564983.77681218390353, 49028.789772047100996 ], [ 565033.23352909879759, 49028.793676112945832 ], [ 565033.235468370374292, 49004.230167071757023 ], [ 565082.692079422995448, 49004.234072142062359 ], [ 565082.694019205751829, 48979.670450623518263 ], [ 565156.879056669771671, 48979.676310865987034 ], [ 565156.882937719579786, 48930.549283058608125 ], [ 565231.067877206718549, 48930.555144085163192 ], [ 565231.069818479241803, 48905.991627264513227 ], [ 565280.526562488405034, 48905.995536366826855 ], [ 565280.53044505964499, 48856.868388308139401 ], [ 565305.258764383732341, 48856.870342001711833 ], [ 565305.266520748962648, 48758.616152659342333 ], [ 565329.994843990891241, 48758.618103162756597 ], [ 565329.996781373862177, 48734.054582516342634 ], [ 565379.453543589450419, 48734.058483781380346 ], [ 565379.455481462180614, 48709.494961183328996 ], [ 565428.912137813400477, 48709.498863424560113 ], [ 565428.914076174609363, 48684.935338867086102 ], [ 565527.827514983015135, 48684.943148272017424 ], [ 565527.823631419916637, 48734.070205274940236 ], [ 565503.095299522276036, 48734.068249848729465 ], [ 565503.093357005389407, 48758.631777383365261 ], [ 565527.821688169497065, 48758.633733795097214 ], [ 565527.819743931293488, 48783.197372864655335 ], [ 565503.091413500835188, 48783.195415467402199 ], [ 565503.089469026308507, 48807.758943031200033 ], [ 565602.002905068802647, 48807.766781006823294 ], [ 565602.006798919755965, 48758.639607470344345 ], [ 565651.463470199145377, 48758.643526940664742 ], [ 565651.465417116647586, 48734.07999348732119 ], [ 565676.193754985113628, 48734.081953342538327 ], [ 565676.187909079366364, 48807.772667244404147 ], [ 565651.459573412197642, 48807.77070442592958 ], [ 565651.457623551599681, 48832.334237929295341 ], [ 565676.185958484187722, 48832.336201735517534 ], [ 565676.184006907511503, 48856.899736234954617 ], [ 565651.455672709969804, 48856.897771440977522 ], [ 565651.453720878344029, 48881.461415502097225 ], [ 565626.725388421560638, 48881.459450460766675 ], [ 565626.71952927520033, 48955.150048171461094 ], [ 565700.904523018631153, 48955.155954406422097 ], [ 565700.900607587187551, 49004.283136077188828 ], [ 565725.62905063375365, 49004.285108291078359 ], [ 565725.627090712310746, 49028.84864486951119 ], [ 565700.898648403235711, 49028.84667166712461 ], [ 565700.896688237437047, 49053.410207271692343 ], [ 565676.168358946335502, 49053.408233832691622 ], [ 565676.172276820754632, 49004.281164614432782 ], [ 565626.715618265443482, 49004.277223915712966 ], [ 565626.711703341687098, 49053.404289183708897 ], [ 565601.983377021853812, 49053.402317973726895 ], [ 565601.985334236174822, 49028.838786319414794 ], [ 565577.256896898034029, 49028.836816830204043 ], [ 565577.25885239453055, 49004.273286177165573 ], [ 565552.530526597169228, 49004.271318425715435 ], [ 565552.532480385387316, 48979.707678238766675 ], [ 565527.804154835059308, 48979.70571221546561 ], [ 565527.806106898235157, 48955.142183563883009 ], [ 565453.621134009212255, 48955.136292900751869 ], [ 565453.623082883888856, 48930.572767212950566 ], [ 565354.709574053995311, 48930.56492729439924 ], [ 565354.707628124742769, 48955.128449046809692 ], [ 565280.522676023771055, 48955.122573955501139 ], [ 565280.520731328288093, 48979.686092768635717 ], [ 565231.063991737551987, 48979.682177776630851 ], [ 565231.0620475319447, 49004.245805175953137 ], [ 565181.605424646288157, 49004.241891198558733 ], [ 565181.603480949648656, 49028.805406116036465 ], [ 565156.875171716674231, 49028.80344926041289 ], [ 565156.873227783944458, 49053.366963212210976 ], [ 565082.688196957344189, 49053.361094153624435 ], [ 565082.686254265718162, 49077.924605187690759 ], [ 565057.95783919095993, 49077.922649336142058 ], [ 565057.955896265339106, 49102.486159399762983 ], [ 565033.227705453289673, 49102.484203330750461 ], [ 565033.22964764025528, 49077.920694245571212 ], [ 565008.501234535477124, 49077.918739880777139 ], [ 565008.499293087050319, 49102.482247987871233 ], [ 564983.770992967765778, 49102.480293397537025 ], [ 564983.769051286857575, 49127.043800541614473 ], [ 565008.497350667254068, 49127.04575610964821 ], [ 565008.495407276088372, 49151.609264246108069 ], [ 564959.038810980855487, 49151.605351899117522 ], [ 564959.040752893430181, 49127.041845717692922 ], [ 564909.584047789219767, 49127.037938293411571 ], [ 564909.582107355352491, 49151.601442521277932 ], [ 564884.853812662535347, 49151.599488953492255 ], [ 564884.847987743909471, 49225.290219872331363 ], [ 564835.39129444421269, 49225.286309107454144 ], [ 564835.385465263971128, 49298.976813229084655 ], [ 564860.113864835933782, 49298.978771169546235 ], [ 564860.111919096321799, 49323.542273554652638 ], [ 564983.753482864354737, 49323.552079305496591 ], [ 564983.751532443915494, 49348.115586582011019 ], [ 565008.479825156973675, 49348.117550949391443 ], [ 565008.477873022784479, 49372.681059218368318 ], [ 565057.934459902928211, 49372.684992152055202 ], [ 565057.932505302480422, 49397.248612927032809 ], [ 565008.475919908378273, 49397.24467803681182 ], [ 565008.473965831333771, 49421.808186335307255 ], [ 564983.745675347512588, 49421.806219034806418 ], [ 564983.749581052456051, 49372.679093873273814 ], [ 564959.021290069096722, 49372.677129276024061 ], [ 564959.019338440732099, 49397.240746139425028 ], [ 564909.562649642815813, 49397.23681722603942 ], [ 564909.560698539367877, 49421.800321615941357 ], [ 564835.375730577856302, 49421.794430934322008 ], [ 564835.373780735768378, 49446.357932417748088 ], [ 564810.645609167055227, 49446.35596939104289 ], [ 564810.643659100285731, 49470.919469907887105 ], [ 564835.37182992498856, 49470.921433909687039 ], [ 564835.369878145284019, 49495.484935416396183 ], [ 564810.641708065057173, 49495.48297043950879 ], [ 564810.637803080491722, 49544.610082081861037 ], [ 564860.094363806536421, 49544.614016704173991 ], [ 564860.092408374766819, 49569.17751923706237 ], [ 564909.54897154122591, 49569.181458813196514 ], [ 564909.547013648087159, 49593.744963306678983 ], [ 564934.275295966654085, 49593.746935197545099 ], [ 564934.273336348473094, 49618.310551217167813 ], [ 564959.001730166259222, 49618.312524845066946 ], [ 564958.999768839799799, 49642.876031321764458 ], [ 564934.271375768701546, 49642.874056716900668 ], [ 564934.269414218724705, 49667.437562231469201 ], [ 564958.997806542669423, 49667.439537813297648 ], [ 564958.995843274868093, 49692.003044325967494 ], [ 565082.637370854150504, 49692.012938374457008 ], [ 565082.639337859465741, 49667.449426971405046 ], [ 565057.91094061313197, 49667.447447628059308 ], [ 565057.914870212087408, 49618.32042683671898 ], [ 565082.643268952262588, 49618.322404222424666 ], [ 565082.641303892130964, 49642.885915589497017 ], [ 565107.369591605849564, 49642.887894697058073 ], [ 565107.367624826147221, 49667.451407058157201 ], [ 565181.55260291416198, 49667.457351841127092 ], [ 565181.550632918952033, 49692.020867163169896 ], [ 565156.822343738051131, 49692.018883839213231 ], [ 565156.820373516762629, 49716.582398189515516 ], [ 565132.091974807903171, 49716.58041462937399 ], [ 565132.093944281339645, 49692.016901259004953 ], [ 565107.365657073445618, 49692.014919440392987 ], [ 565107.359747968963347, 49765.70556719214801 ], [ 564958.989947638241574, 49765.693674469002872 ], [ 564958.991913818172179, 49741.130167918032384 ], [ 564909.535245902952738, 49741.126211654911458 ], [ 564909.533281220123172, 49765.689716252338258 ], [ 564860.07673001033254, 49765.685761059736251 ], [ 564860.078693195944652, 49741.122258414368844 ], [ 564884.806969065219164, 49741.124234657931083 ], [ 564884.808932038606144, 49716.560620516887866 ], [ 564835.352268512244336, 49716.556670725607546 ], [ 564835.354229011456482, 49691.993169085450063 ], [ 564860.082616668310948, 49691.995142633531941 ], [ 564860.084576946217567, 49667.431640026465175 ], [ 564810.62802368379198, 49667.427695651298563 ], [ 564810.620182732120156, 49765.681808882283804 ], [ 564785.891799280419946, 49765.679833915353811 ], [ 564785.88983737246599, 49790.243333650301793 ], [ 564810.61822007515002, 49790.245309591962723 ], [ 564810.616256440873258, 49814.808920857518387 ], [ 564711.702957082190551, 49814.801017736936046 ], [ 564711.706877380143851, 49765.673913555081526 ] ], [ [ 564612.793810271774419, 49765.666030306245375 ], [ 564637.522075587301515, 49765.667999987774238 ], [ 564637.518159784143791, 49814.795098332426278 ], [ 564612.789895966765471, 49814.793126706652401 ], [ 564612.793810271774419, 49765.666030306245375 ] ], [ [ 566417.939374596928246, 50036.011344121281581 ], [ 566417.943416141555645, 49986.884103566932026 ], [ 566343.758317913627252, 49986.878006994913449 ], [ 566343.762350968783721, 49937.750883032793354 ], [ 566269.577368549187668, 49937.744799268737552 ], [ 566269.579381336108781, 49913.181240302306833 ], [ 566220.122618631925434, 49913.177190225476807 ], [ 566220.124628926976584, 49888.613633260676579 ], [ 566170.667868732241914, 49888.609588199462451 ], [ 566170.665859938832, 49913.173143172774871 ], [ 566195.394294429570436, 49913.175166325658211 ], [ 566195.392283896100707, 49937.738722303176473 ], [ 566145.935639975243248, 49937.73467478089151 ], [ 566145.933629955747165, 49962.298228782572551 ], [ 566121.205198985640891, 49962.296205152109906 ], [ 566121.209216533578001, 49913.169099153288698 ], [ 566096.480896324501373, 49913.167078277590917 ], [ 566096.476880279369652, 49962.294182287521835 ], [ 566071.748562588123605, 49962.292160179713392 ], [ 566071.744544096523896, 50011.419262261217227 ], [ 566047.016117619234137, 50011.417238913680194 ], [ 566047.010084726731293, 50085.107999708139687 ], [ 565997.553461860865355, 50085.103949344971625 ], [ 565997.555472302134149, 50060.5404012318686 ], [ 565972.827161606634036, 50060.538378180812288 ], [ 565972.831178033957258, 50011.411173443470034 ], [ 565923.37455664249137, 50011.407133584238181 ], [ 565923.38857254490722, 49839.462207715252589 ], [ 565948.116888006567024, 49839.464220323236077 ], [ 565948.114887941395864, 49864.027766317150963 ], [ 566022.299949318170547, 49864.033811657391198 ], [ 566022.297946007107385, 49888.597471178894921 ], [ 566096.48290286550764, 49888.603526288730791 ], [ 566096.484908427926712, 49864.039863786114438 ], [ 566145.941664112266153, 49864.043902324105147 ], [ 566145.945675255265087, 49814.916794454940828 ], [ 566170.673889188794419, 49814.918812852869451 ], [ 566170.675894036074169, 49790.355147404196032 ], [ 566195.404332277132198, 49790.357165579254797 ], [ 566195.400320103857666, 49839.48438794138201 ], [ 566244.8569740280509, 49839.488430520330439 ], [ 566244.8589821041096, 49814.924872610208695 ], [ 566319.044084045221098, 49814.930939158439287 ], [ 566319.046093388460577, 49790.367267730798631 ], [ 566294.317761408165097, 49790.365245793967915 ], [ 566294.319769002380781, 49765.801685919883312 ], [ 566417.961553940782323, 49765.811798164009815 ], [ 566417.963564287289046, 49741.248233313970559 ], [ 566467.420242285472341, 49741.25228148563474 ], [ 566467.424263002118096, 49692.125037297286326 ], [ 566492.152716287877411, 49692.127060522310785 ], [ 566492.140637735254131, 49839.508688737245393 ], [ 566393.227071162662469, 49839.500576384198212 ], [ 566393.221027477877215, 49913.191378702111251 ], [ 566417.949471001047641, 49913.193408659302804 ], [ 566417.947453707107343, 49937.756973613599257 ], [ 566442.67578621103894, 49937.75900531696243 ], [ 566442.667704092455097, 50036.013379821757553 ], [ 566417.939374596928246, 50036.011344121281581 ] ], [ [ 566516.868864973308519, 49839.510718699093559 ], [ 566516.866847656434402, 49864.074287607996666 ], [ 566492.138621168443933, 49864.07225664575526 ], [ 566492.140637735254131, 49839.508688737245393 ], [ 566516.868864973308519, 49839.510718699093559 ] ], [ [ 566986.656955493963324, 50453.639799033837335 ], [ 566986.654898910084739, 50478.203276860513142 ], [ 566961.926560806226917, 50478.201206352074223 ], [ 566961.928616630728357, 50453.637729532849335 ], [ 566986.656955493963324, 50453.639799033837335 ] ], [ [ 566986.659011095296592, 50429.076100152073195 ], [ 567011.38735172059387, 50429.078169409440306 ], [ 567011.385295360232703, 50453.641869299040991 ], [ 566986.656955493963324, 50453.639799033837335 ], [ 566986.659011095296592, 50429.076100152073195 ] ], [ [ 567604.974985300563276, 49151.818844874120259 ], [ 567604.977006323635578, 49127.255232008181338 ], [ 567629.705412126029842, 49127.257266453445482 ], [ 567629.70339036360383, 49151.820880336519622 ], [ 567604.974985300563276, 49151.818844874120259 ] ], [ [ 567778.118296034983359, 48611.433030104613863 ], [ 567802.846724466769956, 48611.435048344130337 ], [ 567802.844718805979937, 48635.998669051019533 ], [ 567778.116291105747223, 48635.996649791763048 ], [ 567778.118296034983359, 48611.433030104613863 ] ], [ [ 567802.826622246881016, 48857.071477150631836 ], [ 567802.824606445035897, 48881.635208538347797 ], [ 567778.096186081063934, 48881.633179081611161 ], [ 567778.098201147629879, 48857.069448713642487 ], [ 567802.826622246881016, 48857.071477150631836 ] ], [ [ 566319.07611450587865, 49421.913524592571775 ], [ 566269.619429160957225, 49421.909511390134867 ], [ 566269.621421152027324, 49397.34595273539162 ], [ 566170.707836997229606, 49397.33793928004161 ], [ 566170.705847979988903, 49421.901493950295844 ], [ 566096.520839527831413, 49421.89548874412867 ], [ 566096.522826315020211, 49397.331937058319454 ], [ 566047.066046258201823, 49397.327939309259818 ], [ 566047.068030580412596, 49372.764279091083154 ], [ 565972.883032677345909, 49372.758291071484564 ], [ 565972.885013775667176, 49348.194744381835335 ], [ 565923.428352020331658, 49348.190758092037868 ], [ 565923.426372407237068, 49372.754302797628043 ], [ 565824.512841282179579, 49372.746335206102231 ], [ 565824.516793583170511, 49323.619253736978862 ], [ 565849.245231993729249, 49323.621242536857608 ], [ 565849.253127757576294, 49225.367075807742367 ], [ 565799.796468564076349, 49225.363106894314114 ], [ 565799.798438573023304, 49200.799456695873232 ], [ 565775.069998449762352, 49200.797474338265602 ], [ 565775.077865668106824, 49102.543209248244239 ], [ 565750.34953487070743, 49102.54123160175368 ], [ 565750.357383401831612, 49004.287081238355313 ], [ 565775.085717151407152, 49004.289054927889083 ], [ 565775.089637004537508, 48955.16186732389906 ], [ 565799.818084512138739, 48955.163839785353048 ], [ 565799.82004369632341, 48930.600300276841153 ], [ 565775.091595452278852, 48930.598328805004712 ], [ 565775.09355291724205, 48906.034790307014191 ], [ 565799.822001897264272, 48906.036760789233085 ], [ 565799.827870609355159, 48832.346031879213115 ], [ 565775.099419423495419, 48832.344064365846862 ], [ 565775.105277083581313, 48758.653338549753244 ], [ 565725.648595856619067, 48758.649411694030277 ], [ 565725.652493110159412, 48709.522338873161061 ], [ 565700.924041242338717, 48709.520378521279781 ], [ 565700.925987663096748, 48684.956843114894582 ], [ 565725.654440263635479, 48684.958802478271537 ], [ 565725.65638644376304, 48660.395155569378403 ], [ 565750.384729497949593, 48660.397114672494354 ], [ 565750.388620357727632, 48611.270039990289661 ], [ 565775.116965857101604, 48611.271997851974447 ], [ 565775.115020186873153, 48635.835536175050947 ], [ 565799.843477238784544, 48635.8374957714841 ], [ 565799.841529853641987, 48660.401035098708235 ], [ 565824.569764608051628, 48660.402996404154692 ], [ 565824.571712725097314, 48635.839456086949212 ], [ 565874.028520538588054, 48635.843378954399668 ], [ 565874.024620383512229, 48684.970574100414524 ], [ 565898.752968671033159, 48684.972538616952079 ], [ 565898.756870290380903, 48635.845341488733538 ], [ 565923.485332328244112, 48635.847304768583854 ], [ 565923.487282387912273, 48611.28376050224324 ], [ 565874.030469135148451, 48611.279836670641089 ], [ 565874.032416747300886, 48586.716294401405321 ], [ 565849.304066516109742, 48586.714334585201868 ], [ 565849.311844217590988, 48488.459948540286859 ], [ 565874.040197369875386, 48488.461904393559962 ], [ 565874.038253686507232, 48513.025557139633747 ], [ 565898.766607092460617, 48513.027514718458406 ], [ 565898.762715329416096, 48562.154601166555949 ], [ 565923.491179560893215, 48562.156561471965688 ], [ 565923.489231462590396, 48586.720216250432713 ], [ 565997.67429411993362, 48586.726104530273005 ], [ 565997.672342851641588, 48611.289651758735999 ], [ 566047.129054816439748, 48611.293582944614172 ], [ 566047.127101098769344, 48635.857132173892751 ], [ 566071.855569134932011, 48635.859099873858213 ], [ 566071.853613698389381, 48660.42265011138079 ], [ 566096.581970712170005, 48660.424619533252553 ], [ 566096.57217503641732, 48783.242596985655837 ], [ 566146.028996027540416, 48783.246547995811852 ], [ 566146.040756666450761, 48635.865007376145513 ], [ 566170.769006150658242, 48635.866978005120473 ], [ 566170.767047786270268, 48660.430532221180329 ], [ 566244.952245158609003, 48660.436451551489881 ], [ 566244.946357529377565, 48734.127233791623439 ], [ 566269.67483063635882, 48734.129211371822748 ], [ 566269.672865382977761, 48758.69276963059383 ], [ 566220.216032901662402, 48758.688813224274782 ], [ 566220.210135596105829, 48832.379592650286213 ], [ 566195.481778707820922, 48832.377612571581267 ], [ 566195.479811698081903, 48856.941167899749416 ], [ 566146.02310237288475, 48856.937207970557211 ], [ 566146.021135835675523, 48881.500871857497259 ], [ 566096.564320722362027, 48881.496912890244857 ], [ 566096.562354676891118, 48906.060464267597126 ], [ 566071.83400500298012, 48906.058484904955549 ], [ 566071.832038705819286, 48930.622035302847507 ], [ 566047.103579477523454, 48930.620055678373319 ], [ 566047.101612929371186, 48955.183605103455193 ], [ 565972.916577300638892, 48955.177667724754428 ], [ 565972.910678359912708, 49028.868417667246831 ], [ 565948.182337368838489, 49028.866437047399813 ], [ 565948.180369824287482, 49053.429982553665468 ], [ 565923.452030555694364, 49053.428001684609626 ], [ 565923.450062763993628, 49077.991546219993324 ], [ 565948.17840129439719, 49077.993528080893157 ], [ 565948.176431778934784, 49102.557073616495472 ], [ 565923.448093987186439, 49102.555090763758926 ], [ 565923.442181737162173, 49176.245835018009529 ], [ 565948.170517310965806, 49176.247820846278046 ], [ 565948.172489791642874, 49151.684164731741475 ], [ 565972.900827089790255, 49151.686150312656537 ], [ 565972.904770555323921, 49102.559057212987682 ], [ 566047.089792905724607, 49102.56501246496191 ], [ 566047.091765375575051, 49078.00146295826562 ], [ 566071.820220179972239, 49078.003448544986895 ], [ 566071.818246971466579, 49102.566999045389821 ], [ 566096.54659074684605, 49102.568986360638519 ], [ 566096.544615812133998, 49127.132537869787484 ], [ 566170.729650953901, 49127.138507262483472 ], [ 566170.727672813460231, 49151.702061770767614 ], [ 566071.81429759261664, 49151.694100090229767 ], [ 566071.812321413191967, 49176.257761169581499 ], [ 566022.355641274363734, 49176.253782809239055 ], [ 566022.353665596805513, 49200.817331387632294 ], [ 566047.081893147900701, 49200.819321179747931 ], [ 566047.079915734357201, 49225.382981294795172 ], [ 566071.808366101467982, 49225.384972843770811 ], [ 566071.810344255529344, 49200.821311735009658 ], [ 566096.538685072679073, 49200.82330302655464 ], [ 566096.540662970626727, 49176.259751467056049 ], [ 566121.269005543086678, 49176.261742509392207 ], [ 566121.263066656072624, 49249.95251073770487 ], [ 566145.991519271046855, 49249.954505518348014 ], [ 566145.995481001329608, 49200.827287854328461 ], [ 566170.723713557119481, 49200.829281372629339 ], [ 566170.717767260968685, 49274.520055608809344 ], [ 566244.902909375960007, 49274.526049634449009 ], [ 566244.904894684092142, 49249.962492064849357 ], [ 566269.633352311211638, 49249.964490575424861 ], [ 566269.629379222169518, 49299.091607722722983 ], [ 566220.172579199308529, 49299.087607470566581 ], [ 566220.168605117709376, 49348.214720697098528 ], [ 566244.896947512053885, 49348.216722437922726 ], [ 566244.898935789940879, 49323.653164824121632 ], [ 566294.355736332945526, 49323.657168563469895 ], [ 566294.35175581718795, 49372.78428779328533 ], [ 566319.080100479535758, 49372.786292773947935 ], [ 566319.07611450587865, 49421.913524592571775 ] ], [ [ 566269.617436179658398, 49446.473070065927459 ], [ 566244.888984492514282, 49446.471063581884664 ], [ 566244.890976730035618, 49421.90750590278185 ], [ 566269.619429160957225, 49421.909511390134867 ], [ 566269.617436179658398, 49446.473070065927459 ] ], [ [ 565725.660275839967653, 48611.268082864909957 ], [ 565725.666102577000856, 48537.577363376010908 ], [ 565750.394449287327006, 48537.579317534778966 ], [ 565750.388620357727632, 48611.270039990289661 ], [ 565725.660275839967653, 48611.268082864909957 ] ], [ [ 566294.432564431917854, 48365.677470963652013 ], [ 566269.704190629650839, 48365.675507609994384 ], [ 566269.7061400472885, 48341.111839042103384 ], [ 566294.434514577034861, 48341.113801398707437 ], [ 566294.432564431917854, 48365.677470963652013 ] ], [ [ 565676.166398536995985, 49077.971768470095412 ], [ 565651.438070970238186, 49077.969794786353305 ], [ 565651.440030641271733, 49053.40626113669714 ], [ 565676.168358946335502, 49053.408233832691622 ], [ 565676.166398536995985, 49077.971768470095412 ] ], [ [ 565057.930549738695845, 49421.812123182047799 ], [ 565057.926635694457218, 49470.939143742703891 ], [ 565008.470054763020016, 49470.935202982916962 ], [ 565008.473965831333771, 49421.808186335307255 ], [ 565057.930549738695845, 49421.812123182047799 ] ], [ [ 564711.700995487044565, 49839.364514579712704 ], [ 564686.972840772359632, 49839.362539725989336 ], [ 564686.970878960331902, 49863.926035610427789 ], [ 564637.514240126125515, 49863.922086195678276 ], [ 564637.516200438025407, 49839.358592256605334 ], [ 564662.244464470306411, 49839.360565609407786 ], [ 564662.246424566023052, 49814.797070712731511 ], [ 564711.702957082190551, 49814.801017736936046 ], [ 564711.700995487044565, 49839.364514579712704 ] ], [ [ 566269.698336452594958, 48439.366292311620782 ], [ 566294.426708070095628, 48439.368258656446415 ], [ 566294.42475397977978, 48463.93170720305352 ], [ 566269.69638309138827, 48463.929739861174312 ], [ 566269.698336452594958, 48439.366292311620782 ] ], [ [ 566788.949375891010277, 49004.370615377200011 ], [ 566813.677640534937382, 49004.372620232825284 ], [ 566813.675648163422011, 49028.936200673357234 ], [ 566788.947384256869555, 49028.934194812878559 ], [ 566788.949375891010277, 49004.370615377200011 ] ], [ [ 565799.792525614146143, 49274.490186265611555 ], [ 565824.520741949556395, 49274.492172320540703 ], [ 565824.51876825815998, 49299.055713018249662 ], [ 565799.790552664315328, 49299.053725973346445 ], [ 565799.792525614146143, 49274.490186265611555 ] ], [ [ 565799.847369059105404, 48586.710417160618817 ], [ 565824.575606008176692, 48586.712375496128516 ], [ 565824.57365985843353, 48611.27591578427382 ], [ 565799.845423640566878, 48611.273956458790053 ], [ 565799.847369059105404, 48586.710417160618817 ] ], [ [ 565033.172929612686858, 49790.263126941936207 ], [ 565057.901099593844265, 49790.26511040738842 ], [ 565057.899128466378897, 49814.828731440706179 ], [ 565033.170959234586917, 49814.82674699681229 ], [ 565033.172929612686858, 49790.263126941936207 ] ], [ [ 566368.478676144266501, 50085.134401072005858 ], [ 566393.206890834262595, 50085.136437244604167 ], [ 566393.204867337364703, 50109.700111839578312 ], [ 566368.476653401157819, 50109.698074668442132 ], [ 566368.478676144266501, 50085.134401072005858 ] ], [ [ 566294.281455265474506, 50232.509878778779239 ], [ 566319.009773701312952, 50232.511918669159058 ], [ 566319.007746528717689, 50257.075479824605281 ], [ 566294.279428848880343, 50257.073438936808088 ], [ 566294.281455265474506, 50232.509878778779239 ] ], [ [ 566269.678758172318339, 48685.002094891679008 ], [ 566294.407122483011335, 48685.004071207047673 ], [ 566294.405158477602527, 48709.567630440047651 ], [ 566269.676794899394736, 48709.56565312762541 ], [ 566269.678758172318339, 48685.002094891679008 ] ], [ [ 566319.158987385919318, 48390.242995085478469 ], [ 566343.887362457229756, 48390.244960902120511 ], [ 566343.885408882983029, 48414.808521949962596 ], [ 566319.157034539966844, 48414.806555135524832 ], [ 566319.158987385919318, 48390.242995085478469 ] ], [ [ 565601.936109743197449, 49642.927634798397776 ], [ 565626.664418243337423, 49642.929629696518532 ], [ 565626.662435774342157, 49667.493162706581643 ], [ 565601.934128021355718, 49667.491166821455408 ], [ 565601.936109743197449, 49642.927634798397776 ] ], [ [ 566566.32161768397782, 49888.642033286501828 ], [ 566591.049957718350925, 49888.644067525259743 ], [ 566591.047936161165126, 49913.207639473672316 ], [ 566566.319596877554432, 49913.205604233407939 ], [ 566566.32161768397782, 49888.642033286501828 ] ], [ [ 565725.61924120481126, 49127.10279133610311 ], [ 565750.347570281708613, 49127.104769227706129 ], [ 565750.345604710048065, 49151.66830686834146 ], [ 565725.617276372620836, 49151.666327987870318 ], [ 565725.61924120481126, 49127.10279133610311 ] ], [ [ 566442.707955826073885, 49544.74150968046888 ], [ 566467.436301296460442, 49544.74352614577947 ], [ 566467.434297398664057, 49569.307092882329016 ], [ 566442.705952673917636, 49569.305075417360058 ], [ 566442.707955826073885, 49544.74150968046888 ] ], [ [ 566269.567289751023054, 50060.562704866046261 ], [ 566294.295612461632118, 50060.564737016233266 ], [ 566294.293592979665846, 50085.128297069342807 ], [ 566269.565271022496745, 50085.126263922109501 ], [ 566269.567289751023054, 50060.562704866046261 ] ], [ [ 566343.804458671947941, 49421.915532316670578 ], [ 566368.532915130606852, 49421.917540798400296 ], [ 566368.530919174198061, 49446.481103464626358 ], [ 566343.802463459200226, 49446.479093984722567 ], [ 566343.804458671947941, 49421.915532316670578 ] ], [ [ 565354.650771300774068, 49667.471249320107745 ], [ 565379.379180412855931, 49667.473237691134273 ], [ 565379.377204437856562, 49692.036760869035788 ], [ 565354.648796073277481, 49692.034771514721797 ], [ 565354.650771300774068, 49667.471249320107745 ] ], [ [ 565700.79943733336404, 50257.024685945943929 ], [ 565725.527842296171002, 50257.026708573168435 ], [ 565725.525832284940407, 50281.590245914565457 ], [ 565700.79742807848379, 50281.588222298851178 ], [ 565700.79943733336404, 50257.024685945943929 ] ], [ [ 565305.160492406575941, 50085.047562831125106 ], [ 565329.888775494415313, 50085.049566391753615 ], [ 565329.886784409405664, 50109.613198385479336 ], [ 565305.1585020753555, 50109.611193842305511 ], [ 565305.160492406575941, 50085.047562831125106 ] ], [ [ 566294.323781227925792, 49716.674455681357358 ], [ 566319.052115453989245, 49716.676474625928677 ], [ 566319.050109083764255, 49741.240146002659458 ], [ 566294.321775606018491, 49741.238126060670766 ], [ 566294.323781227925792, 49716.674455681357358 ] ], [ [ 565577.213628016412258, 49569.234937088120205 ], [ 565601.942049036035314, 49569.236928283367888 ], [ 565601.940070254961029, 49593.800460261940316 ], [ 565577.21164998144377, 49593.798468080050952 ], [ 565577.213628016412258, 49569.234937088120205 ] ], [ [ 566195.428322199266404, 49495.594164284273575 ], [ 566220.156659114989452, 49495.596171253222565 ], [ 566220.154664643690921, 49520.15983850905468 ], [ 566195.426328472793102, 49520.15783054415806 ], [ 566195.428322199266404, 49495.594164284273575 ] ], [ [ 565725.523821291630156, 50306.153783264708181 ], [ 565750.252114462899044, 50306.155808621784672 ], [ 565750.250101721263491, 50330.719457510684151 ], [ 565725.521809307043441, 50330.717431164732261 ], [ 565725.523821291630156, 50306.153783264708181 ] ], [ [ 566170.661839385516942, 49962.300253151588549 ], [ 566195.390272373566404, 49962.302278295603173 ], [ 566195.388259861734696, 49986.865834302967414 ], [ 566170.659827625728212, 49986.863808163390786 ], [ 566170.661839385516942, 49962.300253151588549 ] ], [ [ 565478.260600740788504, 50060.498076348747418 ], [ 565502.989002802874893, 50060.500084243671154 ], [ 565502.987007429357618, 50085.063612575817388 ], [ 565478.258606120711192, 50085.061603695743543 ], [ 565478.260600740788504, 50060.498076348747418 ] ], [ [ 565676.211239697528072, 48513.009922944991558 ], [ 565700.939585136366077, 48513.011874645249918 ], [ 565700.935705057927407, 48562.138945256541774 ], [ 565676.20736107963603, 48562.136991580031463 ], [ 565676.211239697528072, 48513.009922944991558 ] ], [ [ 567605.019214478670619, 48611.418923035947955 ], [ 567629.747635722160339, 48611.420936121212435 ], [ 567629.743633632315323, 48660.548163288680371 ], [ 567605.015213852399029, 48660.546148169130902 ], [ 567605.019214478670619, 48611.418923035947955 ] ], [ [ 565453.544364906847477, 49913.114800829673186 ], [ 565453.546351926866919, 49888.551274565754284 ], [ 565478.274535693693906, 49888.553274790989235 ], [ 565478.272547922795638, 49913.116802039672621 ], [ 565453.544364906847477, 49913.114800829673186 ] ], [ [ 565503.000954497489147, 49913.11880402371753 ], [ 565502.998964997008443, 49937.682332266202138 ], [ 565478.270559173426591, 49937.68032929700712 ], [ 565478.272547922795638, 49913.116802039672621 ], [ 565503.000954497489147, 49913.11880402371753 ] ], [ [ 565602.02039649663493, 48586.694776882155566 ], [ 565676.205420289887115, 48586.700636460453097 ], [ 565676.203478527488187, 48611.264170814269164 ], [ 565602.018456927733496, 48611.258308273827424 ], [ 565602.02039649663493, 48586.694776882155566 ] ], [ [ 565453.646393116330728, 48635.810128556426207 ], [ 565428.917949972557835, 48635.808179273561109 ], [ 565428.919885400566272, 48611.244654766007443 ], [ 565453.648329275893047, 48611.24660306446458 ], [ 565453.646393116330728, 48635.810128556426207 ] ], [ [ 565453.650264457450248, 48586.68307758703304 ], [ 565503.106934077106416, 48586.686974405405635 ], [ 565503.104997433139943, 48611.250501852759044 ], [ 565453.648329275893047, 48611.24660306446458 ], [ 565453.650264457450248, 48586.68307758703304 ] ], [ [ 565626.754551797523163, 48513.006021748929925 ], [ 565602.026209329953417, 48513.004072253126651 ], [ 565602.0281449862523, 48488.440430384667707 ], [ 565626.756488183513284, 48488.442378893458226 ], [ 565626.754551797523163, 48513.006021748929925 ] ], [ [ 565626.758423580205999, 48463.878846581035759 ], [ 565676.21511439839378, 48463.882743826819933 ], [ 565676.213177543017082, 48488.446278114373854 ], [ 565626.756488183513284, 48488.442378893458226 ], [ 565626.758423580205999, 48463.878846581035759 ] ], [ [ 565329.975416442612186, 49004.253642046656751 ], [ 565354.703733327798545, 49004.255603117773717 ], [ 565354.705681218998507, 48979.691970807572943 ], [ 565379.434111110400409, 48979.693931646484998 ], [ 565379.430212885607034, 49028.821087713331508 ], [ 565329.973468321142718, 49028.817162853803893 ], [ 565329.975416442612186, 49004.253642046656751 ] ], [ [ 566294.413008564501069, 48611.313283079238317 ], [ 566269.684642057865858, 48611.311309755030379 ], [ 566269.686601369525306, 48586.747751583527133 ], [ 566319.14333685208112, 48586.751696973769867 ], [ 566319.137451556627639, 48660.442377515304543 ], [ 566294.40908550680615, 48660.440401459942223 ], [ 566294.413008564501069, 48611.313283079238317 ] ], [ [ 565354.644842679728754, 49741.161926470733306 ], [ 565354.646819869289175, 49716.598293717899651 ], [ 565379.375227486016229, 49716.600284055501106 ], [ 565379.373249548254535, 49741.163917791622225 ], [ 565354.644842679728754, 49741.161926470733306 ] ], [ [ 565428.829843685845844, 49741.167902675741061 ], [ 565428.82786328275688, 49765.731427859616815 ], [ 565404.099455185234547, 49765.729434047847462 ], [ 565404.097474553389475, 49790.292958262565662 ], [ 565379.369290759554133, 49790.290964238884044 ], [ 565379.373249548254535, 49741.163917791622225 ], [ 565428.829843685845844, 49741.167902675741061 ] ], [ [ 565132.099846862023696, 49618.326361230712791 ], [ 565156.828248559962958, 49618.328340871099499 ], [ 565156.830214895540848, 49593.764716045407113 ], [ 565206.286800205823965, 49593.768675602055737 ], [ 565206.284832377568819, 49618.332302388742391 ], [ 565181.556539982324466, 49618.3303212541432 ], [ 565181.554571935208514, 49642.893836540220946 ], [ 565132.097880308399908, 49642.889874556538416 ], [ 565132.099846862023696, 49618.326361230712791 ] ], [ [ 566071.732464916538447, 50158.800679405881965 ], [ 566047.004042960703373, 50158.798650096119673 ], [ 566047.008071782649495, 50109.67166035741684 ], [ 566096.464808421209455, 50109.675715752011456 ], [ 566096.458759167348035, 50183.366372154516284 ], [ 566071.730448256595992, 50183.364341100066667 ], [ 566071.732464916538447, 50158.800679405881965 ] ], [ [ 566294.339790476718917, 49520.165866913230275 ], [ 566269.611451285076328, 49520.163856698105519 ], [ 566269.613447246141732, 49495.60018744928675 ], [ 566294.341787182842381, 49495.60219666735793 ], [ 566294.343782889191061, 49471.03863697124325 ], [ 566319.072124577127397, 49471.040645941597177 ], [ 566319.070128126186319, 49495.604206635129231 ], [ 566343.798470059758984, 49495.606217352607928 ], [ 566343.796471863868646, 49520.169889593707921 ], [ 566319.068130675237626, 49520.167877878433501 ], [ 566319.066132242325693, 49544.731438601556874 ], [ 566294.337792789097875, 49544.729426638936275 ], [ 566294.339790476718917, 49520.165866913230275 ] ], [ [ 566714.770105227595195, 48930.673765504448966 ], [ 566739.498480322770774, 48930.675765131039952 ], [ 566739.500466492609121, 48906.112187762504618 ], [ 566788.95733245590236, 48906.116187239531428 ], [ 566788.955344813992269, 48930.679766616682173 ], [ 566764.226856417255476, 48930.67776549878181 ], [ 566764.222879612469114, 48979.804922294228163 ], [ 566714.766131369047798, 48979.800918284156069 ], [ 566714.770105227595195, 48930.673765504448966 ] ], [ [ 565156.834144627908245, 49544.637687501737673 ], [ 565082.649158306187019, 49544.631759669158782 ], [ 565082.651119476184249, 49520.068248361370934 ], [ 565107.379410919966176, 49520.070222572961939 ], [ 565107.381371870986186, 49495.5065997660422 ], [ 565082.65307968237903, 49495.504626533635019 ], [ 565082.658954439451918, 49421.814092737156898 ], [ 565132.115544270374812, 49421.818034075389733 ], [ 565132.113585502956994, 49446.381547289041919 ], [ 565156.841992417816073, 49446.383520069844963 ], [ 565156.840031933039427, 49470.947034271950542 ], [ 565132.1116257624235, 49470.945060511206975 ], [ 565132.107703352463432, 49520.072197534631414 ], [ 565156.836108033661731, 49520.074173255256028 ], [ 565156.834144627908245, 49544.637687501737673 ] ], [ [ 565156.838070474565029, 49495.51054848881904 ], [ 565206.294661748339422, 49495.514500201512419 ], [ 565206.29269781766925, 49520.078126928943675 ], [ 565156.836108033661731, 49520.074173255256028 ], [ 565156.838070474565029, 49495.51054848881904 ] ], [ [ 565824.453084553359076, 50109.653448675278923 ], [ 565849.181499026832171, 50109.655469166573312 ], [ 565849.183505940833129, 50085.091816453525098 ], [ 565824.455090713687241, 50085.089796952590405 ], [ 565824.463105491129681, 49986.835521809844067 ], [ 565849.191523729707114, 49986.83753734936181 ], [ 565849.189520760672167, 50011.401079467679665 ], [ 565898.646136163501069, 50011.405114781817247 ], [ 565898.644130696193315, 50035.968769438070012 ], [ 565923.372550422442146, 50035.970789231971139 ], [ 565923.370543226483278, 50060.534334353476879 ], [ 565898.642124253208749, 50060.532313568110112 ], [ 565898.640116825466976, 50085.095857713116857 ], [ 565923.368535045301542, 50085.09787948995654 ], [ 565923.366525870049372, 50109.661535176303005 ], [ 565873.909803223679774, 50109.657490407778823 ], [ 565873.907794589642435, 50134.22092305674596 ], [ 565849.179491146933287, 50134.218900824824232 ], [ 565849.177482273895293, 50158.782443032941956 ], [ 565824.44906930916477, 50158.78042056094273 ], [ 565824.453084553359076, 50109.653448675278923 ] ], [ [ 565775.048282517236657, 49470.99662164451729 ], [ 565750.319962843321264, 49470.994629159460601 ], [ 565750.317983516375534, 49495.558167006412987 ], [ 565700.861237342236564, 49495.554182297957595 ], [ 565700.857278712326661, 49544.681364616408246 ], [ 565651.400650786119513, 49544.677378963984665 ], [ 565651.396691221161745, 49593.804446861344331 ], [ 565626.668380248243921, 49593.80245318604284 ], [ 565626.676292481017299, 49495.548210871493211 ], [ 565651.404606435797177, 49495.550200597281219 ], [ 565651.406582784606144, 49470.986666703553055 ], [ 565700.863215180113912, 49470.990646428363107 ], [ 565700.865192036144435, 49446.427110573538812 ], [ 565775.050261605763808, 49446.433082823095901 ], [ 565775.048282517236657, 49470.99662164451729 ] ], [ [ 565775.052239711396396, 49421.869544010180107 ], [ 565799.780673157190904, 49421.871535274316557 ], [ 565799.782651023357175, 49397.307995492839837 ], [ 565849.239299829816446, 49397.311978268618986 ], [ 565849.237320476910099, 49421.875520030422194 ], [ 565824.508885037736036, 49421.873527269111946 ], [ 565824.506905444548465, 49446.437068061619357 ], [ 565775.050261605763808, 49446.433082823095901 ], [ 565775.052239711396396, 49421.869544010180107 ] ], [ [ 565329.896730044973083, 49986.795370164625638 ], [ 565280.440158827113919, 49986.791371660809091 ], [ 565280.442143518012017, 49962.227852241368964 ], [ 565255.713747370871715, 49962.225855097982276 ], [ 565255.717712323646992, 49913.098818267484603 ], [ 565230.989426924148574, 49913.096823852691159 ], [ 565230.991407187073492, 49888.533306434976112 ], [ 565329.904668966773897, 49888.541284711347544 ], [ 565329.906651265569963, 49863.977652852103347 ], [ 565379.363345240359195, 49863.981644562496513 ], [ 565379.355404206668027, 49962.235848355667258 ], [ 565404.083582747494802, 49962.237849264907709 ], [ 565404.08159429684747, 49986.801373598893406 ], [ 565354.625017141923308, 49986.797370552245411 ], [ 565354.623029218637384, 50011.360892934237199 ], [ 565329.894742873962969, 50011.358891563708312 ], [ 565329.896730044973083, 49986.795370164625638 ] ], [ [ 566220.144677479634993, 49642.977732876766822 ], [ 566195.4163450388005, 49642.975719932212087 ], [ 566195.414345386321656, 49667.539275746050407 ], [ 566121.229245015885681, 49667.533238429379708 ], [ 566121.227246616734192, 49692.096791278781893 ], [ 566096.49891966371797, 49692.094779353079502 ], [ 566096.500917315483093, 49667.5312274981261 ], [ 566071.772590630105697, 49667.529217319177405 ], [ 566071.770593725843355, 49692.092768180067651 ], [ 566047.042157497722656, 49692.090757750680496 ], [ 566047.038162214215845, 49741.217968051940261 ], [ 566022.309951038449071, 49741.215956406675105 ], [ 566022.307952669332735, 49765.779505318823794 ], [ 565997.579520700033754, 49765.777493415916979 ], [ 565997.575522491359152, 49814.904699840117246 ], [ 565972.847204282297753, 49814.902686714893207 ], [ 565972.84920313488692, 49790.339029217342613 ], [ 565873.935826042317785, 49790.330988219422579 ], [ 565873.933830187073909, 49814.89464175033936 ], [ 565849.205516969435848, 49814.892632397808484 ], [ 565849.203520888462663, 49839.456174411709071 ], [ 565775.018478206708096, 49839.450147902382014 ], [ 565775.016483391984366, 49864.013686961232452 ], [ 565626.64654070022516, 49864.00164840438083 ], [ 565626.64454939623829, 49888.565292083163513 ], [ 565700.829458369640633, 49888.571310921557597 ], [ 565700.827463841531426, 49913.134847049921518 ], [ 565750.28418458881788, 49913.13886537351209 ], [ 565750.280189581681043, 49962.265941617151839 ], [ 565725.551885850029066, 49962.263930104141764 ], [ 565725.55388309317641, 49937.700392963728518 ], [ 565700.825468331575394, 49937.698383186929277 ], [ 565700.821474366355687, 49986.825455505706486 ], [ 565676.093173388158903, 49986.823444518122415 ], [ 565676.091175685171038, 50011.386979711802269 ], [ 565651.362876445287839, 50011.384968493606721 ], [ 565651.360878504463471, 50035.948613255612145 ], [ 565676.089176991721615, 50035.950625461555319 ], [ 565676.087177325971425, 50060.514160685139359 ], [ 565725.54388704651501, 50060.518189356349467 ], [ 565725.535872537526302, 50158.7723383068369 ], [ 565626.62258041719906, 50158.764268199585786 ], [ 565626.620577345020138, 50183.327912064050906 ], [ 565527.707304131006822, 50183.319850166953984 ], [ 565527.715298439376056, 50085.065622205474938 ], [ 565552.443590453127399, 50085.067632593760209 ], [ 565552.445587333291769, 50060.504102290222363 ], [ 565527.717294566333294, 50060.502092887814797 ], [ 565527.719289714004844, 50035.938563585128577 ], [ 565552.447583234054036, 50035.940572001643886 ], [ 565552.451572105754167, 49986.813400928258488 ], [ 565527.72327708080411, 49986.811394483520417 ], [ 565527.727260521729477, 49937.684335982768971 ], [ 565552.455557050183415, 49937.686340455744357 ], [ 565552.45356506772805, 49962.249870684529014 ], [ 565577.181861828896217, 49962.251876900154457 ], [ 565577.185846316977404, 49913.124814484966919 ], [ 565552.457548053120263, 49913.122810241860861 ], [ 565552.461527129169554, 49863.995639317756286 ], [ 565527.733228348311968, 49863.993637802450394 ], [ 565527.737201997311786, 49814.866579450863355 ], [ 565552.465502277947962, 49814.868578994399286 ], [ 565552.46748839202337, 49790.304938313929597 ], [ 565601.924204698414542, 49790.308937700712704 ], [ 565601.928176964865997, 49741.181873520865338 ], [ 565651.384788963594474, 49741.185871966561535 ], [ 565651.382801823318005, 49765.749406023423944 ], [ 565676.111108569428325, 49765.751407364143233 ], [ 565676.109119699103758, 49790.314942423625325 ], [ 565799.750887146801688, 49790.324965396517655 ], [ 565799.752879761857912, 49765.761425392709498 ], [ 565849.209506188402884, 49765.765437873487826 ], [ 565849.211499317316338, 49741.201895904217963 ], [ 565898.668131229700521, 49741.20590941834962 ], [ 565898.670124880038202, 49716.642254947255424 ], [ 565923.398554362123832, 49716.644261852015916 ], [ 565923.400547766592354, 49692.08071693918464 ], [ 565972.857188659720123, 49692.084731005743379 ], [ 565972.859182574204169, 49667.521184117424127 ], [ 566022.31594023515936, 49667.525199218202033 ], [ 566022.317934657912701, 49642.961650365476089 ], [ 566071.774586547049694, 49642.965666479423817 ], [ 566071.776581476675346, 49618.40211565449863 ], [ 566096.504909655894153, 49618.404123845306458 ], [ 566096.506904353620484, 49593.840461506209977 ], [ 566145.963676498737186, 49593.844478162274754 ], [ 566145.965671691810712, 49569.280924383667298 ], [ 566170.693893101881258, 49569.282932829744823 ], [ 566170.691897162934765, 49593.846487603535934 ], [ 566195.420341385295615, 49593.848497814076836 ], [ 566195.422338070347905, 49569.284942044723721 ], [ 566220.150672750314698, 49569.286952001479222 ], [ 566220.144677479634993, 49642.977732876766822 ] ], [ [ 566220.15266919170972, 49544.723395244727726 ], [ 566244.8810056343209, 49544.725404955999693 ], [ 566244.879008447285742, 49569.28896270905534 ], [ 566220.150672750314698, 49569.286952001479222 ], [ 566220.15266919170972, 49544.723395244727726 ] ] ] } },
{ "type": "Feature", "properties": { "objectid": 483756, "pxlval": 1, "Shape__Area": 3.9506116049400011e-07, "Shape__Length": 0.003999996 }, "geometry": { "type": "Polygon", "coordinates": [ [ [ 567802.868719891528599, 48341.234889900391863 ], [ 567802.872705883230083, 48292.107648848519602 ], [ 567753.415831088786945, 48292.10363961445546 ], [ 567753.419810122693889, 48242.976402698535821 ], [ 567778.148248460609466, 48242.978404911067628 ], [ 567778.146258723805659, 48267.542024381204101 ], [ 567827.603248287341557, 48267.546033047387027 ], [ 567827.605239476193674, 48242.982411537377629 ], [ 567852.333569617243484, 48242.98441593311145 ], [ 567852.329584773397073, 48292.111661008515512 ], [ 567827.601256084861234, 48292.109654571802821 ], [ 567827.597268639248796, 48341.236897663926356 ], [ 567802.868719891528599, 48341.234889900391863 ] ] ] } },
{ "type": "Feature", "properties": { "objectid": 483757, "pxlval": 1, "Shape__Area": 3.4567854321000008e-07, "Shape__Length": 0.003555554 }, "geometry": { "type": "Polygon", "coordinates": [ [ [ 567951.243577438755892, 48292.11969412441249 ], [ 567951.245573273394257, 48267.556067493802402 ], [ 567975.97401910694316, 48267.558076574619918 ], [ 567975.980002704192884, 48193.867083160650509 ], [ 568000.708451730082743, 48193.869089904394059 ], [ 568000.702465955750085, 48267.560086386554758 ], [ 568050.159362768637948, 48267.564108203754586 ], [ 568050.15736402827315, 48292.127738926006714 ], [ 567951.243577438755892, 48292.11969412441249 ] ] ] } },
{ "type": "Feature", "properties": { "objectid": 483758, "pxlval": 1, "Shape__Area": 4.9382839506000011e-08, "Shape__Length": 0.00088889 }, "geometry": { "type": "Polygon", "coordinates": [ [ [ 564143.073074642452411, 48267.25539448960626 ], [ 564143.074957650853321, 48242.691920875717187 ], [ 564167.80336141504813, 48242.693816410283034 ], [ 564167.801477680681273, 48267.257290989226021 ], [ 564143.073074642452411, 48267.25539448960626 ] ] ] } },
{ "type": "Feature", "properties": { "objectid": 483760, "pxlval": 1, "Shape__Area": 4.9383061729000014e-08, "Shape__Length": 0.000888892 }, "geometry": { "type": "Polygon", "coordinates": [ [ [ 568050.161360491998494, 48243.000477495908854 ], [ 568050.163357207435183, 48218.436736260926409 ], [ 568074.891919875750318, 48218.438746227555384 ], [ 568074.889922434580512, 48243.002488486388756 ], [ 568050.161360491998494, 48243.000477495908854 ] ] ] } },
{ "type": "Feature", "properties": { "objectid": 483761, "pxlval": 1, "Shape__Area": 4.9382617284000016e-08, "Shape__Length": 0.000888888 }, "geometry": { "type": "Polygon", "coordinates": [ [ [ 564167.805244199000299, 48218.130231304909103 ], [ 564167.807126015657559, 48193.566756754808011 ], [ 564192.535420940141194, 48193.568651080684504 ], [ 564192.533538398216479, 48218.132126596225135 ], [ 564167.805244199000299, 48218.130231304909103 ] ] ] } },
{ "type": "Feature", "properties": { "objectid": 483762, "pxlval": 1, "Shape__Area": 9.8765679012000021e-08, "Shape__Length": 0.001333334 }, "geometry": { "type": "Polygon", "coordinates": [ [ [ 564415.092118371627294, 48169.022248664252402 ], [ 564415.09589169791434, 48119.895280293931137 ], [ 564439.824309810530394, 48119.89717902065604 ], [ 564439.820535035454668, 48169.024149329285137 ], [ 564415.092118371627294, 48169.022248664252402 ] ] ] } },
{ "type": "Feature", "properties": { "objectid": 483763, "pxlval": 1, "Shape__Area": 9.8765234568000032e-08, "Shape__Length": 0.001333332 }, "geometry": { "type": "Polygon", "coordinates": [ [ [ 568000.710444952943362, 48169.305461286312493 ], [ 568000.712437159614637, 48144.741832682630047 ], [ 568050.169341225642711, 48144.74584426698857 ], [ 568050.16734756983351, 48169.309474917237822 ], [ 568000.710444952943362, 48169.305461286312493 ] ] ] } },
{ "type": "Feature", "properties": { "objectid": 483764, "pxlval": 1, "Shape__Area": 4.9382617284000016e-08, "Shape__Length": 0.000888888 }, "geometry": { "type": "Polygon", "coordinates": [ [ [ 563772.157831689575687, 48144.409628518907994 ], [ 563772.159699042676948, 48119.846169408367132 ], [ 563796.887980624102056, 48119.848049176223867 ], [ 563796.886112546781078, 48144.411509246245259 ], [ 563772.157831689575687, 48144.409628518907994 ] ] ] } },
{ "type": "Feature", "properties": { "objectid": 483765, "pxlval": 1, "Shape__Area": 2.4691330864200006e-07, "Shape__Length": 0.002666668 }, "geometry": { "type": "Polygon", "coordinates": [ [ [ 563994.710853286087513, 48168.990049116320733 ], [ 563994.712728113168851, 48144.426581342653662 ], [ 563945.255929321632721, 48144.422808932562475 ], [ 563945.25780174403917, 48119.859343097836245 ], [ 564019.442781008547172, 48119.864999902471027 ], [ 564019.440906413597986, 48144.428468624566449 ], [ 564044.169308225275017, 48144.430356652694172 ], [ 564044.167431949172169, 48168.993826352394535 ], [ 563994.710853286087513, 48168.990049116320733 ] ] ] } },
{ "type": "Feature", "properties": { "objectid": 483767, "pxlval": 1, "Shape__Area": 9.333333555557002e-06, "Shape__Length": 0.028888892 }, "geometry": { "type": "Polygon", "coordinates": [ [ [ 566986.820215389481746, 48463.98709086591407 ], [ 566986.816263355314732, 48513.114375750985346 ], [ 567061.001573757617734, 48513.120349902252201 ], [ 567061.003552468959242, 48488.55664916340902 ], [ 567135.188874183455482, 48488.56262690013682 ], [ 567135.192832948057912, 48439.43555100892263 ], [ 567184.649647923768498, 48439.439535792007518 ], [ 567184.661508917575702, 48292.057743679288251 ], [ 567159.932985279243439, 48292.055756974645192 ], [ 567159.934957868303172, 48267.49216286293813 ], [ 567135.206657071830705, 48267.490177917723486 ], [ 567135.212566649308428, 48193.799288157897536 ], [ 567110.484042152529582, 48193.797306955057138 ], [ 567110.487975399359129, 48144.670122900846764 ], [ 567135.216501345625147, 48144.672102084266953 ], [ 567135.214534499100409, 48169.235695113879046 ], [ 567159.942838197457604, 48169.237676018805359 ], [ 567159.946772336028516, 48120.110487953810662 ], [ 567135.218467188999057, 48120.108509069032152 ], [ 567135.220432037836872, 48095.54480552678433 ], [ 567061.035075446357951, 48095.538876238097146 ], [ 567061.033112768898718, 48120.102576752324239 ], [ 567011.57617778738495, 48120.098625515951426 ], [ 567011.582058463711292, 48046.407640614444972 ], [ 566986.853645977680571, 48046.405669117564685 ], [ 566986.851687473710626, 48070.969366572120634 ], [ 566937.394755702349357, 48070.965423738169193 ], [ 566937.392797653214075, 48095.529008657431405 ], [ 566863.207465395331383, 48095.523096852863091 ], [ 566863.201591755263507, 48169.213953180995304 ], [ 566887.930106830783188, 48169.215926077893528 ], [ 566887.928146230406128, 48193.779509041589336 ], [ 566838.471341084456071, 48193.775561983566149 ], [ 566838.469380935188383, 48218.339142950062524 ], [ 566813.740869334666058, 48218.337169501923199 ], [ 566813.742828758549877, 48193.773589540665853 ], [ 566789.014539984287694, 48193.771617845508445 ], [ 566789.012581285671331, 48218.335196801897837 ], [ 566739.555674404953606, 48218.331253566298983 ], [ 566739.553716150810942, 48242.894941069782362 ], [ 566764.28211271436885, 48242.896913322088949 ], [ 566764.280152745777741, 48267.460491302801529 ], [ 566714.823362069902942, 48267.456545521046792 ], [ 566714.819442045991309, 48316.583697509980993 ], [ 566789.004736501956359, 48316.589623312902404 ], [ 566789.000808117329143, 48365.71689192566555 ], [ 566838.457599047571421, 48365.720850134493958 ], [ 566838.453663767315447, 48414.848012283931894 ], [ 566887.910455831093714, 48414.85197744632751 ], [ 566887.912425427231938, 48390.288394352784962 ], [ 566962.097734593786299, 48390.294344585163344 ], [ 566962.095762812998146, 48414.857930698890414 ], [ 566937.367251963587478, 48414.85594554207637 ], [ 566937.365279901889153, 48439.419641198233876 ], [ 566962.093790022656322, 48439.421627362156869 ], [ 566962.091816249419935, 48463.98510296974564 ], [ 566986.820215389481746, 48463.98709086591407 ] ], [ [ 566962.113472835626453, 48193.785435112447885 ], [ 566986.841879974468611, 48193.787411926416098 ], [ 566986.839915473363362, 48218.350998932175571 ], [ 566962.111509059788659, 48218.349021110727335 ], [ 566962.113472835626453, 48193.785435112447885 ] ], [ [ 566937.377097232732922, 48292.037909612088697 ], [ 566962.105611719773151, 48292.039889733379823 ], [ 566962.103643941460177, 48316.603475789328513 ], [ 566937.375130181200802, 48316.601494660928438 ], [ 566937.377097232732922, 48292.037909612088697 ] ], [ [ 566986.828107427922077, 48365.73274235217832 ], [ 566962.099705373984762, 48365.730758485893602 ], [ 566962.101675162441097, 48341.167061859705427 ], [ 566986.830077943974175, 48341.169044718510122 ], [ 566986.828107427922077, 48365.73274235217832 ] ], [ [ 566986.832047450006939, 48316.605457640660461 ], [ 567011.56045196170453, 48316.607440223844605 ], [ 567011.562421193695627, 48292.043852152586624 ], [ 566986.834015955217183, 48292.041870577239024 ], [ 566986.835983459255658, 48267.478283528260363 ], [ 567036.292796418070793, 48267.482245394363417 ], [ 567036.294764373218641, 48242.918656343732437 ], [ 567061.023284385330044, 48242.920637373768841 ], [ 567061.021315704099834, 48267.484227432993066 ], [ 567085.749724714551121, 48267.486210193819716 ], [ 567085.743810477666557, 48341.176983484903758 ], [ 567061.015403647674248, 48341.174997697198705 ], [ 567061.011457257322036, 48390.302288486920588 ], [ 567036.282941607059911, 48390.300301405324717 ], [ 567036.280967641388997, 48414.863890542583249 ], [ 567011.552565011545084, 48414.861903194680053 ], [ 567011.558481728425249, 48341.171028309538087 ], [ 566986.830077943974175, 48341.169044718510122 ], [ 566986.832047450006939, 48316.605457640660461 ] ] ] } },
{ "type": "Feature", "properties": { "objectid": 483768, "pxlval": 1, "Shape__Area": 2.1728389382720007e-06, "Shape__Length": 0.009333332 }, "geometry": { "type": "Polygon", "coordinates": [ [ [ 565404.216504659852944, 48291.916571094494429 ], [ 565404.22034570958931, 48242.789524467407318 ], [ 565379.492115453700535, 48242.787592413951643 ], [ 565379.497867530910298, 48169.09691499134351 ], [ 565330.041071781422943, 48169.093058949176339 ], [ 565330.042985734529793, 48144.529538650349423 ], [ 565305.314644267666154, 48144.527612710568064 ], [ 565305.316556520410813, 48119.964093408678309 ], [ 565379.501697358558886, 48119.969870475659263 ], [ 565379.505523286759853, 48070.842715476435842 ], [ 565428.962217497755773, 48070.84656655757135 ], [ 565428.964130446896888, 48046.282931847556029 ], [ 565453.692591046798043, 48046.284857504557294 ], [ 565453.69450372364372, 48021.721442894107895 ], [ 565478.422743469825946, 48021.723368276754627 ], [ 565478.420830070157535, 48046.286783871983062 ], [ 565552.605998223880306, 48046.29256737542164 ], [ 565552.604081659344956, 48070.856207011223887 ], [ 565478.418915674905293, 48070.850420551192656 ], [ 565478.403565339744091, 48267.358851306460565 ], [ 565453.675332837388851, 48267.356916076067137 ], [ 565453.67341037094593, 48291.920441365269653 ], [ 565404.216504659852944, 48291.916571094494429 ] ] ] } },
{ "type": "Feature", "properties": { "objectid": 483769, "pxlval": 1, "Shape__Area": 9.876545679000002e-08, "Shape__Length": 0.001333334 }, "geometry": { "type": "Polygon", "coordinates": [ [ [ 568074.899899431853555, 48120.184219502356427 ], [ 568074.903883115272038, 48071.05684568444849 ], [ 568099.632339897798374, 48071.058850227112998 ], [ 568099.628354766988195, 48120.186226093457663 ], [ 568074.899899431853555, 48120.184219502356427 ] ] ] } },
{ "type": "Feature", "properties": { "objectid": 483770, "pxlval": 1, "Shape__Area": 3.950620493830001e-07, "Shape__Length": 0.003555556 }, "geometry": { "type": "Polygon", "coordinates": [ [ [ 563376.505023823352531, 48144.379636022706109 ], [ 563376.506879589520395, 48119.816192213264003 ], [ 563327.050350104924291, 48119.812458187479933 ], [ 563327.052203484810889, 48095.248905757667671 ], [ 563277.595676388591528, 48095.245176551754412 ], [ 563277.597527366830036, 48070.681736581485893 ], [ 563376.510588289005682, 48070.689194096841675 ], [ 563376.508734416915104, 48095.252637877507368 ], [ 563401.237112603033893, 48095.254505038552452 ], [ 563401.233400561497547, 48144.381505090816063 ], [ 563376.505023823352531, 48144.379636022706109 ] ] ] } },
{ "type": "Feature", "properties": { "objectid": 483771, "pxlval": 1, "Shape__Area": 4.9382839506000011e-08, "Shape__Length": 0.00088889 }, "geometry": { "type": "Polygon", "coordinates": [ [ [ 564143.086235589231364, 48095.310858413417009 ], [ 564143.088111888151616, 48070.747384900358156 ], [ 564167.816520724212751, 48070.749273679459293 ], [ 564167.81464370188769, 48095.312748157579335 ], [ 564143.086235589231364, 48095.310858413417009 ] ] ] } },
{ "type": "Feature", "properties": { "objectid": 483772, "pxlval": 1, "Shape__Area": 6.4197535802400018e-07, "Shape__Length": 0.005333336 }, "geometry": { "type": "Polygon", "coordinates": [ [ [ 565874.069234383641742, 48120.008551871891541 ], [ 565874.075015222188085, 48046.317704898327065 ], [ 565849.346648997743614, 48046.315766878215072 ], [ 565849.350496511673555, 47997.188684999804536 ], [ 565874.078864181181416, 47997.190621038454992 ], [ 565874.076940185273997, 48021.754273496102542 ], [ 565923.533788332599215, 48021.758149745735864 ], [ 565923.531861924100667, 48046.321583130535146 ], [ 565972.988601345336065, 48046.325464265028131 ], [ 565972.984742653905414, 48095.452666650540777 ], [ 565948.256373897660524, 48095.450723734975327 ], [ 565948.254443792742677, 48120.01437923078629 ], [ 565923.526076744776219, 48120.012436051867553 ], [ 565923.529934513266198, 48070.885237599482934 ], [ 565898.80145574233029, 48070.883297123647935 ], [ 565898.797599421115592, 48120.010493593072169 ], [ 565874.069234383641742, 48120.008551871891541 ] ] ] } },
{ "type": "Feature", "properties": { "objectid": 483773, "pxlval": 1, "Shape__Area": 2.9629681481500008e-07, "Shape__Length": 0.00311111 }, "geometry": { "type": "Polygon", "coordinates": [ [ [ 565453.696415439713746, 47997.157807228388265 ], [ 565453.698326169047505, 47972.594282105535967 ], [ 565478.426567359478213, 47972.596205518631905 ], [ 565478.432295851176605, 47898.905516765807988 ], [ 565527.889119379105978, 47898.909359885830781 ], [ 565527.887209412874654, 47923.472998449673469 ], [ 565503.158853519242257, 47923.471075545698113 ], [ 565503.153119935886934, 47997.161656768461398 ], [ 565453.696415439713746, 47997.157807228388265 ] ] ] } },
{ "type": "Feature", "properties": { "objectid": 483774, "pxlval": 1, "Shape__Area": 3.9506182716000008e-07, "Shape__Length": 0.003999998 }, "geometry": { "type": "Polygon", "coordinates": [ [ [ 563277.606768091558479, 47947.864315870545397 ], [ 563277.608613388147205, 47923.300986520858714 ], [ 563327.065150597016327, 47923.304702395595086 ], [ 563327.066996406414546, 47898.741150086934795 ], [ 563376.523538892972283, 47898.744866959234059 ], [ 563376.527230537380092, 47849.61797963558638 ], [ 563401.255615941365249, 47849.61983726129256 ], [ 563401.250074884388596, 47923.310281660153123 ], [ 563351.793531909119338, 47923.306561430144939 ], [ 563351.79168444883544, 47947.869893637063797 ], [ 563277.606768091558479, 47947.864315870545397 ] ] ] } },
{ "type": "Feature", "properties": { "objectid": 483775, "pxlval": 1, "Shape__Area": 1.8765425679000006e-06, "Shape__Length": 0.006666666 }, "geometry": { "type": "Polygon", "coordinates": [ [ [ 564662.39067805185914, 47972.533116202590463 ], [ 564662.392564720241353, 47947.96951188222738 ], [ 564637.664244043291546, 47947.967613411834463 ], [ 564637.671778137679212, 47849.713642296068429 ], [ 564662.400101697305217, 47849.715536876457918 ], [ 564662.401983525953256, 47825.152043162364862 ], [ 564687.130420075380243, 47825.153937503178895 ], [ 564687.132301665609702, 47800.590332295840199 ], [ 564786.045615402748808, 47800.59791297371703 ], [ 564786.043730934965424, 47825.161522076290566 ], [ 564810.772172386175953, 47825.163420039105404 ], [ 564810.770286238985136, 47849.726919596039806 ], [ 564835.498505384312011, 47849.728819241267047 ], [ 564835.496617548633367, 47874.292319793879869 ], [ 564810.768399123335257, 47874.290419173543341 ], [ 564810.766511039342731, 47898.853918759094086 ], [ 564786.038071748567745, 47898.852017872057331 ], [ 564786.03618340822868, 47923.415627031878103 ], [ 564761.307857110281475, 47923.413725904545572 ], [ 564761.30596854025498, 47947.977113034954527 ], [ 564711.849209026317112, 47947.97331100179872 ], [ 564711.847320914734155, 47972.536917268284014 ], [ 564662.39067805185914, 47972.533116202590463 ] ] ] } },
{ "type": "Feature", "properties": { "objectid": 483776, "pxlval": 1, "Shape__Area": 1.4814874074100003e-07, "Shape__Length": 0.00177778 }, "geometry": { "type": "Polygon", "coordinates": [ [ [ 564242.012674267753027, 47923.37396986746171 ], [ 564242.01641826168634, 47874.246904797051684 ], [ 564266.744836772675626, 47874.248788756180147 ], [ 564266.742964539327659, 47898.812266983484733 ], [ 564291.471272015012801, 47898.814152626197028 ], [ 564291.469398092129268, 47923.377742369346379 ], [ 564242.012674267753027, 47923.37396986746171 ] ] ] } },
{ "type": "Feature", "properties": { "objectid": 483777, "pxlval": 1, "Shape__Area": 3.4567876543200007e-07, "Shape__Length": 0.003555554 }, "geometry": { "type": "Polygon", "coordinates": [ [ [ 565775.169127480592579, 47948.055694814953313 ], [ 565775.17104562127497, 47923.492267430767242 ], [ 565725.714314935379662, 47923.488407830882352 ], [ 565725.718145411112346, 47874.361225457119872 ], [ 565750.446511704591103, 47874.363152916361287 ], [ 565750.444596241693944, 47898.92668981753377 ], [ 565799.901441634981893, 47898.930548899013957 ], [ 565799.899523739120923, 47923.494198328233324 ], [ 565849.356260402593762, 47923.498062283470063 ], [ 565849.354340098216198, 47948.061492637607444 ], [ 565775.169127480592579, 47948.055694814953313 ] ] ] } },
{ "type": "Feature", "properties": { "objectid": 483778, "pxlval": 1, "Shape__Area": 4.9382617284000016e-08, "Shape__Length": 0.000888888 }, "geometry": { "type": "Polygon", "coordinates": [ [ [ 565849.362015446065925, 47849.807329161158123 ], [ 565849.363931822939776, 47825.243788329389645 ], [ 565874.092304538586177, 47825.245717432910169 ], [ 565874.090387441916391, 47849.809259255416691 ], [ 565849.362015446065925, 47849.807329161158123 ] ] ] } },
{ "type": "Feature", "properties": { "objectid": 483779, "pxlval": 1, "Shape__Area": 9.8765679012000021e-08, "Shape__Length": 0.001333334 }, "geometry": { "type": "Polygon", "coordinates": [ [ [ 564143.108687939471565, 47800.548845587589312 ], [ 564143.112416574615054, 47751.421898919797968 ], [ 564167.840834781993181, 47751.423775153016322 ], [ 564167.837104709120467, 47800.550723750951875 ], [ 564143.108687939471565, 47800.548845587589312 ] ] ] } },
{ "type": "Feature", "properties": { "objectid": 483780, "pxlval": 1, "Shape__Area": 6.9135797530800022e-07, "Shape__Length": 0.00577778 }, "geometry": { "type": "Polygon", "coordinates": [ [ [ 565156.969231789698824, 47825.190067486510088 ], [ 565156.971127048251219, 47800.626443723769626 ], [ 565132.242671117186546, 47800.624536599272687 ], [ 565132.244564674561843, 47776.061024365517369 ], [ 565206.42971504596062, 47776.066744952964655 ], [ 565206.433503551641479, 47726.939714640109742 ], [ 565231.161853334400803, 47726.941620984929614 ], [ 565231.159958850475959, 47751.50513711842359 ], [ 565255.888308905647136, 47751.507045167585602 ], [ 565255.890204107854515, 47726.943528052659531 ], [ 565280.618667132221162, 47726.945435851885122 ], [ 565280.616771211614832, 47751.508953948621638 ], [ 565305.345123240840621, 47751.510863444353163 ], [ 565305.343225626158528, 47776.074382531245647 ], [ 565280.614874315680936, 47776.072472053339879 ], [ 565280.612976444186643, 47800.635990172348102 ], [ 565231.156166958273388, 47800.632169415672251 ], [ 565231.154269541613758, 47825.195796120489831 ], [ 565206.425922634080052, 47825.193885851433151 ], [ 565206.42781933140941, 47800.630260127676593 ], [ 565181.699472703388892, 47800.628351563711476 ], [ 565181.697576725389808, 47825.191976306770812 ], [ 565156.969231789698824, 47825.190067486510088 ] ] ] } },
{ "type": "Feature", "properties": { "objectid": 483781, "pxlval": 1, "Shape__Area": 3.4567854321000008e-07, "Shape__Length": 0.003555556 }, "geometry": { "type": "Polygon", "coordinates": [ [ [ 565379.52459428331349, 47825.207272964486037 ], [ 565379.526496016420424, 47800.643640365466126 ], [ 565305.341327035683207, 47800.637901632428111 ], [ 565305.343225626158528, 47776.074382531245647 ], [ 565379.528396763955243, 47776.080118315512664 ], [ 565379.530296534532681, 47751.516596279856458 ], [ 565404.258541233604774, 47751.518508660119551 ], [ 565404.254739277763292, 47800.645554713046295 ], [ 565428.983206094591878, 47800.647469801893749 ], [ 565428.981302922707982, 47825.211104368623637 ], [ 565379.52459428331349, 47825.207272964486037 ] ] ] } },
{ "type": "Feature", "properties": { "objectid": 483782, "pxlval": 1, "Shape__Area": 1.6790134320980004e-06, "Shape__Length": 0.009777784 }, "geometry": { "type": "Polygon", "coordinates": [ [ [ 567011.6015955877956, 47800.771541046779021 ], [ 567011.599646374466829, 47825.335239365980669 ], [ 566986.871227397234179, 47825.333276939702046 ], [ 566986.869277911144309, 47849.89686373026052 ], [ 567036.326115455129184, 47849.900791323285375 ], [ 567036.322210598620586, 47899.027968985683401 ], [ 567061.050740736769512, 47899.029935895399831 ], [ 567061.048786076251417, 47923.593636288620473 ], [ 567036.320256659062579, 47923.591668370303523 ], [ 567036.31438885605894, 47997.282435011082271 ], [ 567135.228281374904327, 47997.290323131841433 ], [ 567135.230241198907606, 47972.726730196467543 ], [ 567061.04487376648467, 47972.72081604781124 ], [ 567061.046830431208946, 47948.157115625952429 ], [ 567110.503668298944831, 47948.161055640863196 ], [ 567110.505625386489555, 47923.597574285238807 ], [ 567135.23415783722885, 47923.599544381264423 ], [ 567135.245883692638017, 47776.217766202520579 ], [ 567061.060498972423375, 47776.211876277935517 ], [ 567061.062447611475363, 47751.648286505573196 ], [ 567036.333913155831397, 47751.646325647430785 ], [ 567036.330016313353553, 47800.773503189244366 ], [ 567011.6015955877956, 47800.771541046779021 ] ], [ [ 567061.058549331268296, 47800.775466064580542 ], [ 567061.056598679162562, 47825.339166400597605 ], [ 567036.328066380694509, 47825.337202516660909 ], [ 567036.330016313353553, 47800.773503189244366 ], [ 567061.058549331268296, 47800.775466064580542 ] ] ] } },
{ "type": "Feature", "properties": { "objectid": 483783, "pxlval": 1, "Shape__Area": 5.8765447901240018e-06, "Shape__Length": 0.026666668 }, "geometry": { "type": "Polygon", "coordinates": [ [ [ 567357.76251360680908, 48267.508068833936704 ], [ 567357.76449100067839, 48242.944466642627958 ], [ 567333.036070057190955, 48242.942476852658729 ], [ 567333.038045727764256, 48218.378765147397644 ], [ 567357.766467396984808, 48218.380753924313467 ], [ 567357.768442777683958, 48193.817151761817513 ], [ 567283.583067384315655, 48193.81119065128587 ], [ 567283.588980966247618, 48120.120393364297342 ], [ 567357.774362880853005, 48120.126345360695268 ], [ 567357.780273942742497, 48046.435318012365315 ], [ 567407.237241749069653, 48046.439283575637091 ], [ 567407.235270952456631, 48071.00299821425142 ], [ 567431.96370002918411, 48071.004983097242075 ], [ 567431.97158003540244, 47972.750452171407233 ], [ 567382.51471711951308, 47972.746491245430661 ], [ 567382.512750075664371, 47997.310094298329204 ], [ 567357.784209606121294, 47997.308113902974583 ], [ 567357.786175927962177, 47972.744511863507796 ], [ 567258.872466427390464, 47972.736601637880085 ], [ 567258.87050299346447, 47997.300199627366965 ], [ 567234.141967620467767, 47997.298222867109871 ], [ 567234.143930332385935, 47972.734625889192102 ], [ 567209.415506521239877, 47972.732650876045227 ], [ 567209.421386474044994, 47899.041752545555937 ], [ 567234.149812448886223, 47899.043724525115977 ], [ 567234.147852742113173, 47923.607431988908502 ], [ 567258.876390280085616, 47923.609405714458262 ], [ 567258.884225933463313, 47825.354903497922351 ], [ 567283.61254483112134, 47825.356873883858498 ], [ 567283.610586707829498, 47849.920472793128283 ], [ 567333.067559937946498, 47849.924417789843574 ], [ 567333.071478066267446, 47800.797105400459259 ], [ 567258.886182340676896, 47800.791195079742465 ], [ 567258.888137734145857, 47776.227597210978274 ], [ 567357.801870284951292, 47776.23547503669397 ], [ 567357.799912015441805, 47800.799076955445344 ], [ 567382.528458250570111, 47800.801049243345915 ], [ 567382.526498246239498, 47825.364762724966567 ], [ 567407.254933519405313, 47825.366736741838395 ], [ 567407.256894243066199, 47800.803022246422188 ], [ 567431.985331253614277, 47800.804995973529003 ], [ 567431.979443919030018, 47874.495921481124242 ], [ 567407.251009067869745, 47874.493944711502991 ], [ 567407.252971797250211, 47849.930340716382489 ], [ 567382.524537243880332, 47849.928365685715107 ], [ 567382.518648186465725, 47923.619285195178236 ], [ 567407.247080578352325, 47923.621263267254108 ], [ 567407.245114835910499, 47948.184756763854239 ], [ 567481.430527233984321, 47948.190698387996235 ], [ 567481.428558301762678, 47972.754416012889124 ], [ 567456.700013014953583, 47972.752433724366711 ], [ 567456.69410236144904, 48046.443252041040978 ], [ 567481.422645481070504, 48046.445237374318822 ], [ 567481.420672515174374, 48071.008955056568084 ], [ 567506.148993368144147, 48071.01094211502641 ], [ 567506.145042972755618, 48120.138269024282636 ], [ 567456.688182617886923, 48120.13429155722406 ], [ 567456.686207359889522, 48144.697897732476122 ], [ 567506.143066266435198, 48144.701877229737875 ], [ 567506.1410885512596, 48169.265485449570406 ], [ 567530.869630098808557, 48169.267477316701843 ], [ 567530.865670191938989, 48218.394695830880664 ], [ 567580.322530886391178, 48218.398685800937528 ], [ 567580.31856403069105, 48267.526018979042419 ], [ 567357.76251360680908, 48267.508068833936704 ] ], [ [ 567456.680275537888519, 48218.388716344576096 ], [ 567506.137130094692111, 48218.392701932432828 ], [ 567506.139109827345237, 48193.829093683809333 ], [ 567456.68225381989032, 48193.825110126155778 ], [ 567456.680275537888519, 48218.388716344576096 ] ] ] } },
{ "type": "Feature", "properties": { "objectid": 483784, "pxlval": 1, "Shape__Area": 4.9382395062000014e-08, "Shape__Length": 0.000888886 }, "geometry": { "type": "Polygon", "coordinates": [ [ [ 564390.393992539029568, 47776.00417673465563 ], [ 564390.39586356387008, 47751.440693740529241 ], [ 564415.124068952049129, 47751.442577189620351 ], [ 564415.122197208693251, 47776.006061152525945 ], [ 564390.393992539029568, 47776.00417673465563 ] ] ] } },
{ "type": "Feature", "properties": { "objectid": 483785, "pxlval": 1, "Shape__Area": 2.9629637037000007e-07, "Shape__Length": 0.00311111 }, "geometry": { "type": "Polygon", "coordinates": [ [ [ 566517.032837426871993, 47800.732450201576285 ], [ 566517.034771249513142, 47776.168882518002647 ], [ 566467.577971845516004, 47776.164991367135372 ], [ 566467.581833634758368, 47727.0378600374097 ], [ 566492.310345551464707, 47727.039803259685868 ], [ 566492.308414435246959, 47751.603369920601835 ], [ 566566.493620236986317, 47751.609206901070138 ], [ 566566.491685971035622, 47776.172776572289877 ], [ 566541.763283743523061, 47776.170829187693016 ], [ 566541.761349201900885, 47800.734397872052796 ], [ 566517.032837426871993, 47800.732450201576285 ] ] ] } },
{ "type": "Feature", "properties": { "objectid": 483786, "pxlval": 1, "Shape__Area": 4.9382839506000011e-08, "Shape__Length": 0.00088889 }, "geometry": { "type": "Polygon", "coordinates": [ [ [ 564415.124068952049129, 47751.442577189620351 ], [ 564415.125939732883126, 47726.87909323470376 ], [ 564439.854369382373989, 47726.880976454871416 ], [ 564439.852497883257456, 47751.444461378945562 ], [ 564415.124068952049129, 47751.442577189620351 ] ] ] } },
{ "type": "Feature", "properties": { "objectid": 483787, "pxlval": 1, "Shape__Area": 1.9753091358000004e-07, "Shape__Length": 0.001777778 }, "geometry": { "type": "Polygon", "coordinates": [ [ [ 565503.172197638661601, 47751.526165465686063 ], [ 565503.176001438405365, 47702.399001051984669 ], [ 565552.63272717827931, 47702.402829843020299 ], [ 565552.628920506103896, 47751.529998199577676 ], [ 565503.172197638661601, 47751.526165465686063 ] ] ] } },
{ "type": "Feature", "properties": { "objectid": 483788, "pxlval": 1, "Shape__Area": 1.4814807407400004e-07, "Shape__Length": 0.001777778 }, "geometry": { "type": "Polygon", "coordinates": [ [ [ 565626.814123541582376, 47751.535752733681875 ], [ 565626.81602951802779, 47726.972220852621831 ], [ 565651.544396133627743, 47726.974139486970671 ], [ 565651.546301855822094, 47702.410496104224876 ], [ 565676.274670194834471, 47702.412414473728859 ], [ 565676.270856341696344, 47751.539592700435605 ], [ 565626.814123541582376, 47751.535752733681875 ] ] ] } },
{ "type": "Feature", "properties": { "objectid": 483789, "pxlval": 1, "Shape__Area": 6.8148160740730016e-06, "Shape__Length": 0.022666664 }, "geometry": { "type": "Polygon", "coordinates": [ [ [ 566640.663427104358561, 47948.123742756652064 ], [ 566615.935026906663552, 47948.121786185198289 ], [ 566615.936969569302164, 47923.558324945486675 ], [ 566591.208458370761946, 47923.556370093399892 ], [ 566591.202629534993321, 47997.247082461159152 ], [ 566541.745837055146694, 47997.243168944260105 ], [ 566541.741949079325423, 48046.370306584933132 ], [ 566517.013444514945149, 48046.368348906638857 ], [ 566517.01149974972941, 48070.932027282724448 ], [ 566467.554717651102692, 48070.928112126581254 ], [ 566467.552773347706534, 48095.491677981597604 ], [ 566492.281274451408535, 48095.493636204453651 ], [ 566492.279328422155231, 48120.057313615143357 ], [ 566467.550828042323701, 48120.055354392250592 ], [ 566467.548881752416492, 48144.618920276014251 ], [ 566492.277381408028305, 48144.620880498943734 ], [ 566492.275433400296606, 48169.184447397128679 ], [ 566517.003710775868967, 48169.186409332054609 ], [ 566517.001761049614288, 48193.749977245046466 ], [ 566566.458651223685592, 48193.753905332167051 ], [ 566566.45669905282557, 48218.317475261472282 ], [ 566591.185089275357313, 48218.319441397121409 ], [ 566591.187042171484791, 48193.755870466287888 ], [ 566615.915545415948145, 48193.757836339253117 ], [ 566615.91749804187566, 48169.194264420926629 ], [ 566690.102682167897001, 48169.200163385299675 ], [ 566690.106588779832236, 48120.07301357601682 ], [ 566739.563497413182631, 48120.076945861605054 ], [ 566739.567402942106128, 48070.949681554237031 ], [ 566764.295804577763192, 48070.951646777662972 ], [ 566764.297756573883817, 48046.38795837701764 ], [ 566789.026271234732121, 48046.389923332921171 ], [ 566789.028222938301042, 48021.826455012225779 ], [ 566813.756516779307276, 48021.828419673336612 ], [ 566813.758468224667013, 47997.264729292015545 ], [ 566789.030173661303706, 47997.262765635772666 ], [ 566789.032123377546668, 47972.699186802426993 ], [ 566813.7604186629178, 47972.701149453809194 ], [ 566813.764316544053145, 47923.573989832948428 ], [ 566838.492836823919788, 47923.57595121813938 ], [ 566838.494784996611997, 47899.012259888892004 ], [ 566813.766263995785266, 47899.010299508940079 ], [ 566813.77598624303937, 47776.192290237377165 ], [ 566764.319162604631856, 47776.188381718544406 ], [ 566764.321102619753219, 47751.624804024722835 ], [ 566714.864281605230644, 47751.620900408437592 ], [ 566714.866219186107628, 47727.057324730471009 ], [ 566690.137698204722255, 47727.055375001880748 ], [ 566690.139634079532698, 47702.491689812814002 ], [ 566665.411224653129466, 47702.489741818928451 ], [ 566665.413158796261996, 47677.926278717182868 ], [ 566615.956341550801881, 47677.922386901947903 ], [ 566615.950540413963608, 47751.613101846603968 ], [ 566665.407353351940401, 47751.616999676545674 ], [ 566665.395715557038784, 47898.998552509430738 ], [ 566714.852635175338946, 47899.002465279700118 ], [ 566714.850690607097931, 47923.566151586441265 ], [ 566739.579095576424152, 47923.56811005921918 ], [ 566739.575202023843303, 47972.695263653098664 ], [ 566714.846798497368582, 47972.693303172811284 ], [ 566714.848745059454814, 47948.129616837431968 ], [ 566690.120230556116439, 47948.127658078359673 ], [ 566690.118284715572372, 47972.69134341035533 ], [ 566640.661482707131654, 47972.687426082986349 ], [ 566640.663427104358561, 47948.123742756652064 ] ], [ [ 566640.659537322819233, 47997.250998894924123 ], [ 566615.931138568674214, 47997.24904031893675 ], [ 566615.933083230978809, 47972.685468509269413 ], [ 566640.661482707131654, 47972.687426082986349 ], [ 566640.659537322819233, 47997.250998894924123 ] ], [ [ 566665.382092795451172, 48070.943790243887634 ], [ 566690.110491414321586, 48070.94575328292558 ], [ 566690.108540599700063, 48095.509328151638329 ], [ 566665.380142704350874, 48095.507364109587797 ], [ 566665.382092795451172, 48070.943790243887634 ] ] ] } },
{ "type": "Feature", "properties": { "objectid": 483790, "pxlval": 1, "Shape__Area": 7.0617302716030018e-06, "Shape__Length": 0.02577778 }, "geometry": { "type": "Polygon", "coordinates": [ [ [ 563747.435148824122734, 48070.717263568869384 ], [ 563747.440737288095988, 47997.026778752609971 ], [ 563697.984171707648784, 47997.023032446690195 ], [ 563697.986031177104451, 47972.459576292312704 ], [ 563648.52935673459433, 47972.455834801570745 ], [ 563648.531213817303069, 47947.892270048949285 ], [ 563623.802932954509743, 47947.890401354983624 ], [ 563623.804788348148577, 47923.327058642920747 ], [ 563673.261352468864061, 47923.330794842251635 ], [ 563673.265063311788253, 47874.20377402791928 ], [ 563648.53677933383733, 47874.201907480564842 ], [ 563648.534925112733617, 47898.765361655699962 ], [ 563623.806642807787284, 47898.763494876220648 ], [ 563623.812200457323343, 47825.073135259233823 ], [ 563599.083805676200427, 47825.071272067514656 ], [ 563599.085655613569543, 47800.507709314966633 ], [ 563623.814051114022732, 47800.50957154979551 ], [ 563623.8159008116927, 47775.946118389139883 ], [ 563648.544186715385877, 47775.947980382363312 ], [ 563648.542336298734881, 47800.511434500273026 ], [ 563673.270622435957193, 47800.513298174759257 ], [ 563673.276172988465987, 47726.822932984752697 ], [ 563648.54788469534833, 47726.821072183127399 ], [ 563648.549732266925275, 47702.257507573580369 ], [ 563673.278021277976222, 47702.259367417580506 ], [ 563673.279868599376641, 47677.696022933654604 ], [ 563698.008270582882687, 47677.697882550564827 ], [ 563698.010117686586455, 47653.134316053910879 ], [ 563722.738298784592189, 47653.136175417872437 ], [ 563722.740145653253421, 47628.572607970818353 ], [ 563796.925142020802014, 47628.57818754955224 ], [ 563796.923293001716956, 47653.141757873949246 ], [ 563821.651700529153459, 47653.14362014181097 ], [ 563821.646145616075955, 47726.834112992248265 ], [ 563772.189447123208083, 47726.830383428670757 ], [ 563772.187595017487183, 47751.393842316123482 ], [ 563722.73090181266889, 47751.39011372630921 ], [ 563722.729050191235729, 47775.953570703903097 ], [ 563747.457451232010499, 47775.955435600109922 ], [ 563747.455597939318977, 47800.518893550739449 ], [ 563772.18388794711791, 47800.520760121311469 ], [ 563772.185741958674043, 47775.957301211565209 ], [ 563796.914033639826812, 47775.959167546672688 ], [ 563796.908466579508968, 47849.649657731752086 ], [ 563821.636868359288201, 47849.651527678484854 ], [ 563821.638725716387853, 47825.08806682080467 ], [ 563920.552011522464454, 47825.095549987025151 ], [ 563920.548290095059201, 47874.222479409247171 ], [ 563945.276473437901586, 47874.22435392467014 ], [ 563945.28019630513154, 47825.097422579026897 ], [ 563970.008604594971985, 47825.099295912281377 ], [ 563970.006742919445969, 47849.662762536900118 ], [ 563994.735151472501457, 47849.664637557012611 ], [ 563994.733288120827638, 47874.228105164678709 ], [ 564019.461474366951734, 47874.229981855503866 ], [ 564019.45960933866445, 47898.793450434037368 ], [ 564068.916205843328498, 47898.797207934760081 ], [ 564068.914338408154435, 47923.360788988953573 ], [ 564093.642748664249666, 47923.362669799993455 ], [ 564093.640879567246884, 47947.926030763337621 ], [ 564068.912470032460988, 47947.924148988349771 ], [ 564068.910600682487711, 47972.487730071203259 ], [ 564019.454008505214006, 47972.483966790146951 ], [ 564019.457743345177732, 47923.357029561440868 ], [ 563994.729558540391736, 47923.355150944960769 ], [ 563994.731423812918365, 47898.79157278038474 ], [ 563945.274610570981167, 47898.787819615819899 ], [ 563945.272746740141883, 47923.351395855839655 ], [ 563871.087870126822963, 47923.345768691622652 ], [ 563871.086007520789281, 47947.909120992873795 ], [ 563945.270881970529445, 47947.91475104111305 ], [ 563945.269016228616238, 47972.478327309792803 ], [ 563920.540835769963451, 47972.476448947534664 ], [ 563920.537102872040123, 48021.603489076274855 ], [ 563796.895443408284336, 48021.594098499175743 ], [ 563796.893579152645543, 48046.157447977158881 ], [ 563821.621975161135197, 48046.159325602762692 ], [ 563821.620109212351963, 48070.72289712401107 ], [ 563747.435148824122734, 48070.717263568869384 ] ] ] } },
{ "type": "Feature", "properties": { "objectid": 483791, "pxlval": 1, "Shape__Area": 4.9383061729000014e-08, "Shape__Length": 0.000888892 }, "geometry": { "type": "Polygon", "coordinates": [ [ [ 565701.001132361823693, 47726.977978924405761 ], [ 565701.003039519768208, 47702.414333565771813 ], [ 565725.731521125184372, 47702.416253388997575 ], [ 565725.729613249190152, 47726.979899736143125 ], [ 565701.001132361823693, 47726.977978924405761 ] ] ] } },
{ "type": "Feature", "properties": { "objectid": 483792, "pxlval": 1, "Shape__Area": 4.9383061729000014e-08, "Shape__Length": 0.000888892 }, "geometry": { "type": "Polygon", "coordinates": [ [ [ 565775.186355448211543, 47726.983743511082139 ], [ 565775.188264760072343, 47702.42009518580744 ], [ 565799.91674935258925, 47702.422017176679219 ], [ 565799.91483932279516, 47726.985666491571465 ], [ 565775.186355448211543, 47726.983743511082139 ] ] ] } },
{ "type": "Feature", "properties": { "objectid": 483793, "pxlval": 1, "Shape__Area": 2.9629614814800008e-07, "Shape__Length": 0.002666668 }, "geometry": { "type": "Polygon", "coordinates": [ [ [ 564093.657667044666596, 47726.854677250310488 ], [ 564093.659527538577095, 47702.291095346554357 ], [ 564068.931110807927325, 47702.289223211075296 ], [ 564068.934827471035533, 47653.162282443372533 ], [ 564118.391553509747609, 47653.166023571895494 ], [ 564118.389694214216433, 47677.729606411456189 ], [ 564143.118002338567749, 47677.731479018890241 ], [ 564143.116141384234652, 47702.294841768256447 ], [ 564118.38783397723455, 47702.292968196139554 ], [ 564118.385972765507177, 47726.856551064222003 ], [ 564093.657667044666596, 47726.854677250310488 ] ] ] } },
{ "type": "Feature", "properties": { "objectid": 483794, "pxlval": 1, "Shape__Area": 4.9382395062000014e-08, "Shape__Length": 0.000888886 }, "geometry": { "type": "Polygon", "coordinates": [ [ [ 565330.077269996749237, 47702.385623026217218 ], [ 565330.079165392788127, 47677.822213534353068 ], [ 565354.807521553942934, 47677.824121527890384 ], [ 565354.805625440436415, 47702.387532002670923 ], [ 565330.077269996749237, 47702.385623026217218 ] ] ] } },
{ "type": "Feature", "properties": { "objectid": 483795, "pxlval": 1, "Shape__Area": 9.8765234568000032e-08, "Shape__Length": 0.001333332 }, "geometry": { "type": "Polygon", "coordinates": [ [ [ 565973.015501734567806, 47702.435491292111692 ], [ 565973.019328869995661, 47653.308399899338838 ], [ 565997.747711605159566, 47653.310325676728098 ], [ 565997.743883035029285, 47702.43741905468778 ], [ 565973.015501734567806, 47702.435491292111692 ] ] ] } },
{ "type": "Feature", "properties": { "objectid": 483796, "pxlval": 1, "Shape__Area": 5.4320990123400012e-07, "Shape__Length": 0.004444446 }, "geometry": { "type": "Polygon", "coordinates": [ [ [ 568050.201101457001641, 47751.72731365339132 ], [ 568050.205053186160512, 47702.599942312430358 ], [ 568025.476587660377845, 47702.597954578130157 ], [ 568025.478561268770136, 47678.034435758556356 ], [ 568000.750096052652225, 47678.032449769903906 ], [ 568000.757977507775649, 47579.777715508382244 ], [ 568025.48644559038803, 47579.779697404628678 ], [ 568025.484476030338556, 47604.34343723783968 ], [ 568050.212944424245507, 47604.345420878256846 ], [ 568050.207027512136847, 47678.036422469391255 ], [ 568074.935606052051298, 47678.038409911358031 ], [ 568074.929677843116224, 47751.729304166903603 ], [ 568050.201101457001641, 47751.72731365339132 ] ] ] } },
{ "type": "Feature", "properties": { "objectid": 483797, "pxlval": 1, "Shape__Area": 4.9382617283000014e-08, "Shape__Length": 0.000888888 }, "geometry": { "type": "Polygon", "coordinates": [ [ [ 564044.206632814952172, 47653.160412974422798 ], [ 564044.208489001961425, 47628.596833034680458 ], [ 564068.936684374813922, 47628.598701540060574 ], [ 564068.934827471035533, 47653.162282443372533 ], [ 564044.206632814952172, 47653.160412974422798 ] ] ] } },
{ "type": "Feature", "properties": { "objectid": 483798, "pxlval": 1, "Shape__Area": 8.3950493827300019e-07, "Shape__Length": 0.006666662 }, "geometry": { "type": "Polygon", "coordinates": [ [ [ 567135.247834487701766, 47751.654173402152082 ], [ 567135.249784279498272, 47727.090580609758035 ], [ 567159.978100963518955, 47727.092543333346839 ], [ 567159.980050478829071, 47702.528839016311395 ], [ 567110.52319415146485, 47702.524916294176364 ], [ 567110.525141210528091, 47677.961435081393574 ], [ 567159.981998972943984, 47677.965355783751875 ], [ 567159.985892985598184, 47628.837947214604355 ], [ 567135.257573432056233, 47628.835988531318435 ], [ 567135.261461980291642, 47579.708803115747287 ], [ 567159.989782966324128, 47579.710759778885404 ], [ 567159.987838468980044, 47604.274464024740155 ], [ 567209.444815877708606, 47604.278381560805428 ], [ 567209.440921023255214, 47653.405573073818232 ], [ 567184.71248888631817, 47653.403611928013561 ], [ 567184.710540661006235, 47677.967317227026797 ], [ 567209.438972080824897, 47677.969279383651156 ], [ 567209.435071200481616, 47727.096470975811826 ], [ 567234.163502211100422, 47727.098435877007432 ], [ 567234.161549546057358, 47751.662032711952634 ], [ 567135.247834487701766, 47751.654173402152082 ] ] ] } },
{ "type": "Feature", "properties": { "objectid": 483799, "pxlval": 1, "Shape__Area": 3.4567832098900007e-07, "Shape__Length": 0.003555554 }, "geometry": { "type": "Polygon", "coordinates": [ [ [ 567085.798659206135198, 47653.395774554068339 ], [ 567085.800603560172021, 47628.83207330260484 ], [ 567061.072175792534836, 47628.830116774806811 ], [ 567061.074118410237134, 47604.266637623011775 ], [ 567085.80254689429421, 47604.268593141852762 ], [ 567085.804489243309945, 47579.704891925124684 ], [ 567061.076060043182224, 47579.702937415255292 ], [ 567061.078000656678341, 47555.13945829190925 ], [ 567110.53486151562538, 47555.143366014046478 ], [ 567110.529032355058007, 47628.834030551835895 ], [ 567135.257573432056233, 47628.835988531318435 ], [ 567135.255627644364722, 47653.399691801831068 ], [ 567085.798659206135198, 47653.395774554068339 ] ] ] } },
{ "type": "Feature", "properties": { "objectid": 483800, "pxlval": 1, "Shape__Area": 1.8765431456794006e-05, "Shape__Length": 0.036444442 }, "geometry": { "type": "Polygon", "coordinates": [ [ [ 568000.748123161727563, 47702.595967566376203 ], [ 567976.019659707206301, 47702.593981277190323 ], [ 567976.023603055742569, 47653.466726673381345 ], [ 567951.295139181660488, 47653.464743151460425 ], [ 567951.297108624246903, 47628.901006351719843 ], [ 567926.568533799261786, 47628.899024564678257 ], [ 567926.570501492358744, 47604.335509877942968 ], [ 567901.8421495227376, 47604.333529851784988 ], [ 567901.844115502433851, 47579.769795130378043 ], [ 567926.572468188009225, 47579.77177413492609 ], [ 567926.574433851055801, 47555.20825947663252 ], [ 567951.303010824252851, 47555.210238197709259 ], [ 567951.301044445601292, 47579.773753877991112 ], [ 568000.757977507775649, 47579.777715508382244 ], [ 568000.76387792499736, 47506.08672022754763 ], [ 567976.035408740281127, 47506.08474212019064 ], [ 567976.037372787366621, 47481.521225460142887 ], [ 567951.30890390323475, 47481.519249094715633 ], [ 567951.310866237967275, 47456.955512400680163 ], [ 567827.668422428308986, 47456.945646459033014 ], [ 567827.666463664849289, 47481.50937804683781 ], [ 567802.937889686203562, 47481.507405987787934 ], [ 567802.935930641251616, 47506.070915499178227 ], [ 567778.207469669985585, 47506.068943148464314 ], [ 567778.193732910556719, 47678.014608352488722 ], [ 567753.465277975425124, 47678.012629585675313 ], [ 567753.463312260108069, 47702.576137171658047 ], [ 567704.006295642349869, 47702.572179758048151 ], [ 567704.008259922615252, 47678.008674209711899 ], [ 567679.279808075749315, 47678.006697609453113 ], [ 567679.281770644709468, 47653.442972023185575 ], [ 567580.367859331192449, 47653.43507690444676 ], [ 567580.369818021543324, 47628.871355395494902 ], [ 567555.641369861550629, 47628.869384438963607 ], [ 567555.637452904949896, 47677.996825432004698 ], [ 567629.822907436522655, 47678.002746575475612 ], [ 567629.818982153083198, 47727.129972649483534 ], [ 567605.090534818125889, 47727.12799618147983 ], [ 567605.086606929311529, 47776.255220284496318 ], [ 567481.444281471776776, 47776.245338619148242 ], [ 567481.442319607129321, 47800.80894560876186 ], [ 567580.356086025713012, 47800.816853549964435 ], [ 567580.354120266274549, 47825.3805751524269 ], [ 567679.268011467531323, 47825.388498756561603 ], [ 567679.260126832057722, 47923.643069987403578 ], [ 567629.803240577224642, 47923.639098599313002 ], [ 567629.805211818078533, 47899.075374905725766 ], [ 567580.348216955084354, 47899.071408446252462 ], [ 567580.346247156034224, 47923.635130105903954 ], [ 567530.889369102776982, 47923.631164525038912 ], [ 567530.88345800281968, 47997.321991893302766 ], [ 567555.611894357251003, 47997.323977368876513 ], [ 567555.607947133248672, 48046.451197713926376 ], [ 567580.336383057176135, 48046.453185949321778 ], [ 567580.334407198941335, 48071.016907694967813 ], [ 567605.062954708817415, 48071.018897683854448 ], [ 567605.060977126122452, 48095.582509925443446 ], [ 567654.51785120787099, 48095.586494104383746 ], [ 567654.519830237608403, 48071.022879828131408 ], [ 567728.705262497067451, 48071.028858514531748 ], [ 567728.707242693984881, 48046.465130662625597 ], [ 567778.16412991983816, 48046.469118049870303 ], [ 567778.162148276809603, 48071.032847940165084 ], [ 567852.34748464950826, 48071.038837539636006 ], [ 567852.345499832183123, 48095.60245996942831 ], [ 568000.71641853346955, 48095.614464976839372 ], [ 568000.718407691689208, 48071.050836416259699 ], [ 568025.446861382457428, 48071.052838774514385 ], [ 568025.4488502566237, 48046.489098669917439 ], [ 568124.362789463833906, 48046.497111297190713 ], [ 568124.3647801943589, 48021.933588181404048 ], [ 568149.093240485526621, 48021.93559213043045 ], [ 568149.095230938401073, 47997.37184693342715 ], [ 568124.36676992487628, 47997.369844009364897 ], [ 568124.37273298157379, 47923.678943178820191 ], [ 568074.915809733443893, 47923.674945658167417 ], [ 568074.91779395006597, 47899.111203592226957 ], [ 568099.646255786530674, 47899.113200965381111 ], [ 568099.65220446663443, 47825.422303380299127 ], [ 568050.195166240795515, 47825.41831549473136 ], [ 568050.199124071397819, 47776.290944074469735 ], [ 568025.470660700462759, 47776.288953269744525 ], [ 568025.47461301763542, 47727.161694482500025 ], [ 568000.746149237034842, 47727.159706447651843 ], [ 568000.748123161727563, 47702.595967566376203 ] ], [ [ 568000.742198356776498, 47776.286963188693335 ], [ 567976.013737057102844, 47776.284973831308889 ], [ 567976.017686500330456, 47727.157719135728257 ], [ 568000.746149237034842, 47727.159706447651843 ], [ 568000.742198356776498, 47776.286963188693335 ] ], [ [ 567976.011760811787099, 47800.848601197365497 ], [ 567926.55473144678399, 47800.844622600336152 ], [ 567926.556706254021265, 47776.280997278627183 ], [ 567976.013737057102844, 47776.284973831308889 ], [ 567976.011760811787099, 47800.848601197365497 ] ], [ [ 567926.548800925840624, 47874.535609192695119 ], [ 567951.277368566021323, 47874.537601199626806 ], [ 567951.275388978072442, 47899.101227600476705 ], [ 567926.546822058502585, 47899.099234571549459 ], [ 567926.548800925840624, 47874.535609192695119 ] ] ] } },
{ "type": "Feature", "properties": { "objectid": 483801, "pxlval": 1, "Shape__Area": 4.9382795061800011e-07, "Shape__Length": 0.004000002 }, "geometry": { "type": "Polygon", "coordinates": [ [ [ 563994.753732409793884, 47604.02974124726461 ], [ 563994.755585250677541, 47579.466163268327364 ], [ 563945.298753333510831, 47579.46243512298679 ], [ 563945.306149379583076, 47481.208573179574159 ], [ 563970.03456770721823, 47481.210433043539524 ], [ 563970.032719422713853, 47505.773788934056938 ], [ 563994.761138018686324, 47505.77565047967073 ], [ 563994.757437118561938, 47554.902806372716441 ], [ 564019.48563269735314, 47554.904670546791749 ], [ 564019.483780113747343, 47579.468028405230143 ], [ 564044.212198488181457, 47579.469894279594882 ], [ 564044.210344215272926, 47604.033474184565421 ], [ 563994.753732409793884, 47604.02974124726461 ] ] ] } },
{ "type": "Feature", "properties": { "objectid": 483802, "pxlval": 1, "Shape__Area": 2.4691441975300008e-07, "Shape__Length": 0.00266667 }, "geometry": { "type": "Polygon", "coordinates": [ [ [ 564217.312344989622943, 47554.919609954173211 ], [ 564217.31420235580299, 47530.35602332475537 ], [ 564266.770947227138095, 47530.359763451102481 ], [ 564266.772805063519627, 47505.79617489688826 ], [ 564316.229443969787098, 47505.799915960305952 ], [ 564316.227584703476168, 47530.363506448746193 ], [ 564291.499265471356921, 47530.361634589957248 ], [ 564291.497405959293246, 47554.925224119047925 ], [ 564217.312344989622943, 47554.919609954173211 ] ] ] } },
{ "type": "Feature", "properties": { "objectid": 483803, "pxlval": 1, "Shape__Area": 3.4567854321000008e-07, "Shape__Length": 0.002666664 }, "geometry": { "type": "Polygon", "coordinates": [ [ [ 567085.81031025829725, 47506.014009424121468 ], [ 567085.812248579924926, 47481.450529334404564 ], [ 567061.083816519239917, 47481.448578860392445 ], [ 567061.089623362757266, 47407.757699562818743 ], [ 567110.546492794528604, 47407.761595175150433 ], [ 567110.538742631673813, 47506.015961626668286 ], [ 567085.81031025829725, 47506.014009424121468 ] ] ] } },
{ "type": "Feature", "properties": { "objectid": 483804, "pxlval": 1, "Shape__Area": 4.444446666660001e-07, "Shape__Length": 0.003111112 }, "geometry": { "type": "Polygon", "coordinates": [ [ [ 564167.864986782078631, 47432.098389568025596 ], [ 564167.872385576600209, 47333.844272207272297 ], [ 564217.329026688588783, 47333.847993995514116 ], [ 564217.325326367164962, 47382.974945972324349 ], [ 564242.053646963671781, 47382.976809874235187 ], [ 564242.051794642116874, 47407.540397390934231 ], [ 564217.323474758770317, 47407.538532522841706 ], [ 564217.321622190764174, 47432.102119081253477 ], [ 564167.864986782078631, 47432.098389568025596 ] ] ] } },
{ "type": "Feature", "properties": { "objectid": 483805, "pxlval": 1, "Shape__Area": 4.9382839506000011e-08, "Shape__Length": 0.00088889 }, "geometry": { "type": "Polygon", "coordinates": [ [ [ 563871.126764594693668, 47407.512499741729698 ], [ 563871.128606219659559, 47382.948926678742282 ], [ 563895.856913232710212, 47382.950780532890349 ], [ 563895.85507089458406, 47407.514354556849867 ], [ 563871.126764594693668, 47407.512499741729698 ] ] ] } },
{ "type": "Feature", "properties": { "objectid": 483806, "pxlval": 1, "Shape__Area": 5.9259274074100017e-07, "Shape__Length": 0.005333334 }, "geometry": { "type": "Polygon", "coordinates": [ [ [ 560334.988657857873477, 47358.127996222210641 ], [ 560334.990395707893185, 47333.564556783196167 ], [ 560310.262222695513628, 47333.562808090660837 ], [ 560310.263958924100734, 47308.999480107144336 ], [ 560211.351161896949634, 47308.99249612436688 ], [ 560211.349428516230546, 47333.555820482004492 ], [ 560236.077597869094461, 47333.557566306801164 ], [ 560236.075862868572585, 47358.121002118430624 ], [ 560211.347694227937609, 47358.119255387711746 ], [ 560211.344222967745736, 47407.245904180133948 ], [ 560260.800669594085775, 47407.249401991146442 ], [ 560260.802407107898034, 47382.685965238582867 ], [ 560285.530576871940866, 47382.687714310566662 ], [ 560285.532314182375558, 47358.124497739641811 ], [ 560334.988657857873477, 47358.127996222210641 ] ], [ [ 560260.804143705754541, 47358.122749574315094 ], [ 560260.805879418738186, 47333.559312856399629 ], [ 560285.534050607704557, 47333.561060115069267 ], [ 560285.532314182375558, 47358.124497739641811 ], [ 560260.804143705754541, 47358.122749574315094 ] ] ] } },
{ "type": "Feature", "properties": { "objectid": 483807, "pxlval": 1, "Shape__Area": 2.4691353086500008e-07, "Shape__Length": 0.002222222 }, "geometry": { "type": "Polygon", "coordinates": [ [ [ 563895.862434493377805, 47309.260390168412414 ], [ 563895.867947169113904, 47235.569889390470053 ], [ 563920.596370685845613, 47235.571738202568667 ], [ 563920.594533365685493, 47260.135313102968212 ], [ 563945.322734600515105, 47260.137163575607701 ], [ 563945.319055688334629, 47309.264094260615821 ], [ 563895.862434493377805, 47309.260390168412414 ] ] ] } },
{ "type": "Feature", "properties": { "objectid": 483808, "pxlval": 1, "Shape__Area": 1.9753091358000004e-07, "Shape__Length": 0.002222224 }, "geometry": { "type": "Polygon", "coordinates": [ [ [ 565429.022946705459617, 47284.813026256175363 ], [ 565429.024828359019011, 47260.249502536877117 ], [ 565453.753311902517453, 47260.25139669264172 ], [ 565453.755193297751248, 47235.687761461973423 ], [ 565503.21194221265614, 47235.69154993405391 ], [ 565503.210059395758435, 47260.255187134665903 ], [ 565478.481573869357817, 47260.253291547203844 ], [ 565478.479690793319605, 47284.816817235696362 ], [ 565429.022946705459617, 47284.813026256175363 ] ] ] } },
{ "type": "Feature", "properties": { "objectid": 483809, "pxlval": 1, "Shape__Area": 4.9382172841000015e-08, "Shape__Length": 0.000888884 }, "geometry": { "type": "Polygon", "coordinates": [ [ [ 563920.596370685845613, 47235.571738202568667 ], [ 563920.598207034287043, 47211.008384391621803 ], [ 563945.326409690431319, 47211.010232940832793 ], [ 563945.324572631507181, 47235.573587713486631 ], [ 563920.596370685845613, 47235.571738202568667 ] ] ] } },
{ "type": "Feature", "properties": { "objectid": 483810, "pxlval": 1, "Shape__Area": 4.9382395062000014e-08, "Shape__Length": 0.000888886 }, "geometry": { "type": "Polygon", "coordinates": [ [ [ 565503.21194221265614, 47235.69154993405391 ], [ 565503.213824033853598, 47211.128133823454846 ], [ 565527.942200682475232, 47211.130028147177654 ], [ 565527.940318150795065, 47235.693445243297901 ], [ 565503.21194221265614, 47235.69154993405391 ] ] ] } },
{ "type": "Feature", "properties": { "objectid": 483811, "pxlval": 1, "Shape__Area": 9.876545679000002e-08, "Shape__Length": 0.001333334 }, "geometry": { "type": "Polygon", "coordinates": [ [ [ 565750.49785785342101, 47211.147109257370175 ], [ 565750.501632784027606, 47162.019925730004616 ], [ 565775.23002079280559, 47162.021825226249348 ], [ 565775.226244442281313, 47211.14901073211513 ], [ 565750.49785785342101, 47211.147109257370175 ] ] ] } },
{ "type": "Feature", "properties": { "objectid": 483859, "pxlval": 1, "Shape__Area": 0.0013166419693580293, "Shape__Length": 1.423999974 }, "geometry": { "type": "Polygon", "coordinates": [ [ [ 559766.315268440754153, 46277.301287103131472 ], [ 559741.587086058803834, 46277.299593550444115 ], [ 559741.588767525274307, 46252.736286936989927 ], [ 559766.316950603271835, 46252.737979590820032 ], [ 559766.318631880218163, 46228.174561558538699 ], [ 559716.862265248782933, 46228.171178748765669 ], [ 559716.863944234442897, 46203.607873061475402 ], [ 559692.135650295531377, 46203.606183597374184 ], [ 559692.139004200231284, 46154.479574054217665 ], [ 559642.682638820959255, 46154.476200830860762 ], [ 559642.680963703780435, 46179.039503803571279 ], [ 559543.768135285819881, 46179.032762152397481 ], [ 559543.76980762463063, 46154.46946276541712 ], [ 559494.313453063368797, 46154.466097930911928 ], [ 559494.318460585549474, 46080.776094709843164 ], [ 559519.046639495529234, 46080.77777409216651 ], [ 559519.044970519607887, 46105.34107253592083 ], [ 559568.501329648657702, 46105.344435185805196 ], [ 559568.506338067119941, 46031.654534515539126 ], [ 559543.778155979467556, 46031.652855529049702 ], [ 559543.776488089584745, 46056.216154847003054 ], [ 559519.048307582153939, 46056.214475662221957 ], [ 559519.053306513116695, 45982.524469915020745 ], [ 559494.325124832801521, 45982.522794113217969 ], [ 559494.32346009882167, 46007.086202140468231 ], [ 559469.595168746775016, 46007.084526132828614 ], [ 559469.591838011983782, 46056.211119377869181 ], [ 559444.863771483534947, 46056.209442293380562 ], [ 559444.862105476320721, 46080.772738039057003 ], [ 559395.405531415948644, 46080.769384145001823 ], [ 559395.402199503732845, 46129.896082636216306 ], [ 559444.858770789462142, 46129.899440105604299 ], [ 559444.855432556942105, 46179.026031699904706 ], [ 559494.311782113742083, 46179.029395527264569 ], [ 559494.310110275167972, 46203.592693131162378 ], [ 559469.581824472523294, 46203.59100996543566 ], [ 559469.578479511663318, 46252.717713958991226 ], [ 559494.30676392337773, 46252.719398914246995 ], [ 559494.30508941761218, 46277.282696559668693 ], [ 559444.848745424882509, 46277.279325575735129 ], [ 559444.84539653302636, 46326.405917336167477 ], [ 559494.301737739238888, 46326.409291898380616 ], [ 559494.303414022899233, 46301.845994225237519 ], [ 559519.031586678349413, 46301.847681663726689 ], [ 559519.023192874155939, 46424.664285183971515 ], [ 559494.2950237065088, 46424.662593269829813 ], [ 559494.293342977645807, 46449.225891012421926 ], [ 559469.565064145019278, 46449.224198899079056 ], [ 559469.563383226050064, 46473.787495760814636 ], [ 559519.019829129683785, 46473.790882473309466 ], [ 559519.021511446684599, 46449.227583821681037 ], [ 559543.74968081980478, 46449.22927733448887 ], [ 559543.751362946000881, 46424.665977801269037 ], [ 559568.479533905279823, 46424.66767112173693 ], [ 559568.48121583997272, 46400.104370700268191 ], [ 559543.753044182318263, 46400.102678275674407 ], [ 559543.756403985898942, 46350.976079278734687 ], [ 559617.941037141950801, 46350.98115329103166 ], [ 559617.944397576036863, 46301.85443843833491 ], [ 559568.487934685079381, 46301.851058644620935 ], [ 559568.489612169098109, 46277.287758292550279 ], [ 559617.946076452964917, 46277.291136293402815 ], [ 559617.951107745990157, 46203.601119426777586 ], [ 559642.679287695325911, 46203.602806783826964 ], [ 559642.675932997255586, 46252.729523319641885 ], [ 559692.132292815367691, 46252.732903723386698 ], [ 559692.130612741108052, 46277.296208540261432 ], [ 559642.674254315206781, 46277.29282634142146 ], [ 559642.672574741765857, 46301.856129383340885 ], [ 559667.4007528135553, 46301.857821029661864 ], [ 559667.395706646959297, 46375.547843445674516 ], [ 559642.667530666687526, 46375.546149107271049 ], [ 559642.665847528376617, 46400.109452198412328 ], [ 559667.394022810622118, 46400.1111474341742 ], [ 559667.390652463305742, 46449.237755459151231 ], [ 559642.662478577927686, 46449.23605842867255 ], [ 559642.660792765906081, 46473.799361561519618 ], [ 559617.932620485546067, 46473.797664337587776 ], [ 559617.930934481672011, 46498.360966587359144 ], [ 559642.659106062608771, 46498.362664708278317 ], [ 559642.652350321761332, 46596.616098508537107 ], [ 559667.380520007456653, 46596.617800923188042 ], [ 559667.378828146727756, 46621.181105036994268 ], [ 559692.106998020550236, 46621.18280905514257 ], [ 559692.108690582565032, 46596.619504043599591 ], [ 559716.836973351659253, 46596.621207877447887 ], [ 559716.835280088474974, 46621.184513787098695 ], [ 559741.563451770576648, 46621.186219217524922 ], [ 559741.558364520664327, 46694.876139731975854 ], [ 559766.286535012884997, 46694.877848565090972 ], [ 559766.284836767124943, 46719.441266861766053 ], [ 559791.013118740404025, 46719.442977309052367 ], [ 559791.016515736235306, 46670.316249465045985 ], [ 559815.744577453937382, 46670.317958805382659 ], [ 559815.7428787042154, 46694.881268353077758 ], [ 559865.199337294907309, 46694.88469097779307 ], [ 559865.201037449296564, 46670.321379629800504 ], [ 559840.47286264365539, 46670.31966886799637 ], [ 559840.474561201524921, 46645.756358428036037 ], [ 559815.746275309822522, 46645.7546492653928 ], [ 559815.749668340198696, 46596.628030239866348 ], [ 559889.934310373733751, 46596.633154429939168 ], [ 559889.932612201664597, 46621.196466636727564 ], [ 559939.3890804448165, 46621.199888097398798 ], [ 559939.387379974592477, 46645.76320212068822 ], [ 559964.11555912217591, 46645.764914808212779 ], [ 559964.112154090427794, 46694.891544706631976 ], [ 560087.753167693852447, 46694.900127779066679 ], [ 560087.749752041185275, 46744.026877290409175 ], [ 560112.477933824062347, 46744.028597833239473 ], [ 560112.481350882560946, 46694.901846513785131 ], [ 560186.666017204988748, 46694.907006969238864 ], [ 560186.664307012921199, 46719.47044060331973 ], [ 560137.207937479368411, 46719.466997787603759 ], [ 560137.20622780174017, 46744.03031909182755 ], [ 560161.934300140943378, 46744.032041042912169 ], [ 560161.932588861207478, 46768.595363265907508 ], [ 560236.11725431191735, 46768.600536114827264 ], [ 560236.1155400138814, 46793.163971608650172 ], [ 560260.843837141525, 46793.1656982198474 ], [ 560260.842121254652739, 46817.728913559876673 ], [ 560236.11382483120542, 46817.727186042393441 ], [ 560236.110391742433421, 46866.853946553645073 ], [ 560211.38220892532263, 46866.852217941217532 ], [ 560211.383925211033784, 46842.2888938514443 ], [ 560186.655742592178285, 46842.287166854424868 ], [ 560186.652310531469993, 46891.413813236911665 ], [ 560236.108673851704225, 46891.417271563354007 ], [ 560236.106955053168349, 46915.980707127295318 ], [ 560211.378773647127673, 46915.978976703037915 ], [ 560211.375334777636454, 46965.105624980875291 ], [ 560359.744651018641889, 46965.116029083292233 ], [ 560359.742925993399695, 46989.679358684370527 ], [ 560260.830084763700143, 46989.67241614440718 ], [ 560260.828361657448113, 47014.235852670870372 ], [ 560236.100070881075226, 47014.234117903048173 ], [ 560236.098347597522661, 47038.797332463211205 ], [ 560260.826637666323222, 47038.799068137319409 ], [ 560260.823186959256418, 47087.925830714186304 ], [ 560335.007724557654001, 47087.931047430080071 ], [ 560335.005995723535307, 47112.494486727708136 ], [ 560310.277816316811368, 47112.492746201794944 ], [ 560310.276087305741385, 47137.055963538288779 ], [ 560335.004266003496014, 47137.057704971601197 ], [ 560335.0025353662204, 47161.621144303739129 ], [ 560310.274357377900742, 47161.619401963020209 ], [ 560310.272626556572504, 47186.182729861669941 ], [ 560260.816274747252464, 47186.179245509527391 ], [ 560260.818004149012268, 47161.61591942456289 ], [ 560285.546180314035155, 47161.617660336625704 ], [ 560285.547909532557242, 47137.054222818936978 ], [ 560236.091445423197001, 47137.050743514257192 ], [ 560236.082797446870245, 47259.867590558656957 ], [ 560260.811081131221727, 47259.869334389382857 ], [ 560260.812813242315315, 47235.30589772183157 ], [ 560359.72562611894682, 47235.312876550495275 ], [ 560359.727360155899078, 47210.749657342326827 ], [ 560433.911898068501614, 47210.75489624455804 ], [ 560433.915367719484493, 47161.628120817746094 ], [ 560458.643550280015916, 47161.629866730108915 ], [ 560458.641815200215206, 47186.193200078749214 ], [ 560483.370109245413914, 47186.194947622934706 ], [ 560483.368372544297017, 47210.758392429277592 ], [ 560532.824739396455698, 47210.761891466427187 ], [ 560532.823000386124477, 47235.325117039392353 ], [ 560557.551184469484724, 47235.326868541320437 ], [ 560557.549443828058429, 47259.890316113371227 ], [ 560582.277628128882498, 47259.892069241868739 ], [ 560582.272398664033972, 47333.582083155575674 ], [ 560508.087743649142794, 47333.576817712899356 ], [ 560508.091226593591273, 47284.450147220777581 ], [ 560532.819519628421403, 47284.451899835905351 ], [ 560532.821260455646552, 47259.888563700689701 ], [ 560384.452068128157407, 47259.87806424889277 ], [ 560384.450331568252295, 47284.441394927416695 ], [ 560409.178508749231696, 47284.443143953714753 ], [ 560409.176770575460978, 47309.006475554895587 ], [ 560458.633126241969876, 47309.00997757420555 ], [ 560458.631385741522536, 47333.573311007712618 ], [ 560433.903208157047629, 47333.571558730516699 ], [ 560433.901467457646504, 47358.135001802875195 ], [ 560334.988657857873477, 47358.127996222210641 ], [ 560334.98691912193317, 47382.691214607555594 ], [ 560310.258747534593567, 47382.689464100221812 ], [ 560310.257008594577201, 47407.252902666470618 ], [ 560260.800669594085775, 47407.249401991146442 ], [ 560260.79545166506432, 47480.93949124734354 ], [ 560236.067174395080656, 47480.937739260014496 ], [ 560236.068913896218874, 47456.374303377422621 ], [ 560211.340748108690605, 47456.372553023058572 ], [ 560211.33552906406112, 47530.062636934198963 ], [ 560186.607366323587485, 47530.060884581995197 ], [ 560186.605625552590936, 47554.624318695801776 ], [ 560236.061950506526046, 47554.627825931565894 ], [ 560236.063692708034068, 47530.064390006307804 ], [ 560260.79196854843758, 47530.066143806216132 ], [ 560260.79022563167382, 47554.629580637767504 ], [ 560285.518390396377072, 47554.631336056358123 ], [ 560285.514900445239618, 47603.757990507656359 ], [ 560260.78673711232841, 47603.756233275758859 ], [ 560260.78149757173378, 47677.44632287985587 ], [ 560285.509658754337579, 47677.448082831724605 ], [ 560285.507909732870758, 47702.011299587633403 ], [ 560310.236071096733212, 47702.013061168661807 ], [ 560310.232568891486153, 47751.139828145431238 ], [ 560458.601658977451734, 47751.150423712293559 ], [ 560458.603414836223237, 47726.587090030603576 ], [ 560508.059749860316515, 47726.590625849996286 ], [ 560508.061506259371527, 47702.027179835298739 ], [ 560532.789787146495655, 47702.028947926897672 ], [ 560532.793298650998622, 47652.902275187479972 ], [ 560557.521470599458553, 47652.904042172143818 ], [ 560557.524979918845929, 47603.777367661998142 ], [ 560582.253154228790663, 47603.779133546195226 ], [ 560582.254908255068585, 47579.21568487057084 ], [ 560656.439550109440461, 47579.220984121660877 ], [ 560656.441305361688137, 47554.657753792620497 ], [ 560681.169484763988294, 47554.659520735702245 ], [ 560681.17299401096534, 47505.532616152901028 ], [ 560705.901287049753591, 47505.534381998244498 ], [ 560705.904794082744047, 47456.4076967206056 ], [ 560730.632978196372278, 47456.409461450843082 ], [ 560730.636483027948998, 47407.282774403320218 ], [ 560755.364669474423863, 47407.284538024898211 ], [ 560755.371671105735004, 47309.031049904908286 ], [ 560780.099972609663382, 47309.032810596072522 ], [ 560780.108707773964852, 47186.215973829239374 ], [ 560804.836791192064993, 47186.217730648779252 ], [ 560804.838536208379082, 47161.654384531408141 ], [ 560829.566843817592598, 47161.656141166626185 ], [ 560829.568588642519899, 47137.092683608236257 ], [ 560854.296675318852067, 47137.094440026754455 ], [ 560854.30016364378389, 47087.967744202454924 ], [ 560879.028475225670263, 47087.969499519560486 ], [ 560879.030218732310459, 47063.406150712959061 ], [ 560903.758531941566616, 47063.40790582732734 ], [ 560903.760275254375301, 47038.844445584851201 ], [ 561002.673095028148964, 47038.851469471592281 ], [ 561002.671348883770406, 47063.414933381631272 ], [ 561027.39955543493852, 47063.416692052320286 ], [ 561027.401302287122235, 47038.853227224455622 ], [ 561076.857830837368965, 47038.856744875505683 ], [ 561076.856082569225691, 47063.420211540142191 ], [ 561101.584291893988848, 47063.421972349358839 ], [ 561101.586040870053694, 47038.858504765790713 ], [ 561126.314363089972176, 47038.86026537646103 ], [ 561126.307358897407539, 47137.113807870438905 ], [ 561200.491988808265887, 47137.11910499415535 ], [ 561200.490233342512511, 47161.682576319886721 ], [ 561249.946767770918086, 47161.686113155425119 ], [ 561249.945009979070164, 47186.249475796896149 ], [ 561299.401435419218615, 47186.253017325259862 ], [ 561299.399675283813849, 47210.816492358375399 ], [ 561324.127888694521971, 47210.818265116897237 ], [ 561324.124364270246588, 47259.944996008220187 ], [ 561348.852577188168652, 47259.946771327129682 ], [ 561348.849047675728798, 47309.073504114043317 ], [ 561398.305584712536074, 47309.077060600182449 ], [ 561398.302048676414415, 47358.203907670700573 ], [ 561373.573836750001647, 47358.202127226548328 ], [ 561373.572068080422468, 47382.765384058518976 ], [ 561398.300279294140637, 47382.767165426063002 ], [ 561398.294965610373765, 47456.457380919942807 ], [ 561423.023175602196716, 47456.459165776483133 ], [ 561423.021401819889434, 47481.022645580582321 ], [ 561398.293192542274483, 47481.020859800271865 ], [ 561398.28786784876138, 47554.711075464641908 ], [ 561373.559661634382792, 47554.709287633304484 ], [ 561373.557885627960786, 47579.27254457892559 ], [ 561348.829569793771952, 47579.27075653681095 ], [ 561348.827793570351787, 47603.834233641835453 ], [ 561324.099590643309057, 47603.832445405765611 ], [ 561324.097814235370606, 47628.395700534209027 ], [ 561299.369612953392789, 47628.393912096900749 ], [ 561299.366058790474199, 47677.520862694611424 ], [ 561274.637748608831316, 47677.519073126830335 ], [ 561274.63419223332312, 47726.645800863341719 ], [ 561373.547210265882313, 47726.652970831019047 ], [ 561373.545427831588313, 47751.216338416859799 ], [ 561398.27362831030041, 47751.218133635367849 ], [ 561398.271844240371138, 47775.781502152603935 ], [ 561447.728246541577391, 47775.785096607309242 ], [ 561447.724672764423303, 47824.911947914624761 ], [ 561472.452985155512579, 47824.913748084560211 ], [ 561472.449406273779459, 47874.040490770326869 ], [ 561497.177495589479804, 47874.042293498190702 ], [ 561497.175704050227068, 47898.605665784300072 ], [ 561521.904016140382737, 47898.607470178780204 ], [ 561521.902222953271121, 47923.170953938606544 ], [ 561497.173911583959125, 47923.16914861886471 ], [ 561497.170323910657316, 47972.295893262788013 ], [ 561521.898633837117814, 47972.297700433045975 ], [ 561521.895041035721079, 48021.424557525322598 ], [ 561497.166732553509064, 48021.422748504541232 ], [ 561497.164935508626513, 48045.986010342647205 ], [ 561472.436851243954152, 48045.984201140621735 ], [ 561472.438647566130385, 48021.420940227391839 ], [ 561447.710340943303891, 48021.419132661329058 ], [ 561447.70854534371756, 48045.982392650046677 ], [ 561422.980351650272496, 48045.980584895332868 ], [ 561422.976759118726477, 48095.107434669982467 ], [ 561398.248567816102877, 48095.105625795462402 ], [ 561398.244973061140627, 48144.232473786425544 ], [ 561373.516784124891274, 48144.230663793583517 ], [ 561373.514986099791713, 48168.794031617086148 ], [ 561324.058501196559519, 48168.790411965230305 ], [ 561324.056703704176471, 48193.35377795749082 ], [ 561348.784889335511252, 48193.355588337202789 ], [ 561348.783090201439336, 48217.918955266526609 ], [ 561373.511387298349291, 48217.920767307368806 ], [ 561373.509586513740942, 48242.484245714520512 ], [ 561398.237772549735382, 48242.486059400944214 ], [ 561398.235970130190253, 48267.049428205558797 ], [ 561447.692343531176448, 48267.053059618410771 ], [ 561447.694147402769886, 48242.489688965899404 ], [ 561497.150525977835059, 48242.4933214536577 ], [ 561497.152330390643328, 48217.929838425799971 ], [ 561521.880633080960251, 48217.931654848653125 ], [ 561521.877021892927587, 48267.058512228941254 ], [ 561571.333404604811221, 48267.062150952551747 ], [ 561571.335212106467225, 48242.498775673760974 ], [ 561596.063516869908199, 48242.500595213998167 ], [ 561596.065324185299687, 48217.937108482867188 ], [ 561670.249912391649559, 48217.942568681886769 ], [ 561670.251720954314806, 48193.379189724248135 ], [ 561744.43643103458453, 48193.384653719767812 ], [ 561744.434620296116918, 48217.948035462097323 ], [ 561719.706420494941995, 48217.946212474424101 ], [ 561719.704609551234171, 48242.509703843010357 ], [ 561769.161008648690768, 48242.513352406269405 ], [ 561769.159195338957943, 48267.076735106442356 ], [ 561719.70279769343324, 48267.073084685609501 ], [ 561719.70098491339013, 48291.636465542644146 ], [ 561694.972676934674382, 48291.634640492397011 ], [ 561694.970863959053531, 48316.198020435658691 ], [ 561719.69917121110484, 48316.199846414136118 ], [ 561719.697356586460955, 48340.763227300078142 ], [ 561744.425552755710669, 48340.765054930758197 ], [ 561744.423736473079771, 48365.328547300225182 ], [ 561769.151932861190289, 48365.330376592079119 ], [ 561769.148296088329516, 48414.457142151484732 ], [ 561818.604800026514567, 48414.460806659255468 ], [ 561818.602978790178895, 48439.024301853925863 ], [ 561843.331175803672522, 48439.026136133747059 ], [ 561843.329352931003086, 48463.589411204651697 ], [ 561868.057550137862563, 48463.591247148615366 ], [ 561868.061196433147416, 48414.464474092026649 ], [ 561942.245909351157025, 48414.469980749257957 ], [ 561942.24043196067214, 48488.160148743030732 ], [ 561966.968632199335843, 48488.161988555155403 ], [ 561966.970459651201963, 48463.598598273259995 ], [ 561991.698661549133249, 48463.600437887493172 ], [ 561991.695004252251238, 48512.727330858353525 ], [ 562016.423205638420768, 48512.729173072024423 ], [ 562016.42503548390232, 48488.165670382681128 ], [ 562041.153238527593203, 48488.167512398089457 ], [ 562041.151407952420413, 48512.731016020501556 ], [ 562065.879722496145405, 48512.732859712064965 ], [ 562065.881553801009431, 48488.169355156212987 ], [ 562090.609758735401556, 48488.171198640469811 ], [ 562090.607926700846292, 48512.734704130140017 ], [ 562115.336131837335415, 48512.736549283006752 ], [ 562115.334298153058626, 48537.299945187158301 ], [ 562164.790821069851518, 48537.303639575089619 ], [ 562164.792656214325689, 48512.740241801453521 ], [ 562214.249073094921187, 48512.743937250794261 ], [ 562214.250908778049052, 48488.180427086474083 ], [ 562263.707330875331536, 48488.184123602542968 ], [ 562263.709167079301551, 48463.620722108236805 ], [ 562288.437491540447809, 48463.622570539446315 ], [ 562288.439327534753829, 48439.059278663378791 ], [ 562337.89575821836479, 48439.062975836655824 ], [ 562337.899430352961645, 48389.936056775863108 ], [ 562362.627759830909781, 48389.937904595535656 ], [ 562362.629595224745572, 48365.374499416087929 ], [ 562412.086035931715742, 48365.378195360710379 ], [ 562412.087871856871061, 48340.814677778245823 ], [ 562436.816094362409785, 48340.816525910384371 ], [ 562436.81425770977512, 48365.38004443187674 ], [ 562486.270704088616185, 48365.383744771905185 ], [ 562486.272542196209542, 48340.820224371258519 ], [ 562511.000878812861629, 48340.822074708317814 ], [ 562511.002716705552302, 48316.258663922570122 ], [ 562560.459171672351658, 48316.262364895243081 ], [ 562560.455492035136558, 48365.389300784554507 ], [ 562609.911947879358195, 48365.393008450279012 ], [ 562609.913789624464698, 48340.829483345216431 ], [ 562659.370361995301209, 48340.833192065190815 ], [ 562659.377725399681367, 48242.579526414418069 ], [ 562684.105960283428431, 48242.581378097580455 ], [ 562684.111475189449266, 48168.89101564224984 ], [ 562708.839824471855536, 48168.892865235109639 ], [ 562708.843497835565358, 48119.766028811129218 ], [ 562733.571738228667527, 48119.767877238293295 ], [ 562733.573574237059802, 48095.204347563812917 ], [ 562783.03005933528766, 48095.208044716600853 ], [ 562783.028221879387274, 48119.77157627917768 ], [ 562807.75646513781976, 48119.773426892890711 ], [ 562807.754626027774066, 48144.336848873841518 ], [ 562832.482980786589906, 48144.33870116971957 ], [ 562832.486659524380229, 48095.211744791631645 ], [ 562931.399760024389252, 48095.219153675127018 ], [ 562931.396075494587421, 48144.346117620443692 ], [ 562956.124212461989373, 48144.347973545751302 ], [ 562956.122368066105992, 48168.911401216515515 ], [ 562980.850727803772315, 48168.913258834960288 ], [ 562980.847034739446826, 48218.040116114156262 ], [ 562956.118676452198997, 48218.038256601299508 ], [ 562956.116829225677066, 48242.601794855960179 ], [ 563005.573545316932723, 48242.605516506810091 ], [ 563005.57169570599217, 48267.168946130048425 ], [ 563030.299831896903925, 48267.170808982737071 ], [ 563030.30168223392684, 48242.607378411550599 ], [ 563079.758292786078528, 48242.611104438306938 ], [ 563079.760143640800379, 48218.047561443883751 ], [ 563178.673267814796418, 48218.055018459075654 ], [ 563178.675120619824156, 48193.491582221242425 ], [ 563228.1316342552891, 48193.495313205217826 ], [ 563228.135339931934141, 48144.368436969838513 ], [ 563252.863599643693306, 48144.370301654184004 ], [ 563252.861746553215198, 48168.933740715961903 ], [ 563277.590117771876976, 48168.935607089602854 ], [ 563277.591971586924046, 48144.372167076151527 ], [ 563302.320233200676739, 48144.374033218955447 ], [ 563302.322086794301867, 48119.810592267866014 ], [ 563277.593824456329457, 48119.808727077106596 ], [ 563277.595676388591528, 48095.245176551754412 ], [ 563252.867302997387014, 48095.243313033133745 ], [ 563252.869153252220713, 48070.679874014538655 ], [ 563228.140891369082965, 48070.678012184078398 ], [ 563228.139041837654077, 48095.241450251385686 ], [ 563153.954264130094089, 48095.235866277012974 ], [ 563153.956111491192132, 48070.672431061364478 ], [ 563055.042973747244105, 48070.664999749569688 ], [ 563055.041129279881716, 48095.228431168216048 ], [ 563005.584623227943666, 48095.224717988880002 ], [ 563005.588308335631154, 48046.097748424130259 ], [ 562980.859944011084735, 48046.095894813995983 ], [ 562980.8636238995241, 47996.969037736278551 ], [ 562956.135259097791277, 47996.967186748304812 ], [ 562956.137096908409148, 47972.403759171917045 ], [ 562931.408954879501835, 47972.401909874410194 ], [ 562931.410791035974398, 47947.838372731122945 ], [ 562956.138933786423877, 47947.840221081787604 ], [ 562956.146271857898682, 47849.586510995832214 ], [ 563005.603011081693694, 47849.59020233002957 ], [ 563005.601176534662955, 47874.153631729532208 ], [ 562980.872807158972137, 47874.151784752466483 ], [ 562980.870972390985116, 47898.715213212424715 ], [ 563030.327488088631071, 47898.718909770585014 ], [ 563030.325650929589756, 47923.28245067478565 ], [ 563104.510540753835812, 47923.288003807720088 ], [ 563104.508700505713932, 47947.851326503558084 ], [ 563129.236961216898635, 47947.853179946287128 ], [ 563129.235119287623093, 47972.41672467468743 ], [ 563153.963491506758146, 47972.418579801822489 ], [ 563153.965334157575853, 47947.855034123596852 ], [ 563203.421860347152688, 47947.858744640288933 ], [ 563203.420016253134236, 47972.422292219256633 ], [ 563252.876544828061014, 47972.426007543166634 ], [ 563252.880234940676019, 47923.299129663952044 ], [ 563178.695439181523398, 47923.293563473562244 ], [ 563178.697280665743165, 47898.7300168738293 ], [ 563153.969016611459665, 47898.728163878971827 ], [ 563153.970856422791258, 47874.164728778152494 ], [ 563178.699121197569184, 47874.166580822828109 ], [ 563178.700960785383359, 47849.603144779874128 ], [ 563228.157494651270099, 47849.606849143150612 ], [ 563228.155653623281978, 47874.170287087581528 ], [ 563252.883921280736104, 47874.172141307659331 ], [ 563252.889443697757088, 47800.481714141533303 ], [ 563327.074370155809447, 47800.487272592516092 ], [ 563327.076211225357838, 47775.923830889849341 ], [ 563351.804596857051365, 47775.925684207650193 ], [ 563351.806437698891386, 47751.362241566494049 ], [ 563376.534602469881065, 47751.364094638105598 ], [ 563376.532760909409262, 47775.927538232419465 ], [ 563500.174374478519894, 47775.936819269365515 ], [ 563500.176219632267021, 47751.373370903675095 ], [ 563549.632784200133756, 47751.377086466141918 ], [ 563549.634629841544665, 47726.813636197293818 ], [ 563524.906346363946795, 47726.811779010189639 ], [ 563524.910033362335525, 47677.684880439403059 ], [ 563475.453355119912885, 47677.681172046359279 ], [ 563475.455195769201964, 47653.11761415831279 ], [ 563450.726913023856468, 47653.115762003857526 ], [ 563450.728752007824369, 47628.552205078434781 ], [ 563426.000469492399134, 47628.550354600032733 ], [ 563426.002306795213372, 47603.987019718304509 ], [ 563401.274024538113736, 47603.985170915220806 ], [ 563401.275860193534754, 47579.42161593275523 ], [ 563376.547466892632656, 47579.419768795931304 ], [ 563376.554797146935016, 47481.165994953917107 ], [ 563426.011479142121971, 47481.16968231015926 ], [ 563426.013310774695128, 47456.606126444865367 ], [ 563475.469886766630225, 47456.609814760609879 ], [ 563475.471718862652779, 47432.046478069481964 ], [ 563500.200120297609828, 47432.048322358859878 ], [ 563500.201952175004408, 47407.48476365798706 ], [ 563549.658536787261255, 47407.48845246428391 ], [ 563549.660369141958654, 47382.924891860151547 ], [ 563574.388774889521301, 47382.926736392560997 ], [ 563574.390606990898959, 47358.363395921674964 ], [ 563599.118791846674867, 47358.365240198676474 ], [ 563599.120623726863414, 47333.80167771649576 ], [ 563673.305631343275309, 47333.807212012863602 ], [ 563673.307464400772005, 47309.243757207565068 ], [ 563698.035877102869563, 47309.245602454459004 ], [ 563698.039541786420159, 47260.11869097030285 ], [ 563796.952762798871845, 47260.126071419072105 ], [ 563796.956429360434413, 47210.999152313750528 ], [ 563772.228121244115755, 47210.997308046775288 ], [ 563772.231782580842264, 47161.870280388677202 ], [ 563821.688513910165057, 47161.873965807324566 ], [ 563821.692174263647757, 47112.747044895171712 ], [ 563796.963751052040607, 47112.745203744249011 ], [ 563796.965579097857699, 47088.181633737811353 ], [ 563846.42231661407277, 47088.185314824877423 ], [ 563846.42414511484094, 47063.621853446922614 ], [ 563871.152460400131531, 47063.623694095564133 ], [ 563871.156115954974666, 47014.496769460696669 ], [ 563846.427799254190177, 47014.494930733264482 ], [ 563846.433273324160837, 46940.804325692886778 ], [ 563796.976527319522575, 46940.800656126382819 ], [ 563796.978348675533198, 46916.237307287374279 ], [ 563772.250032061827369, 46916.235474534230889 ], [ 563772.251851775217801, 46891.671905593451811 ], [ 563747.523535410291515, 46891.670074510053382 ], [ 563747.527170551475137, 46842.543159670356545 ], [ 563698.070537905208766, 46842.53950346854981 ], [ 563698.075979255489074, 46768.849026524621877 ], [ 563648.619234965648502, 46768.845378899524803 ], [ 563648.622854954563081, 46719.718471865293395 ], [ 563698.079602057579905, 46719.722115659125848 ], [ 563698.081412038998678, 46695.158549712854438 ], [ 563747.538053129334003, 46695.162194411968812 ], [ 563747.541673029074445, 46646.035279789779452 ], [ 563772.269996430724859, 46646.037101282025105 ], [ 563772.27180565346498, 46621.473643035889836 ], [ 563797.000130711123347, 46621.475464275179547 ], [ 563796.992885285872035, 46719.729411722197256 ], [ 563846.449643973261118, 46719.733064007850771 ], [ 563846.447828829404898, 46744.296525189420208 ], [ 563920.632916369475424, 46744.302011804124049 ], [ 563920.631098161102273, 46768.865475882594183 ], [ 563970.087752432911657, 46768.869139084170456 ], [ 563970.089572048280388, 46744.305673081893474 ], [ 563994.818012624280527, 46744.307504791053361 ], [ 563994.814371022162959, 46793.434549275356403 ], [ 564019.542588603799231, 46793.436383601714624 ], [ 564019.54441059101373, 46768.872805119324767 ], [ 564069.001072615617886, 46768.87647398806439 ], [ 564069.004716516821645, 46719.749534293310717 ], [ 564044.276494882535189, 46719.747701440144738 ], [ 564044.280133557273075, 46670.620653193880571 ], [ 564093.736803145497106, 46670.624315769287932 ], [ 564093.734982886002399, 46695.187786545699055 ], [ 564118.463318440597504, 46695.189619858087099 ], [ 564118.466959406156093, 46646.062676384302904 ], [ 564143.195297333295457, 46646.064508474577451 ], [ 564143.197117080562748, 46621.501035797060467 ], [ 564167.925567946047522, 46621.502867637049349 ], [ 564167.929205975378864, 46572.37580985911336 ], [ 564192.657547952258028, 46572.377640466140292 ], [ 564192.666629732004367, 46449.560157233245263 ], [ 564167.938284256262705, 46449.558331453423307 ], [ 564167.936470519402064, 46474.121804998583684 ], [ 564143.208015451789834, 46474.119978949034703 ], [ 564143.211640568799339, 46424.993033802747959 ], [ 564118.48329634021502, 46424.991210394742666 ], [ 564118.485106762731448, 46400.427738800841325 ], [ 564143.213451689574867, 46400.429561244149227 ], [ 564143.21707105555106, 46351.302616181143094 ], [ 564167.945529614691623, 46351.304437405327917 ], [ 564167.941908853244968, 46400.431384398478258 ], [ 564217.398603556794114, 46400.435032799185137 ], [ 564217.400415812851861, 46375.871557364422188 ], [ 564242.128765328205191, 46375.873381652811076 ], [ 564242.132388364407234, 46326.746318357931159 ], [ 564291.589204363408498, 46326.7499651832768 ], [ 564291.596444478258491, 46228.495941554007004 ], [ 564266.86808885098435, 46228.494121662304678 ], [ 564266.866280953050591, 46253.057709481312486 ], [ 564217.4094627071172, 46253.054069857607828 ], [ 564217.411269213655032, 46228.490483971356298 ], [ 564242.139622909016907, 46228.492302462633234 ], [ 564242.143234417308122, 46179.365349868377962 ], [ 564192.686525232740678, 46179.361717450039578 ], [ 564192.679303932352923, 46277.615725500414555 ], [ 564167.950953573570587, 46277.613906478676654 ], [ 564167.947338565252721, 46326.74085339497833 ], [ 564118.490532289259136, 46326.737213586653525 ], [ 564118.492338879150338, 46302.17374205449596 ], [ 564143.2206865955377, 46302.175560639014293 ], [ 564143.222492923843674, 46277.612088149719057 ], [ 564044.309105102322064, 46277.604821876164351 ], [ 564044.314509995281696, 46203.914305545251409 ], [ 564019.586052111466415, 46203.912493610732781 ], [ 564019.587851130752824, 46179.349026002797473 ], [ 564044.316309709567577, 46179.350836974103004 ], [ 564044.319906266988255, 46130.22389986696362 ], [ 564019.591446299338713, 46130.222090822084283 ], [ 564019.595037649385631, 46081.095045168265642 ], [ 564069.051738790003583, 46081.098660086878226 ], [ 564069.053534412290901, 46056.53519062113628 ], [ 564093.781998400576413, 46056.536998171584855 ], [ 564093.787381608388387, 45982.846476424238062 ], [ 564069.058915542787872, 45982.844671765662497 ], [ 564069.057122784666717, 46007.408251724671572 ], [ 564044.328880920773372, 46007.406446815242816 ], [ 564044.336043426999822, 45909.152351978831575 ], [ 564069.064288056804799, 45909.154153033938201 ], [ 564069.06607697729487, 45884.590683664449898 ], [ 564093.794545807293616, 45884.592484467182658 ], [ 564093.798122156178579, 45835.465543841433828 ], [ 564118.526482074172236, 45835.467343402415281 ], [ 564118.528269509435631, 45810.903761604931788 ], [ 564143.256631084950641, 45810.905560895473172 ], [ 564143.25841824314557, 45786.342088687837531 ], [ 564167.986892744665965, 45786.343887715280289 ], [ 564167.988679633010179, 45761.780414556254982 ], [ 564217.445410389569588, 45761.784012744254142 ], [ 564217.447197695728391, 45737.220537667664757 ], [ 564242.175565227866173, 45737.222336835191527 ], [ 564242.171988278860226, 45786.349288934441574 ], [ 564266.900466680992395, 45786.351090735966864 ], [ 564266.904045007075183, 45737.224136703589465 ], [ 564291.63241447112523, 45737.225937256662291 ], [ 564291.637776828487404, 45663.535392868972849 ], [ 564341.09463409462478, 45663.538990256580291 ], [ 564341.096420996589586, 45638.975510399977793 ], [ 564291.639562356751412, 45638.971914947353071 ], [ 564291.641346924356185, 45614.408437039375713 ], [ 564365.826471496722661, 45614.41382834007527 ], [ 564365.822897280799225, 45663.540789975726511 ], [ 564390.551383992657065, 45663.542590402721544 ], [ 564390.549594754702412, 45688.10607220944803 ], [ 564365.821108730044216, 45688.104270814030315 ], [ 564365.819319209549576, 45712.667862206872087 ], [ 564341.091057398123667, 45712.666060551637202 ], [ 564341.087476863875054, 45761.793020360491937 ], [ 564316.358994863578118, 45761.791217446087103 ], [ 564316.357203842955641, 45786.354696403359412 ], [ 564291.628834768082015, 45786.352893222901912 ], [ 564291.627043475513346, 45810.916371226558113 ], [ 564316.355411861324683, 45810.918175374310522 ], [ 564316.351825006539002, 45860.045243898210174 ], [ 564365.808561927755363, 45860.048858146838029 ], [ 564365.803170306258835, 45933.739301031389914 ], [ 564390.531649438198656, 45933.741112111063558 ], [ 564390.529849607963115, 45958.304704609356122 ], [ 564415.258106458815746, 45958.306517337266996 ], [ 564415.2563049828168, 45982.870000277194777 ], [ 564439.984784685191698, 45982.871814686710422 ], [ 564439.982981546549127, 46007.435409144178266 ], [ 564464.711461518658325, 46007.437225219728134 ], [ 564464.713265349389985, 45982.873629792724387 ], [ 564514.170007078442723, 45982.877262077890919 ], [ 564514.168201863649301, 46007.440859445094247 ], [ 564563.62494610529393, 46007.444496457923378 ], [ 564563.623138549737632, 46032.007985245916643 ], [ 564588.351511437445879, 46032.00980576902657 ], [ 564588.34970222436823, 46056.573295548470924 ], [ 564538.8929587979801, 46056.569653257080063 ], [ 564538.887529520667158, 46130.260227366590698 ], [ 564514.159161361283623, 46130.258404355350649 ], [ 564514.157350370311178, 46154.82189127055608 ], [ 564538.88571783551015, 46154.823715252445254 ], [ 564538.8839051858522, 46179.387203158396005 ], [ 564563.612272947793826, 46179.389028810401214 ], [ 564563.610458638751879, 46203.952517694910057 ], [ 564637.795676967478357, 46203.958001771279669 ], [ 564637.79022198182065, 46277.64858778823691 ], [ 564662.518590860650875, 46277.65042012817139 ], [ 564662.516769906505942, 46302.21391296206275 ], [ 564687.245250359177589, 46302.215746984096768 ], [ 564687.243427741923369, 46326.779240798437968 ], [ 564662.514947986230254, 46326.777405803521106 ], [ 564662.511301238555461, 46375.904502062636311 ], [ 564687.239779599476606, 46375.906339003326138 ], [ 564687.237954082433134, 46400.46983285924216 ], [ 564662.509476419421844, 46400.467994945662213 ], [ 564662.505823882413097, 46449.594980759626196 ], [ 564711.962554826168343, 46449.598661165320664 ], [ 564711.960725710028782, 46474.162156036130909 ], [ 564736.689203233690932, 46474.163998276242637 ], [ 564736.68737245129887, 46498.727494134560402 ], [ 564687.230642347829416, 46498.723808427974291 ], [ 564687.225148388999514, 46572.41440078670712 ], [ 564711.95339956774842, 46572.416246199303714 ], [ 564711.951565608382225, 46596.979851674324891 ], [ 564613.038124437443912, 46596.972470332475496 ], [ 564613.034459246089682, 46646.099452473412384 ], [ 564662.491175067261793, 46646.103145622037118 ], [ 564662.489339619176462, 46670.666638664348284 ], [ 564687.217809580382891, 46670.668487279668625 ], [ 564687.214134372072294, 46719.795585874031531 ], [ 564711.942381339962594, 46719.797437126122531 ], [ 564711.940541586838663, 46744.360932150178996 ], [ 564761.397370912367478, 46744.364638749946607 ], [ 564761.393685682327487, 46793.491743276172201 ], [ 564786.122044757474214, 46793.49359958266723 ], [ 564786.114659881801344, 46891.747591618623119 ], [ 564810.843128409818746, 46891.749452541225764 ], [ 564810.841279056621715, 46916.313062100954994 ], [ 564860.297995075583458, 46916.316788010793971 ], [ 564860.296143358340487, 46940.880178459490708 ], [ 564885.024502143380232, 46940.882043456214888 ], [ 564885.022648733807728, 46965.445655964176694 ], [ 564909.751007780781947, 46965.447522648137237 ], [ 564909.749152703210711, 46990.011025611674995 ], [ 564934.477512040524743, 46990.012893983606773 ], [ 564934.470079191029072, 47088.267020425693772 ], [ 564959.198547943378799, 47088.268893425694841 ], [ 564959.194824283127673, 47137.395903414624627 ], [ 564909.738001859979704, 47137.392154229150037 ], [ 564909.732413331279531, 47211.082884533228935 ], [ 564934.460766290547326, 47211.084761694561166 ], [ 564934.458900811267085, 47235.648155240800406 ], [ 564983.915719519020058, 47235.651913671514194 ], [ 564983.913851630757563, 47260.215530261899403 ], [ 565008.642206119839102, 47260.21741152395407 ], [ 565008.634722034214064, 47358.471550308422593 ], [ 565033.363185923080891, 47358.473436207154009 ], [ 565033.366931337397546, 47309.346309563079558 ], [ 565058.095175096066669, 47309.348194205253094 ], [ 565058.089553392492235, 47383.038721325858205 ], [ 565033.361311770859174, 47383.036833748323261 ], [ 565033.359436630038545, 47407.600452379403578 ], [ 565082.8161419716198, 47407.604230226454092 ], [ 565082.814264431945048, 47432.167850822712353 ], [ 565132.270972300320864, 47432.171633500853204 ], [ 565132.265329594607465, 47505.86205911210709 ], [ 565082.808626011596061, 47505.858270557655487 ], [ 565082.806744581786916, 47530.421891216952645 ], [ 565107.535095163970254, 47530.423786113606184 ], [ 565107.533212046255358, 47554.987407760047063 ], [ 565156.990026006475091, 47554.991201681215898 ], [ 565156.988140501431189, 47579.554604231889243 ], [ 565206.444845700403675, 47579.558402986745932 ], [ 565206.441068887361325, 47628.68543312230031 ], [ 565255.897775182500482, 47628.689238684863085 ], [ 565255.899665500503033, 47604.12583218223881 ], [ 565280.628132110694423, 47604.127735072419455 ], [ 565280.626241076155566, 47628.691142556839623 ], [ 565330.082953290315345, 47628.694952447949618 ], [ 565330.08105982968118, 47653.258582987167756 ], [ 565354.809416708070785, 47653.260489997788682 ], [ 565354.807521553942934, 47677.824121527890384 ], [ 565404.264236837276258, 47677.827939681475982 ], [ 565404.262339288601652, 47702.391352123202523 ], [ 565428.990808979258873, 47702.393263275880599 ], [ 565428.992707245517522, 47677.829849850117171 ], [ 565453.721178647363558, 47677.831760740940808 ], [ 565453.71927966363728, 47702.395175151112198 ], [ 565503.176001438405365, 47702.399001051984669 ], [ 565503.179801314370707, 47653.271947236411506 ], [ 565552.636529923533089, 47653.275772084605705 ], [ 565552.63272717827931, 47702.402829843020299 ], [ 565577.361091534141451, 47702.404745322353847 ], [ 565577.364895714214072, 47653.27768559139804 ], [ 565602.093373783282004, 47653.279599828609207 ], [ 565602.089568168506958, 47702.406661532848375 ], [ 565626.817934522405267, 47702.40857845726714 ], [ 565626.819838528870605, 47677.845157145849953 ], [ 565651.548206579871476, 47677.847073805423861 ], [ 565651.550110339885578, 47653.283430451192544 ], [ 565676.278480113600381, 47653.285346845179447 ], [ 565676.286088174441829, 47555.031211752648233 ], [ 565701.014461799175479, 47555.03312491592078 ], [ 565701.018261388409883, 47505.90583440586488 ], [ 565775.203503818716854, 47505.911572292883648 ], [ 565775.201602370012552, 47530.475220510583313 ], [ 565799.930091977585107, 47530.477135574095882 ], [ 565799.928188830730505, 47555.04078478935844 ], [ 565874.11332765116822, 47555.046537244779756 ], [ 565874.111421391135082, 47579.609968375581957 ], [ 565898.839802267379127, 47579.611888292442018 ], [ 565898.837894289754331, 47604.175541498334496 ], [ 565997.751536230556667, 47604.183232349445461 ], [ 565997.749624419608153, 47628.746668467931158 ], [ 566022.478120133746415, 47628.748593982811144 ], [ 566022.476206602645107, 47653.312252184587123 ], [ 566071.932977068936452, 47653.316107348364312 ], [ 566071.929144194582477, 47702.44320668635919 ], [ 566047.20064861769788, 47702.441276747464144 ], [ 566047.20256482239347, 47677.877838599968527 ], [ 566022.47429208480753, 47677.875910394315724 ], [ 566022.470460106735118, 47727.003005786718859 ], [ 565997.741967262001708, 47727.001076299951819 ], [ 565997.740050511318259, 47751.564623030855728 ], [ 566022.468542637769133, 47751.566553510594531 ], [ 566022.466624182299711, 47776.130101242451929 ], [ 565973.009753628866747, 47776.126239029385033 ], [ 565973.013586679473519, 47726.999147544775042 ], [ 565948.285207110107876, 47726.997219512522861 ], [ 565948.289034781744704, 47677.870130075687484 ], [ 565874.103786455700174, 47677.864356256628525 ], [ 565874.101875273743644, 47702.427787458596868 ], [ 565923.558742144610733, 47702.431637934598257 ], [ 565923.554913929430768, 47751.558835957432166 ], [ 565898.826425787177868, 47751.556908370861493 ], [ 565898.828339664731175, 47726.99336560809752 ], [ 565824.643101631547324, 47726.987590177675884 ], [ 565824.639277202542871, 47776.114669766779116 ], [ 565799.91101633082144, 47776.112744100712007 ], [ 565799.909103359910659, 47800.676282923559484 ], [ 565849.365847224602476, 47800.680136977032817 ], [ 565849.367761633475311, 47776.116596173837024 ], [ 565874.096135787549429, 47776.118523295888735 ], [ 565874.092304538586177, 47825.245717432910169 ], [ 565898.820678237592801, 47825.247647260832309 ], [ 565898.818760421127081, 47849.81119007444795 ], [ 565923.547245686640963, 47849.813121626946668 ], [ 565923.549164222786203, 47825.249577821858111 ], [ 565948.277539932285435, 47825.251509098590759 ], [ 565948.275620676344261, 47849.815053895530582 ], [ 565973.003996650571935, 47849.816986888894462 ], [ 565973.000153741450049, 47898.944078516389709 ], [ 565997.728529288317077, 47898.946014219713106 ], [ 565997.726605625473894, 47923.509671579289716 ], [ 566022.455092713586055, 47923.511609009823587 ], [ 566022.45701709727291, 47898.947950657275214 ], [ 566047.18528336356394, 47898.949887802918965 ], [ 566047.187207472510636, 47874.386339006261551 ], [ 566071.91569801629521, 47874.388275901153975 ], [ 566071.911847361363471, 47923.515486031130422 ], [ 566146.09709809103515, 47923.521307016024366 ], [ 566146.095169131876901, 47948.084749283458223 ], [ 566195.55193234840408, 47948.088635554457142 ], [ 566195.544200806762092, 48046.34296541155345 ], [ 566245.000962244346738, 48046.346862556638371 ], [ 566245.002898048143834, 48021.783416248850699 ], [ 566294.459776218049228, 48021.787314319990401 ], [ 566294.457838968839496, 48046.350762621506874 ], [ 566442.828270714730024, 48046.362480264724582 ], [ 566442.830212300177664, 48021.799025973079551 ], [ 566418.101822314201854, 48021.79707221389981 ], [ 566418.103762201964855, 47997.233397865922598 ], [ 566442.832152910297737, 47997.235350625807769 ], [ 566442.836031143087894, 47948.108110502980708 ], [ 566467.564424287062138, 47948.11006199055555 ], [ 566467.566362622310407, 47923.54660675660125 ], [ 566492.294868782395497, 47923.548557979192992 ], [ 566492.298743940657005, 47874.421313949183968 ], [ 566517.027029986609705, 47874.423263879303704 ], [ 566517.028966791112907, 47849.859696146580973 ], [ 566492.300680025131442, 47849.857747216861753 ], [ 566492.304549221647903, 47800.730503272665374 ], [ 566467.576039460953325, 47800.728557050271775 ], [ 566467.577971845516004, 47776.164991367135372 ], [ 566442.849573660525493, 47776.163046877198212 ], [ 566442.847641995060258, 47800.726611560668971 ], [ 566393.390738778980449, 47800.722722744831117 ], [ 566393.396526484983042, 47727.032034725576523 ], [ 566343.939734267070889, 47727.028154804786027 ], [ 566343.941660090931691, 47702.46448362407682 ], [ 566393.398453744710423, 47702.468361548148096 ], [ 566393.400379994884133, 47677.904909454919107 ], [ 566442.857290393905714, 47677.908788279710279 ], [ 566442.859217103687115, 47653.345113132556435 ], [ 566492.316132947569713, 47653.348992846345936 ], [ 566492.314204803318717, 47677.91266999320942 ], [ 566467.585691451095045, 47677.910728771006688 ], [ 566467.583763048285618, 47702.474183862090285 ], [ 566492.312275682925247, 47702.476126084329735 ], [ 566492.310345551464707, 47727.039803259685868 ], [ 566517.038635912700556, 47727.041747187395231 ], [ 566517.040566761977971, 47702.478069011631305 ], [ 566541.769081410951912, 47702.480012678970525 ], [ 566541.771011966397054, 47677.916554586678103 ], [ 566517.042496599955484, 47677.91461192011775 ], [ 566517.044425461324863, 47653.350933772846474 ], [ 566541.772941544884816, 47653.352875438627962 ], [ 566541.774870129069313, 47628.789196298530442 ], [ 566566.503276663017459, 47628.791137676213111 ], [ 566566.505204951972701, 47604.227678625480621 ], [ 566615.962133737280965, 47604.231561550484912 ], [ 566615.967916964553297, 47530.540736333321547 ], [ 566640.696329373167828, 47530.542675866243371 ], [ 566640.694401905173436, 47555.106358950040885 ], [ 566665.422814621706493, 47555.108300205552951 ], [ 566665.424742805189453, 47530.544616119106649 ], [ 566690.153157246648334, 47530.546557091918658 ], [ 566690.155085148871876, 47505.982872010397841 ], [ 566838.525819818140008, 47505.994526957678318 ], [ 566838.5277509939624, 47481.431056940818962 ], [ 566863.256062662461773, 47481.433000933269795 ], [ 566863.257993570994586, 47456.869308854867995 ], [ 566887.986529509187676, 47456.871252578021085 ], [ 566887.988460115157068, 47432.307780577932135 ], [ 566912.716997794224881, 47432.309724013561208 ], [ 566912.71892813150771, 47407.746029951151286 ], [ 566937.447244983166456, 47407.74797308100824 ], [ 566937.44531393237412, 47432.311668150148762 ], [ 566986.902283064555377, 47432.315558604954276 ], [ 566986.904215542250313, 47407.751861521217506 ], [ 567011.632646698970348, 47407.753806814078416 ], [ 567011.634578888886608, 47383.190108730370412 ], [ 567061.091556978877634, 47383.193999462288048 ], [ 567061.093489575432613, 47358.630520452381461 ], [ 567135.278910796507262, 47358.636358900752384 ], [ 567135.275040306267329, 47407.763544067216571 ], [ 567160.003366294433363, 47407.765493659826461 ], [ 567160.00142882228829, 47432.329197806342563 ], [ 567209.458416240522638, 47432.333101193435141 ], [ 567209.452593552065082, 47506.023777641421475 ], [ 567184.724157119751908, 47506.021822560571309 ], [ 567184.722214918234386, 47530.585527780545817 ], [ 567209.450650635524653, 47530.587483872230223 ], [ 567209.44676180719398, 47579.714675293653272 ], [ 567234.175197119708173, 47579.716634127675206 ], [ 567234.173250474268571, 47604.2803414060254 ], [ 567258.901797354687005, 47604.282301981125784 ], [ 567258.899849005625583, 47628.845789215018158 ], [ 567308.356721860938706, 47628.849714535026578 ], [ 567308.354771055513993, 47653.413424883940024 ], [ 567258.897899633855559, 47653.40949753968016 ], [ 567258.895949256955646, 47677.973205872287508 ], [ 567283.624272465473041, 47677.975170186618925 ], [ 567283.622320383554325, 47702.538658475132252 ], [ 567333.079302239930257, 47702.542591321849613 ], [ 567333.089059815742075, 47579.724476679497457 ], [ 567357.817500223056413, 47579.726439116981055 ], [ 567357.815549997147173, 47604.290151456909371 ], [ 567432.000986460945569, 47604.296046143768763 ], [ 567432.002938835066743, 47579.732330762424681 ], [ 567456.731383316218853, 47579.734296082679066 ], [ 567456.735286455019377, 47530.607084403840418 ], [ 567382.549951761844568, 47530.601196690186043 ], [ 567382.553846579859965, 47481.473991146900516 ], [ 567357.825291026150808, 47481.472032033620053 ], [ 567357.82723621930927, 47456.90831976467598 ], [ 567382.555792487226427, 47456.910277864517411 ], [ 567382.557737370254472, 47432.346785666617507 ], [ 567407.286184109398164, 47432.348743462687708 ], [ 567407.292014891165309, 47358.657821765678818 ], [ 567432.020464787725359, 47358.659777237691742 ], [ 567432.018521499936469, 47383.223271421062236 ], [ 567456.746971696382388, 47383.225228624956799 ], [ 567456.739185561658815, 47481.479872775518743 ], [ 567580.381548903649673, 47481.489689882830135 ], [ 567580.377642649109475, 47530.61691166775563 ], [ 567654.563113156124018, 47530.622816669063468 ], [ 567654.567023699404672, 47481.495588781232073 ], [ 567679.295480256900191, 47481.497556516165787 ], [ 567679.305242498987354, 47358.679371429388993 ], [ 567704.033703640452586, 47358.681334792199777 ], [ 567704.031752512557432, 47383.244840155988641 ], [ 567728.760325252311304, 47383.246805263617716 ], [ 567728.764227939071134, 47334.119571442475717 ], [ 567704.035653774160892, 47334.117608372122049 ], [ 567704.037602887488902, 47309.553992501401808 ], [ 567753.494642378296703, 47309.557917312587961 ], [ 567753.492691840976477, 47334.12153522096196 ], [ 567778.221156783169135, 47334.123499716428341 ], [ 567778.223108032369055, 47309.559880788670853 ], [ 567802.951574710081331, 47309.561844981355534 ], [ 567802.947669765446335, 47358.689195425744401 ], [ 567877.133182945195585, 47358.695098435273394 ], [ 567877.135138065554202, 47334.131364876884618 ], [ 567852.406557752401568, 47334.129397504664666 ], [ 567852.410463509149849, 47285.002153542547603 ], [ 567827.682105340296403, 47285.000188945989066 ], [ 567827.68600562796928, 47235.872836539820128 ], [ 567802.957424523658119, 47235.870874682084832 ], [ 567802.959372423356399, 47211.30736532627634 ], [ 567778.230902901384979, 47211.305405212609912 ], [ 567778.234794267569669, 47162.178056977121742 ], [ 567753.506324349204078, 47162.176099617339787 ], [ 567753.508267808007076, 47137.612371266215632 ], [ 567704.05121836962644, 47137.60846071861306 ], [ 567704.049276329693384, 47162.172187032068905 ], [ 567679.320809499593452, 47162.170231815398438 ], [ 567679.316923813195899, 47211.297571900257026 ], [ 567605.131533713662066, 47211.291704431307153 ], [ 567605.133474936475977, 47186.727982166805305 ], [ 567580.404901627800427, 47186.726028782039066 ], [ 567580.40877961460501, 47137.598696857785399 ], [ 567555.680317195830867, 47137.596746229370183 ], [ 567555.682253952370957, 47113.033247110695811 ], [ 567506.225219468469732, 47113.029350018776313 ], [ 567506.219410400954075, 47186.720172933783033 ], [ 567530.947980643250048, 47186.722124174317287 ], [ 567530.949918717727996, 47162.158515508323035 ], [ 567555.678379412507638, 47162.160466438777803 ], [ 567555.674500825814903, 47211.287796352109581 ], [ 567506.217472018790431, 47211.283891133381985 ], [ 567506.215532645350322, 47235.847388276735728 ], [ 567629.858053121366538, 47235.85716176454298 ], [ 567629.856109167216346, 47260.420885080689914 ], [ 567654.584571117768064, 47260.422842938722169 ], [ 567654.582625450566411, 47284.986456745034957 ], [ 567679.311087711597793, 47284.988416336811497 ], [ 567679.309140321682207, 47309.552031175124284 ], [ 567580.395189000992104, 47309.544193027235451 ], [ 567580.393243447761051, 47334.107803810344194 ], [ 567605.121812489931472, 47334.109763295811717 ], [ 567605.117916928720661, 47383.236986938012706 ], [ 567580.38934931170661, 47383.235025418987789 ], [ 567580.391296875895932, 47358.671525142788596 ], [ 567456.748915696865879, 47358.661733427041327 ], [ 567456.750858706771396, 47334.098017172931577 ], [ 567530.936330996337347, 47334.10388700797921 ], [ 567530.938275125576183, 47309.540278257307364 ], [ 567456.752800699905492, 47309.534411468128383 ], [ 567456.754741685115732, 47284.97080577746965 ], [ 567432.026288639870472, 47284.968852631754999 ], [ 567432.028227905742824, 47260.405247969756601 ], [ 567407.299775162013248, 47260.403296554439294 ], [ 567407.297836607438512, 47284.966900202271063 ], [ 567357.840824335580692, 47284.962997483213258 ], [ 567357.838886197074316, 47309.526599117918522 ], [ 567258.92509928077925, 47309.518798242097546 ], [ 567258.92316298361402, 47334.082395840952813 ], [ 567234.194608246558346, 47334.080446393156308 ], [ 567234.202344567514956, 47235.825949587400828 ], [ 567258.930902150459588, 47235.827894988899061 ], [ 567258.936695965705439, 47162.13710240409273 ], [ 567234.208136252360418, 47162.135160037316382 ], [ 567234.210064813261852, 47137.571453007403761 ], [ 567258.938625236041844, 47137.573394362603722 ], [ 567258.942480744095519, 47088.446199404686922 ], [ 567283.670821062871255, 47088.448139432526659 ], [ 567283.678522857837379, 46990.193635096256912 ], [ 567308.407089578220621, 46990.195571805539657 ], [ 567308.40901321801357, 46965.631972379618674 ], [ 567382.594499042606913, 46965.637783721438609 ], [ 567382.588718740851618, 47039.328591165140097 ], [ 567357.860150387627073, 47039.326650293689454 ], [ 567357.864003514172509, 46990.199447341961786 ], [ 567333.135546032106504, 46990.197509217869083 ], [ 567333.13362067064736, 47014.761220211934415 ], [ 567308.405164923984557, 47014.759281786915381 ], [ 567308.399384952150285, 47088.450080191090819 ], [ 567333.127838575048372, 47088.452021654164128 ], [ 567333.125909188878722, 47113.015732698171632 ], [ 567382.582929359516129, 47113.019619799328211 ], [ 567382.584860163158737, 47088.455906728820992 ], [ 567407.313316857558675, 47088.457850331651571 ], [ 567407.319105324568227, 47014.767039768536051 ], [ 567432.047565160668455, 47014.768981042099767 ], [ 567432.045635980088264, 47039.332475028102635 ], [ 567456.77409612131305, 47039.334418028345681 ], [ 567456.772165207774378, 47063.898134113260312 ], [ 567481.500736948335543, 47063.900078849685087 ], [ 567481.502668569912203, 47039.336361749847129 ], [ 567506.231019474565983, 47039.338306166355324 ], [ 567506.229087145067751, 47063.902024281480408 ], [ 567530.957660932675935, 47063.903970443672733 ], [ 567530.955726894782856, 47088.467579053372901 ], [ 567555.684189716703258, 47088.469526935725298 ], [ 567555.686124462867156, 47063.905917309995857 ], [ 567629.871632450725883, 47063.911762194999028 ], [ 567629.875503161223605, 47014.784536885039415 ], [ 567605.147035156609491, 47014.782589914379059 ], [ 567605.145101022906601, 47039.346091009996599 ], [ 567580.416523460997269, 47039.34414372593892 ], [ 567580.418456887011416, 47014.780643647100078 ], [ 567555.689990926766768, 47014.778698100715701 ], [ 567555.691922653117217, 46990.214977975687361 ], [ 567530.963457000209019, 46990.213034157473885 ], [ 567530.965387001517229, 46965.649425603973214 ], [ 567506.236810384318233, 46965.647483504457341 ], [ 567506.240665946970694, 46916.520268470856536 ], [ 567530.969243976753205, 46916.522208539041458 ], [ 567530.97117095941212, 46891.9584894861473 ], [ 567506.242592223919928, 46891.95655043363513 ], [ 567506.244517483282834, 46867.392942951875739 ], [ 567530.973096924135461, 46867.394880988722434 ], [ 567530.975021879887208, 46842.831272505281959 ], [ 567506.246441734023392, 46842.829335484108014 ], [ 567506.250287209055386, 46793.702120590547565 ], [ 567481.521929245325737, 46793.700186326910625 ], [ 567481.525769286672585, 46744.572862978384364 ], [ 567456.797188371536322, 46744.5709314359774 ], [ 567456.802938757813536, 46670.880004839666071 ], [ 567407.345998338423669, 46670.876149982548668 ], [ 567407.351735433912836, 46597.18534012677992 ], [ 567382.62326464348007, 46597.183416800027771 ], [ 567382.625174301792867, 46572.619704023352824 ], [ 567357.896592567674816, 46572.617782407200139 ], [ 567357.904218305833638, 46474.363267092514434 ], [ 567308.447274837992154, 46474.35943409682659 ], [ 567308.449177355854772, 46449.795834963981179 ], [ 567283.720595170394517, 46449.793920525764406 ], [ 567283.72439579165075, 46400.666724320057256 ], [ 567160.081938282120973, 46400.657172829152842 ], [ 567160.083833594806492, 46376.093579806241905 ], [ 567184.81241278431844, 46376.095487695172778 ], [ 567184.814307790948078, 46351.531893675659376 ], [ 567160.085727903875522, 46351.529986797198944 ], [ 567160.106499092071317, 46081.330132992014114 ], [ 567135.378135124687105, 46081.328237943700515 ], [ 567135.380016697570682, 46056.764646110415924 ], [ 567110.651430513127707, 46056.76275275277294 ], [ 567110.653310389956459, 46032.1991619366745 ], [ 567036.467778383987024, 46032.193489093449898 ], [ 567036.469655180699192, 46007.629901324304228 ], [ 567011.741182937286794, 46007.628012782130099 ], [ 567011.743058048654348, 45983.064315499876102 ], [ 566962.286115238792263, 45983.060542521510797 ], [ 566962.287987957010046, 45958.496957803406985 ], [ 566937.559406109969132, 45958.495073357618821 ], [ 566937.56127714458853, 45933.931379119014309 ], [ 566888.104337634984404, 45933.927614345921029 ], [ 566888.106206279015169, 45909.364032675490307 ], [ 566863.377626089728437, 45909.362152330126264 ], [ 566863.379493043757975, 45884.798571679413726 ], [ 566813.922556864563376, 45884.794815102650318 ], [ 566813.92442143894732, 45860.231236476523918 ], [ 566764.467487909714691, 45860.227484689217818 ], [ 566764.469350106082857, 45835.663908086171432 ], [ 566715.012419258244336, 45835.660161085346772 ], [ 566715.014279086375609, 45811.096475962585828 ], [ 566690.285703217145056, 45811.094604498561239 ], [ 566690.28756135085132, 45786.53103093419486 ], [ 566665.559097065590322, 45786.529161175516492 ], [ 566665.560953513951972, 45761.965588627841498 ], [ 566616.104026608401909, 45761.961853195985896 ], [ 566616.10588068398647, 45737.398282666916202 ], [ 566591.377306774724275, 45737.39641698422929 ], [ 566591.379159166826867, 45712.832847470723209 ], [ 566541.922235560370609, 45712.829120203190541 ], [ 566541.924085590406321, 45688.265442164767592 ], [ 566467.738594393129461, 45688.259859449455689 ], [ 566467.740441358881071, 45663.696294967201538 ], [ 566443.011982720461674, 45663.694436448640772 ], [ 566443.013828005990945, 45639.130872979709238 ], [ 566393.556801070808433, 45639.127160007461498 ], [ 566393.560485918191262, 45590.000037106961827 ], [ 566368.832139512058347, 45589.998183667412377 ], [ 566368.833979761810042, 45565.434623236149491 ], [ 566269.920045029721223, 45565.427220332268917 ], [ 566269.921881554299034, 45540.863553363902611 ], [ 566245.193316247081384, 45540.861705353847356 ], [ 566245.195151088060811, 45516.298149937014387 ], [ 566195.738244653097354, 45516.294457995230914 ], [ 566195.740077143069357, 45491.730794049348333 ], [ 566171.011513460543938, 45491.728950099895883 ], [ 566171.013344268896617, 45467.165397698125162 ], [ 566146.28500346140936, 45467.163555449529667 ], [ 566146.28683259699028, 45442.600004050254938 ], [ 566121.558269564062357, 45442.598163468617713 ], [ 566121.560097035951912, 45418.034502549133322 ], [ 566096.831645583966747, 45418.032663658559613 ], [ 566096.833471376332454, 45393.469114282022929 ], [ 566047.376458845450543, 45393.465440544270677 ], [ 566047.37828228448052, 45368.901893169117102 ], [ 566022.649943748256192, 45368.900058337334485 ], [ 566022.651765518006869, 45344.336511969086132 ], [ 565997.923204756109044, 45344.334678800980328 ], [ 565997.921383668784983, 45368.898224176242366 ], [ 565973.192935851868242, 45368.896390710608102 ], [ 565973.194756256649271, 45344.332846327946754 ], [ 565923.737862268928438, 45344.329183442372596 ], [ 565923.741497401730157, 45295.201988144712232 ], [ 565899.012939260224812, 45295.200159706917475 ], [ 565899.014754655421712, 45270.636728875346307 ], [ 565874.286308119189925, 45270.6349021229762 ], [ 565874.288121856749058, 45246.071361761176377 ], [ 565824.831119112088345, 45246.067712286479946 ], [ 565824.832930512260646, 45221.504063384454639 ], [ 565800.104596880497411, 45221.502240677429654 ], [ 565800.1082153536845, 45172.375165957360878 ], [ 565725.922771229525097, 45172.369707848833059 ], [ 565725.924576952820644, 45147.806173479970312 ], [ 565701.196022702148184, 45147.80435646197293 ], [ 565701.197826772346161, 45123.24071256028401 ], [ 565676.469384123221971, 45123.238897222465312 ], [ 565676.471186524722725, 45098.675364857226668 ], [ 565651.742744182934985, 45098.673551190651779 ], [ 565651.744544924702495, 45074.110019820393063 ], [ 565602.287661875248887, 45074.106396510986087 ], [ 565602.289460288011469, 45049.542756600065331 ], [ 565577.560908294282854, 45049.540946947978227 ], [ 565577.56270504090935, 45024.977418572023453 ], [ 565503.37738683517091, 45024.971996692089306 ], [ 565503.379180570249446, 45000.408471287308203 ], [ 565478.650631188880652, 45000.40666633501678 ], [ 565478.652423268184066, 44975.843141928853584 ], [ 565429.195548694580793, 44975.839536054583732 ], [ 565429.197338442434557, 44951.276013624796178 ], [ 565379.740466482006013, 44951.272412443235226 ], [ 565379.74225389980711, 44926.708892000890046 ], [ 565355.013707443140447, 44926.707093406635977 ], [ 565355.015493216109462, 44902.143463426255039 ], [ 565330.287058353424072, 44902.14166650352854 ], [ 565330.285273256129585, 44926.70529550097126 ], [ 565305.556840067030862, 44926.703498275812308 ], [ 565305.558624488534406, 44902.139870260929456 ], [ 565280.83019160409458, 44902.138074698465061 ], [ 565280.831974366214126, 44877.574558213957062 ], [ 565256.10343052924145, 44877.572764305361488 ], [ 565256.106991785345599, 44828.44562279919046 ], [ 565231.378558849799447, 44828.443831541320833 ], [ 565231.38033733679913, 44803.880317060313246 ], [ 565181.923473097267561, 44803.876738543382089 ], [ 565181.925249253748916, 44779.313336572282424 ], [ 565157.196817932417616, 44779.311549312100396 ], [ 565157.198592457221821, 44754.74792726522719 ], [ 565132.470050186035223, 44754.746141655239626 ], [ 565132.471823056112044, 44730.182631136442069 ], [ 565058.286422668374144, 44730.177281327582023 ], [ 565058.28819255460985, 44705.613663218799047 ], [ 564959.374484835076146, 44705.606543548004993 ], [ 564959.376251051318832, 44681.043039905227488 ], [ 564934.647714641992934, 44681.041262649392593 ], [ 564934.645949098281562, 44705.604765315176337 ], [ 564909.9175256077433, 44705.602987767502782 ], [ 564909.919290479039773, 44681.039486078327172 ], [ 564662.63488035951741, 44681.021757574526418 ], [ 564662.633122212602757, 44705.585249518066121 ], [ 564637.904709528433159, 44705.583479419045034 ], [ 564637.906467002932914, 44681.019988448017102 ], [ 564613.178054610965773, 44681.018219998288259 ], [ 564613.176297808997333, 44705.581709997160942 ], [ 564489.534031358314678, 44705.572873029101174 ], [ 564489.535784798092209, 44681.009387885373144 ], [ 564365.89365068054758, 44681.000572699842451 ], [ 564365.891900602960959, 44705.564052997724502 ], [ 564316.435099638067186, 44705.560529728376423 ], [ 564316.433349936385639, 44730.12411864475871 ], [ 564168.062863153871149, 44730.113559282028291 ], [ 564168.061116538243368, 44754.677031872648513 ], [ 564143.332613429054618, 44754.675273378503334 ], [ 564143.329118668567389, 44803.802216669726477 ], [ 564069.143841738812625, 44803.796939484484028 ], [ 564069.142094943672419, 44828.360408257183735 ], [ 564143.327369850478135, 44828.365688335426967 ], [ 564143.32562006614171, 44852.929270555388939 ], [ 564217.510901679983363, 44852.934559641056694 ], [ 564217.509148919838481, 44877.498034229924087 ], [ 564316.422831583302468, 44877.505099719834107 ], [ 564316.42107516201213, 44902.068578189129767 ], [ 564093.865344955236651, 44902.052687440853333 ], [ 564093.86709529790096, 44877.489217663940508 ], [ 564044.410325158620253, 44877.485695798968663 ], [ 564044.412073193583637, 44852.922227963033947 ], [ 564019.683577633928508, 44852.920469005475752 ], [ 564019.680081957601942, 44902.047402764343133 ], [ 563994.951811260427348, 44902.045642576311366 ], [ 563994.955305586452596, 44852.918710743113479 ], [ 563970.226811951375566, 44852.916953144318541 ], [ 563970.225065941573121, 44877.480418091727188 ], [ 563920.76830549526494, 44877.476903024253261 ], [ 563920.763065777136944, 44951.16740271008166 ], [ 563896.03457776363939, 44951.165643303982506 ], [ 563896.032829959644005, 44975.729105426216847 ], [ 563871.304454855970107, 44975.727345747924119 ], [ 563871.302706774091348, 45000.2908069163459 ], [ 563846.574333311640657, 45000.289046958670951 ], [ 563846.565581967704929, 45123.10645874052716 ], [ 563821.837212876300327, 45123.104694663270493 ], [ 563821.826683853054419, 45270.485671911810641 ], [ 563797.098208517185412, 45270.483902750864218 ], [ 563797.092933183652349, 45344.174278146834695 ], [ 563821.821406474453397, 45344.176050187386863 ], [ 563821.819645440788008, 45368.73950963759853 ], [ 563846.548007724690251, 45368.741283317234775 ], [ 563846.546245054574683, 45393.304743741246057 ], [ 563945.459701171028428, 45393.311849176352553 ], [ 563945.457934814272448, 45417.875313458614983 ], [ 564019.64314629137516, 45417.880652649757394 ], [ 564019.639606600743718, 45467.007697570668824 ], [ 563994.911351539893076, 45467.00591523735784 ], [ 563994.909580947831273, 45491.569381484951009 ], [ 564168.008272143546492, 45491.581879092271265 ], [ 564167.997599699767306, 45638.962938425407629 ], [ 564069.083913541864604, 45638.95576964130305 ], [ 564069.078572621918283, 45712.646287920942996 ], [ 564093.807046275469474, 45712.648081975952664 ], [ 564093.805263368762098, 45737.211552213513642 ], [ 564069.076790403109044, 45737.209757194541453 ], [ 564069.075007227016613, 45761.77322648181871 ], [ 564044.346758459461853, 45761.771431208188005 ], [ 564044.343190612737089, 45810.89836789664696 ], [ 563994.886476205894724, 45810.894775560547714 ], [ 563994.888259229599498, 45786.331309135530319 ], [ 563945.431324764504097, 45786.327721483408823 ], [ 563945.427760509890504, 45835.454761038825382 ], [ 563920.699518655077554, 45835.452966345728782 ], [ 563920.697735788300633, 45860.016429911869636 ], [ 563895.969273051945493, 45860.014634935534559 ], [ 563895.965705833397806, 45909.141560186253628 ], [ 563871.237356710946187, 45909.139763990664505 ], [ 563871.233787047443911, 45958.266797915159259 ], [ 563821.777094476623461, 45958.263203768416133 ], [ 563821.775309600518085, 45982.826663560037559 ], [ 563797.046854172833264, 45982.824866562892566 ], [ 563797.045069027110003, 46007.388435942899378 ], [ 563747.588385024340823, 46007.384842135645158 ], [ 563747.586600318085402, 46031.948299076291732 ], [ 563698.129921558778733, 46031.944706139365735 ], [ 563698.128137285355479, 46056.508161182951881 ], [ 563648.67135249346029, 46056.504569111246383 ], [ 563648.667783864540979, 46105.631475395894086 ], [ 563623.939449935220182, 46105.629678495977714 ], [ 563623.935878881951794, 46154.75669345575443 ], [ 563599.207436024793424, 46154.754895332313026 ], [ 563599.205649770679884, 46179.318346615065821 ], [ 563574.477431138860993, 46179.316548250397318 ], [ 563574.475644629332237, 46203.879998584168789 ], [ 563549.747205087682232, 46203.878199946637324 ], [ 563549.745418323553167, 46228.44164933807042 ], [ 563500.288766087964177, 46228.438052267541934 ], [ 563500.285192486364394, 46277.565057804029493 ], [ 563450.828435601550154, 46277.56145970687794 ], [ 563450.824860999011435, 46326.688350951204484 ], [ 563426.096541022649035, 46326.686551049540867 ], [ 563426.092964014154859, 46375.813550968887284 ], [ 563376.636218472383916, 46375.809949447655526 ], [ 563376.634429946425371, 46400.373392253459315 ], [ 563351.906226219725795, 46400.37159160549345 ], [ 563351.904437444987707, 46424.935033478308469 ], [ 563327.176012836978771, 46424.933232564151695 ], [ 563327.174223814276047, 46449.496673491776164 ], [ 563302.445912126335315, 46449.494872336486878 ], [ 563302.444122856366448, 46474.058312325585575 ], [ 563277.715812840266153, 46474.056510921815061 ], [ 563277.712232853635214, 46523.183499572027358 ], [ 563252.983813907019794, 46523.181696960709814 ], [ 563252.982023199554533, 46547.745135094082798 ], [ 563228.253717184765264, 46547.743332244252088 ], [ 563228.251926232711412, 46572.306769433969748 ], [ 563178.795318493270315, 46572.303163947944995 ], [ 563178.79173655086197, 46621.430145100588561 ], [ 563154.063435521442443, 46621.428341515318607 ], [ 563154.061643839697354, 46645.991775895170576 ], [ 563079.87663729977794, 46645.986366519879084 ], [ 563079.873055318370461, 46695.113229631067952 ], [ 563055.144760209717788, 46695.111426024341199 ], [ 563055.14296849980019, 46719.67496718341863 ], [ 563030.414563769474626, 46719.673163327526709 ], [ 563030.410978945554234, 46768.800022722207359 ], [ 563005.682799143483862, 46768.798217694289633 ], [ 563005.679211960174143, 46817.925075255312549 ], [ 562956.22241291415412, 46817.921463502570987 ], [ 562956.220619311323389, 46842.485000940505415 ], [ 562931.492444471921772, 46842.48319519724464 ], [ 562931.499610398081131, 46744.229380913639034 ], [ 562906.771211139741354, 46744.22757964952325 ], [ 562906.769421774195507, 46768.791004617800354 ], [ 562882.041135462583043, 46768.789203123706102 ], [ 562882.039345852914266, 46793.352737700515718 ], [ 562807.854383439640515, 46793.34733462442091 ], [ 562807.852595019037835, 46817.910645304211357 ], [ 562758.396033762022853, 46817.907044913867139 ], [ 562758.394245796022005, 46842.470574787483201 ], [ 562535.839550913311541, 46842.454399635418667 ], [ 562535.841332537936978, 46817.890878243211773 ], [ 562511.11306187894661, 46817.889085493923631 ], [ 562511.114841848844662, 46793.325786124805745 ], [ 562461.658190671354532, 46793.32220462548139 ], [ 562461.659968315507285, 46768.758686075430887 ], [ 562362.746897034230642, 46768.751535353381769 ], [ 562362.748670923057944, 46744.188131113245618 ], [ 562239.107238283613697, 46744.179213327188336 ], [ 562239.109007725026459, 46719.615813786847866 ], [ 562115.46748385950923, 46719.606918369689083 ], [ 562115.469248865148984, 46695.043412985658506 ], [ 562090.740990727790631, 46695.04163696255273 ], [ 562090.73922642483376, 46719.605141412386729 ], [ 562041.282603079918772, 46719.601589612713724 ], [ 562041.284365977393463, 46695.038087030152383 ], [ 562016.556110662524588, 46695.03631312885409 ], [ 562016.557871922617778, 46670.472922027533059 ], [ 561991.829616833245382, 46670.471149766206509 ], [ 561991.831376464571804, 46645.907759605273895 ], [ 561967.10312162048649, 46645.905988983169664 ], [ 561967.101362691144459, 46670.469378211768344 ], [ 561769.275140710291453, 46670.455231208637997 ], [ 561769.276894023641944, 46645.891849425286637 ], [ 561744.548647603136487, 46645.890085161896423 ], [ 561744.546894991770387, 46670.453466016268067 ], [ 561645.633810205152258, 46670.446412307814171 ], [ 561645.635560008580796, 46645.883035165643378 ], [ 561620.907206983189099, 46645.881274426952587 ], [ 561620.905457881861366, 46670.444650641991757 ], [ 561546.720851620077156, 46670.439369917599834 ], [ 561546.719103705021553, 46695.002743361204921 ], [ 561423.077707410790026, 46694.993951638301951 ], [ 561423.075962081784382, 46719.55743100552354 ], [ 561398.347730836132541, 46719.555673862130789 ], [ 561398.349475462338887, 46694.992195418686606 ], [ 561348.892903066822328, 46694.988685093347158 ], [ 561348.894645362976007, 46670.425319044399657 ], [ 561472.536031211027876, 46670.434095539421833 ], [ 561472.537776100332849, 46645.870724879292538 ], [ 561497.265900968457572, 46645.872481363025145 ], [ 561497.267645640880801, 46621.309109798254212 ], [ 561521.99599470582325, 46621.310866079060361 ], [ 561521.997739160549827, 46596.747493602975737 ], [ 561546.726089847041294, 46596.749249664295348 ], [ 561546.727834091172554, 46572.185765742397052 ], [ 561571.455963872140273, 46572.187521567684598 ], [ 561571.457707889261656, 46547.624147267837543 ], [ 561596.186061855754815, 46547.625902887957636 ], [ 561596.187805652967654, 46523.062527669382689 ], [ 561620.915938685648143, 46523.064283051986422 ], [ 561620.919424925697967, 46473.937420281545201 ], [ 561645.647782854735851, 46473.939174530358287 ], [ 561645.649525288608856, 46449.375797505934315 ], [ 561670.377773562562652, 46449.377551523277361 ], [ 561670.379515773965977, 46424.8141735852696 ], [ 561695.1077656946145, 46424.815927378294873 ], [ 561695.114728123764507, 46326.562301513236889 ], [ 561744.57134761242196, 46326.565803789286292 ], [ 561744.573087306693196, 46302.002423135949357 ], [ 561818.757970009930432, 46302.007679020680371 ], [ 561818.759710870916024, 46277.444295586850785 ], [ 561868.216231225756928, 46277.447801150759915 ], [ 561868.21797255508136, 46252.884415876498679 ], [ 561917.674498046864755, 46252.88792238212045 ], [ 561917.67623985093087, 46228.324424725455174 ], [ 561942.404615983716212, 46228.326178105424333 ], [ 561942.406357550062239, 46203.762790065185982 ], [ 561967.134624037076719, 46203.764543205514201 ], [ 561967.136365372687578, 46179.201154247130034 ], [ 561991.86463348462712, 46179.202907154947752 ], [ 561991.866374588920735, 46154.639517271774821 ], [ 562313.334288535173982, 46154.662356593551522 ], [ 562313.332538401009515, 46179.225758630898781 ], [ 562387.517496393295005, 46179.23104883787164 ], [ 562387.51574324304238, 46203.794453696486016 ], [ 562436.972311050631106, 46203.797985870820412 ], [ 562436.968799163238145, 46252.924909919158381 ], [ 562461.69708309834823, 46252.926678934869415 ], [ 562461.695325062959455, 46277.490086652062018 ], [ 562535.880291713518091, 46277.495400731051632 ], [ 562535.878530655405484, 46302.058811288807192 ], [ 562634.791792925680056, 46302.065910303870623 ], [ 562634.793556769611314, 46277.502495980334061 ], [ 562659.521847574971616, 46277.504271543031791 ], [ 562659.520083034527488, 46302.067686808943108 ], [ 562733.705070357886143, 46302.073020540075959 ], [ 562733.706836987752467, 46277.509602444799384 ], [ 562807.891723676933907, 46277.514939647109713 ], [ 562807.893491457565688, 46252.951518739253515 ], [ 562832.621900897007436, 46252.953298271619133 ], [ 562832.628965422627516, 46154.699500457943941 ], [ 562807.900553202605806, 46154.69772470551834 ], [ 562807.907599930884317, 46056.443930899004044 ], [ 562783.179297160939313, 46056.442159632097173 ], [ 562783.181055801920593, 46031.878739786836377 ], [ 562758.452753304038197, 46031.876970161771169 ], [ 562758.454510314506479, 46007.313551280807587 ], [ 562708.997906770789996, 46007.310016009709216 ], [ 562708.99966146715451, 45982.746488495540689 ], [ 562684.271249147132039, 45982.74472284046351 ], [ 562684.273002206929959, 45958.181306817488803 ], [ 562610.087991424719803, 45958.176016874182096 ], [ 562610.089741481817327, 45933.612493151515082 ], [ 562634.818152340943925, 45933.614254833111772 ], [ 562634.819902145536616, 45909.050840722760768 ], [ 562585.363302560755983, 45909.047319954792329 ], [ 562585.365050048334524, 45884.483907741814619 ], [ 562486.451636925339699, 45884.476878297282383 ], [ 562486.453380716964602, 45859.913469860854093 ], [ 562436.996789735043421, 45859.90996119564079 ], [ 562436.995047323754989, 45884.473367752892955 ], [ 562412.266753934323788, 45884.471613523186534 ], [ 562412.268495655385777, 45859.908207904962183 ], [ 562387.5402025351068, 45859.906455308911973 ], [ 562387.541942633804865, 45835.343050643066817 ], [ 562313.356955568655394, 45835.337799828506832 ], [ 562313.358692674548365, 45810.774287449581607 ], [ 562288.630401937756687, 45810.772539506353496 ], [ 562288.632137415581383, 45786.20913861884037 ], [ 562263.903735670610331, 45786.207392298441846 ], [ 562263.902000881847925, 45810.770792249153601 ], [ 562239.173823307617567, 45810.769045701541472 ], [ 562239.175557407317683, 45786.205646687252738 ], [ 562214.447157547809184, 45786.203901753862738 ], [ 562214.448890028754249, 45761.640503689319303 ], [ 562189.72060168790631, 45761.638760392968834 ], [ 562189.718869895557873, 45786.202157521831396 ], [ 562164.990583182312548, 45786.200413983300678 ], [ 562164.992314285831526, 45761.637017789747915 ], [ 562140.263916563009843, 45761.635275871827616 ], [ 562140.26564604928717, 45737.071880626921484 ], [ 562115.537359844194725, 45737.070140344534593 ], [ 562115.539087714045309, 45712.506746047867637 ], [ 562066.082516758120619, 45712.503269429391366 ], [ 562066.084242332261056, 45687.939766473929922 ], [ 562041.355846293270588, 45687.938030128912942 ], [ 562041.357570244930685, 45663.374638661065546 ], [ 562016.629285748815164, 45663.37290394896263 ], [ 562016.632729497738183, 45614.246122920412745 ], [ 562041.361015367205255, 45614.2478557663635 ], [ 562041.366176104987971, 45540.557570986173232 ], [ 562165.007852431386709, 45540.566231582110049 ], [ 562165.009574245545082, 45516.002835525156115 ], [ 562214.46616372175049, 45516.006302714798949 ], [ 562214.467885983991437, 45491.442794266244164 ], [ 562263.924480586778373, 45491.446262341043621 ], [ 562263.927925043040887, 45442.319462801984628 ], [ 562239.199737171758898, 45442.317730300710537 ], [ 562239.203176547423936, 45393.190822160919197 ], [ 562214.474765713093802, 45393.189092204476765 ], [ 562214.476483319187537, 45368.625694358139299 ], [ 562165.019885638495907, 45368.622238394469605 ], [ 562165.021600950160064, 45344.058842432699748 ], [ 562140.293191575910896, 45344.057116408810543 ], [ 562140.294905276619829, 45319.493721389269922 ], [ 562115.566607426619157, 45319.491996994525834 ], [ 562115.568319524638355, 45294.928492395178182 ], [ 562090.840021942043677, 45294.926769621066342 ], [ 562090.841732415254228, 45270.363487037888262 ], [ 562066.113435083185323, 45270.361765883659245 ], [ 562066.115143955335952, 45245.79837371364556 ], [ 562041.386735602864064, 45245.7966541708156 ], [ 562041.388442874653265, 45221.233152413587959 ], [ 562016.660146071808413, 45221.231434496905422 ], [ 562016.663556458777748, 45172.104653951326327 ], [ 561991.935259223799221, 45172.102938585005177 ], [ 561991.936962347710505, 45147.539549268345581 ], [ 561942.480369343305938, 45147.536122452605923 ], [ 561942.490560510894284, 45000.155576947232476 ], [ 562016.675463636755012, 45000.160701414519281 ], [ 562016.678857342689298, 44951.033921111775271 ], [ 562041.407161607290618, 44951.035628764569992 ], [ 562041.41055296594277, 44901.908736121557013 ], [ 562066.13897081266623, 44901.910442595981294 ], [ 562066.137274917331524, 44926.473945111327339 ], [ 562090.865581748890691, 44926.475653192013851 ], [ 562090.863884257618338, 44951.039046120422427 ], [ 562140.320499381166883, 44951.042466192011489 ], [ 562140.31879960896913, 44975.60586100891669 ], [ 562165.047219175146893, 44975.607573008637701 ], [ 562165.045517797581851, 45000.170968767670274 ], [ 562189.773826365824789, 45000.172682376229204 ], [ 562189.772123382077552, 45024.736079084032099 ], [ 562560.697188706835732, 45024.761879102035891 ], [ 562560.698901849216782, 45000.198468319897074 ], [ 562585.427336804685183, 45000.200192841832177 ], [ 562585.429049689089879, 44975.636781131885073 ], [ 562659.614028424490243, 44975.641955938001047 ], [ 562659.615742403198965, 44951.078541409195168 ], [ 562709.072512282989919, 44951.081992807979987 ], [ 562709.074226677650586, 44926.518576413029223 ], [ 562733.802558066905476, 44926.520302186334447 ], [ 562733.804272207897156, 44901.956774327001767 ], [ 562783.260939202504233, 44901.960226026953023 ], [ 562783.264367357594892, 44852.833387640996079 ], [ 562807.992703638388775, 44852.83511262191314 ], [ 562807.994416991015896, 44828.271581963839708 ], [ 562832.722866171505302, 44828.273306686896831 ], [ 562832.724579252186231, 44803.709885637865227 ], [ 562857.452918770490214, 44803.711610086807923 ], [ 562857.454631578410044, 44779.148298640153371 ], [ 562906.911314832977951, 44779.151747682095447 ], [ 562906.913028064067475, 44754.588213288319821 ], [ 562882.184685294283554, 44754.586489374327357 ], [ 562882.18981731380336, 44680.896110174020578 ], [ 562906.918162102112547, 44680.897831249698356 ], [ 562906.921580088790506, 44631.770983651222195 ], [ 562931.650038464460522, 44631.772703518465278 ], [ 562931.651746719144285, 44607.209278792775876 ], [ 562956.37998416274786, 44607.210998373717302 ], [ 562956.395322185126133, 44386.13983630490111 ], [ 562931.667078716214746, 44386.138125245561241 ], [ 562931.6653789174743, 44410.701660385770083 ], [ 562906.936914513120428, 44410.699949036854377 ], [ 562906.942009069956839, 44337.0095675579214 ], [ 562882.21365490637254, 44337.007859727695177 ], [ 562882.218738995725289, 44263.317591747079859 ], [ 562857.490383770666085, 44263.315887425611436 ], [ 562857.488690687692724, 44287.879198592490866 ], [ 562832.760337094776332, 44287.877493996114936 ], [ 562832.762029511621222, 44263.314183774586127 ], [ 562758.576861139852554, 44263.309076836500026 ], [ 562758.578550635720603, 44238.745548387130839 ], [ 562634.936693210853264, 44238.737054953286133 ], [ 562634.938378434162587, 44214.173641773391864 ], [ 562610.209920103196055, 44214.171946032744017 ], [ 562610.211603725561872, 44189.608533808095672 ], [ 562536.026566272252239, 44189.603453451032692 ], [ 562536.028246965026483, 44165.040044063403911 ], [ 562486.571447464753874, 44165.036662378392066 ], [ 562486.574803397874348, 44115.909736863592116 ], [ 562461.846459380234592, 44115.908048907876946 ], [ 562461.848135278793052, 44091.344642380339792 ], [ 562437.119791535194963, 44091.342956032247457 ], [ 562437.12146584468428, 44066.779439923033351 ], [ 562461.849810251500458, 44066.781125331719522 ], [ 562461.851484275888652, 44042.217829364824865 ], [ 562511.308288521599025, 44042.221200312247674 ], [ 562511.309962952509522, 44017.657681410033547 ], [ 562536.038311512209475, 44017.659366940060863 ], [ 562536.036636418895796, 44042.222886782801652 ], [ 562610.221685819677077, 44042.227950197018799 ], [ 562610.223362900433131, 44017.664427530464309 ], [ 562659.68017983995378, 44017.667804598604562 ], [ 562659.685209423769265, 43943.977452087026904 ], [ 562709.14203414064832, 43943.980826164377504 ], [ 562709.14371010789182, 43919.417520848786808 ], [ 562684.415240976843052, 43919.415834416635334 ], [ 562684.416915361420251, 43894.85230898867303 ], [ 562709.145385153125972, 43894.853994477685774 ], [ 562709.147059261216782, 43870.290468113438692 ], [ 562733.875419374555349, 43870.292153316222539 ], [ 562733.873744606273249, 43894.855680623972148 ], [ 562758.602105023572221, 43894.857367435120977 ], [ 562758.608801088528708, 43796.603586129152973 ], [ 562808.065530038205907, 43796.60695419057447 ], [ 562808.067203025566414, 43772.043534643140447 ], [ 562832.795680866809562, 43772.04521873149497 ], [ 562832.799025349784642, 43722.918267245302559 ], [ 562882.255763957859017, 43722.921633613666927 ], [ 562882.257436095038429, 43698.358321803745639 ], [ 562857.529065650305711, 43698.356639234167233 ], [ 562857.535742220585234, 43600.102732695748273 ], [ 562882.26411529222969, 43600.104411482381693 ], [ 562882.265782738686539, 43575.540989203422214 ], [ 562906.994157404173166, 43575.54266770434333 ], [ 562906.995824566343799, 43550.979244492293219 ], [ 562857.539074862492271, 43550.975890042311221 ], [ 562857.542403747327626, 43501.849047434705426 ], [ 562882.270779439946637, 43501.850722438401135 ], [ 562882.274105875869282, 43452.723877997654199 ], [ 562857.545728874974884, 43452.722204885430983 ], [ 562857.544066788279451, 43477.285515619230864 ], [ 562808.087205689866096, 43477.282169471407542 ], [ 562808.088866468518972, 43452.718860627959657 ], [ 562832.817352840094827, 43452.720532431369065 ], [ 562832.819013348896988, 43428.157001587271225 ], [ 562783.362151523819193, 43428.153660535746894 ], [ 562783.368778925971128, 43329.899876444374968 ], [ 562758.6404024802614, 43329.898210686063976 ], [ 562758.642056331736967, 43305.334793275040283 ], [ 562783.370433429139666, 43305.3364580891066 ], [ 562783.373739628470503, 43256.209510876818968 ], [ 562832.830610583070666, 43256.212838701008877 ], [ 562832.828956654295325, 43280.77625891999196 ], [ 562857.557337256497703, 43280.777924756490393 ], [ 562857.552367873722687, 43354.468298867854173 ], [ 562882.280747486744076, 43354.469968197125127 ], [ 562882.284062646795064, 43305.343123912207375 ], [ 562907.012444501859136, 43305.34479200594069 ], [ 562907.015757213113829, 43256.217835339979501 ], [ 562931.744252614211291, 43256.219502204185119 ], [ 562931.74756285874173, 43207.092654237647366 ], [ 562956.475837957113981, 43207.09431984834373 ], [ 562956.477492318721488, 43182.530894937612175 ], [ 562931.749216570402496, 43182.529230273772555 ], [ 562931.752521180082113, 43133.402271844133793 ], [ 562882.295636122580618, 43133.398948241389007 ], [ 562882.298934368765913, 43084.272104189185484 ], [ 562832.842161802924238, 43084.26878698944347 ], [ 562832.840514446375892, 43108.832207118000952 ], [ 562783.383635695208795, 43108.828890631521062 ], [ 562783.381988697452471, 43133.392308883347141 ], [ 562808.110371311660856, 43133.393967740994412 ], [ 562808.108722726581618, 43157.957386950351065 ], [ 562832.837216916843317, 43157.959047413794906 ], [ 562832.835566736175679, 43182.522578121672268 ], [ 562808.107073195511475, 43182.520916713227052 ], [ 562808.105422733235173, 43207.084335948413354 ], [ 562758.648662367020734, 43207.08101321983122 ], [ 562758.647012266796082, 43231.644430579079199 ], [ 562733.918634152621962, 43231.642769252575818 ], [ 562733.921932115103118, 43182.515936434763717 ], [ 562709.193553664954379, 43182.514277650087024 ], [ 562709.195200597983785, 43157.950751663476694 ], [ 562758.651959761395119, 43157.954067999511608 ], [ 562758.655253397184424, 43108.827233371448528 ], [ 562733.926872035488486, 43108.825576764334983 ], [ 562733.928516798187047, 43084.262160413520178 ], [ 562709.200135752209462, 43084.260505402868148 ], [ 562709.201778929447755, 43059.697090008448868 ], [ 562684.473286896827631, 43059.695436586072901 ], [ 562684.476569152553566, 43010.568497181564453 ], [ 562659.74818804836832, 43010.566846304369392 ], [ 562659.744907087530009, 43059.693783823349804 ], [ 562610.288039052626118, 43059.690480247103551 ], [ 562610.284756946843117, 43108.817303508214536 ], [ 562585.556492570671253, 43108.815650826276396 ], [ 562585.554850763175637, 43133.379061534527864 ], [ 562536.097992295166478, 43133.375756225032092 ], [ 562536.101272380561568, 43084.248938585777069 ], [ 562511.372898921254091, 43084.247288795791974 ], [ 562511.374536914168857, 43059.683880936026981 ], [ 562461.917680248152465, 43059.680585186346434 ], [ 562461.919316011597402, 43035.117179219414538 ], [ 562437.190944084199145, 43035.115533266005514 ], [ 562437.192578274291009, 43010.5520177108192 ], [ 562387.73583596944809, 43010.548729637237557 ], [ 562387.737467925413512, 42985.985326513160544 ], [ 562363.009097536327317, 42985.983684391867428 ], [ 562363.012357365922071, 42936.856769524660194 ], [ 562387.740729047683999, 42936.858409769352875 ], [ 562387.739098956342787, 42961.421812867709377 ], [ 562412.467470922623761, 42961.423454701420269 ], [ 562412.47073146502953, 42912.29664663393487 ], [ 562387.742358206771314, 42912.295006677559286 ], [ 562387.743986433604732, 42887.731603604908742 ], [ 562363.015613460564055, 42887.729965236809221 ], [ 562363.018865827587433, 42838.603161006554728 ], [ 562338.290381246362813, 42838.601525156547723 ], [ 562338.295250883093104, 42764.911211180537066 ], [ 562313.566876579541713, 42764.909578799422889 ], [ 562313.565254944842309, 42789.47297899422847 ], [ 562264.108399187214673, 42789.469714293896686 ], [ 562264.110019534709863, 42764.906315973086748 ], [ 562239.381759335054085, 42764.904685542547668 ], [ 562239.380139631219208, 42789.468082926927309 ], [ 562214.65165847807657, 42789.46645219338825 ], [ 562214.656512876972556, 42715.776152352642384 ], [ 562189.928142001968808, 42715.774525081644242 ], [ 562189.929757630568929, 42691.211129607399926 ], [ 562140.472906152019277, 42691.207878869376145 ], [ 562140.471291808411479, 42715.771272473342833 ], [ 562115.742923757527024, 42715.769647143351904 ], [ 562115.746150231687352, 42666.642861811058538 ], [ 562140.474519567214884, 42666.644485271892336 ], [ 562140.47774361888878, 42617.517587593581993 ], [ 562091.021003330824897, 42617.514345055744343 ], [ 562091.022612678236328, 42592.950953371626383 ], [ 562066.294243299518712, 42592.949334004806587 ], [ 562066.295851078466512, 42568.385943267254333 ], [ 562041.567370719276369, 42568.38432547175762 ], [ 562041.56897693045903, 42543.820935674128123 ], [ 562016.840608161641285, 42543.819319463771535 ], [ 562016.839002590742894, 42568.382708328317676 ], [ 561992.110635390039533, 42568.381091829636716 ], [ 561992.118650786578655, 42445.564041788697068 ], [ 562091.032249285141006, 42445.570492993734661 ], [ 562091.033852137741633, 42421.007101392387995 ], [ 561967.391880995826796, 42420.999043660638563 ], [ 561967.393479737453163, 42396.435546209526365 ], [ 561992.121850465075113, 42396.437155537001672 ], [ 561992.128238691249862, 42298.183604260440916 ], [ 561942.671493068803102, 42298.180393704940798 ], [ 561942.668303355574608, 42347.307165592377714 ], [ 561967.396674428251572, 42347.308772413744009 ], [ 561967.395077545777895, 42371.872159305290552 ], [ 561942.666707110474817, 42371.870551551954122 ], [ 561942.665109939756803, 42396.433937524212524 ], [ 561917.936629800358787, 42396.432329473820573 ], [ 561917.938226333353668, 42371.868944433175784 ], [ 561893.20996906189248, 42371.867337970645167 ], [ 561893.211564032360911, 42347.303953873910359 ], [ 561917.939821941195987, 42347.305559405205713 ], [ 561917.941416623652913, 42322.742174389903084 ], [ 561893.213158077909611, 42322.740569789828442 ], [ 561893.221114439773373, 42199.923539018825977 ], [ 561917.949376164702699, 42199.925138962760684 ], [ 561917.952553508803248, 42150.798258556082146 ], [ 561893.224290514714085, 42150.796660474603414 ], [ 561893.225877161254175, 42126.233276491642755 ], [ 561843.769018874620087, 42126.230084083799738 ], [ 561843.764259959454648, 42199.920341026925598 ], [ 561868.492631087079644, 42199.921939699685026 ], [ 561868.491042300942354, 42224.485322789638303 ], [ 561769.577454643556848, 42224.478928206815908 ], [ 561769.574279376072809, 42273.605797519361658 ], [ 561744.845913887489587, 42273.604198616347276 ], [ 561744.847501350450329, 42249.040709615685046 ], [ 561695.390660638106056, 42249.037515580275794 ], [ 561695.395413659047335, 42175.347385820918134 ], [ 561645.93868415011093, 42175.344199918596132 ], [ 561645.94026538496837, 42150.78071468075359 ], [ 561621.211790115572512, 42150.779123607797374 ], [ 561621.208628000807948, 42199.905981713956862 ], [ 561571.751905361539684, 42199.902797791357443 ], [ 561571.748742111958563, 42249.029541701311246 ], [ 561522.292025743518025, 42249.026356632108218 ], [ 561522.290444003185257, 42273.589837288469425 ], [ 561571.74715909990482, 42273.59302420936001 ], [ 561571.743990329792723, 42322.719768201481202 ], [ 561547.015744857955724, 42322.718172576016514 ], [ 561547.014159729704261, 42347.281543661920296 ], [ 561522.285693287383765, 42347.279947737493785 ], [ 561522.284107876825146, 42371.84331791040313 ], [ 561497.555642992258072, 42371.841721702112409 ], [ 561497.5588116197614, 42322.714983219520946 ], [ 561448.10210465756245, 42322.711796441566548 ], [ 561448.10052207717672, 42347.275163827092911 ], [ 561423.372170621994883, 42347.273570475517772 ], [ 561423.370587760698982, 42371.836936949541268 ], [ 561324.45708254177589, 42371.830566257318424 ], [ 561324.452336100395769, 42445.520765217086591 ], [ 561349.180681285564788, 42445.522359693692124 ], [ 561349.17274902947247, 42568.339289133953571 ], [ 561373.901203208602965, 42568.340888875893143 ], [ 561373.904380145831965, 42519.214048891299171 ], [ 561423.361071310937405, 42519.217246600652288 ], [ 561423.359482017578557, 42543.780723697702342 ], [ 561472.816286917310208, 42543.783925839052245 ], [ 561472.814695432665758, 42568.347294269726262 ], [ 561497.542931709205732, 42568.348897221076186 ], [ 561497.53974470240064, 42617.475635957875056 ], [ 561522.268203193438239, 42617.477241418986523 ], [ 561522.265011220471933, 42666.604092591478548 ], [ 561546.99346934875939, 42666.605700549414905 ], [ 561546.990272420924157, 42715.732443096465431 ], [ 561571.71850765729323, 42715.734053538217267 ], [ 561571.715305757476017, 42764.860908516260679 ], [ 561546.987071807263419, 42764.85929622247204 ], [ 561546.982263992424123, 42838.549520746724738 ], [ 561571.710496010724455, 42838.551135818568582 ], [ 561571.708890923997387, 42863.114508098158694 ], [ 561546.980659550521523, 42863.112892100303725 ], [ 561546.975840706494637, 42936.803006244328571 ], [ 561522.247389661963098, 42936.801388104206126 ], [ 561522.242564473068342, 43010.491610114753712 ], [ 561497.514116288744844, 43010.489989849142148 ], [ 561497.512506696162745, 43035.053469982129172 ], [ 561472.784282655105926, 43035.051849457646313 ], [ 561472.782672798610292, 43059.615218138227647 ], [ 561423.325894945766777, 43059.61197717419418 ], [ 561423.324285466806032, 43084.175344018971373 ], [ 561472.781062023481354, 43084.178586831694702 ], [ 561472.779450329719111, 43108.741955538054754 ], [ 561497.507672426756471, 43108.743578837238601 ], [ 561497.506059165694751, 43133.30694848139683 ], [ 561522.234504109830596, 43133.308573373411491 ], [ 561522.237731010303833, 43084.181832247435523 ], [ 561571.694403726607561, 43084.185080273484346 ], [ 561571.696017093840055, 43059.621707878170128 ], [ 561596.42446678224951, 43059.623331950984721 ], [ 561596.419621974928305, 43133.313451954796619 ], [ 561621.147848083404824, 43133.315079445470474 ], [ 561621.146230657584965, 43157.878453732642811 ], [ 561596.418005198356695, 43157.876825315208407 ], [ 561596.416387493954971, 43182.440309228943079 ], [ 561645.873060611425899, 43182.443568586066249 ], [ 561645.868198095937259, 43256.133694345320691 ], [ 561670.596534098382108, 43256.13532778750232 ], [ 561670.594910766580142, 43280.698703993977688 ], [ 561720.051695576519705, 43280.701974707386398 ], [ 561720.050070013152435, 43305.265463323361473 ], [ 561695.321622153976932, 43305.263826706941472 ], [ 561695.319996327278204, 43329.827203867207572 ], [ 561744.776780385989696, 43329.830479605494475 ], [ 561744.775152333080769, 43354.393858635587094 ], [ 561769.503489478607662, 43354.39549841448752 ], [ 561769.498597818426788, 43428.085748910096299 ], [ 561794.226933929370716, 43428.087392133769754 ], [ 561794.23019726772327, 43378.960519751504762 ], [ 561843.686986214714125, 43378.963804459912353 ], [ 561843.69024846132379, 43329.837038950310671 ], [ 561868.418589991517365, 43329.838680425418715 ], [ 561868.415326440357603, 43378.965447795984801 ], [ 561893.143778890953399, 43378.967091796504974 ], [ 561893.138874656055123, 43452.657466816948727 ], [ 561917.867103519500233, 43452.659114253387088 ], [ 561917.863828106666915, 43501.78588547804975 ], [ 561942.592279167147353, 43501.787535450683208 ], [ 561942.588998743565753, 43550.914308596897172 ], [ 561893.132322747493163, 43550.911005599729833 ], [ 561893.130682458169758, 43575.474390326424327 ], [ 561868.402235240675509, 43575.47273887902702 ], [ 561868.400594682316296, 43600.036122687888565 ], [ 561843.672260345658287, 43600.034470977465389 ], [ 561843.677177281002514, 43526.344322381424718 ], [ 561818.948841900448315, 43526.342674121719028 ], [ 561818.945566178183071, 43575.469437979169015 ], [ 561769.488789583556354, 43575.466139711970754 ], [ 561769.487151648383588, 43600.029519801129936 ], [ 561818.943926931358874, 43600.032819927437231 ], [ 561818.940645659109578, 43649.159694403584581 ], [ 561794.21220321697183, 43649.158042147028027 ], [ 561794.210561855812557, 43673.721423204733583 ], [ 561843.667335085687228, 43673.724730231384456 ], [ 561843.660755136981606, 43771.978372572804801 ], [ 561868.389084872673266, 43771.980030796607025 ], [ 561868.387436918215826, 43796.54341471006046 ], [ 561843.659107841318473, 43796.541755555779673 ], [ 561843.657459621550515, 43821.105138551843993 ], [ 561818.929132126038894, 43821.103479130819323 ], [ 561818.932426323648542, 43771.976715012002387 ], [ 561794.203987169777974, 43771.975058106741926 ], [ 561794.205632224562578, 43747.411676990435808 ], [ 561818.934072036761791, 43747.413332965952577 ], [ 561818.935716833570041, 43722.849840405120631 ], [ 561769.478948119678535, 43722.846530983275443 ], [ 561769.485512782819569, 43624.593010437507473 ], [ 561744.757182834902778, 43624.591360439655546 ], [ 561744.758821044233628, 43600.027870732279553 ], [ 561720.030491386540234, 43600.02622232381691 ], [ 561720.028853833326139, 43624.589711102569709 ], [ 561695.300414475612342, 43624.588062418828486 ], [ 561695.298776664072648, 43649.151439754510648 ], [ 561720.027215365204029, 43649.153089366503991 ], [ 561720.025575974723324, 43673.716467637219466 ], [ 561744.753903662785888, 43673.718118831551692 ], [ 561744.747334239538759, 43771.971746300121595 ], [ 561769.475660242605954, 43771.973401871931856 ], [ 561769.474014923209324, 43796.536782065690204 ], [ 561744.74568957882002, 43796.535125564885675 ], [ 561744.744043995626271, 43821.098504842746479 ], [ 561769.472368680755608, 43821.100162272538 ], [ 561769.469073426909745, 43870.226922725618351 ], [ 561794.197397716809064, 43870.228582677882514 ], [ 561794.199046457768418, 43845.665312049583008 ], [ 561843.655810470110737, 43845.668632095206704 ], [ 561843.654160409467295, 43870.231904583350115 ], [ 561818.925834233406931, 43870.230243302110466 ], [ 561818.919227348058484, 43968.483992876877892 ], [ 561794.1907934746705, 43968.482328533682448 ], [ 561794.187485820613801, 44017.609091009479016 ], [ 561843.644240579335019, 44017.612424074053706 ], [ 561843.640926581225358, 44066.739190315951419 ], [ 561769.455855475389399, 44066.734186144494743 ], [ 561769.460819124244153, 43993.044045162765542 ], [ 561695.275750477914698, 43993.039055356057361 ], [ 561695.270792791154236, 44066.72918798019964 ], [ 561719.999220274505205, 44066.73085337250086 ], [ 561719.995909206103534, 44115.857720907653857 ], [ 561695.267483049537987, 44115.856053658848396 ], [ 561695.264169620233588, 44164.982919396577927 ], [ 561670.535857002716511, 44164.98125096772128 ], [ 561670.53419957368169, 44189.544627658324316 ], [ 561695.262511526350863, 44189.546297015054733 ], [ 561695.259192573023029, 44238.67305229169142 ], [ 561670.530881950748153, 44238.671381079213461 ], [ 561670.527560641639866, 44287.798134559328901 ], [ 561719.984291433356702, 44287.801481374131981 ], [ 561719.985953873489052, 44263.238213308606646 ], [ 561744.714265684830025, 44263.239886789844604 ], [ 561744.712602578569204, 44287.803155783978582 ], [ 561769.440914670121856, 44287.804830864632095 ], [ 561769.437584333703853, 44336.931702353111177 ], [ 561744.709273575572297, 44336.930025414469128 ], [ 561744.704273154842667, 44410.620274698951107 ], [ 561719.975965345976874, 44410.618595646003087 ], [ 561719.977632412570529, 44386.055106445841375 ], [ 561695.249213579576463, 44386.053428986262588 ], [ 561695.25254359585233, 44336.926673544301593 ], [ 561670.524235638906248, 44336.924998620321276 ], [ 561670.519241226837039, 44410.615239550555998 ], [ 561596.334328997763805, 44410.61021046373935 ], [ 561596.330998798250221, 44459.736958560606581 ], [ 561571.602586638182402, 44459.735281683351786 ], [ 561571.600920826895162, 44484.298654825353879 ], [ 561546.872732821386307, 44484.296977710589999 ], [ 561546.874397963518277, 44459.733605494599033 ], [ 561522.145987682044506, 44459.731929964174924 ], [ 561522.144323208951391, 44484.295301254525839 ], [ 561497.415914516896009, 44484.293625472244457 ], [ 561497.414249786525033, 44508.857106391013076 ], [ 561447.957659096457064, 44508.853755013456976 ], [ 561447.959322487935424, 44484.290275944113091 ], [ 561398.502734181121923, 44484.286929111120116 ], [ 561398.506055518635549, 44435.160195789001591 ], [ 561373.777761418023147, 44435.158525229999213 ], [ 561373.776101876748726, 44459.721890960994642 ], [ 561349.047698109061457, 44459.720220144474297 ], [ 561349.046038319822401, 44484.283584965734917 ], [ 561324.317747412715107, 44484.281913907485432 ], [ 561324.319406532915309, 44459.718550008881721 ], [ 561299.591115885297768, 44459.716880546708126 ], [ 561299.58945743413642, 44484.28024352301145 ], [ 561274.861057121655904, 44484.278573804811458 ], [ 561274.85939841659274, 44508.842046412850323 ], [ 561151.217859179247171, 44508.833703354597674 ], [ 561151.219514536904171, 44484.270235350610164 ], [ 561101.762948503135704, 44484.266904688403883 ], [ 561101.764601601404138, 44459.703549077064963 ], [ 561077.036319295060821, 44459.701885675582162 ], [ 561077.039621415431611, 44410.575176330712566 ], [ 561027.582945643458515, 44410.571855214053357 ], [ 561027.581296376418322, 44435.135208043051534 ], [ 561002.853016174980439, 44435.133547579629521 ], [ 561002.851366664632224, 44459.696899504109751 ], [ 560879.209871605504304, 44459.688602691501728 ], [ 560879.211517772171646, 44435.125255350598309 ], [ 560805.026585284387693, 44435.120288086647633 ], [ 560805.023296054918319, 44484.246977290415089 ], [ 560854.479839926352724, 44484.25029178186378 ], [ 560854.478192602400668, 44508.81374877406779 ], [ 560829.750032157637179, 44508.812090283689031 ], [ 560829.746736136381514, 44557.938781397082494 ], [ 560780.290198123198934, 44557.935462765177363 ], [ 560780.288550090161152, 44582.498806512543524 ], [ 560730.831905826344155, 44582.495488744920294 ], [ 560730.830258219619282, 44607.058941218048858 ], [ 560706.101993768010288, 44607.057282437497634 ], [ 560706.103640703717247, 44582.493830877734581 ], [ 560656.647001956822351, 44582.490517161728349 ], [ 560656.645356363034807, 44607.053966895866324 ], [ 560631.91709466825705, 44607.05231014223682 ], [ 560631.918739591143094, 44582.488861320351134 ], [ 560607.190478157717735, 44582.48720615424827 ], [ 560607.19212149665691, 44557.923868797835894 ], [ 560582.463749019894749, 44557.922215211059665 ], [ 560582.462106351624243, 44582.485551655961899 ], [ 560533.00558806117624, 44582.482244700084266 ], [ 560533.003945822012611, 44607.045689876678807 ], [ 560508.27557743806392, 44607.044036493811291 ], [ 560508.278859662823379, 44557.917258515000867 ], [ 560483.550713420496322, 44557.915607642673422 ], [ 560483.552352502709255, 44533.352274853408744 ], [ 560508.280499415122904, 44533.353924815724895 ], [ 560508.283776214811951, 44484.227146916928177 ], [ 560458.827258060220629, 44484.223851291309984 ], [ 560458.828893761849031, 44459.660519451666914 ], [ 560434.100635384791531, 44459.658873558793857 ], [ 560434.102269514231011, 44435.095542641727661 ], [ 560409.374011394917034, 44435.093898331171658 ], [ 560409.3756439529825, 44410.530568336318538 ], [ 560384.647386066033505, 44410.528925607315614 ], [ 560384.655531994067132, 44287.7120593008367 ], [ 560310.470642550149933, 44287.707148759240226 ], [ 560310.469017164316028, 44312.270585589714756 ], [ 560261.012504289043136, 44312.267313440526777 ], [ 560261.01412834180519, 44287.703878423766582 ], [ 560285.742384996614419, 44287.705513256099948 ], [ 560285.74563171796035, 44238.578862510548788 ], [ 560310.473890603403561, 44238.580496199610934 ], [ 560310.475513278273866, 44214.01716994279559 ], [ 560335.203773753833957, 44214.018803394494171 ], [ 560335.205396192497574, 44189.455476243514568 ], [ 560310.477135051856749, 44189.453843699222489 ], [ 560310.478755924268626, 44164.890517468877078 ], [ 560285.75049504369963, 44164.888886500950321 ], [ 560285.753732763812877, 44115.762125353823649 ], [ 560261.025471453787759, 44115.760496868177142 ], [ 560261.027088295435533, 44091.197172491200035 ], [ 560236.298715960932896, 44091.195545572729316 ], [ 560236.300331246107817, 44066.632111581347999 ], [ 560261.028704243828543, 44066.633737593510887 ], [ 560261.031933424645104, 44017.507088905513228 ], [ 560285.760197386611253, 44017.50871376448049 ], [ 560285.761811288422905, 43992.945388527303294 ], [ 560310.490076811285689, 43992.947013145931123 ], [ 560310.494915095390752, 43919.257034811118501 ], [ 560285.766647588461637, 43919.255412913618784 ], [ 560285.768257894087583, 43894.691977201444388 ], [ 560310.496526061673649, 43894.693598191901401 ], [ 560310.498136126552708, 43870.130161579545529 ], [ 560335.226405879016966, 43870.131782327429391 ], [ 560335.229624610044993, 43821.005128407676239 ], [ 560384.686280763009563, 43821.00836827227613 ], [ 560384.691106050158851, 43747.318382036894036 ], [ 560335.23444594477769, 43747.315147620152857 ], [ 560335.236051260493696, 43722.751710185359116 ], [ 560236.322850646916777, 43722.745252938017074 ], [ 560236.3196443868801, 43771.872010038183362 ], [ 560211.591375656891614, 43771.87039557191747 ], [ 560211.588167121401057, 43820.997040372465563 ], [ 560186.859900612616912, 43820.995424758075387 ], [ 560186.853475370560773, 43919.248931968533725 ], [ 560162.125101148267277, 43919.247313389852934 ], [ 560162.123493261169642, 43943.810523517728143 ], [ 560087.938711842987686, 43943.805669081564702 ], [ 560087.935497319209389, 43992.932415551818849 ], [ 560038.478872301406227, 43992.929178967679036 ], [ 560038.475656835013069, 44042.055921882849361 ], [ 560063.204023197060451, 44042.057541652044165 ], [ 560063.205632044933736, 44017.494114020744746 ], [ 560087.93388871406205, 44017.495733546034899 ], [ 560087.930668810149655, 44066.622369561468076 ], [ 560112.658925055409782, 44066.623991561595176 ], [ 560112.657313086092472, 44091.187421027047094 ], [ 560087.929057504050434, 44091.185798122845881 ], [ 560087.927445307257585, 44115.749116163540748 ], [ 560063.199191290186718, 44115.747493023474817 ], [ 560063.200802823412232, 44091.184175886468438 ], [ 560013.744184922543354, 44091.180933409894351 ], [ 560013.74096361361444, 44140.307564090842789 ], [ 559989.012712988071144, 44140.305942052786122 ], [ 559989.004647332709283, 44263.122735532000661 ], [ 560013.732894633198157, 44263.124362082955486 ], [ 560013.734510227222927, 44238.560936132715142 ], [ 560063.191120154224336, 44238.564189446951787 ], [ 560063.192736175027676, 44214.000872243821505 ], [ 560087.92098753422033, 44214.00249899867049 ], [ 560087.914515394717455, 44312.255882045603357 ], [ 560112.642764991614968, 44312.257513086398831 ], [ 560112.641144046909176, 44336.820832150304341 ], [ 560087.912895116955042, 44336.81920020544203 ], [ 560087.908028888981789, 44410.509265304812288 ], [ 560013.723182272631675, 44410.504365362248791 ], [ 560013.724803247489035, 44385.940939338659518 ], [ 560038.453048125142232, 44385.942571074781881 ], [ 560038.454668863443658, 44361.379254689112713 ], [ 559890.085097971488722, 44361.369479761466209 ], [ 559890.088328751851805, 44312.242857866775012 ], [ 559815.90349591569975, 44312.237984872241213 ], [ 559815.901882973616011, 44336.801293111908308 ], [ 559791.173756217467599, 44336.79966923288157 ], [ 559791.170528986724094, 44385.926283959146531 ], [ 559766.442181904101744, 44385.924658938587527 ], [ 559766.440567609271966, 44410.488075953100633 ], [ 559791.168914023786783, 44410.489701872902515 ], [ 559791.167298174696043, 44435.05300926612108 ], [ 559865.352006990462542, 44435.057893739438441 ], [ 559865.353624844574369, 44410.49458364630118 ], [ 559890.081863604020327, 44410.496212249425298 ], [ 559890.073762034880929, 44533.312877891949029 ], [ 559914.802109634969383, 44533.314511680524447 ], [ 559914.797235939535312, 44607.004558145323244 ], [ 559964.253707269090228, 44607.007833141215087 ], [ 559964.250450981082395, 44656.134460764340474 ], [ 559939.52221619989723, 44656.13282112491288 ], [ 559939.520587383885868, 44680.696134054705908 ], [ 559964.248821493121795, 44680.697774595966621 ], [ 559964.247191108996049, 44705.261088440965977 ], [ 560013.703660698723979, 44705.264373358513694 ], [ 560013.705292427679524, 44680.701057708734879 ], [ 560038.433529264992103, 44680.702700280249701 ], [ 560038.435160769266076, 44656.139383740897756 ], [ 559988.978686662041582, 44656.136101080148364 ], [ 559988.980315925669856, 44631.572786359705788 ], [ 560038.436791376327164, 44631.576067214933573 ], [ 560038.438421086175367, 44607.012750702320773 ], [ 560063.166772109922022, 44607.014391248012544 ], [ 560063.165141728706658, 44631.577708663950034 ], [ 560087.893381725763902, 44631.579350781583344 ], [ 560087.89664294035174, 44582.45260361552937 ], [ 560137.353239617077634, 44582.45588626920653 ], [ 560137.351608113152906, 44607.019316924153827 ], [ 560162.079740239074454, 44607.020960157613445 ], [ 560162.078107172623277, 44631.58428119054588 ], [ 560137.349975717952475, 44631.582637052284554 ], [ 560137.346708231722005, 44680.709277348636533 ], [ 560162.074838342610747, 44680.710923296508554 ], [ 560162.073202579165809, 44705.27424436956062 ], [ 560112.616722063277848, 44705.270951326514478 ], [ 560112.615086738951504, 44729.834381143853534 ], [ 560063.158611221238971, 44729.831089001541841 ], [ 560063.156976352445781, 44754.394406484367209 ], [ 560087.885212987428531, 44754.396053120472061 ], [ 560087.883576540159993, 44778.959482054255204 ], [ 560162.068289879942313, 44778.964428743078315 ], [ 560162.065010269288905, 44828.090960475856264 ], [ 560236.249839026364498, 44828.09591870958684 ], [ 560236.248195837484673, 44852.659353119895968 ], [ 560162.063369104405865, 44852.654392169497442 ], [ 560162.06008409243077, 44901.781034516716318 ], [ 560211.516668729251251, 44901.784344761574175 ], [ 560211.518313035485335, 44877.221021770506923 ], [ 560260.97490267327521, 44877.224332923557085 ], [ 560260.973257016274147, 44901.787657726847101 ], [ 560335.157979381736368, 44901.792632264332497 ], [ 560335.156330789555795, 44926.356070336092671 ], [ 560359.884684011223726, 44926.357730790718051 ], [ 560359.883033848716877, 44950.921059249798418 ], [ 560409.339519115514122, 44950.924384002217266 ], [ 560409.341170630184934, 44926.361053726453974 ], [ 560458.797660905634984, 44926.364379384089261 ], [ 560458.796008038683794, 44950.927711478019773 ], [ 560557.709108156850561, 44950.934374607284553 ], [ 560557.710763728246093, 44926.371038872544887 ], [ 560508.254154846188612, 44926.367707763616636 ], [ 560508.255808168672957, 44901.804263329540845 ], [ 560483.527671348070726, 44901.802599717040721 ], [ 560483.534272874589078, 44803.549157350651512 ], [ 560532.990775397513062, 44803.552477989112958 ], [ 560532.992424858151935, 44778.989253779669525 ], [ 560557.720678161247633, 44778.99091420606419 ], [ 560557.719028026796877, 44803.554139326261065 ], [ 560656.632159034023061, 44803.560791468509706 ], [ 560656.630505289998837, 44828.124130782831344 ], [ 560681.35876183398068, 44828.125796425672888 ], [ 560681.357106501585804, 44852.689247206304572 ], [ 560706.085474577499554, 44852.690914448641706 ], [ 560706.083817670703866, 44877.254255615422153 ], [ 560755.540332669741474, 44877.257593950271257 ], [ 560755.538673505070619, 44901.82093695759977 ], [ 560706.08215985679999, 44901.817596795648569 ], [ 560706.07884150010068, 44950.944389730400871 ], [ 560730.807096519507468, 44950.946061298054701 ], [ 560730.808756823884323, 44926.38271917757811 ], [ 560755.537013425026089, 44926.384390512335813 ], [ 560755.53369055618532, 44975.511076600501838 ], [ 560804.990203827968799, 44975.514424968627281 ], [ 560804.991867069271393, 44950.951080086095317 ], [ 560829.720237043336965, 44950.952754384670698 ], [ 560829.718573125544935, 44975.516100182067021 ], [ 560879.175091923214495, 44975.519452637519862 ], [ 560879.173425742657855, 45000.08280027291039 ], [ 560854.445055276504718, 45000.081122781433805 ], [ 560854.440053301979788, 45073.771273555648804 ], [ 560879.168421735288575, 45073.772953793930355 ], [ 560879.165081186802126, 45122.899649192338984 ], [ 560903.893449182272889, 45122.901331945278798 ], [ 560903.895120590110309, 45098.337983326491667 ], [ 560953.351638144464232, 45098.341349034533778 ], [ 560953.349965379224159, 45122.904699486374739 ], [ 560978.078224869212136, 45122.906384282097861 ], [ 560978.076550506521016, 45147.469846198539017 ], [ 561052.261443729279563, 45147.474907447525766 ], [ 561052.25976642454043, 45172.038261596942903 ], [ 561076.988028249121271, 45172.039950963626325 ], [ 561076.989706233260222, 45147.476595895641367 ], [ 561101.717969665070996, 45147.478285027587845 ], [ 561101.714611424831674, 45196.604997014968831 ], [ 561151.171138328965753, 45196.608381008336437 ], [ 561151.167773707536981, 45245.735207268167869 ], [ 561225.352678215596825, 45245.740293922724959 ], [ 561225.354363028774969, 45221.176822760840878 ], [ 561250.08274124073796, 45221.178518766908383 ], [ 561250.079369345679879, 45270.305352412498905 ], [ 561225.350992495194077, 45270.303654564071621 ], [ 561225.344240464502946, 45368.557097271339444 ], [ 561175.887717526871711, 45368.553696281909652 ], [ 561175.886028597480617, 45393.117055149850785 ], [ 561151.157657934818417, 45393.115354758192552 ], [ 561151.15427869267296, 45442.242181228772097 ], [ 561126.426132866879925, 45442.240479700594733 ], [ 561126.424442562856711, 45466.803836775863601 ], [ 561151.152587704709731, 45466.805539223722008 ], [ 561151.149202979868278, 45515.932365775930521 ], [ 561175.877570223063231, 45515.934070767907542 ], [ 561175.880956316832453, 45466.807242375572969 ], [ 561200.609214587486349, 45466.808946208424459 ], [ 561200.605827124905773, 45515.935776441619964 ], [ 561225.334084956324659, 45515.937482804736646 ], [ 561225.328994851093739, 45589.627675758390978 ], [ 561274.785509166656993, 45589.631096081007854 ], [ 561274.782108448678628, 45638.757821443527064 ], [ 561250.053963470389135, 45638.756109101566835 ], [ 561250.055663600796834, 45614.192747335022432 ], [ 561225.327296322211623, 45614.191036590105796 ], [ 561225.322195245884359, 45687.881119167199358 ], [ 561200.593942217179574, 45687.879406358464621 ], [ 561200.592240708530881, 45712.442876864377467 ], [ 561225.320493049686775, 45712.444590593913745 ], [ 561225.318789946264587, 45737.007951493964356 ], [ 561324.231917079538107, 45737.014817030576523 ], [ 561324.233622934785672, 45712.451452443601738 ], [ 561274.777000496746041, 45712.448020130126679 ], [ 561274.780406716279685, 45663.321184145272127 ], [ 561299.508774476940744, 45663.322898115831777 ], [ 561299.5104768963065, 45638.759534492164676 ], [ 561348.966994052287191, 45638.762962647830136 ], [ 561348.968696928583086, 45614.199597192877263 ], [ 561423.15359293599613, 45614.204741848385311 ], [ 561423.151888000313193, 45638.768110073564458 ], [ 561447.880150761106052, 45638.769827262105537 ], [ 561447.876736762234941, 45687.896565601738985 ], [ 561398.420214933110401, 45687.893128220071958 ], [ 561398.418507923837751, 45712.456606102845399 ], [ 561423.14676767855417, 45712.458325371451792 ], [ 561423.143349546589889, 45761.58506194484653 ], [ 561398.415091168135405, 45761.583340828685323 ], [ 561398.416800004662946, 45737.019973458925961 ], [ 561373.688541856245138, 45737.018253959300637 ], [ 561373.690249087405391, 45712.454887526619132 ], [ 561348.961879915441386, 45712.4531696350532 ], [ 561348.958465912379324, 45761.579900668017217 ], [ 561324.230210307869129, 45761.578181631244661 ], [ 561324.228502619895153, 45786.14154624560615 ], [ 561299.500248632859439, 45786.139826979677309 ], [ 561299.496831878554076, 45835.266664945302182 ], [ 561274.768468936090358, 45835.264944521288271 ], [ 561274.766759878606535, 45859.828307332572876 ], [ 561250.038621095125563, 45859.826586696748564 ], [ 561250.036911812145263, 45884.389948600219213 ], [ 561225.308552105096169, 45884.388227722352894 ], [ 561225.306842597434297, 45908.951588718380663 ], [ 561200.578595770290121, 45908.949867622446618 ], [ 561200.576886038645171, 45933.513227711424406 ], [ 561151.120285284006968, 45933.509785757407371 ], [ 561151.121993633802049, 45908.946427508912166 ], [ 561126.393860865035094, 45908.944708506794996 ], [ 561126.392153206048533, 45933.508065835601883 ], [ 561076.935558006633073, 45933.50462805598363 ], [ 561076.933850809116848, 45958.068094100606686 ], [ 561027.477260694722645, 45958.06465726713941 ], [ 561027.475553975556977, 45982.628010948435985 ], [ 561002.747316626016982, 45982.626292661901971 ], [ 561002.74560967925936, 46007.189755973166029 ], [ 560903.832672312040813, 46007.182886124181096 ], [ 560903.830967230838723, 46031.746235247606819 ], [ 560879.102624607621692, 46031.744518603794859 ], [ 560879.099213100969791, 46080.871215066341392 ], [ 560854.370872782659717, 46080.869497288564162 ], [ 560854.369166358257644, 46105.432844621791446 ], [ 560829.641050221631303, 46105.431126642208255 ], [ 560829.639343574061058, 46129.994583608036919 ], [ 560804.911006488720886, 46129.992865396481648 ], [ 560804.909299634047784, 46154.556210927235952 ], [ 560780.181186724686995, 46154.554492515380844 ], [ 560780.179479656042531, 46179.117837151781714 ], [ 560730.722924153087661, 46179.114400574260799 ], [ 560730.721217566053383, 46203.677743390377145 ], [ 560705.992997518973425, 46203.676025241300522 ], [ 560705.991290719830431, 46228.239367157875677 ], [ 560557.621771382633597, 46228.229067471882445 ], [ 560557.623474009684287, 46203.665731027649599 ], [ 560483.438835927983746, 46203.66059337612387 ], [ 560483.440535565256141, 46179.097259676855174 ], [ 560458.712212723097764, 46179.095549427933292 ], [ 560458.71391076198779, 46154.532216645849985 ], [ 560433.985699419863522, 46154.530508013333019 ], [ 560433.984002075507306, 46179.093839886154456 ], [ 560384.527583534014411, 46179.090422900932026 ], [ 560384.529279489070177, 46154.527092845535662 ], [ 560359.801070902729407, 46154.525386310247995 ], [ 560359.799375642207451, 46179.088715457495709 ], [ 560335.071057374123484, 46179.087008705828339 ], [ 560335.067665537586436, 46228.213665213675995 ], [ 560310.339460852439515, 46228.211957354324113 ], [ 560310.34285129874479, 46179.085302661282185 ], [ 560285.614646147936583, 46179.083597316188389 ], [ 560285.612952070427127, 46203.646923748761765 ], [ 560236.156434595584869, 46203.643513336290198 ], [ 560236.158127283211797, 46179.080188716674456 ], [ 560211.42992486723233, 46179.07848546992318 ], [ 560211.434995454270393, 46105.388403871576884 ], [ 560186.706791859003715, 46105.386704040916811 ], [ 560186.708479559165426, 46080.823381288020755 ], [ 560161.980164917069487, 46080.82168305322557 ], [ 560161.978477910393849, 46105.385004900934291 ], [ 560112.5220752726309, 46105.381608731258893 ], [ 560112.523760892334394, 46080.818288692782517 ], [ 560087.79556025553029, 46080.816592559494893 ], [ 560087.793875329312868, 46105.379911693918984 ], [ 560063.065676287398674, 46105.378215354903659 ], [ 560063.063991149654612, 46129.941644133330556 ], [ 560038.335682446486317, 46129.939947581697197 ], [ 560038.339050429640338, 46080.813202379176801 ], [ 560063.067360520130023, 46080.814897124168056 ], [ 560063.069043855415657, 46056.251578907234943 ], [ 560013.612534459214658, 46056.248191929094901 ], [ 560013.610852510202676, 46080.811508339764259 ], [ 559988.8826555024134, 46080.809814998312504 ], [ 559988.880973350140266, 46105.37313052022364 ], [ 559964.152777952840552, 46105.371436974528478 ], [ 559964.154459411627613, 46080.808122354821535 ], [ 559939.426264220383018, 46080.8064304092768 ], [ 559939.422901786514558, 46129.933168392715743 ], [ 559914.694708901690319, 46129.931475342222257 ], [ 559914.693027039291337, 46154.494788186260848 ], [ 559889.964724465622567, 46154.493094925768673 ], [ 559889.957990836002864, 46252.746453376028512 ], [ 559939.41448003903497, 46252.749847798630071 ], [ 559939.412793003953993, 46277.313161613303237 ], [ 559914.684604290057905, 46277.311463154088415 ], [ 559914.68122892617248, 46326.438089028386457 ], [ 559889.952931222622283, 46326.436389460301143 ], [ 559889.951242887298577, 46350.999812047870364 ], [ 559865.223058066680096, 46350.998112288390985 ], [ 559865.22474570479244, 46326.434690601534385 ], [ 559791.040194609086029, 46326.429598235299636 ], [ 559791.04187925462611, 46301.866289796045749 ], [ 559766.313585385214537, 46301.864594635575486 ], [ 559766.315268440754153, 46277.301287103131472 ] ], [ [ 559568.486256310832687, 46326.414359004273138 ], [ 559543.75808256061282, 46326.412669267301681 ], [ 559543.759760237880982, 46301.849369803523587 ], [ 559568.487934685079381, 46301.851058644620935 ], [ 559568.486256310832687, 46326.414359004273138 ] ], [ [ 559692.118827238096856, 46449.239453193164081 ], [ 559692.115451925899833, 46498.366063062960166 ], [ 559667.387278549605981, 46498.364363533481082 ], [ 559667.390652463305742, 46449.237755459151231 ], [ 559692.118827238096856, 46449.239453193164081 ] ], [ [ 559692.120513556292281, 46424.676148279133486 ], [ 559716.848801223793998, 46424.677845826226985 ], [ 559716.847114206990227, 46449.241151638365409 ], [ 559692.118827238096856, 46449.239453193164081 ], [ 559692.120513556292281, 46424.676148279133486 ] ], [ [ 559741.575290790060535, 46449.242850779453875 ], [ 559741.57360218197573, 46473.806157503975555 ], [ 559716.845426297863014, 46473.804457464415464 ], [ 559716.847114206990227, 46449.241151638365409 ], [ 559741.575290790060535, 46449.242850779453875 ] ], [ [ 559766.28823235782329, 46670.314540816209046 ], [ 559766.291624368634075, 46621.187925354090112 ], [ 559791.019909150665626, 46621.189632204484951 ], [ 559791.016515736235306, 46670.316249465045985 ], [ 559766.28823235782329, 46670.314540816209046 ] ], [ [ 560335.00080383522436, 47186.184473109788087 ], [ 560334.999071394791827, 47210.747912463877583 ], [ 560310.270894826273434, 47210.746168308352935 ], [ 560310.272626556572504, 47186.182729861669941 ], [ 560335.00080383522436, 47186.184473109788087 ] ], [ [ 560458.647017729352228, 47112.503200068895239 ], [ 560508.103388425777666, 47112.506690397320199 ], [ 560508.099918139749207, 47161.633360697815078 ], [ 560458.643550280015916, 47161.629866730108915 ], [ 560458.647017729352228, 47112.503200068895239 ] ], [ [ 560433.918833750416525, 47112.50145597505616 ], [ 560433.920565419015475, 47087.938013044076797 ], [ 560458.648750106571242, 47087.939756228654005 ], [ 560458.647017729352228, 47112.503200068895239 ], [ 560433.918833750416525, 47112.50145597505616 ] ], [ [ 560409.192381657892838, 47087.936270572718058 ], [ 560409.188918850850314, 47137.062933563123806 ], [ 560359.732556893839501, 47137.059447126717714 ], [ 560359.734287322964519, 47112.496227975047077 ], [ 560384.462468546116725, 47112.497969928132079 ], [ 560384.465928138699383, 47063.371198249020381 ], [ 560409.194111707387492, 47063.372939098655479 ], [ 560409.195840861997567, 47038.809497104768525 ], [ 560433.924026039312594, 47038.811237758338393 ], [ 560433.925754983094521, 47014.248015937497257 ], [ 560458.653941794415005, 47014.249756394281576 ], [ 560458.650481572607532, 47063.376422936431482 ], [ 560433.922296176780947, 47063.374680661123421 ], [ 560433.920565419015475, 47087.938013044076797 ], [ 560409.192381657892838, 47087.936270572718058 ] ], [ [ 562263.711002344614826, 48439.0574311689561 ], [ 562263.71283669595141, 48414.493919175678457 ], [ 562288.441162614733912, 48414.495765733307053 ], [ 562288.439327534753829, 48439.059278663378791 ], [ 562263.711002344614826, 48439.0574311689561 ] ], [ [ 563104.5142184458673, 47874.161026855865202 ], [ 563129.242481319583021, 47874.162877450275118 ], [ 563129.238802186213434, 47923.289856301016698 ], [ 563104.510540753835812, 47923.288003807720088 ], [ 563104.5142184458673, 47874.161026855865202 ] ], [ [ 563549.664030986139551, 47333.797991775871196 ], [ 563549.665860483655706, 47309.234541754965903 ], [ 563574.394268368370831, 47309.236383418960031 ], [ 563574.39792593754828, 47260.109481507330202 ], [ 563623.854524873895571, 47260.113163141701079 ], [ 563623.850864459061995, 47309.240068880106264 ], [ 563599.122454648488201, 47309.238225782952213 ], [ 563599.120623726863414, 47333.80167771649576 ], [ 563549.664030986139551, 47333.797991775871196 ] ], [ [ 563673.352981657255441, 46695.156728416019178 ], [ 563673.358403760008514, 46621.466365132160718 ], [ 563698.086836247821338, 46621.468183554985444 ], [ 563698.081412038998678, 46695.158549712854438 ], [ 563673.352981657255441, 46695.156728416019178 ] ], [ [ 563797.001939682057127, 46596.912005083497206 ], [ 563821.730377697967924, 46596.913826077288832 ], [ 563821.728568025748245, 46621.477286228830053 ], [ 563797.000130711123347, 46621.475464275179547 ], [ 563797.001939682057127, 46596.912005083497206 ] ], [ [ 564044.298269484657794, 46424.985744389843603 ], [ 564019.569817872368731, 46424.983923786399828 ], [ 564019.56619974412024, 46474.110859293155954 ], [ 564044.294649958610535, 46474.112681823025923 ], [ 564044.291026596329175, 46523.239729846340197 ], [ 564069.019253842299804, 46523.241554990891018 ], [ 564069.017440029536374, 46547.805024725996191 ], [ 564093.745890084770508, 46547.80685155561514 ], [ 564093.742258177371696, 46596.933903517507133 ], [ 564044.285584379336797, 46596.930246724688914 ], [ 564044.287399414228275, 46572.366667397036508 ], [ 564019.558951999526471, 46572.364841014314152 ], [ 564019.55713766568806, 46596.928419378746185 ], [ 563994.82891446352005, 46596.926592755036836 ], [ 563994.832540765055455, 46547.799548500312085 ], [ 563970.10409457446076, 46547.797724490897963 ], [ 563970.102282606414519, 46572.361190381561755 ], [ 563945.373838099185377, 46572.359366115109879 ], [ 563945.375649366644211, 46547.795901186538686 ], [ 563920.647427666466683, 46547.794078603634262 ], [ 563920.64923727826681, 46523.230614644431625 ], [ 563945.377459678566083, 46523.2324362656218 ], [ 563945.379269043100066, 46498.668860830359336 ], [ 563994.836163241532631, 46498.672504294991086 ], [ 563994.845202677184716, 46375.855170370683481 ], [ 564019.573432174045593, 46375.856988328894658 ], [ 564019.575237889890559, 46351.293520624094526 ], [ 563970.118555913795717, 46351.28988731904974 ], [ 563970.122161695500836, 46302.162845267092052 ], [ 563994.850614871247672, 46302.164659651811235 ], [ 563994.852417020709254, 46277.601192945112416 ], [ 563945.395510259200819, 46277.59756680157443 ], [ 563945.399108913727105, 46228.47052675687155 ], [ 563994.8560184588423, 46228.474149051267887 ], [ 563994.854218213818967, 46253.037726258546172 ], [ 564019.582451194874011, 46253.03953940259089 ], [ 564019.580649305600673, 46277.603007051999157 ], [ 564044.309105102322064, 46277.604821876164351 ], [ 564044.298269484657794, 46424.985744389843603 ] ], [ [ 564118.530055978451855, 45786.340290362000815 ], [ 564118.531841489486396, 45761.776819132748642 ], [ 564143.26020444277674, 45761.778616493880691 ], [ 564143.25841824314557, 45786.342088687837531 ], [ 564118.530055978451855, 45786.340290362000815 ] ], [ [ 564365.810357211274095, 45835.485377212753519 ], [ 564390.53883910481818, 45835.487184418729157 ], [ 564390.537043131422251, 45860.050666321236349 ], [ 564365.808561927755363, 45860.048858146838029 ], [ 564365.810357211274095, 45835.485377212753519 ] ], [ [ 564415.265302745159715, 45860.052475173994026 ], [ 564439.993785902159289, 45860.054284737663693 ], [ 564439.997379653272219, 45810.927206529544492 ], [ 564390.540634123957716, 45810.923591989034321 ], [ 564390.547804546542466, 45712.669664570727036 ], [ 564415.276068293605931, 45712.671467610758555 ], [ 564415.277859189314768, 45688.107874280685792 ], [ 564440.006347167422064, 45688.109677060172544 ], [ 564440.008137779776007, 45663.546193315494747 ], [ 564464.736627406789921, 45663.547995817476476 ], [ 564464.733043836196885, 45712.675075800485502 ], [ 564489.461310522165149, 45712.676880917708331 ], [ 564489.459516607923433, 45737.240366629164782 ], [ 564538.916385356220417, 45737.243980906125216 ], [ 564538.914589101681486, 45761.807468572187645 ], [ 564514.186210572835989, 45761.805660120735411 ], [ 564514.182616548263468, 45810.932633552620246 ], [ 564538.910993699217215, 45810.934443945378007 ], [ 564538.909194543375634, 45835.498042193437868 ], [ 564514.180818081833422, 45835.496230830023705 ], [ 564514.179018659400754, 45860.059717580210418 ], [ 564538.907394431065768, 45860.061529914273706 ], [ 564538.905593354487792, 45884.625017648824723 ], [ 564439.991987586254254, 45884.617768591837375 ], [ 564439.986586852814071, 45958.308330777610536 ], [ 564415.258106458815746, 45958.306517337266996 ], [ 564415.265302745159715, 45860.052475173994026 ] ], [ [ 564563.62855833012145, 45958.317408388538752 ], [ 564613.085420524235815, 45958.321044310680008 ], [ 564613.081805531866848, 46007.448136266408255 ], [ 564563.62494610529393, 46007.444496457923378 ], [ 564563.62855833012145, 45958.317408388538752 ] ], [ [ 565676.28988633339759, 47505.903923218866112 ], [ 565676.287987744668499, 47530.467567481784499 ], [ 565651.559614390600473, 47530.465656026586657 ], [ 565651.561512264423072, 47505.902012751423172 ], [ 565626.833139201044105, 47505.900103003557888 ], [ 565626.836930559598841, 47456.773039552819682 ], [ 565602.108557047089562, 47456.771132498543011 ], [ 565602.110450532985851, 47432.207712316303514 ], [ 565577.381966026034206, 47432.20580695890385 ], [ 565577.383857835200615, 47407.642166707832075 ], [ 565552.655484893126413, 47407.64026306373853 ], [ 565552.659264128888026, 47358.513205640003434 ], [ 565527.930890745134093, 47358.511304685780487 ], [ 565527.92900233832188, 47383.074721866716573 ], [ 565429.015410314197652, 47383.06712127476203 ], [ 565429.017295870115049, 47358.50370803369151 ], [ 565404.288816167507321, 47358.501810657602618 ], [ 565404.285045486874878, 47407.628856261704641 ], [ 565429.013523763627745, 47407.630755605881859 ], [ 565429.007858262513764, 47481.321437595848693 ], [ 565379.551129547529854, 47481.31763373954891 ], [ 565379.549240532214753, 47505.88104508381366 ], [ 565354.820767089258879, 47505.879143242607825 ], [ 565354.830198877723888, 47383.061428364584572 ], [ 565379.558675889973529, 47383.06332528929488 ], [ 565379.562443190719932, 47333.936281687107112 ], [ 565404.290700050303712, 47333.938177345124132 ], [ 565404.294464866863564, 47284.811131832218962 ], [ 565379.566206583753228, 47284.809238141519018 ], [ 565379.569966077222489, 47235.682084111387667 ], [ 565404.298225782462396, 47235.683975834755984 ], [ 565404.300104761496186, 47211.120563662538189 ], [ 565429.028588732820936, 47211.122455134369375 ], [ 565429.030467461678199, 47186.558820922633458 ], [ 565453.758953136741184, 47186.560712125152349 ], [ 565453.760831589228474, 47161.997187477900297 ], [ 565478.489096397417597, 47161.999078393346281 ], [ 565478.48721723514609, 47186.562604025377368 ], [ 565552.672460614470765, 47186.568284048473288 ], [ 565552.674341905978508, 47162.004755459856824 ], [ 565602.131214297376573, 47162.008543745505449 ], [ 565602.133096036617644, 47137.444902656956401 ], [ 565651.58986254374031, 47137.448691817102372 ], [ 565651.591744703939185, 47112.885269844191498 ], [ 565626.863360251416452, 47112.883375894511119 ], [ 565626.865240738727152, 47088.319733853400976 ], [ 565651.593625899869949, 47088.321626815690252 ], [ 565651.595506106270477, 47063.758094336088107 ], [ 565676.323892981279641, 47063.759987023855501 ], [ 565676.327651866595261, 47014.632920131349238 ], [ 565701.056041143136099, 47014.634811555726628 ], [ 565701.052280842326581, 47063.761880424499395 ], [ 565750.509170846315101, 47063.765669372922275 ], [ 565750.505403775954619, 47112.892852787590527 ], [ 565775.233793203253299, 47112.894750305342313 ], [ 565775.231907497975044, 47137.458177220745711 ], [ 565849.417190932785161, 47137.463877034206234 ], [ 565849.415302099427208, 47162.027528009697562 ], [ 565824.686799813061953, 47162.025626361821196 ], [ 565824.68491071392782, 47186.5891658198816 ], [ 565799.95663269655779, 47186.587263913483184 ], [ 565799.952852968126535, 47235.714340891950997 ], [ 565775.224354805424809, 47235.712437703921751 ], [ 565775.222464168677106, 47260.276085765850439 ], [ 565750.494079001247883, 47260.274182312605262 ], [ 565750.492188101401553, 47284.837718858274457 ], [ 565775.22057255753316, 47284.839623300758831 ], [ 565775.218679963494651, 47309.403160849789856 ], [ 565799.947175992419943, 47309.405067006693571 ], [ 565799.945281703490764, 47333.968605559493881 ], [ 565775.21678638656158, 47333.966698412972619 ], [ 565775.214891818235628, 47358.530346525163623 ], [ 565849.400156059069559, 47358.536073068455153 ], [ 565849.396359713282436, 47407.663154211804795 ], [ 565824.667864541290328, 47407.66124266024417 ], [ 565824.662164775538258, 47481.3519720359036 ], [ 565775.205404267297126, 47481.348145165386086 ], [ 565775.207303750095889, 47456.784496982356359 ], [ 565750.478924283059314, 47456.782585615146672 ], [ 565750.490296219009906, 47309.401255418059009 ], [ 565701.033420414314605, 47309.397446695795225 ], [ 565701.029636542196386, 47358.524626437902043 ], [ 565676.30125720507931, 47358.522721179673681 ], [ 565676.299364521866664, 47383.086144281551242 ], [ 565651.570986883714795, 47383.084238752911915 ], [ 565651.569093915168196, 47407.647881957156642 ], [ 565626.840717995539308, 47407.64597615882667 ], [ 565626.838824759470299, 47432.209618383567431 ], [ 565676.29557617707178, 47432.213432673459465 ], [ 565676.291783923748881, 47481.340500046106172 ], [ 565701.020159693318419, 47481.342410244978964 ], [ 565701.018261388409883, 47505.90583440586488 ], [ 565676.28988633339759, 47505.903923218866112 ] ], [ [ 565354.818877794896252, 47530.442774693634419 ], [ 565280.633799395058304, 47530.437070565414615 ], [ 565280.635686544585042, 47505.873442062053073 ], [ 565255.90721707243938, 47505.871543099121482 ], [ 565255.909102514851838, 47481.308136667583312 ], [ 565280.637572701554745, 47481.310034648711735 ], [ 565280.64134210604243, 47432.182998795047752 ], [ 565305.369703443953767, 47432.184895522477746 ], [ 565305.364045739872381, 47505.875341736005794 ], [ 565354.820767089258879, 47505.879143242607825 ], [ 565354.818877794896252, 47530.442774693634419 ] ], [ [ 565255.905330637819134, 47530.435170620672579 ], [ 565206.448618615744635, 47530.431372908082267 ], [ 565206.450503620435484, 47505.867747349031561 ], [ 565255.90721707243938, 47505.871543099121482 ], [ 565255.905330637819134, 47530.435170620672579 ] ], [ [ 566442.837968757143244, 47923.544656268684776 ], [ 566442.839905395638198, 47898.980980978732987 ], [ 566467.568299981765449, 47898.982930466983817 ], [ 566467.566362622310407, 47923.54660675660125 ], [ 566442.837968757143244, 47923.544656268684776 ] ], [ [ 564390.620413828641176, 44705.565815656045743 ], [ 564390.618662108667195, 44730.129407476604683 ], [ 564365.890149555751123, 44730.127643849846208 ], [ 564365.891900602960959, 44705.564052997724502 ], [ 564390.620413828641176, 44705.565815656045743 ] ], [ [ 561893.206776339211501, 42420.994216736362432 ], [ 561843.749933317420073, 42420.991001992297242 ], [ 561843.751528868684545, 42396.42750919736136 ], [ 561868.479894905118272, 42396.429115314022056 ], [ 561868.481490162783302, 42371.865732135454891 ], [ 561893.20996906189248, 42371.867337970645167 ], [ 561893.206776339211501, 42420.994216736362432 ] ], [ [ 561942.663511836202815, 42420.997434043347312 ], [ 561942.660312866792083, 42470.124206057604169 ], [ 561893.203579924302176, 42470.120985024965194 ], [ 561893.201980329467915, 42494.684369185175456 ], [ 561917.930234408704564, 42494.685980303838733 ], [ 561917.928633249481209, 42519.249365407995356 ], [ 561942.65711019479204, 42519.250978116418992 ], [ 561942.653903813217767, 42568.377860766588128 ], [ 561893.197175988461822, 42568.374632282611856 ], [ 561893.198778357938863, 42543.811248077938217 ], [ 561868.470303930342197, 42543.809635726698616 ], [ 561868.471904742298648, 42519.246141937735956 ], [ 561843.743541899835691, 42519.244531168646063 ], [ 561843.745141140418127, 42494.68114885706018 ], [ 561868.473504622350447, 42494.682758695671509 ], [ 561868.476701609208249, 42445.555992249661358 ], [ 561893.205178594216704, 42445.557600877444202 ], [ 561893.206776339211501, 42420.994216736362432 ], [ 561942.663511836202815, 42420.997434043347312 ] ], [ [ 561893.195572694181465, 42592.938016493739269 ], [ 561917.923824213095941, 42592.939631337307219 ], [ 561917.922219352913089, 42617.503016492395545 ], [ 561942.650693736388348, 42617.504632927244529 ], [ 561942.647479949868284, 42666.63151567310706 ], [ 561967.375842708512209, 42666.633134610143316 ], [ 561967.374233788228594, 42691.196521673387906 ], [ 562016.830960828461684, 42691.199763351294678 ], [ 562016.832571032922715, 42666.63637442298932 ], [ 562041.56093659659382, 42666.637995298799069 ], [ 562041.55771397636272, 42715.764775028081203 ], [ 561942.644262468093075, 42715.758287942131574 ], [ 561942.642652331502177, 42740.321784626852605 ], [ 562016.827737632091157, 42740.32665176786395 ], [ 562016.821280125994235, 42838.580318226617237 ], [ 562041.549641186953522, 42838.581945634054136 ], [ 562041.548023850773461, 42863.145335578738013 ], [ 561992.091303945984691, 42863.142079546909372 ], [ 561992.089686972787604, 42887.705467638625123 ], [ 562066.274877589195967, 42887.71035546681378 ], [ 562066.276496497681364, 42863.146964575826132 ], [ 562115.733222043607384, 42863.150224503056961 ], [ 562115.73645965626929, 42814.023439023498213 ], [ 562140.464825133327395, 42814.025068091803405 ], [ 562140.468060328043066, 42764.898170253836724 ], [ 562165.196539299329743, 42764.899798108053801 ], [ 562165.193302817060612, 42814.026697815934313 ], [ 562214.650038480875082, 42814.029959195002448 ], [ 562214.645172933116555, 42887.720148655214871 ], [ 562239.373651508009061, 42887.721783133034478 ], [ 562239.372027153964154, 42912.285180581478926 ], [ 562264.100283486419357, 42912.286816630621615 ], [ 562264.105155693832785, 42838.596621514443541 ], [ 562288.833637443953194, 42838.598255417848122 ], [ 562288.830388946342282, 42887.725054022776021 ], [ 562313.558759087347426, 42887.726690442061226 ], [ 562313.548987362533808, 43035.107313269167207 ], [ 562288.820621099905111, 43035.105671226796403 ], [ 562288.822251406149007, 43010.542161300298176 ], [ 562264.093774176784791, 43010.540520839189412 ], [ 562264.092144517810084, 43035.104029828871717 ], [ 562239.363891418208368, 43035.102389097562991 ], [ 562239.365520429797471, 43010.538881044318259 ], [ 562214.637045085895807, 43010.537241886151605 ], [ 562214.63378743478097, 43059.664145592862042 ], [ 562189.905425593489781, 43059.662505222149775 ], [ 562189.90379602520261, 43084.225900888879551 ], [ 562165.175435770885088, 43084.224260235059774 ], [ 562165.173805921687745, 43108.78765497936547 ], [ 562140.445335994591005, 43108.786014035787957 ], [ 562140.443705865181983, 43133.349407858040649 ], [ 562115.715348793426529, 43133.347766640225018 ], [ 562115.712087040301412, 43182.474662994798564 ], [ 562090.983732216292992, 43182.473020561898011 ], [ 562090.980468057794496, 43231.599804559256881 ], [ 562016.795301832840778, 43231.594875576833147 ], [ 562016.796932425233535, 43207.031486372070503 ], [ 562066.253747358685359, 43207.034769841455272 ], [ 562066.257008369429968, 43157.907877197125345 ], [ 562090.985362911131233, 43157.909518042120908 ], [ 562090.988621502649039, 43108.782734122272814 ], [ 562066.260265663033351, 43108.781095144950086 ], [ 562066.258637479972094, 43133.344486164583941 ], [ 562016.801818649284542, 43133.341208294863463 ], [ 562016.803445534780622, 43108.777819141781947 ], [ 561942.618389296345413, 43108.772910045234312 ], [ 561942.620013309875503, 43084.209523702076694 ], [ 561917.891551176086068, 43084.207889566707308 ], [ 561917.888303520623595, 43133.334660402710142 ], [ 561893.16006618947722, 43133.333025072184682 ], [ 561893.156816124334, 43182.459904637828004 ], [ 561868.428358464268968, 43182.458268084184965 ], [ 561868.434852291829884, 43084.204623268429714 ], [ 561843.706504260888323, 43084.202991098165512 ], [ 561843.708124756580219, 43059.639608492070693 ], [ 561794.251318902825005, 43059.636347961786669 ], [ 561794.256170968641527, 42985.94609525991109 ], [ 561818.984631007770076, 42985.947722413380689 ], [ 561818.981395923881792, 43035.07459624139301 ], [ 561843.709744328167289, 43035.076225898861594 ], [ 561843.711362982867286, 43010.512732778086502 ], [ 561868.439712956896983, 43010.514362156900461 ], [ 561868.444565301411785, 42936.824101167483605 ], [ 561893.173029440105893, 42936.825728412513854 ], [ 561893.169794173096307, 42985.952607765706489 ], [ 561917.898035391350277, 42985.954237508885853 ], [ 561917.899654137552716, 42961.390741627554235 ], [ 561967.356474536587484, 42961.394001225613465 ], [ 561967.361329076695256, 42887.703839664216503 ], [ 561942.632972110528499, 42887.702212339412654 ], [ 561942.634587793494575, 42863.138826112008246 ], [ 561917.906119840685278, 42863.137200361095893 ], [ 561917.907733953325078, 42838.573815078139887 ], [ 561893.179488861118443, 42838.572190922313894 ], [ 561893.181101404246874, 42814.008806583391561 ], [ 561868.45263404014986, 42814.007183992667706 ], [ 561868.454245021566749, 42789.443690056978085 ], [ 561818.997534377849661, 42789.440448696201202 ], [ 561818.999143140390515, 42764.87706717436231 ], [ 561893.18432372296229, 42764.881927403534064 ], [ 561893.182713029673323, 42789.44531171683775 ], [ 561917.910959410131909, 42789.446934010215045 ], [ 561917.917399213649333, 42691.193282574698969 ], [ 561893.189150260994211, 42691.191664006226347 ], [ 561893.190757254720666, 42666.628279737793491 ], [ 561917.919006849522702, 42666.629897375038126 ], [ 561917.92061356024351, 42642.066512194433017 ], [ 561893.192363323760219, 42642.064895488409093 ], [ 561893.193968474981375, 42617.501400717606884 ], [ 561868.465495969401672, 42617.499785573781992 ], [ 561868.46228603227064, 42666.62666273224022 ], [ 561819.005568959983066, 42666.623430674466363 ], [ 561819.008776330738328, 42617.496557237209345 ], [ 561843.737135688890703, 42617.498171082741464 ], [ 561843.740340639022179, 42568.371406370439217 ], [ 561893.197175988461822, 42568.374632282611856 ], [ 561893.195572694181465, 42592.938016493739269 ] ], [ [ 561942.652299237553962, 42592.941246840549866 ], [ 561992.109029533225112, 42592.944479767917073 ], [ 561992.107422749861144, 42617.507867718937632 ], [ 561942.650693736388348, 42617.504632927244529 ], [ 561942.652299237553962, 42592.941246840549866 ] ], [ [ 561992.104206397081725, 42666.634754193437402 ], [ 561992.105815033079125, 42642.071366216907336 ], [ 562016.834180310717784, 42642.072985513746971 ], [ 562016.832571032922715, 42666.63637442298932 ], [ 561992.104206397081725, 42666.634754193437402 ] ], [ [ 562016.793670313782059, 43256.158264794532442 ], [ 561967.336973015568219, 43256.15498022018437 ], [ 561967.338603233336471, 43231.591592867545842 ], [ 562016.795301832840778, 43231.594875576833147 ], [ 562016.793670313782059, 43256.158264794532442 ] ], [ [ 561942.610255337203853, 43231.589952495116449 ], [ 561942.608625769964419, 43256.153338915784843 ], [ 561917.880168182891794, 43256.151698259192926 ], [ 561917.878538341028616, 43280.715083761206188 ], [ 561893.150304910377599, 43280.713442843334633 ], [ 561893.153562367078848, 43231.586673714708013 ], [ 561917.881797099485993, 43231.588312770130869 ], [ 561917.883425090811215, 43207.024927294005465 ], [ 561942.611883978825063, 43207.026566087391984 ], [ 561942.613511694828048, 43182.46317969258962 ], [ 561967.341860891086981, 43182.464818201071466 ], [ 561967.338603233336471, 43231.591592867545842 ], [ 561942.610255337203853, 43231.589952495116449 ] ], [ [ 561843.704882840975188, 43108.766373717153328 ], [ 561794.248079580138437, 43108.763109467159666 ], [ 561794.249699703184888, 43084.199728708023031 ], [ 561843.706504260888323, 43084.202991098165512 ], [ 561843.704882840975188, 43108.766373717153328 ] ], [ [ 561893.176261000335217, 42887.698959638611996 ], [ 561917.904504802776501, 42887.700585656893963 ], [ 561917.902888839598745, 42912.263970965490444 ], [ 561942.631355501944199, 42912.265598579615471 ], [ 561942.62973796762526, 42936.828984838968609 ], [ 561893.173029440105893, 42936.825728412513854 ], [ 561893.176261000335217, 42887.698959638611996 ] ], [ [ 561843.748336849268526, 42445.554384272028983 ], [ 561819.019973011687398, 42445.552776937300223 ], [ 561819.021568841533735, 42420.989395587683248 ], [ 561843.749933317420073, 42420.991001992297242 ], [ 561843.748336849268526, 42445.554384272028983 ] ], [ [ 561596.44376319355797, 42764.862521472299704 ], [ 561596.442160223494284, 42789.425894639862236 ], [ 561571.71370343095623, 42789.424280757426459 ], [ 561571.715305757476017, 42764.860908516260679 ], [ 561596.44376319355797, 42764.862521472299704 ] ], [ [ 561373.7744414183544, 44484.285256705297797 ], [ 561373.772780035273172, 44508.848733003280358 ], [ 561398.501072128652595, 44508.850406332516286 ], [ 561398.499409166048281, 44533.413773026863055 ], [ 561349.042715983465314, 44533.410425188572844 ], [ 561349.046038319822401, 44484.283584965734917 ], [ 561373.7744414183544, 44484.285256705297797 ] ], [ [ 560112.662146284594201, 44017.497353738035599 ], [ 560137.390516050392762, 44017.498974604037357 ], [ 560137.387293495819904, 44066.625614236480033 ], [ 560112.658925055409782, 44066.623991561595176 ], [ 560112.662146284594201, 44017.497353738035599 ] ], [ [ 560186.842196589219384, 44091.192293753905687 ], [ 560186.840581738273613, 44115.755615413101623 ], [ 560112.655700225848705, 44115.750739971808798 ], [ 560112.657313086092472, 44091.187421027047094 ], [ 560186.842196589219384, 44091.192293753905687 ] ], [ [ 560186.843810548074543, 44066.628861574004986 ], [ 560211.572070445399731, 44066.630486243950145 ], [ 560211.570455823442899, 44091.193919329401979 ], [ 560186.842196589219384, 44091.192293753905687 ], [ 560186.843810548074543, 44066.628861574004986 ] ], [ [ 560038.464374460396357, 44213.999246151339321 ], [ 560038.465988918673247, 44189.435929864775972 ], [ 560063.194351298268884, 44189.437555053933465 ], [ 560063.192736175027676, 44214.000872243821505 ], [ 560038.464374460396357, 44213.999246151339321 ] ], [ [ 560137.364634938305244, 44410.512535298956209 ], [ 560137.359756624093279, 44484.202495403354988 ], [ 560087.903154587256722, 44484.199219983696821 ], [ 560087.904780252370983, 44459.635901744091825 ], [ 560063.176535563892685, 44459.634265952307032 ], [ 560063.17815966240596, 44435.070948629705526 ], [ 560087.906405019573867, 44435.072583517794556 ], [ 560087.908028888981789, 44410.509265304812288 ], [ 560137.364634938305244, 44410.512535298956209 ] ], [ [ 560186.806462076609023, 44631.585926019623003 ], [ 560186.808095814427361, 44607.022604081510508 ], [ 560211.536341036320664, 44607.024248673638795 ], [ 560211.537974553066306, 44582.460815303144045 ], [ 560236.266221349244006, 44582.462459664980997 ], [ 560236.264587161596864, 44607.025893941405229 ], [ 560285.721193445031531, 44607.029186511266744 ], [ 560285.714642347767949, 44705.282488841716258 ], [ 560236.258041439228691, 44705.279189019987825 ], [ 560236.254763169912621, 44754.405947179737268 ], [ 560211.526521078194492, 44754.404296476423042 ], [ 560211.528159986017272, 44729.840973565856984 ], [ 560186.799918124452233, 44729.839324445965758 ], [ 560186.803191902930848, 44680.71256993595307 ], [ 560211.531435109791346, 44680.714217244742031 ], [ 560211.533071318408474, 44656.150894374331983 ], [ 560162.076473207096569, 44656.147602236836974 ], [ 560162.078107172623277, 44631.58428119054588 ], [ 560186.806462076609023, 44631.585926019623003 ] ], [ [ 560211.524881263263524, 44778.967729934265662 ], [ 560186.796640748390928, 44778.966079003264895 ], [ 560186.798279889742844, 44754.402646450973407 ], [ 560211.526521078194492, 44754.404296476423042 ], [ 560211.524881263263524, 44778.967729934265662 ] ], [ [ 560236.253122681519017, 44778.969381543509371 ], [ 560236.251481307670474, 44803.532594852891634 ], [ 560211.523240563343279, 44803.530942337732995 ], [ 560211.524881263263524, 44778.967729934265662 ], [ 560236.253122681519017, 44778.969381543509371 ] ], [ [ 560384.612926856381819, 44926.359391918347683 ], [ 560384.614576800144278, 44901.795952030646731 ], [ 560409.34282124962192, 44901.797612930218747 ], [ 560409.341170630184934, 44926.361053726453974 ], [ 560384.612926856381819, 44926.359391918347683 ] ], [ [ 560409.346119765657932, 44852.670952445914736 ], [ 560359.889629094279371, 44852.667634960234864 ], [ 560359.892921309103258, 44803.540867622803489 ], [ 560434.077662727795541, 44803.545839419188269 ], [ 560434.076015052269213, 44828.109170536670717 ], [ 560458.80426335404627, 44828.110830068631913 ], [ 560458.800963936722837, 44877.237604702633689 ], [ 560434.072716984665021, 44877.235943352126924 ], [ 560434.071066599921323, 44901.79927450989635 ], [ 560409.34282124962192, 44901.797612930218747 ], [ 560409.346119765657932, 44852.670952445914736 ] ], [ [ 559766.310216587153263, 46350.991320263332454 ], [ 559741.582036295672879, 46350.98962401409517 ], [ 559741.585403699660674, 46301.862900184045429 ], [ 559766.313585385214537, 46301.864594635575486 ], [ 559766.310216587153263, 46350.991320263332454 ] ], [ [ 559815.766579877235927, 46350.994714867942093 ], [ 559815.764892747276463, 46375.558024234531331 ], [ 559791.036822630208917, 46375.556325689249206 ], [ 559791.035135304322466, 46400.119634170136123 ], [ 559766.30684422433842, 46400.117935412774386 ], [ 559766.310216587153263, 46350.991320263332454 ], [ 559815.766579877235927, 46350.994714867942093 ] ], [ [ 561546.666238530771807, 47431.904837511130609 ], [ 561571.394343560910784, 47431.906625746414647 ], [ 561571.392566429334693, 47456.469890018517617 ], [ 561546.664462113054469, 47456.468100857237005 ], [ 561546.666238530771807, 47431.904837511130609 ] ], [ [ 566492.369717387133278, 46965.568470220568997 ], [ 566517.098029831657186, 46965.570383135760494 ], [ 566517.096128810429946, 46990.133950352115789 ], [ 566492.367817072663456, 46990.132036436523777 ], [ 566492.369717387133278, 46965.568470220568997 ] ], [ [ 565453.838843451230787, 46130.328170062581194 ], [ 565478.567137736361474, 46130.330019617191283 ], [ 565478.565299669397064, 46154.893544663464127 ], [ 565453.837006078567356, 46154.891694124067726 ], [ 565453.838843451230787, 46130.328170062581194 ] ], [ [ 561596.083346650120802, 47972.303126287246414 ], [ 561620.811437741853297, 47972.304936347674811 ], [ 561620.809638916980475, 47996.868313327446231 ], [ 561596.081548547139391, 47996.866502340279112 ], [ 561596.083346650120802, 47972.303126287246414 ] ], [ [ 562783.070245859213173, 47554.81234369816957 ], [ 562807.798505671671592, 47554.814172586047789 ], [ 562807.796688156318851, 47579.377483703428879 ], [ 562783.068429059581831, 47579.375653870949463 ], [ 562783.070245859213173, 47554.81234369816957 ] ], [ [ 560260.981476296670735, 44778.971033838424773 ], [ 560285.709719551028684, 44778.972686804154364 ], [ 560285.708076829323545, 44803.535901926501538 ], [ 560260.97983424901031, 44803.534248054107593 ], [ 560260.981476296670735, 44778.971033838424773 ] ], [ [ 561596.45016587653663, 42666.608918389589235 ], [ 561621.178404248552397, 42666.610528271805379 ], [ 561621.176804318092763, 42691.173902321257629 ], [ 561596.448566588223912, 42691.172291512280935 ], [ 561596.45016587653663, 42666.608918389589235 ] ], [ [ 564687.322708535473794, 45245.984531097608851 ], [ 564712.050997014157474, 45245.986323954602994 ], [ 564712.049215281265788, 45270.54981815355859 ], [ 564687.32092748361174, 45270.548024323317804 ], [ 564687.322708535473794, 45245.984531097608851 ] ], [ [ 562585.227756920387037, 47775.868568050660542 ], [ 562609.955891392426565, 47775.870399642575649 ], [ 562609.954071174026467, 47800.433813876268687 ], [ 562585.225937420967966, 47800.43198134272825 ], [ 562585.227756920387037, 47775.868568050660542 ] ], [ [ 560903.911784628406167, 44852.704276799333456 ], [ 560928.639938430394977, 44852.705950140880304 ], [ 560928.63827544846572, 44877.269299541338114 ], [ 560903.910122321452945, 44877.267625283449888 ], [ 560903.911784628406167, 44852.704276799333456 ] ], [ [ 561596.462927061249502, 42470.101712842872075 ], [ 561621.191170556936413, 42470.10331531099655 ], [ 561621.189577993005514, 42494.66668925221893 ], [ 561596.46133513643872, 42494.665085857333906 ], [ 561596.462927061249502, 42470.101712842872075 ] ], [ [ 561472.456560371094383, 47775.78689492821286 ], [ 561497.184652565047145, 47775.788693956557836 ], [ 561497.182864701608196, 47800.35206618540542 ], [ 561472.454773226636462, 47800.350266232177091 ], [ 561472.456560371094383, 47775.78689492821286 ] ], [ [ 561645.543348660459742, 47923.179991392848024 ], [ 561670.27155433781445, 47923.181801059676218 ], [ 561670.269755920162424, 47947.745069324919314 ], [ 561645.541550964000635, 47947.74325873061025 ], [ 561645.543348660459742, 47923.179991392848024 ] ], [ [ 561645.584441658807918, 47358.221751580349519 ], [ 561670.312663822085597, 47358.223539914913999 ], [ 561670.310886599938385, 47382.786807852164202 ], [ 561645.582665149355307, 47382.785018590111576 ], [ 561645.584441658807918, 47358.221751580349519 ] ], [ [ 563030.349460448953323, 47603.957525360710861 ], [ 563055.077839634264819, 47603.959363356458198 ], [ 563055.076013077748939, 47628.522683968767524 ], [ 563030.347634608857334, 47628.520845024700975 ], [ 563030.349460448953323, 47603.957525360710861 ] ], [ [ 566393.381072742398828, 47923.540757461771136 ], [ 566418.109575883951038, 47923.542706506668765 ], [ 566418.107638991205022, 47948.106159741677402 ], [ 566393.379136570845731, 47948.104209697870829 ], [ 566393.381072742398828, 47923.540757461771136 ] ], [ [ 561596.120894230436534, 47456.471679914699052 ], [ 561620.849000397836789, 47456.473470513570646 ], [ 561620.847220901865512, 47481.036957721255021 ], [ 561596.119115448789671, 47481.035166195644706 ], [ 561596.120894230436534, 47456.471679914699052 ] ], [ [ 563129.262649074662477, 47603.964881645115383 ], [ 563153.99103207886219, 47603.966722525037767 ], [ 563153.989202656666748, 47628.530046934341954 ], [ 563129.260820368886925, 47628.528205104608787 ], [ 563129.262649074662477, 47603.964881645115383 ] ], [ [ 561546.652001373819076, 47628.411828957338003 ], [ 561571.380100683076307, 47628.413624600601906 ], [ 561571.378316175076179, 47652.977110061066924 ], [ 561546.650217582588084, 47652.975313491806446 ], [ 561546.652001373819076, 47628.411828957338003 ] ], [ [ 565874.244320425903425, 45835.59688689927134 ], [ 565898.972751198103651, 45835.598736447296687 ], [ 565898.970913145691156, 45860.162278126954334 ], [ 565874.242483063251711, 45860.160427587812592 ], [ 565874.244320425903425, 45835.59688689927134 ] ], [ [ 564959.239251983119175, 46547.87123455217079 ], [ 564983.967625950928777, 46547.873086755396798 ], [ 564983.965785261010751, 46572.436592412166647 ], [ 564959.237411993788555, 46572.434739231597632 ], [ 564959.239251983119175, 46547.87123455217079 ] ], [ [ 565750.605735091492534, 45786.460467587712628 ], [ 565775.334162258193828, 45786.462311685885652 ], [ 565775.332329620723613, 45811.025848386292637 ], [ 565750.603903143084608, 45811.02400329887314 ], [ 565750.605735091492534, 45786.460467587712628 ] ], [ [ 564984.015143093885854, 45909.221281296267989 ], [ 565008.743536132853478, 45909.223108783844509 ], [ 565008.741719999816269, 45933.78661505891796 ], [ 564984.013327651773579, 45933.784786593627359 ], [ 564984.015143093885854, 45909.221281296267989 ] ], [ [ 565948.319514280650765, 47284.852974469475157 ], [ 565973.04790671588853, 47284.854884641717945 ], [ 565973.046008428791538, 47309.418430118115793 ], [ 565948.317616705200635, 47309.416518953650666 ], [ 565948.319514280650765, 47284.852974469475157 ] ], [ [ 560953.363322005490772, 44926.397785702691181 ], [ 560978.091586914844811, 44926.399463161753374 ], [ 560978.089919849298894, 44950.962814436330518 ], [ 560953.361655616085045, 44950.961136060184799 ], [ 560953.363322005490772, 44926.397785702691181 ] ], [ [ 566739.699700618395582, 46376.061253291343746 ], [ 566764.428151280386373, 46376.063149229856208 ], [ 566764.426267135073431, 46400.62672613603354 ], [ 566739.697817171108909, 46400.624829193395271 ], [ 566739.699700618395582, 46376.061253291343746 ] ], [ [ 562535.771156964823604, 47775.864907013019547 ], [ 562560.499400832108222, 47775.866737165895756 ], [ 562560.497582051786594, 47800.430149516716483 ], [ 562535.769338903366588, 47800.428318422957091 ], [ 562535.771156964823604, 47775.864907013019547 ] ], [ [ 564637.865800671512261, 45245.980947415424453 ], [ 564662.594198468257673, 45245.98273890982091 ], [ 564662.592418097308837, 45270.546231162632466 ], [ 564637.864020981476642, 45270.544438695724239 ], [ 564637.865800671512261, 45245.980947415424453 ] ], [ [ 564885.169632909237407, 44975.800051245918439 ], [ 564909.898047981201671, 44975.801838855055394 ], [ 564909.896271470352076, 45000.36534070509515 ], [ 564885.167857075226493, 45000.363552119721135 ], [ 564885.169632909237407, 44975.800051245918439 ] ], [ [ 564563.664468285162002, 45467.047083356170333 ], [ 564588.392857004655525, 45467.048881537142734 ], [ 564588.391069990117103, 45491.612370995600941 ], [ 564563.662681954912841, 45491.610571843237267 ], [ 564563.664468285162002, 45467.047083356170333 ] ], [ [ 565082.928832406643778, 45909.22859542707738 ], [ 565107.657229382894002, 45909.230425696179736 ], [ 565107.655410486040637, 45933.793935885863903 ], [ 565082.927014200831763, 45933.792104637555894 ], [ 565082.928832406643778, 45909.22859542707738 ] ], [ [ 564885.068692929111421, 46351.35755812064599 ], [ 564909.797069526393898, 46351.359400398869184 ], [ 564909.795238697784953, 46375.922903013590258 ], [ 564885.066862797946669, 46375.921059759137279 ], [ 564885.068692929111421, 46351.35755812064599 ] ], [ [ 565082.881242926581763, 46547.880502627180249 ], [ 565107.609621818526648, 46547.882358355673205 ], [ 565107.607777625904419, 46572.445868904753297 ], [ 565082.879399434430525, 46572.44401219705469 ], [ 565082.881242926581763, 46547.880502627180249 ] ], [ [ 562165.164007311221212, 43256.168134256826306 ], [ 562189.892363018821925, 43256.169781457887439 ], [ 562189.890726016019471, 43280.733177227964916 ], [ 562165.162370959413238, 43280.731529091579432 ], [ 562165.164007311221212, 43256.168134256826306 ] ], [ [ 561373.909138662507758, 42445.523954820382642 ], [ 561398.637485703337006, 42445.525550582795404 ], [ 561398.635899809421971, 42470.088916183813126 ], [ 561373.907553407363594, 42470.087319497979479 ], [ 561373.909138662507758, 42445.523954820382642 ] ], [ [ 566962.238972027320415, 46597.150828199715761 ], [ 566986.967425518552773, 46597.152739527693484 ], [ 566986.965526082669385, 46621.716325612833316 ], [ 566962.23707329260651, 46621.71441327737557 ], [ 566962.238972027320415, 46597.150828199715761 ] ], [ [ 561670.620773511938751, 42887.684354618504585 ], [ 561695.349120183032937, 42887.685974797663221 ], [ 561695.347510028979741, 42912.249351738595578 ], [ 561670.619164003292099, 42912.247730631555896 ], [ 561670.620773511938751, 42887.684354618504585 ] ], [ [ 565157.053554209764116, 46719.830880864836217 ], [ 565181.781931152101606, 46719.832745570747647 ], [ 565181.780078039621003, 46744.396259157292661 ], [ 565157.051701800432056, 46744.394393471062358 ], [ 565157.053554209764116, 46719.830880864836217 ] ], [ [ 561670.267956564901397, 47972.308558672804793 ], [ 561694.996161747490987, 47972.310370921215508 ], [ 561694.994360756827518, 47996.873750683458638 ], [ 561670.266156296129338, 47996.871937507188704 ], [ 561670.267956564901397, 47972.308558672804793 ] ], [ [ 561720.103226455044933, 42494.673109311559529 ], [ 561744.831585257896222, 42494.674715931905666 ], [ 561744.829988575540483, 42519.23809452525893 ], [ 561720.101630412158556, 42519.236486976282322 ], [ 561720.103226455044933, 42494.673109311559529 ] ], [ [ 563747.548901405767538, 46547.781340190813353 ], [ 563772.277227611746639, 46547.783157846592076 ], [ 563772.275421247933991, 46572.346616050926968 ], [ 563747.547095742542297, 46572.344797436031513 ], [ 563747.548901405767538, 46547.781340190813353 ] ], [ [ 565330.167148300679401, 46523.335572285264789 ], [ 565354.89553776930552, 46523.33743408137525 ], [ 565354.893687547883019, 46547.900954435346648 ], [ 565330.16529877949506, 46547.899091656305245 ], [ 565330.167148300679401, 46523.335572285264789 ] ], [ [ 561942.499027691083029, 44877.338529751526949 ], [ 561967.227331177913584, 44877.340232565868064 ], [ 561967.225638919277117, 44901.903620801997022 ], [ 561942.497336107771844, 44901.901917055693048 ], [ 561942.499027691083029, 44877.338529751526949 ] ], [ [ 561769.43591778469272, 44361.495082850167819 ], [ 561794.164228799752891, 44361.49676138972427 ], [ 561794.1625606600428, 44386.060142835711304 ], [ 561769.434250312740915, 44386.05846336678951 ], [ 561769.43591778469272, 44361.495082850167819 ] ], [ [ 565231.253489055787213, 46523.328132139264198 ], [ 565255.981874572113156, 46523.329991116646852 ], [ 565255.980027151410468, 46547.893507541135477 ], [ 565231.25164233520627, 46547.891647582313453 ], [ 565231.253489055787213, 46523.328132139264198 ] ], [ [ 561819.03112442814745, 42273.608997253497364 ], [ 561843.759492726996541, 42273.610598077415489 ], [ 561843.757901803590357, 42298.173980274819769 ], [ 561819.029534140951, 42298.172378520786879 ], [ 561819.03112442814745, 42273.608997253497364 ] ], [ [ 561843.722667646594346, 42838.568944535305491 ], [ 561868.451022141380236, 42838.570567400725849 ], [ 561868.44940931815654, 42863.133950821589679 ], [ 561843.721055468195118, 42863.132327025690756 ], [ 561843.722667646594346, 42838.568944535305491 ] ], [ [ 566665.533002152806148, 46130.419620441563893 ], [ 566690.261456757201813, 46130.421504242520314 ], [ 566690.259584671584889, 46154.985077999168425 ], [ 566665.531130761373788, 46154.983193195199419 ], [ 566665.533002152806148, 46130.419620441563893 ] ], [ [ 561794.289902718854137, 42470.114550664555281 ], [ 561819.018376258201897, 42470.11615829335642 ], [ 561819.016778580844402, 42494.679539662109164 ], [ 561794.288305680733174, 42494.677931103564333 ], [ 561794.289902718854137, 42470.114550664555281 ] ], [ [ 565280.712219493230805, 46498.768222886188596 ], [ 565305.44060768338386, 46498.770082290757273 ], [ 565305.438759829849005, 46523.333711193830823 ], [ 565280.710372339468449, 46523.331850807080627 ], [ 565280.712219493230805, 46498.768222886188596 ] ], [ [ 565156.993794129579328, 47505.863954477201332 ], [ 565181.722148388507776, 47505.865850553338532 ], [ 565181.720264098839834, 47530.429475131692016 ], [ 565156.991910554817878, 47530.427578075235942 ], [ 565156.993794129579328, 47505.863954477201332 ] ], [ [ 565354.86954577290453, 46867.227051840993227 ], [ 565379.598037675023079, 46867.228928116404859 ], [ 565379.596173075726256, 46891.792449642845895 ], [ 565354.867681878968142, 46891.790572384139523 ], [ 565354.86954577290453, 46867.227051840993227 ] ], [ [ 565404.381812720792368, 46130.324473016262345 ], [ 565429.110327589209192, 46130.326321190055751 ], [ 565429.10849091084674, 46154.88984426711977 ], [ 565404.379976736730896, 46154.887995109282201 ], [ 565404.381812720792368, 46130.324473016262345 ] ], [ [ 561621.152694835909642, 43059.624956661376928 ], [ 561645.881146387546323, 43059.62658203861065 ], [ 561645.879531076061539, 43084.189957214221067 ], [ 561621.151080172508955, 43084.188330909848446 ], [ 561621.152694835909642, 43059.624956661376928 ] ], [ [ 561621.184794769156724, 42568.356921692626202 ], [ 561645.91325920401141, 42568.35852852701646 ], [ 561645.911662316299044, 42592.921903446302167 ], [ 561621.183198522077873, 42592.920295684765733 ], [ 561621.184794769156724, 42568.356921692626202 ] ], [ [ 562214.269214403582737, 48242.546321035595611 ], [ 562238.997543526929803, 48242.548159574274905 ], [ 562238.995716422679834, 48267.111559995653806 ], [ 562214.26738802541513, 48267.109720520929841 ], [ 562214.269214403582737, 48242.546321035595611 ] ], [ [ 565058.143530066707171, 46670.696301230876998 ], [ 565082.872015732340515, 46670.698161156855349 ], [ 565082.870167377521284, 46695.261670796418912 ], [ 565058.141682414337993, 46695.259809891605983 ], [ 565058.143530066707171, 46670.696301230876998 ] ], [ [ 561571.34243292058818, 48144.245164162501169 ], [ 561596.070740584516898, 48144.246979997238668 ], [ 561596.0689360385295, 48168.810356144691468 ], [ 561571.340629099169746, 48168.808539383579046 ], [ 561571.34243292058818, 48144.245164162501169 ] ], [ [ 562313.231241456232965, 47579.341023947490612 ], [ 562337.959482549922541, 47579.342840087330842 ], [ 562337.957677684607916, 47603.906354403712612 ], [ 562313.229437306988984, 47603.904537326328864 ], [ 562313.231241456232965, 47579.341023947490612 ] ], [ [ 565577.460578013095073, 46400.536465587480052 ], [ 565602.189092168002389, 46400.538329505594447 ], [ 565602.187239846447483, 46425.101859639842587 ], [ 565577.458726389799267, 46425.099994735079235 ], [ 565577.460578013095073, 46400.536465587480052 ] ], [ [ 565824.791019594296813, 45786.466001962799055 ], [ 565849.519561038701795, 45786.467848149848578 ], [ 565849.51772633404471, 45811.031387820257805 ], [ 565824.789185578585602, 45811.029540642834036 ], [ 565824.791019594296813, 45786.466001962799055 ] ], [ [ 562387.410657164640725, 47653.03680209540471 ], [ 562412.13889893097803, 47653.038623213193205 ], [ 562412.137089119525626, 47677.602140387178224 ], [ 562387.408848070423119, 47677.600318330732989 ], [ 562387.410657164640725, 47653.03680209540471 ] ], [ [ 565874.141803590231575, 47186.592971802550892 ], [ 565898.870195873314515, 47186.594875861701439 ], [ 565898.868303651572205, 47211.158528840955114 ], [ 565874.139912078622729, 47211.156623790688172 ], [ 565874.141803590231575, 47186.592971802550892 ] ], [ [ 561448.092595394817181, 42470.092111485311761 ], [ 561472.821055867010728, 42470.093710108172672 ], [ 561472.819467138149776, 42494.657078494376037 ], [ 561448.091007305076346, 42494.65547894698102 ], [ 561448.092595394817181, 42470.092111485311761 ] ], [ [ 562486.318191256839782, 47726.734429847980209 ], [ 562511.046545941033401, 47726.736256681528175 ], [ 562511.044730466790497, 47751.2996671286528 ], [ 562486.31637650099583, 47751.297839354971074 ], [ 562486.318191256839782, 47726.734429847980209 ] ], [ [ 562511.030173037317581, 47947.807061710904236 ], [ 562535.758410902810283, 47947.808897723705741 ], [ 562535.756586291827261, 47972.372419768194959 ], [ 562511.02834914799314, 47972.370582814881345 ], [ 562511.030173037317581, 47947.807061710904236 ] ], [ [ 565997.864440731354989, 46130.369021887869167 ], [ 566022.592979472014122, 46130.370886831326061 ], [ 566022.591126131359488, 46154.934433637077746 ], [ 565997.862588085001335, 46154.932567700641812 ], [ 565997.864440731354989, 46130.369021887869167 ] ], [ [ 560409.157591070281342, 47579.203345184854697 ], [ 560433.885760588222183, 47579.205105834000278 ], [ 560433.884010858251713, 47603.768549048465502 ], [ 560409.155842056265101, 47603.766787490421848 ], [ 560409.157591070281342, 47579.203345184854697 ] ], [ [ 562634.693340035271831, 47653.055045769833669 ], [ 562659.421591269783676, 47653.056874105430325 ], [ 562659.419774286798202, 47677.620400686413632 ], [ 562634.691523769521154, 47677.618571408442222 ], [ 562634.693340035271831, 47653.055045769833669 ] ], [ [ 564786.189620619290508, 45884.643188937690866 ], [ 564810.918117763474584, 45884.645009895677504 ], [ 564810.916308126295917, 45909.208508345676819 ], [ 564786.187811672687531, 45909.206686412944691 ], [ 564786.189620619290508, 45884.643188937690866 ] ], [ [ 562659.417956383898854, 47702.183706213021651 ], [ 562684.146207146695815, 47702.185537155884958 ], [ 562684.1443875732366, 47726.749064708150399 ], [ 562659.416137528256513, 47726.747232822541264 ], [ 562659.417956383898854, 47702.183706213021651 ] ], [ [ 564712.002550767851062, 45909.201224803429795 ], [ 564736.731044276501052, 45909.203044650013908 ], [ 564736.729235743638128, 45933.766540190626984 ], [ 564712.000742925913073, 45933.764719370410603 ], [ 564712.002550767851062, 45909.201224803429795 ] ], [ [ 560359.696009328123182, 47652.889926496412954 ], [ 560384.424174867686816, 47652.891688428695488 ], [ 560384.422423862735741, 47677.455129868525546 ], [ 560359.69425904029049, 47677.453367028094362 ], [ 560359.696009328123182, 47652.889926496412954 ] ], [ [ 566121.504843250033446, 46154.941904340303154 ], [ 566146.233386299223639, 46154.943773772283748 ], [ 566146.231528498930857, 46179.507325568571105 ], [ 566121.502986144274473, 46179.505455141748826 ], [ 566121.504843250033446, 46154.941904340303154 ] ], [ [ 566245.109723752713762, 46646.222818713817105 ], [ 566269.838257851311937, 46646.224711575290712 ], [ 566269.836376772145741, 46670.788268628704827 ], [ 566245.107843375531957, 46670.786374770534167 ], [ 566245.109723752713762, 46646.222818713817105 ] ], [ [ 566319.242022340884432, 47334.008821109506243 ], [ 566343.970428377855569, 47334.010744020670245 ], [ 566343.968517425004393, 47358.574414988339413 ], [ 566319.24011210037861, 47358.572491079365136 ], [ 566319.242022340884432, 47334.008821109506243 ] ], [ [ 564316.401691071223468, 45172.267173855419969 ], [ 564341.130189489689656, 45172.268953545455588 ], [ 564341.128420855500735, 45196.832433144038077 ], [ 564316.399923116783611, 45196.830652486314648 ], [ 564316.401691071223468, 45172.267173855419969 ] ], [ [ 563895.93882992467843, 46277.593943478183064 ], [ 563920.667280877591111, 46277.595754797555855 ], [ 563920.66548081766814, 46302.159218617962324 ], [ 563895.937030561151914, 46302.157406337239081 ], [ 563895.93882992467843, 46277.593943478183064 ] ], [ [ 567036.422434697858989, 46621.720152402296662 ], [ 567061.151001812424511, 46621.722066864916997 ], [ 567061.149099270347506, 46646.285655988656799 ], [ 567036.420532857533544, 46646.283740517443221 ], [ 567036.422434697858989, 46621.720152402296662 ] ], [ [ 563104.527060651686043, 47702.21677376410662 ], [ 563129.255328558385372, 47702.218617712453124 ], [ 563129.253496062709019, 47726.782162297764444 ], [ 563104.525228873942979, 47726.78031739997823 ], [ 563104.527060651686043, 47702.21677376410662 ] ], [ [ 561744.823592611937784, 42617.491719566438405 ], [ 561769.551949159940705, 42617.49333147543075 ], [ 561769.550347215612419, 42642.056821595637302 ], [ 561744.821991309057921, 42642.055208757643413 ], [ 561744.823592611937784, 42617.491719566438405 ] ], [ [ 566591.323154488927685, 46449.740602097954252 ], [ 566616.051708285929635, 46449.742496835933707 ], [ 566616.049825342022814, 46474.306067764511681 ], [ 566591.321272244094871, 46474.304172024632862 ], [ 566591.323154488927685, 46449.740602097954252 ] ], [ [ 563228.217718592495658, 47039.012520856435003 ], [ 563252.946010526502505, 47039.014342732320074 ], [ 563252.944199961726554, 47063.577891687738884 ], [ 563228.215908735641278, 47063.576068860551459 ], [ 563228.217718592495658, 47039.012520856435003 ] ], [ [ 565280.787112620426342, 45491.663027075323043 ], [ 565305.51552918413654, 45491.664846210311225 ], [ 565305.513721341616474, 45516.228474549527164 ], [ 565280.785305462544784, 45516.226654432350188 ], [ 565280.787112620426342, 45491.663027075323043 ] ], [ [ 562263.747512477799319, 47947.788741501630284 ], [ 562288.475852170027792, 47947.790570260214736 ], [ 562288.474034775048494, 47972.35408291631029 ], [ 562263.745695804362185, 47972.352253220931743 ], [ 562263.747512477799319, 47947.788741501630284 ] ], [ [ 562808.078887672862038, 43600.099377096121316 ], [ 562832.807370115071535, 43600.10105456950987 ], [ 562832.805703033925965, 43624.664585504768183 ], [ 562808.077221247833222, 43624.66290708638553 ], [ 562808.078887672862038, 43600.099377096121316 ] ], [ [ 561868.45907240442466, 42715.753429413889535 ], [ 561893.187542342231609, 42715.755048281156633 ], [ 561893.18593349144794, 42740.318543103043339 ], [ 561868.457464196486399, 42740.316923304904776 ], [ 561868.45907240442466, 42715.753429413889535 ] ], [ [ 565404.305735877016559, 47137.429774550291768 ], [ 565429.034221977577545, 47137.431663069983188 ], [ 565429.032345204264857, 47161.99529725980392 ], [ 565404.303859813022427, 47161.99340775606106 ], [ 565404.305735877016559, 47137.429774550291768 ] ], [ [ 562214.287427078001201, 47996.911995359718276 ], [ 562239.015763441217132, 47996.913824537914479 ], [ 562239.013945629238151, 48021.477335349518398 ], [ 562214.285609988379292, 48021.475505235277524 ], [ 562214.287427078001201, 47996.911995359718276 ] ], [ [ 564440.073713556746952, 44754.696419977830374 ], [ 564464.802228351589292, 44754.698186606699892 ], [ 564464.80047268641647, 44779.261781355256971 ], [ 564440.071958565153182, 44779.260013756829721 ], [ 564440.073713556746952, 44754.696419977830374 ] ], [ [ 565404.268029036698863, 47628.700672695296817 ], [ 565428.996500878827646, 47628.702580895849678 ], [ 565428.994604551000521, 47653.266215369003476 ], [ 565404.266133425640874, 47653.26430618440645 ], [ 565404.268029036698863, 47628.700672695296817 ] ], [ [ 564316.405224104877561, 45123.140106099563127 ], [ 564341.133723881910555, 45123.1418838542304 ], [ 564341.131957162520848, 45147.705473960391828 ], [ 564316.403458064654842, 45147.703695238036744 ], [ 564316.405224104877561, 45123.140106099563127 ] ], [ [ 562684.149843467283063, 47653.058703162801976 ], [ 562708.878207887522876, 47653.060532950199558 ], [ 562708.876389470300637, 47677.624061417045596 ], [ 562684.148025767179206, 47677.622230686531111 ], [ 562684.149843467283063, 47653.058703162801976 ] ], [ [ 561497.19357810576912, 47652.971722486283397 ], [ 561521.921897383988835, 47652.973517628153786 ], [ 561521.920113390195183, 47677.537001244956627 ], [ 561497.191794829093851, 47677.535205177824537 ], [ 561497.19357810576912, 47652.971722486283397 ] ], [ [ 560903.906794969923794, 44926.394432826004049 ], [ 560928.634946745703928, 44926.396108916567755 ], [ 560928.63161440868862, 44975.522807817862486 ], [ 560903.903463985421695, 44975.521129894630576 ], [ 560903.906794969923794, 44926.394432826004049 ] ], [ [ 565453.809328093077056, 46523.344888329454989 ], [ 565478.537611225736327, 46523.346753640595125 ], [ 565478.53390280273743, 46572.473804196590208 ], [ 565453.805621070787311, 46572.471936915884726 ], [ 565453.809328093077056, 46523.344888329454989 ] ], [ [ 566146.131650523981079, 47481.376916850407724 ], [ 566195.588441021274775, 47481.380765296817117 ], [ 566195.58652842475567, 47505.94420929835178 ], [ 566146.129739356576465, 47505.940358861182176 ], [ 566146.131650523981079, 47481.376916850407724 ] ], [ [ 560112.649239794816822, 44214.004126423198613 ], [ 560162.105747067253105, 44214.007383281321381 ], [ 560162.104128384846263, 44238.570704101453885 ], [ 560112.647622443269938, 44238.567445434091496 ], [ 560112.649239794816822, 44214.004126423198613 ] ], [ [ 565008.683090755483136, 46719.819707473434391 ], [ 565058.139833781402558, 46719.823429101008514 ], [ 565058.137984184548259, 46744.386937789662625 ], [ 565008.681242564925924, 46744.383214205539844 ], [ 565008.683090755483136, 46719.819707473434391 ] ], [ [ 565156.997558341012336, 47456.736928405785875 ], [ 565156.99943897780031, 47432.173525926104048 ], [ 565181.727795379469171, 47432.175419061291905 ], [ 565181.725914028706029, 47456.738822521285329 ], [ 565156.997558341012336, 47456.736928405785875 ] ], [ [ 565206.454270689398982, 47456.740717355605739 ], [ 565206.452387633617036, 47481.304342879979231 ], [ 565181.724031687132083, 47481.302447064968874 ], [ 565181.725914028706029, 47456.738822521285329 ], [ 565206.454270689398982, 47456.740717355605739 ] ], [ [ 564860.336657463922165, 46400.482717883627629 ], [ 564909.793406899087131, 46400.486405642179307 ], [ 564909.791574130533263, 46425.049908290922758 ], [ 564860.334826091886498, 46425.046218580282584 ], [ 564860.336657463922165, 46400.482717883627629 ] ], [ [ 561744.810756390099414, 42813.999080795583723 ], [ 561769.539107796503231, 42814.000700136566593 ], [ 561769.535888230777346, 42863.127459526069288 ], [ 561744.807538113440387, 42863.125838327090605 ], [ 561744.810756390099414, 42813.999080795583723 ] ], [ [ 565305.40906155470293, 46916.350449147146719 ], [ 565330.137438778416254, 46916.352325959436712 ], [ 565330.133707519969903, 46965.479365150000376 ], [ 565305.405331708723679, 46965.477486372605199 ], [ 565305.40906155470293, 46916.350449147146719 ] ], [ [ 561769.532664972939529, 42912.25421896687476 ], [ 561794.261014723917469, 42912.255842673817824 ], [ 561794.257786481990479, 42961.382604031030496 ], [ 561769.529438023106195, 42961.380978465349472 ], [ 561769.532664972939529, 42912.25421896687476 ] ], [ [ 566096.686190524022095, 47333.991547155193985 ], [ 566071.95779451332055, 47333.989631413685856 ], [ 566071.959696634323336, 47309.426081950514344 ], [ 566096.688093357020989, 47309.427996697944764 ], [ 566096.686190524022095, 47333.991547155193985 ] ], [ [ 566096.689995202235878, 47284.864446254840004 ], [ 566121.418393651605584, 47284.866360724401602 ], [ 566121.416491094743833, 47309.42991216196242 ], [ 566096.688093357020989, 47309.427996697944764 ], [ 566096.689995202235878, 47284.864446254840004 ] ], [ [ 561521.929024133947678, 47554.720025433671253 ], [ 561521.930803531082347, 47530.156541888085485 ], [ 561546.659127309918404, 47530.158333123574266 ], [ 561546.657347197411582, 47554.72181759479281 ], [ 561521.929024133947678, 47554.720025433671253 ] ], [ [ 561571.385448654764332, 47554.723610460066993 ], [ 561571.383666922920384, 47579.286874803248793 ], [ 561546.655566181289032, 47579.285081011978036 ], [ 561546.657347197411582, 47554.72181759479281 ], [ 561571.385448654764332, 47554.723610460066993 ] ], [ [ 564687.30306378332898, 45516.183178407882224 ], [ 564687.304854509653524, 45491.619574511838437 ], [ 564712.033136162208393, 45491.621377101371763 ], [ 564712.031344751245342, 45516.184981970669469 ], [ 564687.30306378332898, 45516.183178407882224 ] ], [ [ 564736.759849264402874, 45516.186786239115463 ], [ 564736.758056209539063, 45540.750281560998701 ], [ 564712.029552381369285, 45540.748476318913163 ], [ 564712.031344751245342, 45516.184981970669469 ], [ 564736.759849264402874, 45516.186786239115463 ] ], [ [ 565973.156320684938692, 45860.167833920560952 ], [ 565973.158160806866363, 45835.604289265327679 ], [ 565997.886595587362535, 45835.606141590440529 ], [ 565997.884754775674082, 45860.169687238267215 ], [ 565973.156320684938692, 45860.167833920560952 ] ], [ [ 566022.613301128731109, 45860.171541258961952 ], [ 566022.611458640662022, 45884.735087913482857 ], [ 565997.882912977715023, 45884.733232899809082 ], [ 565997.884754775674082, 45860.169687238267215 ], [ 566022.613301128731109, 45860.171541258961952 ] ], [ [ 562387.392524335766211, 47898.671080829903076 ], [ 562387.394341812236235, 47874.107675000188465 ], [ 562412.12257711077109, 47874.109504565822135 ], [ 562412.120758913923055, 47898.672911334178934 ], [ 562387.392524335766211, 47898.671080829903076 ] ], [ [ 562436.848994451342151, 47898.674742563962354 ], [ 562436.847174592781812, 47923.238260819947754 ], [ 562412.118939776206389, 47923.236428651143797 ], [ 562412.120758913923055, 47898.672911334178934 ], [ 562436.848994451342151, 47898.674742563962354 ] ], [ [ 563203.431066608871333, 47825.041559626210073 ], [ 563178.702799428952858, 47825.039708757511107 ], [ 563178.704637136776, 47800.476162215047225 ], [ 563203.432905036024749, 47800.478012133193261 ], [ 563203.431066608871333, 47825.041559626210073 ] ], [ [ 563203.434742510551587, 47775.914575188871822 ], [ 563228.163012074539438, 47775.916424880109844 ], [ 563228.161173881031573, 47800.479862775355286 ], [ 563203.432905036024749, 47800.478012133193261 ], [ 563203.434742510551587, 47775.914575188871822 ] ], [ [ 559519.036612291121855, 46228.157675501992344 ], [ 559543.764787938911468, 46228.159360955287411 ], [ 559543.761437025503255, 46277.286070347327041 ], [ 559519.033262769458815, 46277.284383103033178 ], [ 559519.036612291121855, 46228.157675501992344 ] ], [ [ 563475.513595517259091, 46867.086532543682551 ], [ 563475.515404856996611, 46842.523085656554031 ], [ 563500.24382331315428, 46842.524907025304856 ], [ 563500.242013268521987, 46867.088354867461021 ], [ 563475.513595517259091, 46867.086532543682551 ] ], [ [ 563524.970320702064782, 46867.090177892925567 ], [ 563524.968509003170766, 46891.653626704486669 ], [ 563500.240202274988405, 46891.651802723630681 ], [ 563500.242013268521987, 46867.088354867461021 ], [ 563524.970320702064782, 46867.090177892925567 ] ], [ [ 560013.582122146966867, 46498.388221058754425 ], [ 560038.310308226849884, 46498.389930448174709 ], [ 560038.306909740320407, 46547.516676128449035 ], [ 560013.578725060331635, 46547.514964933143347 ], [ 560013.582122146966867, 46498.388221058754425 ] ], [ [ 565849.409629720728844, 47235.718149397303932 ], [ 565898.86641046218574, 47235.721960764560208 ], [ 565898.864516270929016, 47260.28561377832375 ], [ 565849.407736951252446, 47260.281800429220311 ], [ 565849.409629720728844, 47235.718149397303932 ] ], [ [ 564316.431599281611852, 44754.687597033647762 ], [ 564341.160109200864099, 44754.689360273048806 ], [ 564341.156603660434484, 44803.81631902634399 ], [ 564316.428095088689588, 44803.814553851574601 ], [ 564316.431599281611852, 44754.687597033647762 ] ], [ [ 561497.552470681723207, 42420.968570769538928 ], [ 561547.009398819762282, 42420.97176752978703 ], [ 561547.007810012670234, 42445.53513867269794 ], [ 561497.550883151474409, 42445.531940061511705 ], [ 561497.552470681723207, 42420.968570769538928 ] ], [ [ 561621.17360168765299, 42740.300760980055202 ], [ 561621.17520346690435, 42715.737276377207309 ], [ 561645.903664052253589, 42715.738888774452789 ], [ 561645.902061630156823, 42740.302374304446857 ], [ 561621.17360168765299, 42740.300760980055202 ] ], [ [ 561670.630411218153313, 42740.303988268955436 ], [ 561670.628807238885202, 42764.867364205114427 ], [ 561645.900458294083364, 42764.865749313103152 ], [ 561645.902061630156823, 42740.302374304446857 ], [ 561670.630411218153313, 42740.303988268955436 ] ], [ [ 566121.519664542051032, 45958.433277398828068 ], [ 566146.248213135055266, 45958.435138872104289 ], [ 566146.244512352626771, 46007.562352780500078 ], [ 566121.515965143218637, 46007.560489317540487 ], [ 566121.519664542051032, 45958.433277398828068 ] ], [ [ 561546.974232585751452, 42961.366377649275819 ], [ 561571.702461376786232, 42961.367997351197118 ], [ 561571.697629541042261, 43035.058335495748906 ], [ 561546.969402690767311, 43035.056713015772402 ], [ 561546.974232585751452, 42961.366377649275819 ] ], [ [ 565874.13233622268308, 47309.410789751214907 ], [ 565898.860724951373413, 47309.41269876590377 ], [ 565898.855030586360954, 47383.103326353339071 ], [ 565874.126643994823098, 47383.101414365337405 ], [ 565874.13233622268308, 47309.410789751214907 ] ], [ [ 566665.527384989894927, 46204.110338750157098 ], [ 566690.255837510456331, 46204.112225560165825 ], [ 566690.250209286110476, 46277.803057530793012 ], [ 566665.521758852759376, 46277.801167711731978 ], [ 566665.527384989894927, 46204.110338750157098 ] ], [ [ 561645.9164502233034, 42519.231668186257593 ], [ 561645.919637550716288, 42470.104918436816661 ], [ 561670.647994189872406, 42470.106522198708262 ], [ 561670.644805583870038, 42519.233273803169141 ], [ 561645.9164502233034, 42519.231668186257593 ] ], [ [ 561695.373161892406642, 42519.234880064097524 ], [ 561695.371565559995361, 42543.798367347437306 ], [ 561670.643209891277365, 42543.7967601586206 ], [ 561670.644805583870038, 42519.233273803169141 ], [ 561695.373161892406642, 42519.234880064097524 ] ], [ [ 565379.622188585926779, 46547.902817927824799 ], [ 565404.350468045915477, 46547.904682108593988 ], [ 565404.352319667581469, 46523.34115978765476 ], [ 565429.080823383526877, 46523.343023706212989 ], [ 565429.077117761946283, 46572.470070323804975 ], [ 565379.620336687308736, 46572.466339272730693 ], [ 565379.622188585926779, 46547.902817927824799 ] ], [ [ 565231.270065693068318, 46302.25627275743318 ], [ 565305.455355321872048, 46302.261825303066871 ], [ 565305.453515283646993, 46326.825343560376496 ], [ 565231.268227745313197, 46326.819788069311471 ], [ 565231.270065693068318, 46302.25627275743318 ] ], [ [ 562634.682428442058153, 47800.43564715031971 ], [ 562634.684249379439279, 47775.872231974622991 ], [ 562659.412497024401091, 47775.874065022071591 ], [ 562659.410675368038937, 47800.437481140135787 ], [ 562634.682428442058153, 47800.43564715031971 ] ], [ [ 562659.414317744551226, 47751.310648918304651 ], [ 562684.142567071132362, 47751.312481746652338 ], [ 562684.14074563246686, 47775.87589879315783 ], [ 562659.412497024401091, 47775.874065022071591 ], [ 562659.414317744551226, 47751.310648918304651 ] ], [ [ 562684.138923257123679, 47800.439315853960579 ], [ 562684.137099936720915, 47825.002843463378667 ], [ 562659.408852767082863, 47825.001007806808047 ], [ 562659.410675368038937, 47800.437481140135787 ], [ 562684.138923257123679, 47800.439315853960579 ] ], [ [ 562313.204081543488428, 47947.792399736812513 ], [ 562337.932311857584864, 47947.794229939659999 ], [ 562337.926852556527592, 48021.484663047151116 ], [ 562313.198624408221804, 48021.482830031709454 ], [ 562313.204081543488428, 47947.792399736812513 ] ], [ [ 560285.704788661329076, 44852.662663819442969 ], [ 560260.976547429920174, 44852.66100813371304 ], [ 560260.978191293310374, 44828.097572817103355 ], [ 560310.434676004457287, 44828.100883054205042 ], [ 560310.431384685100056, 44877.227646788080165 ], [ 560285.703143229824491, 44877.225989515951369 ], [ 560285.704788661329076, 44852.662663819442969 ] ], [ [ 560162.118664176901802, 44017.500596122154093 ], [ 560162.120274768210948, 43992.93727541462431 ], [ 560211.576908891205676, 43992.940518662137038 ], [ 560211.575296975672245, 44017.503841180412564 ], [ 560162.118664176901802, 44017.500596122154093 ] ], [ [ 560236.303559101652354, 44017.505464705951454 ], [ 560236.301945616607554, 44042.068898670957424 ], [ 560211.573684153147042, 44042.067274239489052 ], [ 560211.575296975672245, 44017.503841180412564 ], [ 560236.303559101652354, 44017.505464705951454 ] ], [ [ 566047.341625938774087, 45860.173395957615867 ], [ 566072.070174306049012, 45860.175251367596502 ], [ 566072.068330437527038, 45884.738800009174156 ], [ 566096.79676782398019, 45884.740657099544478 ], [ 566096.794922277564183, 45909.304206748922297 ], [ 566047.337938595097512, 45909.300491267036705 ], [ 566047.341625938774087, 45860.173395957615867 ] ], [ [ 563524.964882757514715, 46940.780524375986715 ], [ 563549.693189024575986, 46940.782350978624891 ], [ 563549.687740399967879, 47014.472921524255071 ], [ 563524.959436253411695, 47014.471092054314795 ], [ 563524.964882757514715, 46940.780524375986715 ] ], [ [ 561398.438931420212612, 45417.695756739711214 ], [ 561423.167199401534162, 45417.697464922974177 ], [ 561423.168896076502278, 45393.134096820402192 ], [ 561447.897165685426444, 45393.135804767436639 ], [ 561447.893770043272525, 45442.262653368583415 ], [ 561398.437234503217041, 45442.259234466197086 ], [ 561398.438931420212612, 45417.695756739711214 ] ], [ [ 561522.274576100171544, 42519.223649754836515 ], [ 561522.276167026837356, 42494.660279505726066 ], [ 561571.732870645006187, 42494.663483091673697 ], [ 561571.731278439401649, 42519.226855192449875 ], [ 561522.274576100171544, 42519.223649754836515 ] ], [ [ 561596.459742291248403, 42519.228458884506836 ], [ 561596.458148518460803, 42543.791942458534322 ], [ 561571.729685306549072, 42543.790337840073335 ], [ 561571.731278439401649, 42519.226855192449875 ], [ 561596.459742291248403, 42519.228458884506836 ] ], [ [ 566838.57761126908008, 46842.777304307142913 ], [ 566863.305941387196071, 46842.779222153643786 ], [ 566863.307846317649819, 46818.215530441506417 ], [ 566888.036400696029887, 46818.217448008799693 ], [ 566888.032588434871286, 46867.344722924011876 ], [ 566838.575706053059548, 46867.340884492608893 ], [ 566838.57761126908008, 46842.777304307142913 ] ], [ [ 566789.141607545083389, 46572.573780101061857 ], [ 566813.869943372439593, 46572.575685474927013 ], [ 566813.871835902449675, 46548.012106462163501 ], [ 566838.600395982386544, 46548.014011553364981 ], [ 566838.596608513849787, 46597.141282138356473 ], [ 566789.13971470890101, 46597.137468657907448 ], [ 566789.141607545083389, 46572.573780101061857 ] ], [ [ 564588.433691995916888, 44902.088075024905265 ], [ 564613.16220861824695, 44902.089851551812899 ], [ 564613.163973144488409, 44877.52636144580174 ], [ 564637.892380146426149, 44877.528137672699813 ], [ 564637.888848769362085, 44926.655230377080443 ], [ 564588.431927172001451, 44926.651674707201892 ], [ 564588.433691995916888, 44902.088075024905265 ] ], [ [ 562807.767480105161667, 47972.392674227958196 ], [ 562832.495839925482869, 47972.394519908993971 ], [ 562832.494005724671297, 47996.957942754946998 ], [ 562857.222254486870952, 47996.959790099637758 ], [ 562857.220418616663665, 48021.523324433364905 ], [ 562807.763812200748362, 48021.519628572335932 ], [ 562807.767480105161667, 47972.392674227958196 ] ], [ [ 566838.5699844120536, 46941.031625139330572 ], [ 566863.29831170802936, 46941.033547008286405 ], [ 566863.290666033746675, 47039.28798262237251 ], [ 566838.562341565848328, 47039.286056730954442 ], [ 566838.5699844120536, 46941.031625139330572 ] ], [ [ 562857.253320463118143, 47579.381145538623969 ], [ 562832.525059477891773, 47579.379314264813729 ], [ 562832.526877708849497, 47554.816002202460368 ], [ 562881.983402076759376, 47554.819663579692133 ], [ 562881.977940254379064, 47628.509826551337028 ], [ 562857.249679735512473, 47628.507992665421625 ], [ 562857.253320463118143, 47579.381145538623969 ] ], [ [ 564810.887222184916027, 46302.224927581220982 ], [ 564786.158736830577254, 46302.223090052517364 ], [ 564786.160561267053708, 46277.659592350493767 ], [ 564835.617311782203615, 46277.663266142830253 ], [ 564835.611831379355863, 46351.353875662134669 ], [ 564810.883569005527534, 46351.352035498413898 ], [ 564810.887222184916027, 46302.224927581220982 ] ], [ [ 564687.285103419562802, 45761.818333853290824 ], [ 564761.470262519782409, 45761.823775843171461 ], [ 564761.468459102441557, 45786.387272275540454 ], [ 564712.011575480806641, 45786.383641633343359 ], [ 564712.009772473829798, 45810.947136131762818 ], [ 564687.281499750446528, 45810.945320889943105 ], [ 564687.285103419562802, 45761.818333853290824 ] ], [ [ 565181.73155519249849, 47383.048170038542594 ], [ 565157.003197364276275, 47383.04627886399976 ], [ 565157.005075080087408, 47358.482876426838629 ], [ 565181.733433621004224, 47358.484766621069866 ], [ 565181.735311092459597, 47333.921142148239596 ], [ 565206.463671318721026, 47333.923032079110271 ], [ 565206.45803386089392, 47407.613687418917834 ], [ 565181.729675772949122, 47407.611794545977318 ], [ 565181.73155519249849, 47383.048170038542594 ] ], [ [ 566418.22772553935647, 46400.600232871111075 ], [ 566467.684600268257782, 46400.604009185626637 ], [ 566467.680845749098808, 46449.731138995783112 ], [ 566418.223973814281635, 46449.727358683339844 ], [ 566418.22772553935647, 46400.600232871111075 ] ], [ [ 561843.619295467506163, 44386.063503798002785 ], [ 561818.890983234043233, 44386.0618229844913 ], [ 561818.89265204127878, 44361.498440608767851 ], [ 561843.62096494238358, 44361.500120492179121 ], [ 561843.619295467506163, 44386.063503798002785 ] ], [ [ 561843.622633493156172, 44336.936737205913232 ], [ 561868.350947983912192, 44336.938416830766073 ], [ 561868.349278765846975, 44361.501801047510526 ], [ 561843.62096494238358, 44361.500120492179121 ], [ 561843.622633493156172, 44336.936737205913232 ] ], [ [ 561917.805909235263243, 44361.505164173955563 ], [ 561917.804237757460214, 44386.068550272335415 ], [ 561868.347608623327687, 44386.065185283820028 ], [ 561868.349278765846975, 44361.501801047510526 ], [ 561917.805909235263243, 44361.505164173955563 ] ], [ [ 564909.829858620185405, 45909.215802997612627 ], [ 564885.101469529559836, 45909.213978291561943 ], [ 564885.105091977748089, 45860.086975552352669 ], [ 564909.83348244917579, 45860.088798305943783 ], [ 564909.831671019666828, 45884.652300644920615 ], [ 564934.560061797965318, 45884.654125069748261 ], [ 564934.556434647645801, 45933.781131742071011 ], [ 564909.828045250847936, 45933.779305364041647 ], [ 564909.829858620185405, 45909.215802997612627 ] ], [ [ 560903.901797128026374, 45000.084478445991408 ], [ 560953.358320104773156, 45000.087836821832752 ], [ 560953.35498095001094, 45049.214537631058192 ], [ 560903.898460683063604, 45049.211175589123741 ], [ 560903.901797128026374, 45000.084478445991408 ] ], [ [ 565725.831232727039605, 46400.547659604984801 ], [ 565701.102713600965217, 46400.545792172735673 ], [ 565701.100858486141078, 46425.109326257283101 ], [ 565676.372452338924631, 46425.107458548132854 ], [ 565676.376160190673545, 46375.980392375444353 ], [ 565725.833087558043189, 46375.984124552072899 ], [ 565725.831232727039605, 46400.547659604984801 ] ], [ [ 565725.834941406967118, 46351.420589513028972 ], [ 565750.563351649674587, 46351.422455661944696 ], [ 565750.56149710319005, 46375.985991689871298 ], [ 565725.833087558043189, 46375.984124552072899 ], [ 565725.834941406967118, 46351.420589513028972 ] ], [ [ 565157.038707656320184, 46916.339203188297688 ], [ 565157.042425140854903, 46867.212067252919951 ], [ 565181.77079785882961, 46867.213937840759172 ], [ 565181.767078963341191, 46916.341075736774656 ], [ 565157.038707656320184, 46916.339203188297688 ] ], [ [ 565206.495451243128628, 46916.342948995894403 ], [ 565206.491727047367021, 46965.46997836837545 ], [ 565181.763356180046685, 46965.468103147875809 ], [ 565181.767078963341191, 46916.341075736774656 ], [ 565206.495451243128628, 46916.342948995894403 ] ], [ [ 564761.48106270947028, 45614.442686995076656 ], [ 564736.752671232447028, 45614.440878149311175 ], [ 564736.754467189428397, 45589.877382786566159 ], [ 564786.211252482491545, 45589.880999220637023 ], [ 564786.209455153206363, 45614.44449653175252 ], [ 564810.937959869159386, 45614.446306767495116 ], [ 564810.936160885263234, 45639.0098050670058 ], [ 564761.479265098576434, 45639.006183345460158 ], [ 564761.48106270947028, 45614.442686995076656 ] ], [ [ 562387.673130777082406, 43943.958942278943141 ], [ 562437.12982336699497, 43943.962301705403661 ], [ 562437.126483152620494, 43993.089223271010269 ], [ 562387.669793208711781, 43993.085860089144262 ], [ 562387.673130777082406, 43943.958942278943141 ] ], [ [ 566170.965421839151531, 46105.818427822603553 ], [ 566170.963565313490108, 46130.382091115163348 ], [ 566146.235243111150339, 46130.380221996092587 ], [ 566146.238953778054565, 46081.253007950101164 ], [ 566220.424261376610957, 46081.258611455268692 ], [ 566220.422404460958205, 46105.822166190635471 ], [ 566170.965421839151531, 46105.818427822603553 ] ], [ [ 566245.150841644499451, 46105.824036417994648 ], [ 566245.148983037099242, 46130.387702698419162 ], [ 566220.42054654750973, 46130.385831474734005 ], [ 566220.422404460958205, 46105.822166190635471 ], [ 566245.150841644499451, 46105.824036417994648 ] ], [ [ 562288.484925142605789, 47824.973559859732632 ], [ 562288.486736952909268, 47800.410047289595241 ], [ 562239.030272406176664, 47800.406401754356921 ], [ 562239.032081839512102, 47775.843001605979225 ], [ 562313.216782238450833, 47775.848468184492958 ], [ 562313.213158118422143, 47824.97538465053367 ], [ 562288.484925142605789, 47824.973559859732632 ] ], [ [ 562337.941392034990713, 47824.977210165714496 ], [ 562337.939577862503938, 47849.540614090605231 ], [ 562313.211344665731303, 47849.538787637888163 ], [ 562313.213158118422143, 47824.97538465053367 ], [ 562337.941392034990713, 47824.977210165714496 ] ], [ [ 565725.857111010467634, 46056.657838505794643 ], [ 565701.128582146717235, 46056.655984912722488 ], [ 565701.130422534886748, 46032.092451035416161 ], [ 565775.31579162820708, 46032.098010924157279 ], [ 565775.313949161791243, 46056.661547768104356 ], [ 565750.585529595380649, 46056.659692788140092 ], [ 565750.581843100488186, 46105.786764526252227 ], [ 565725.853425902314484, 46105.784908266141429 ], [ 565725.857111010467634, 46056.657838505794643 ] ], [ [ 565552.721055885311216, 46547.915882066481572 ], [ 565527.99265918857418, 46547.914013646986859 ], [ 565527.994514311198145, 46523.350486402116076 ], [ 565552.722911708056927, 46523.35235383570398 ], [ 565552.724766559549607, 46498.788715090304322 ], [ 565577.453165640356019, 46498.790582242298115 ], [ 565577.445737572037615, 46597.044920189131517 ], [ 565552.717341292649508, 46597.043049092033471 ], [ 565552.721055885311216, 46547.915882066481572 ] ], [ [ 566418.178643408697098, 47039.253425408169278 ], [ 566418.184340968029574, 46965.562735708896071 ], [ 566442.912761681363918, 46965.564646498532966 ], [ 566442.907062000478618, 47039.255339195682609 ], [ 566418.178643408697098, 47039.253425408169278 ] ], [ [ 566442.91465959767811, 46941.000971761342953 ], [ 566467.643082009512, 46941.002882262699131 ], [ 566467.64118338667322, 46965.566557999554789 ], [ 566442.912761681363918, 46965.564646498532966 ], [ 566442.91465959767811, 46941.000971761342953 ] ], [ [ 566467.63548158435151, 47039.257253695701365 ], [ 566467.633578988490626, 47063.820929488734691 ], [ 566442.905160112539306, 47063.819013989050291 ], [ 566442.907062000478618, 47039.255339195682609 ], [ 566467.63548158435151, 47039.257253695701365 ] ], [ [ 566146.225949158892035, 46253.19809155632538 ], [ 566170.954267886118032, 46253.19996565139445 ], [ 566170.956129355938174, 46228.636302289844025 ], [ 566195.684672338073142, 46228.638176106789615 ], [ 566195.682810172555037, 46253.201840463923872 ], [ 566245.139675184735097, 46253.205592173908371 ], [ 566245.137810646090657, 46277.769148002196744 ], [ 566146.224087404785678, 46277.761643401565379 ], [ 566146.225949158892035, 46253.19809155632538 ] ], [ [ 564860.356738603091799, 46130.283990121497482 ], [ 564835.62824642076157, 46130.282158018562768 ], [ 564835.631883554859087, 46081.155048399843508 ], [ 564860.360377124743536, 46081.156878551788395 ], [ 564860.356738603091799, 46130.283990121497482 ] ], [ [ 564860.365827625617385, 46007.466377096308861 ], [ 564885.094212981872261, 46007.46820501043112 ], [ 564885.088760402635671, 46081.158709393486788 ], [ 564860.360377124743536, 46081.156878551788395 ], [ 564860.365827625617385, 46007.466377096308861 ] ], [ [ 566220.326389524736442, 47358.564802608198079 ], [ 566220.330203308723867, 47309.437581192600192 ], [ 566269.787121071014553, 47309.441420011811715 ], [ 566269.783304438227788, 47358.568645413426566 ], [ 566220.326389524736442, 47358.564802608198079 ] ], [ [ 566294.511707765981555, 47358.57056788772752 ], [ 566294.509797264356166, 47383.134015804382216 ], [ 566269.781394649413414, 47383.132092333027686 ], [ 566269.783304438227788, 47358.568645413426566 ], [ 566294.511707765981555, 47358.57056788772752 ] ], [ [ 562461.911127860657871, 43157.934209182982158 ], [ 562437.182759175193496, 43157.932558532513212 ], [ 562437.184398023062386, 43133.369153453415493 ], [ 562511.369620133074932, 43133.374104553993675 ], [ 562511.366337601095438, 43182.501030904371873 ], [ 562461.909487422904931, 43182.497725754954445 ], [ 562461.911127860657871, 43157.934209182982158 ] ], [ [ 564786.145938660250977, 46474.167684851687227 ], [ 564761.417570463730954, 46474.16584121199412 ], [ 564761.421230524312705, 46425.038847589021316 ], [ 564835.606342265033163, 46425.044374771459843 ], [ 564835.604510622564703, 46449.607874500223261 ], [ 564810.876251041190699, 46449.606030436072615 ], [ 564810.8725862482097, 46498.733027985050285 ], [ 564786.144106479012407, 46498.731182658375474 ], [ 564786.145938660250977, 46474.167684851687227 ] ], [ [ 564563.668038059375249, 45417.919995881879004 ], [ 564538.939648935920559, 45417.918200331645494 ], [ 564538.941431688610464, 45393.354712856358674 ], [ 564613.12671530188527, 45393.360098664772522 ], [ 564613.128499138634652, 45368.796608288866992 ], [ 564637.856892562354915, 45368.798403958629933 ], [ 564637.8533225574065, 45417.925386668306601 ], [ 564588.396428146283142, 45417.921792120054306 ], [ 564588.394643054110929, 45442.485392085982312 ], [ 564563.66625365067739, 45442.483594876408461 ], [ 564563.668038059375249, 45417.919995881879004 ] ], [ [ 563797.009166048839688, 46498.657947380743281 ], [ 563846.465937359142117, 46498.661582385524525 ], [ 563846.460514817154035, 46572.352076136310643 ], [ 563797.00374770781491, 46572.348435371241067 ], [ 563797.009166048839688, 46498.657947380743281 ] ], [ [ 563698.045031680958346, 47186.428213309271086 ], [ 563648.588311422965489, 47186.424533118486579 ], [ 563648.593788486206904, 47112.734171865828102 ], [ 563673.32209461601451, 47112.736008726846194 ], [ 563673.320269178482704, 47137.299352884670952 ], [ 563698.048686854192056, 47137.301191425562138 ], [ 563698.046859739464708, 47161.8647576307485 ], [ 563722.775055103003979, 47161.866597827429359 ], [ 563722.771396606229246, 47210.993621649802662 ], [ 563698.04320266249124, 47210.991779536387185 ], [ 563698.045031680958346, 47186.428213309271086 ] ], [ [ 559964.124056028318591, 46522.948229782021372 ], [ 559939.395873376401141, 46522.946521603618748 ], [ 559939.394176488858648, 46547.509835577395279 ], [ 559914.665995456161909, 46547.50812720219983 ], [ 559914.669386943103746, 46498.381390543901944 ], [ 559939.397569375811145, 46498.383097116195131 ], [ 559939.399264471838251, 46473.819783176557394 ], [ 559988.855633473605849, 46473.823196629964514 ], [ 559988.848842107923701, 46572.076570228331548 ], [ 559964.120659957057796, 46572.074859540880425 ], [ 559964.124056028318591, 46522.948229782021372 ] ], [ [ 562164.858102816622704, 47628.456936702830717 ], [ 562164.859903582371771, 47603.893649995610758 ], [ 562140.131558537483215, 47603.891837957322423 ], [ 562140.135155866621062, 47554.765045387037389 ], [ 562164.863502343185246, 47554.76685555545555 ], [ 562164.861703435424715, 47579.330142234190134 ], [ 562214.318175254855305, 47579.333766586583806 ], [ 562214.316373969777487, 47603.897276218987827 ], [ 562239.044721840065904, 47603.899090420389257 ], [ 562239.042918925057165, 47628.462379934622732 ], [ 562164.858102816622704, 47628.456936702830717 ] ], [ [ 562288.499393522390164, 47628.466012357406726 ], [ 562288.497588227503002, 47653.029524833866162 ], [ 562239.041115063941106, 47653.025890537865052 ], [ 562239.042918925057165, 47628.462379934622732 ], [ 562288.499393522390164, 47628.466012357406726 ] ], [ [ 565997.871841462911107, 46032.114728233340429 ], [ 565973.143412211327814, 46032.112867967414786 ], [ 565973.139715208206326, 46081.239957517624134 ], [ 565997.868143073748797, 46081.241819768751157 ], [ 565997.86629239981994, 46105.805365553962474 ], [ 565948.409439068869688, 46105.80163976487529 ], [ 565948.416830303496681, 46007.547464639646932 ], [ 565923.688402357278392, 46007.54560676006804 ], [ 565923.690247018588707, 45982.981953471695306 ], [ 565973.147105279495008, 45982.98566794362705 ], [ 565973.145259234239347, 46007.549323216095218 ], [ 565997.873689178144559, 46007.551182489420171 ], [ 565997.871841462911107, 46032.114728233340429 ] ], [ [ 565997.875535915489309, 45982.987526224351313 ], [ 566022.60407881392166, 45982.989385209933971 ], [ 566022.602231384604238, 46007.553042467989144 ], [ 565997.873689178144559, 46007.551182489420171 ], [ 565997.875535915489309, 45982.987526224351313 ] ], [ [ 564736.716548910597339, 46105.711230441724183 ], [ 564761.444926587631926, 46105.713058767498296 ], [ 564761.452184773283079, 46007.459072400291916 ], [ 564810.909059876343235, 46007.46272335867252 ], [ 564810.901796146994457, 46105.716717522358522 ], [ 564786.17330523126293, 46105.714887791633373 ], [ 564786.171487563406117, 46130.278495925369498 ], [ 564736.714732630527578, 46130.27483662708255 ], [ 564736.716548910597339, 46105.711230441724183 ] ], [ [ 561967.07309385703411, 47063.484049828795833 ], [ 561942.344851927016862, 47063.482264069942175 ], [ 561942.351938529754989, 46965.228599555128312 ], [ 561991.808428978314623, 46965.232164328546787 ], [ 561991.80665730452165, 46989.795554665317468 ], [ 562016.53490323422011, 46989.797339051765448 ], [ 562016.531355692772195, 47038.924121639181976 ], [ 561991.803111177752726, 47038.922335387331259 ], [ 561991.799561337567866, 47088.04922669356165 ], [ 561967.071319186012261, 47088.047439289533941 ], [ 561967.07309385703411, 47063.484049828795833 ] ], [ [ 566888.04020895040594, 46769.090283678313426 ], [ 566863.311653163982555, 46769.088368123011605 ], [ 566863.315456013777293, 46719.961205866689852 ], [ 566888.044013206847012, 46719.963119410000218 ], [ 566888.045913844252937, 46695.399426761730865 ], [ 566912.774472767254338, 46695.401340006348619 ], [ 566912.778272430878133, 46646.2741738027471 ], [ 566937.506611217046157, 46646.276085723977303 ], [ 566937.502810148987919, 46695.40325394104002 ], [ 566962.231371084810235, 46695.405168600256729 ], [ 566962.229468339122832, 46719.968864268746984 ], [ 566937.500908106099814, 46719.966948602421326 ], [ 566937.497101036366075, 46769.094116896929336 ], [ 566912.76876576396171, 46769.09219994203886 ], [ 566912.76686142408289, 46793.655893644863681 ], [ 566888.038305314374156, 46793.653976374771446 ], [ 566888.04020895040594, 46769.090283678313426 ] ], [ [ 566492.418776854523458, 46326.915090268681524 ], [ 566467.690224606194533, 46326.913204048818443 ], [ 566467.69209739624057, 46302.349639209227462 ], [ 566442.963656746200286, 46302.347754699236248 ], [ 566442.967397953965701, 46253.220627054615761 ], [ 566467.695839996566065, 46253.222509565275686 ], [ 566467.697709815343842, 46228.658834232199297 ], [ 566442.9692670769291, 46228.656952721212292 ], [ 566442.971135198604316, 46204.093388936591509 ], [ 566492.428134361165576, 46204.097150667555979 ], [ 566492.426264848792925, 46228.660716451879125 ], [ 566517.154598326305859, 46228.662599354844133 ], [ 566517.150854920386337, 46277.789843500766438 ], [ 566541.879410576191731, 46277.791729122487595 ], [ 566541.875661809463054, 46326.918864796585694 ], [ 566517.147107546916232, 46326.916977173284977 ], [ 566517.145232360810041, 46351.480654562154086 ], [ 566492.41690236562863, 46351.478766657142842 ], [ 566492.418776854523458, 46326.915090268681524 ] ], [ [ 565305.394118733238429, 47112.85881946196605 ], [ 565206.480531057808548, 47112.851287898767623 ], [ 565206.486133445752785, 47039.160522538681107 ], [ 565231.214503190363757, 47039.162401413741463 ], [ 565231.212635991396382, 47063.726027679011167 ], [ 565255.941006018547341, 47063.72790824801632 ], [ 565255.939137144945562, 47088.291424974042457 ], [ 565280.667618714855053, 47088.293307246189215 ], [ 565280.669488296844065, 47063.729789538345358 ], [ 565305.397860298049636, 47063.731671533088956 ], [ 565305.394118733238429, 47112.85881946196605 ] ], [ [ 565305.399729620898142, 47039.168042322380643 ], [ 565354.856477997964248, 47039.171806484970148 ], [ 565354.850862860563211, 47112.862589520998881 ], [ 565379.579347692546435, 47112.864475629423396 ], [ 565379.575597977382131, 47161.991518983675633 ], [ 565330.118743419647217, 47161.987743556492205 ], [ 565330.126233279705048, 47063.733554240687226 ], [ 565305.397860298049636, 47063.731671533088956 ], [ 565305.399729620898142, 47039.168042322380643 ] ], [ [ 565602.174246130045503, 46597.046792000452115 ], [ 565626.902644407236949, 46597.048664509158698 ], [ 565626.904504300327972, 46572.485022762055451 ], [ 565651.632904258207418, 46572.486894989160646 ], [ 565651.634763862704858, 46547.923362803419877 ], [ 565626.906363204238005, 46547.921491563705786 ], [ 565626.910078078508377, 46498.794318667634798 ], [ 565651.638480136869475, 46498.796187932566681 ], [ 565651.636622486170381, 46523.359830625318864 ], [ 565676.365024850238115, 46523.361701582332898 ], [ 565676.366883200826123, 46498.798057901811262 ], [ 565701.095287250820547, 46498.79992857536854 ], [ 565701.09156817663461, 46547.927107398027147 ], [ 565725.8200831071008, 46547.928980761353159 ], [ 565725.816358704352751, 46597.056161610409617 ], [ 565750.544761954457499, 46597.058037648115715 ], [ 565750.54289758275263, 46621.621573814976728 ], [ 565602.172385965939611, 46621.610322239626839 ], [ 565602.174246130045503, 46597.046792000452115 ] ], [ [ 566467.669558336609043, 46597.112749816988071 ], [ 566442.941126073128544, 46597.110853310965467 ], [ 566442.943009096430615, 46572.547178783395793 ], [ 566393.486034883186221, 46572.543389878468588 ], [ 566393.489795132656582, 46523.416265925196058 ], [ 566442.94677214731928, 46523.420050833672576 ], [ 566442.948652191902511, 46498.856376347823243 ], [ 566467.677087256801315, 46498.858268855168717 ], [ 566467.673324783216231, 46547.985509311394708 ], [ 566492.401870743255131, 46547.98740453166829 ], [ 566492.399987320182845, 46572.550970510063053 ], [ 566517.128311023814604, 46572.552867418744427 ], [ 566517.12642589781899, 46597.116544946446083 ], [ 566541.854972470551729, 46597.118443578430742 ], [ 566541.851197850657627, 46646.24557960718812 ], [ 566517.122652680845931, 46646.243678973631177 ], [ 566517.124539786251262, 46621.680111953071901 ], [ 566492.39621748495847, 46621.678213043567666 ], [ 566492.390555292600766, 46695.368911152138025 ], [ 566467.662013541441411, 46695.367009931600478 ], [ 566467.669558336609043, 46597.112749816988071 ] ], [ [ 566294.528857804369181, 47137.498210841731634 ], [ 566368.714204275165685, 47137.503955636537285 ], [ 566368.716106997453608, 47112.940504867663549 ], [ 566343.987582272617146, 47112.938590214500437 ], [ 566343.991383350570686, 47063.811359110433841 ], [ 566393.448214076459408, 47063.815185119681701 ], [ 566393.444410164607689, 47112.942420217208564 ], [ 566418.172936899936758, 47112.944336297616246 ], [ 566418.171032759477384, 47137.507789063944074 ], [ 566393.442506733350456, 47137.505871984620171 ], [ 566393.438696868601255, 47186.633107172914606 ], [ 566269.796645309892483, 47186.623522551206406 ], [ 566269.804246877552941, 47088.369182728325541 ], [ 566294.53265802108217, 47088.371094234957127 ], [ 566294.528857804369181, 47137.498210841731634 ] ], [ [ 566294.534556643455289, 47063.807535952677426 ], [ 566319.262969501898624, 47063.809447175117384 ], [ 566319.261070171254687, 47088.373006454836286 ], [ 566294.53265802108217, 47088.371094234957127 ], [ 566294.534556643455289, 47063.807535952677426 ] ], [ [ 564662.525865022442304, 46179.396338421363907 ], [ 564588.340641673305072, 46179.390855161880609 ], [ 564588.342455712263472, 46154.827365313511109 ], [ 564563.614086292102002, 46154.825539933430264 ], [ 564563.617710094316863, 46105.698451698801364 ], [ 564588.346080902731046, 46105.700275136092387 ], [ 564588.347892046091147, 46081.136785335387685 ], [ 564637.804749286849983, 46081.140432369335031 ], [ 564637.802936756284907, 46105.703924113950052 ], [ 564662.531310500111431, 46105.705749646302138 ], [ 564662.533123724046163, 46081.142256929182622 ], [ 564687.261610431596637, 46081.144082195227384 ], [ 564687.257981621893123, 46130.271180123701924 ], [ 564711.986245353589766, 46130.273008017800748 ], [ 564711.982611296698451, 46179.399997419553983 ], [ 564687.254348953720182, 46179.398167578954599 ], [ 564687.252531169680879, 46203.96166132415965 ], [ 564662.524047933402471, 46203.959831193678838 ], [ 564662.525865022442304, 46179.396338421363907 ] ], [ [ 565478.556094649713486, 46277.711280643066857 ], [ 565429.099292844766751, 46277.707570400700206 ], [ 565429.101134411757812, 46253.144047254565521 ], [ 565478.557937608915381, 46253.147755527730624 ], [ 565478.561620600172319, 46204.020594803725544 ], [ 565552.746948288404383, 46204.026156563042605 ], [ 565552.748790397192352, 46179.462628532557574 ], [ 565528.020383236813359, 46179.460774901621335 ], [ 565528.022223671432585, 46154.897247864559176 ], [ 565552.750631526461802, 46154.899100509595883 ], [ 565552.75247167609632, 46130.335572506723111 ], [ 565602.209403021726757, 46130.339277929517266 ], [ 565602.205718965036795, 46179.466337901212682 ], [ 565577.47719854186289, 46179.464482862975274 ], [ 565577.475355737959035, 46204.028011879738187 ], [ 565602.203875466249883, 46204.029867904624552 ], [ 565602.202030987129547, 46228.593397921838914 ], [ 565577.473511954303831, 46228.591540910296317 ], [ 565577.471667182282545, 46253.155180489506165 ], [ 565528.014856049441732, 46253.151466611605429 ], [ 565528.011166367330588, 46302.278520803782158 ], [ 565478.554250712040812, 46302.274805778513837 ], [ 565478.556094649713486, 46277.711280643066857 ] ], [ [ 561966.974111776798964, 48414.471817765537708 ], [ 561991.702315132366493, 48414.473655515124847 ], [ 561991.707788567757234, 48340.783371524710674 ], [ 561966.979583028587513, 48340.781536572096229 ], [ 561966.981404924532399, 48316.21814638338401 ], [ 561917.524883910780773, 48316.214480530012224 ], [ 561917.530339684337378, 48242.524315641181602 ], [ 561942.258657540776767, 48242.526145411335165 ], [ 561942.260475015384145, 48217.962645671897917 ], [ 562016.445102546014823, 48217.968136544914159 ], [ 562016.441462324466556, 48267.095031091710553 ], [ 562041.169671919080429, 48267.096864709521469 ], [ 562041.167849695892073, 48291.660257667404949 ], [ 561991.711432887474075, 48291.656589297104802 ], [ 561991.70961119083222, 48316.219980403679074 ], [ 562041.16602654568851, 48316.22365063973848 ], [ 562041.164202468353324, 48340.787043626529339 ], [ 562016.435995054198429, 48340.785207209526561 ], [ 562016.432345565408468, 48389.912101900874404 ], [ 562041.16055152437184, 48389.913940184014791 ], [ 562041.1587246657582, 48414.477333214228565 ], [ 562016.430519435089082, 48414.475493998019374 ], [ 562016.428692369838245, 48439.038996643852443 ], [ 561966.972286168718711, 48439.035318546346389 ], [ 561966.974111776798964, 48414.471817765537708 ] ], [ [ 567135.325043726712465, 46769.109478133825178 ], [ 567110.596477794111706, 46769.10755549435271 ], [ 567110.60220167262014, 46695.416671365725051 ], [ 567135.33076971466653, 46695.418590976049018 ], [ 567135.332676368067041, 46670.854998796392465 ], [ 567110.604107623570599, 46670.853080195789516 ], [ 567110.607916516950354, 46621.7258978914615 ], [ 567160.064835289493203, 46621.729731742736476 ], [ 567160.066739634494297, 46597.166138594817312 ], [ 567184.795312528964132, 46597.168055577902123 ], [ 567184.793407482793555, 46621.731649736284453 ], [ 567209.521869407617487, 46621.733568427378486 ], [ 567209.516146139008924, 46695.42435402488627 ], [ 567234.244606984080747, 46695.42627645576431 ], [ 567234.240785035537556, 46744.553579477178573 ], [ 567209.51232559629716, 46744.551655023897183 ], [ 567209.50850103632547, 46793.678956085037498 ], [ 567135.323133051861078, 46793.673180910707742 ], [ 567135.325043726712465, 46769.109478133825178 ] ], [ [ 564440.027770986431278, 45393.347541407092649 ], [ 564464.756268148543313, 45393.349333244106674 ], [ 564464.754487445345148, 45417.912817808552063 ], [ 564415.297495448961854, 45417.909232883379445 ], [ 564415.299274785909802, 45393.345750257649343 ], [ 564390.57100212899968, 45393.343959811878449 ], [ 564390.572779820533469, 45368.780478168519039 ], [ 564440.029550043516792, 45368.784057825767377 ], [ 564440.027770986431278, 45393.347541407092649 ] ], [ [ 564440.03132813773118, 45344.220574258011766 ], [ 564415.302830572007224, 45344.218785046905396 ], [ 564415.304607021273114, 45319.655302455590572 ], [ 564440.033105268958025, 45319.657090697532112 ], [ 564440.038430885178968, 45245.966640116203052 ], [ 564415.309930593473837, 45245.964854781770555 ], [ 564415.313474836759269, 45196.837779192654125 ], [ 564440.041976489243098, 45196.839562588735134 ], [ 564440.043747842893936, 45172.276079115727043 ], [ 564489.500532864592969, 45172.279646006158146 ], [ 564489.496986474259757, 45221.406616850865248 ], [ 564538.953883962123655, 45221.410190368071198 ], [ 564538.950330986059271, 45270.537275677103025 ], [ 564514.221938760718331, 45270.535486638720613 ], [ 564514.218383298022673, 45319.662459525949089 ], [ 564489.489882121561095, 45319.660669224656885 ], [ 564489.486324167111889, 45368.78764023178519 ], [ 564440.029550043516792, 45368.784057825767377 ], [ 564440.03132813773118, 45344.220574258011766 ] ], [ [ 566714.937208910589106, 46818.204039981792448 ], [ 566764.394083995372057, 46818.207867298413476 ], [ 566764.397885209298693, 46769.080713020397525 ], [ 566714.941007308196276, 46769.076889719559404 ], [ 566714.942905011586845, 46744.513314612559043 ], [ 566690.214355601696298, 46744.511405019547965 ], [ 566690.216251605073921, 46719.94783092988655 ], [ 566665.487813765066676, 46719.945923056526226 ], [ 566665.48970807751175, 46695.38223944883066 ], [ 566690.218146620434709, 46695.384146319171123 ], [ 566690.221933644264936, 46646.256998203345574 ], [ 566739.678927829139866, 46646.260810060201038 ], [ 566739.677033411455341, 46670.824386121428688 ], [ 566764.40547567338217, 46670.826294109523587 ], [ 566764.407370793167502, 46646.262717044162855 ], [ 566813.864259783062153, 46646.266533131754841 ], [ 566813.858567207935266, 46719.957380920292053 ], [ 566789.130235591670498, 46719.955469517190068 ], [ 566789.120731523260474, 46842.773470725456718 ], [ 566764.392181883333251, 46842.771554990285949 ], [ 566764.390278782229871, 46867.335132161126239 ], [ 566714.933406516676769, 46867.331300828729582 ], [ 566714.937208910589106, 46818.204039981792448 ] ], [ [ 561348.992440960835665, 45270.312150632504199 ], [ 561324.264171660179272, 45270.310450048971688 ], [ 561324.265860104234889, 45245.7470857206863 ], [ 561373.722512258798815, 45245.750485735392431 ], [ 561373.724201155244373, 45221.187009040855628 ], [ 561348.995818301802501, 45221.185309610060358 ], [ 561349.000877426471561, 45147.495213972732017 ], [ 561373.729262319393456, 45147.496910634414235 ], [ 561373.725889127119444, 45196.623642887665483 ], [ 561398.454162325011566, 45196.625342072351486 ], [ 561398.457536876667291, 45147.498607972287573 ], [ 561447.914088772376999, 45147.502004699512327 ], [ 561447.912400596425869, 45172.065373590710806 ], [ 561472.640788543969393, 45172.067073912243359 ], [ 561472.637408077483997, 45221.193813590551144 ], [ 561497.365573028917424, 45221.195516430751013 ], [ 561497.362187518854626, 45270.322368540801108 ], [ 561546.818962610093877, 45270.325780008548463 ], [ 561546.817267125472426, 45294.889042133632756 ], [ 561423.17567360564135, 45294.880514005511941 ], [ 561423.177365683834068, 45270.317256504880788 ], [ 561398.449093609000556, 45270.315553864289541 ], [ 561398.447402212186716, 45294.878810441136011 ], [ 561348.990750926546752, 45294.875405362916354 ], [ 561348.992440960835665, 45270.312150632504199 ] ], [ [ 562807.785763289430179, 47726.758234987886681 ], [ 562807.787586452439427, 47702.19470271631144 ], [ 562783.05933093954809, 47702.192868160826038 ], [ 562783.055685119354166, 47751.319820300988795 ], [ 562758.327432007645257, 47751.317984579560289 ], [ 562758.329254664364271, 47726.754564710594423 ], [ 562708.872749840840697, 47726.750897324898688 ], [ 562708.874570132349618, 47702.187368829509069 ], [ 562758.331076391623355, 47702.191034327857778 ], [ 562758.334717016201466, 47653.064194673861493 ], [ 562807.791229946305975, 47653.067859284652513 ], [ 562807.789408660493791, 47677.631391527691449 ], [ 562832.517777115455829, 47677.633225868994487 ], [ 562832.519599118502811, 47653.069692680968728 ], [ 562857.247857954585925, 47653.071526790823555 ], [ 562857.244211591314524, 47702.198374003128265 ], [ 562832.515954189933836, 47702.196538002586749 ], [ 562832.514130308991298, 47726.760071219141537 ], [ 562807.785763289430179, 47726.758234987886681 ] ], [ [ 562857.242386992438696, 47726.761908165033674 ], [ 562857.24056146258954, 47751.325331813153753 ], [ 562832.512305497424677, 47751.323493921918271 ], [ 562832.514130308991298, 47726.760071219141537 ], [ 562857.242386992438696, 47726.761908165033674 ] ], [ [ 562881.968818393768743, 47751.327170427663077 ], [ 562881.972469958593138, 47702.200210726201476 ], [ 562906.700729264062829, 47702.20204817179183 ], [ 562906.698903229553252, 47726.765584225518978 ], [ 562931.427274060202762, 47726.767423348377633 ], [ 562931.425446375505999, 47751.330849834768742 ], [ 562906.697076263139024, 47751.329009765438968 ], [ 562906.695248356671073, 47775.892435313355236 ], [ 562857.238734993501566, 47775.888755469262833 ], [ 562857.24056146258954, 47751.325331813153753 ], [ 562881.968818393768743, 47751.327170427663077 ] ], [ [ 562980.880136827821843, 47775.897960515103478 ], [ 562980.881966890068725, 47751.334532126682461 ], [ 563005.610339862760156, 47751.336374365841039 ], [ 563005.608509081765078, 47775.899803701846395 ], [ 563030.336659722961485, 47775.901647595630493 ], [ 563030.334827281418256, 47800.465077893881244 ], [ 562931.421788185019977, 47800.45770283784077 ], [ 562931.419957670965232, 47825.021239895184408 ], [ 562906.69158971554134, 47825.019396986448555 ], [ 562906.695248356671073, 47775.892435313355236 ], [ 562980.880136827821843, 47775.897960515103478 ] ], [ [ 562956.153594885487109, 47751.332690610805003 ], [ 562956.155423288349994, 47726.769263177586254 ], [ 562980.88379601133056, 47726.771103746257722 ], [ 562980.881966890068725, 47751.334532126682461 ], [ 562956.153594885487109, 47751.332690610805003 ] ], [ [ 563030.340321780182421, 47726.774787035727059 ], [ 563055.068697379669175, 47726.776629773106833 ], [ 563055.065033885533921, 47775.903492229663243 ], [ 563030.336659722961485, 47775.901647595630493 ], [ 563030.340321780182421, 47726.774787035727059 ] ], [ [ 562857.235079229110852, 47825.015713358741777 ], [ 562807.778461276553571, 47825.01203262029594 ], [ 562807.780288193724118, 47800.448500291568052 ], [ 562832.508653057506308, 47800.450339357754274 ], [ 562832.510479746968485, 47775.886916632684006 ], [ 562857.238734993501566, 47775.888755469262833 ], [ 562857.235079229110852, 47825.015713358741777 ] ], [ [ 562733.582740184152499, 47972.387141569488449 ], [ 562783.039232509443536, 47972.390829281852348 ], [ 562783.035566049395129, 48021.517781737020414 ], [ 562758.307320862892084, 48021.515935629075102 ], [ 562758.303652104106732, 48070.642775712622097 ], [ 562708.847167459316552, 48070.639081904126215 ], [ 562708.849000869668089, 48046.075553208174824 ], [ 562684.120647968258709, 48046.073708330906811 ], [ 562684.122479702346027, 48021.510401661093056 ], [ 562659.394238300970756, 48021.508558462592191 ], [ 562659.392407289589755, 48046.071864189667394 ], [ 562634.664167573908344, 48046.070020776169258 ], [ 562634.675135324709117, 47898.689418536756421 ], [ 562684.131624380243011, 47898.693094780843239 ], [ 562684.127969325752929, 47947.819929059929564 ], [ 562733.584570567822084, 47947.823611987500044 ], [ 562733.582740184152499, 47972.387141569488449 ] ], [ [ 562733.588228506385349, 47898.69677393521124 ], [ 562832.50133690237999, 47898.704140941714286 ], [ 562832.499505510204472, 47923.267674272698059 ], [ 562807.771144247031771, 47923.265830481621379 ], [ 562807.769312653574161, 47947.829141813279421 ], [ 562733.584570567822084, 47947.823611987500044 ], [ 562733.588228506385349, 47898.69677393521124 ] ], [ [ 561670.487417364725843, 44877.319843633616983 ], [ 561719.944115959340706, 44877.323234995426901 ], [ 561719.949166947626509, 44803.632987735916686 ], [ 561769.40576203528326, 44803.636376236216165 ], [ 561769.407445191172883, 44779.073106033225486 ], [ 561794.135744806262664, 44779.074800371949095 ], [ 561794.139109718380496, 44729.947926544984512 ], [ 561868.324129524757154, 44729.953008057636907 ], [ 561868.3224455146119, 44754.516392487668782 ], [ 561917.779054531245492, 44754.519785407290328 ], [ 561917.780739887617528, 44729.956399115188105 ], [ 561942.509157760534436, 44729.958095667861926 ], [ 561942.507471730932593, 44754.52148289156321 ], [ 561967.235778589267284, 44754.523181046068203 ], [ 561967.232402405701578, 44803.649957397574326 ], [ 561991.960708846454509, 44803.651658094633603 ], [ 561991.957327602431178, 44852.778546904912218 ], [ 561967.229022510582581, 44852.776844343170524 ], [ 561967.23071292496752, 44828.213345593423583 ], [ 561893.045801237458363, 44828.208244779198139 ], [ 561893.04411284707021, 44852.771740734155173 ], [ 561818.859100342611782, 44852.766643231785565 ], [ 561818.86078670900315, 44828.203150068271498 ], [ 561794.132376215653494, 44828.201453184199636 ], [ 561794.129003916401416, 44877.328327124712814 ], [ 561744.672411006060429, 44877.324931692113751 ], [ 561744.670724825933576, 44901.888311553950189 ], [ 561670.485733210691251, 44901.883220710711612 ], [ 561670.487417364725843, 44877.319843633616983 ] ], [ [ 565206.55633782746736, 46105.746088083440554 ], [ 565206.554508363595232, 46130.309712838490668 ], [ 565132.369215995306149, 46130.304189295704418 ], [ 565132.367387647973374, 46154.867700588794833 ], [ 565107.638996608904563, 46154.86585982851102 ], [ 565107.640824261936359, 46130.302349514997331 ], [ 565082.912433517398313, 46130.300510433022282 ], [ 565082.910606558551081, 46154.864019767323043 ], [ 565033.453829422825947, 46154.860341742256423 ], [ 565033.457479599863291, 46105.733216467291641 ], [ 564984.000592350261286, 46105.729545141992276 ], [ 564984.002414589864202, 46081.16603974836471 ], [ 564909.817144648986869, 46081.160540933167795 ], [ 564909.820782057358883, 46032.0335360428071 ], [ 564984.006056156009436, 46032.039028996143315 ], [ 564984.004235858446918, 46056.602534368517809 ], [ 565082.917908566771075, 46056.609871978049341 ], [ 565082.916084525524639, 46081.173381271008111 ], [ 565256.014961430570111, 46081.186255801905645 ], [ 565256.013131562271155, 46105.749771970913571 ], [ 565206.55633782746736, 46105.746088083440554 ] ], [ [ 565305.470040512736887, 46105.753458660110482 ], [ 565305.471871768124402, 46081.189940527103317 ], [ 565330.200272778747603, 46081.191783932539693 ], [ 565330.203933747834526, 46032.064745736446639 ], [ 565354.932337142294273, 46032.06658787401102 ], [ 565354.928674787282944, 46081.193628035958682 ], [ 565404.38548176526092, 46081.197318336759054 ], [ 565404.383647735812701, 46105.760840402217582 ], [ 565354.926842144923285, 46105.75714813444938 ], [ 565354.923173921997659, 46154.884298907563789 ], [ 565305.466375066083856, 46154.880605502250546 ], [ 565305.468208273290657, 46130.317087341682054 ], [ 565256.011300710611977, 46130.313398688478628 ], [ 565256.013131562271155, 46105.749771970913571 ], [ 565305.470040512736887, 46105.753458660110482 ] ], [ [ 565256.009468892007135, 46154.876914885047881 ], [ 565231.28107291739434, 46154.875070629255788 ], [ 565231.282904041698202, 46130.311555414118629 ], [ 565256.011300710611977, 46130.313398688478628 ], [ 565256.009468892007135, 46154.876914885047881 ] ], [ [ 566096.720290432800539, 46891.847198916999332 ], [ 566096.718404382234439, 46916.41085967609979 ], [ 566071.989996317890473, 46916.408960834029131 ], [ 566071.988110002712347, 46940.972399536964076 ], [ 566047.259592353715561, 46940.970500403273036 ], [ 566047.257705740747042, 46965.534159196329711 ], [ 566022.529412355273962, 46965.532259797400911 ], [ 566022.527525470592082, 46990.095807076257188 ], [ 565997.799011249095201, 46990.093907378650329 ], [ 565997.79712407651823, 47014.657564219742198 ], [ 565948.340322585776448, 47014.65376499206468 ], [ 565948.33654813002795, 47063.780853664422466 ], [ 565923.608150291256607, 47063.778953135064512 ], [ 565923.606262293411419, 47088.342496500496054 ], [ 565898.877754887216724, 47088.340595683985157 ], [ 565898.88152848999016, 47039.21340041529038 ], [ 565824.696230571134947, 47039.207708206769894 ], [ 565824.699995982111432, 46990.08062946733844 ], [ 565750.514814078691415, 46990.074949617555831 ], [ 565750.516693188343197, 46965.511413240914408 ], [ 565725.788300496176817, 46965.509522370033665 ], [ 565725.792054355260916, 46916.382451636593032 ], [ 565750.520448459894396, 46916.384340529715701 ], [ 565750.518571323831566, 46940.947766343451804 ], [ 565824.703757467097603, 46940.953440255492751 ], [ 565824.711268616374582, 46842.69928306354268 ], [ 565799.982980695785955, 46842.697395016984956 ], [ 565799.984855327871628, 46818.133746210711251 ], [ 565824.713143953122199, 46818.135633267280355 ], [ 565824.716891658725217, 46769.008554780171835 ], [ 565874.173808567109518, 46769.012327084026765 ], [ 565874.179426975548267, 46695.321592989406781 ], [ 565923.636352078872733, 46695.325362179093645 ], [ 565923.638224314898252, 46670.761819037834357 ], [ 565948.366633436176926, 46670.763703697528399 ], [ 565948.359135761274956, 46769.017990848617046 ], [ 566022.544471932342276, 46769.023660988896154 ], [ 566022.546349937678315, 46744.460113836103119 ], [ 566096.731585951987654, 46744.465787362401898 ], [ 566096.72970583604183, 46769.029337496336666 ], [ 566146.186644716886804, 46769.033125385190942 ], [ 566146.180994209251367, 46842.72389237995958 ], [ 566121.452470749383792, 46842.721995092564612 ], [ 566121.448700218112208, 46891.849097475249437 ], [ 566096.720290432800539, 46891.847198916999332 ] ], [ [ 566146.177222267491743, 46891.850996752313222 ], [ 566146.175334805622697, 46916.414659500718699 ], [ 566121.446813461836427, 46916.412759228813229 ], [ 566121.448700218112208, 46891.849097475249437 ], [ 566146.177222267491743, 46891.850996752313222 ] ], [ [ 563252.947820129804313, 47014.451014859776478 ], [ 563203.491235818364657, 47014.447373722716293 ], [ 563203.493043078342453, 46989.883826691373542 ], [ 563178.764751647016965, 46989.882008141568804 ], [ 563178.766557247610763, 46965.318572615527955 ], [ 563228.223142469651066, 46965.322208525387396 ], [ 563228.221335455426015, 46989.885645952919731 ], [ 563252.949628804111853, 46989.887465926200093 ], [ 563252.947820129804313, 47014.451014859776478 ] ], [ [ 563252.953243309166282, 46940.760478648175194 ], [ 563327.138244603411295, 46940.765937134368869 ], [ 563327.140052544069476, 46916.20260646189854 ], [ 563302.411754201282747, 46916.200787210647832 ], [ 563302.413560506189242, 46891.637236429509358 ], [ 563327.141859554685652, 46891.63905472834449 ], [ 563327.14366561092902, 46867.07561354952486 ], [ 563376.60026798187755, 46867.079250371985836 ], [ 563376.598460514913313, 46891.642693456757115 ], [ 563401.326873715268448, 46891.644513894541888 ], [ 563401.328681887476705, 46867.081069856234535 ], [ 563450.785290017956868, 46867.084710937982891 ], [ 563450.78166989586316, 46916.211713385724579 ], [ 563500.238390324404463, 46916.215361134563864 ], [ 563500.236577441217378, 46940.778698484340566 ], [ 563450.779858424910344, 46940.775048825838894 ], [ 563450.77623261383269, 46989.90205135152064 ], [ 563475.504534582840279, 46989.903877730466775 ], [ 563475.502719543757848, 47014.46743524253543 ], [ 563500.23113305750303, 47014.469263296479767 ], [ 563500.225680150091648, 47088.159607159992447 ], [ 563524.953981222235598, 47088.161438784001803 ], [ 563524.957618867163546, 47039.034430415682436 ], [ 563549.685922306147404, 47039.036260841385229 ], [ 563549.682283245027065, 47088.163271121236903 ], [ 563574.410697520943359, 47088.165104179955961 ], [ 563574.4125182304997, 47063.601653344070655 ], [ 563623.869128520251252, 47063.605319671311008 ], [ 563623.870949703850783, 47039.041756401653402 ], [ 563648.599257005960681, 47039.043589677305135 ], [ 563648.595612280070782, 47088.1706076107439 ], [ 563623.867306394153275, 47088.168772420583991 ], [ 563623.865483309025876, 47112.732335718414106 ], [ 563599.137067815987393, 47112.730500276338717 ], [ 563599.135244505479932, 47137.293841562415764 ], [ 563574.407053251867183, 47137.292005893963506 ], [ 563574.403405174496584, 47186.419018205117027 ], [ 563549.674993735388853, 47186.417181321827229 ], [ 563549.671343286870979, 47235.544081236395868 ], [ 563500.214748706901446, 47235.540405808205833 ], [ 563500.212923471699469, 47260.103964416259259 ], [ 563450.756222880561836, 47260.100289931964653 ], [ 563450.754398127319291, 47284.663736103750125 ], [ 563376.569412213866599, 47284.658226888488571 ], [ 563376.567588647245429, 47309.221670212689787 ], [ 563327.111011781496927, 47309.217999083106406 ], [ 563327.112833924824372, 47284.654557664856839 ], [ 563302.384546211920679, 47284.65272412734339 ], [ 563302.388186245923862, 47235.525732697366038 ], [ 563351.844876737450249, 47235.52939668642648 ], [ 563351.846696744207293, 47210.96606489221449 ], [ 563302.390004831831902, 47210.962402808348997 ], [ 563302.391822488047183, 47186.398851864614699 ], [ 563327.12011304369662, 47186.400681592465844 ], [ 563327.123746929340996, 47137.273688370623859 ], [ 563302.39545495447237, 47137.271860547618417 ], [ 563302.399083629134111, 47088.144979827724455 ], [ 563327.12737702159211, 47088.146805745898746 ], [ 563327.129190648323856, 47063.583364454651019 ], [ 563277.67260341939982, 47063.57971523598826 ], [ 563277.678034384502098, 46989.889286619414634 ], [ 563252.949628804111853, 46989.887465926200093 ], [ 563252.953243309166282, 46940.760478648175194 ] ], [ [ 565824.75229866092559, 46302.300869834274636 ], [ 565800.0239953242708, 46302.29900356750295 ], [ 565800.02584831614513, 46277.73546559594979 ], [ 565824.754152349196374, 46277.737330872732855 ], [ 565824.75229866092559, 46302.300869834274636 ] ], [ [ 565824.756005053874105, 46253.173791931301821 ], [ 565701.113823681138456, 46253.164477452977735 ], [ 565701.115671931765974, 46228.600832936790539 ], [ 565676.387260208372027, 46228.598973132728133 ], [ 565676.38910677365493, 46204.035440153333184 ], [ 565651.660695340950042, 46204.033582037249289 ], [ 565651.658849471015856, 46228.597114028874785 ], [ 565626.930439739255235, 46228.595255625252321 ], [ 565626.934129107510671, 46179.468193630578753 ], [ 565701.119365471182391, 46179.473765015543904 ], [ 565701.121210768236779, 46154.910231069341535 ], [ 565725.849736857227981, 46154.912088616467372 ], [ 565725.8460438917391, 46204.039158493418654 ], [ 565750.574458312126808, 46204.041018709052878 ], [ 565750.578152667265385, 46154.913946854343521 ], [ 565775.306569458800368, 46154.915805791315506 ], [ 565775.30472207791172, 46179.479342704165902 ], [ 565824.761557274498045, 46179.483064655054477 ], [ 565824.759707520715892, 46204.046603555041656 ], [ 565849.488237200537696, 46204.048466578453372 ], [ 565849.490087649319321, 46179.484926688099222 ], [ 565874.218507746933028, 46179.486789412236249 ], [ 565874.220357906422578, 46154.923248538660118 ], [ 565898.948779682163149, 46154.925110971162212 ], [ 565898.946928828023374, 46179.488652835854737 ], [ 565997.860734452493489, 46179.496113533503376 ], [ 565997.858879833715037, 46204.05965937388828 ], [ 566022.587416490423493, 46204.061527296275017 ], [ 566022.589271804201417, 46179.497980462911073 ], [ 566047.317587612895295, 46179.499848075000045 ], [ 566047.310157647589222, 46277.75414999955683 ], [ 566022.58184462110512, 46277.752278414111061 ], [ 566022.579985360964201, 46302.31582530902233 ], [ 565997.85145148797892, 46302.313953414726711 ], [ 565997.849591938080266, 46326.877499324218661 ], [ 566022.578125114203431, 46326.879372211486043 ], [ 566022.57626387255732, 46351.443029662696063 ], [ 566072.033109301584773, 46351.446779512596549 ], [ 566072.029381084023044, 46400.573877360890037 ], [ 566121.486227712943219, 46400.577633996210352 ], [ 566121.484360726550221, 46425.14118493598653 ], [ 566096.755937602836639, 46425.139305272452475 ], [ 566096.752202063566074, 46474.266405192160164 ], [ 566121.480623789480887, 46474.268286844606337 ], [ 566121.482492752023973, 46449.704735883358808 ], [ 566170.939340589335188, 46449.708499310050684 ], [ 566170.937470228644088, 46474.272052261338104 ], [ 566195.666006236802787, 46474.273936034092912 ], [ 566195.664134187856689, 46498.837489994839416 ], [ 566220.392559207743034, 46498.839375459014263 ], [ 566220.388810734031722, 46547.966595955316734 ], [ 566245.117235370911658, 46547.968484116448963 ], [ 566245.115358953364193, 46572.532040111174865 ], [ 566195.658512097666971, 46572.528262501706195 ], [ 566195.660387114156038, 46547.964708499246626 ], [ 566170.931853205431253, 46547.962821739747596 ], [ 566170.928103576414287, 46597.090038302361791 ], [ 566146.199794628191739, 46597.088150274496002 ], [ 566146.194164886139333, 46670.778806441143388 ], [ 566047.280279881088063, 46670.77124940547219 ], [ 566047.27840413316153, 46695.334797509720374 ], [ 566022.550102997105569, 46695.332909037511854 ], [ 566022.551978042698465, 46670.769361926599231 ], [ 565997.823454661178403, 46670.767475137661677 ], [ 565997.829071773448959, 46597.076836861248012 ], [ 565948.372246338636614, 46597.073071375583822 ], [ 565948.374115343554877, 46572.509416763321497 ], [ 565973.102528255200014, 46572.511298161021841 ], [ 565973.106264692498371, 46523.38420805730857 ], [ 565948.377850380027667, 46523.382328644060181 ], [ 565948.379716428462416, 46498.818674073540024 ], [ 565923.651302400743589, 46498.816796356841223 ], [ 565923.647570726810955, 46547.943992999462353 ], [ 565898.919047823175788, 46547.94211399564665 ], [ 565898.915313610108569, 46597.069308704660216 ], [ 565874.186904394300655, 46597.06742843214306 ], [ 565874.188771296408959, 46572.503776794350415 ], [ 565849.46036236314103, 46572.501898218375572 ], [ 565849.4566289850045, 46621.629088991518074 ], [ 565824.728111176867969, 46621.62720913177327 ], [ 565824.726243717595935, 46646.190748281442211 ], [ 565799.997950170538388, 46646.18886815480073 ], [ 565799.999816928058863, 46621.625329995127686 ], [ 565775.271301113185473, 46621.623451547740842 ], [ 565775.27316618617624, 46597.05991439162608 ], [ 565800.001682702335529, 46597.061791849388101 ], [ 565800.00354750175029, 46572.498143182710919 ], [ 565824.731843152781948, 46572.500020339379262 ], [ 565824.73370766104199, 46547.93648123148887 ], [ 565775.276893391972408, 46547.932729586304049 ], [ 565775.280616666073911, 46498.805544830356666 ], [ 565800.009135983651504, 46498.807418329597567 ], [ 565800.016573515953496, 46400.553266101895133 ], [ 565824.744874062831514, 46400.555136328635854 ], [ 565824.746731685707346, 46375.991597317974083 ], [ 565849.475256490171887, 46375.993467273998249 ], [ 565849.482679941691458, 46277.739196867260034 ], [ 565824.754152349196374, 46277.737330872732855 ], [ 565824.756005053874105, 46253.173791931301821 ] ] ] } }
]
}
