site_ID,lat,lon,year,month,day,hour,minute,second,Q_t_per_hr,Q_error_t_per_hr,wind_speed_m_per_s,sat_ID,obs_ID,date,IME_kg,intermediate_results_L_m,intermediate_results_effective_wind_speed_m_per_s,conversion_ch4_ppb_to_molm2,manually_pinned_sources,plume_tif_file_name
1,20.54346163,-103.17285782,2022,10,31,17,13,28,2.0683827242227,1.055682832583701,1.98,1,6axJ3gW,2022-10-31 17:13:28,545.3693740558814,1265.4868886280933,1.3332000000000002,0.0002982424,(20.542700;-103.173100//20.546200;-103.173700),C1_20221031_20221103_6axJ3gW_7367_CH4PL.tif
1,20.54076738,-103.17447132,2022,11,3,20,15,13,1.5332138269862987,0.8167952308125952,1.7,3,Db293gW,2022-11-03 20:15:13,333.23664163133947,968.664016904816,1.238,0.0002982424,(20.541200;-103.174300//20.547600;-103.173600),C3_20221103_20221108_Db293gW_7458_CH4PL.tif
1,20.54336504,-103.1742203,2022,11,18,20,13,14,2.5305306344581644,1.3335044142307872,1.88,5,LbG93gW,2022-11-18 20:13:14,458.4147737761105,847.2771985164316,1.2992,0.0002982424,(20.546900;-103.172700),C5_20221118_20221122_LbG93gW_7815_CH4PL.tif
1,20.54608603,-103.17454591,2022,11,24,16,19,40,6.581348371275308,3.77900445693823,1.38,2,-bM33gW,2022-11-24 16:19:40,6451.000848934258,3984.6078784518177,1.1292,0.0002982424,(20.541200;-103.175800),C2_20221124_20221129_-bM33gW_8051_CH4PL.tif
1,20.54144671,-103.17449485,2022,11,29,20,10,33,1.10571397777262,0.5745988981906784,2.09,3,DbR7YgW,2022-11-29 20:10:33,188.5500166386807,841.3893364828457,1.3706,0.0002982424,(20.541600;-103.174500),C3_20221129_20221203_DbR7YgW_8135_CH4PL.tif
1,20.54378536,-103.17288645,2022,12,3,20,10,16,1.5587756775852253,0.8312027337329555,1.73,4,HbV9YgW,2022-12-03 20:10:16,471.02015223957767,1357.8210803047807,1.2482000000000002,0.0002982424,(20.543900;-103.172700//20.539200;-103.174400),C4_20221203_20221207_HbV9YgW_8161_CH4PL.tif
1,20.5478257,-103.17324006,2022,12,6,17,19,24,3.191371809732789,2.067304292667069,0.86,1,6bY5YgW,2022-12-06 17:19:24,1430.2276078530278,1536.5604128087446,0.9524,0.0002982424,(20.547800;-103.173500),C1_20221206_20221209_6bY5YgW_8209_CH4PL.tif
1,20.54511,-103.1737,2022,12,7,20,15,29,0.8489074213884078,0.6944528784415223,0.27,3,DbZ7YgW,2022-12-07 20:15:29,253.879578213838,809.4168852009651,0.7518,0.0002982424,(20.543900;-103.173300//20.546400;-103.175000),C3_20221207_20221210_DbZ7YgW_8229_CH4PL.tif
1,20.54603271,-103.175101,2022,12,9,16,13,24,3.2883264796281004,1.606405042192236,2.11,2,-ba33gW,2022-12-09 16:13:24,1351.1818322473032,2037.5179661030857,1.3774000000000002,0.0002982424,(20.546400;-103.174700),C2_20221209_20221216_-ba33gW_8398_CH4PL.tif
1,20.54664,-103.17238,2022,12,11,20,14,10,1.2398191040882949,0.5664898868226798,2.7,4,HbbLYgW,2022-12-11 20:14:10,191.9127998646285,879.3365337539929,1.5780000000000003,0.0002982424,(20.546000;-103.171700),C4_20221211_20221216_HbbLYgW_8336_CH4PL.tif
2,0.0,0.0,2022,12,16,21,13,52,0.0,,0.0,5,Lbh-FjW,2022-12-16 21:13:52,,,,,,
2,32.41071348,-116.74654138,2022,12,18,21,17,40,1.5112815752781836,0.6032330250838416,3.86,3,DbiGFjW,2022-12-18 21:17:40,222.7899561534013,1046.7614375368107,1.9724,0.0003448253,(32.411100;-116.746400),C3_20221218_20221227_DbiGFjW_8698_CH4PL.tif
3,42.92912991,-76.84879481,2022,10,16,18,42,13,2.504183787293273,1.3697778927954374,1.49,3,DajH8rm,2022-10-16 18:42:13,798.2399860148724,1338.7261672552347,1.1666,0.0003515521,(42.927700;-76.850400//42.925800;-76.850100),C3_20221016_20221018_DajH8rm_6978_CH4PL.tif
3,42.92887707,-76.84874888,2022,11,2,18,45,6,4.255914353591401,2.950746869974374,0.65,3,Db178rm,2022-11-02 18:45:06,1890.0916070882515,1408.5374006604422,0.881,0.0003515521,(42.930600;-76.847800),C3_20221102_20221104_Db178rm_7391_CH4PL.tif
3,42.92590793,-76.8498722,2022,11,26,18,37,21,3.267564674317634,1.2109387729592047,4.06,5,LbO58rm,2022-11-26 18:37:21,402.4417363041289,904.683433124434,2.0404,0.0003515521,(42.926300;-76.849200),C5_20221126_20221129_LbO58rm_8018_CH4PL.tif
3,42.9291221,-76.85055374,2022,12,10,18,44,24,8.153922913483328,3.0388557045295506,4.0,4,Hbb8crm,2022-12-10 18:44:24,2291.8811143311727,2043.992767684432,2.02,0.0003515521,(42.930100;-76.849400),C4_20221210_20221213_Hbb8crm_8275_CH4PL.tif
3,42.92911397,-76.84551542,2022,12,21,18,38,31,2.875364548892924,0.8859099767375138,5.6,5,Lbm5e84,2022-12-21 18:38:31,217.96878578525136,699.7161737584975,2.564,0.0003515521,(42.929200;-76.846600),C5_20221221_20221223_Lbm5e84_8623_CH4PL.tif
4,-34.52274944,-58.62501984,2021,4,16,14,1,8,42.94324369740559,24.05070968966891,1.43,1,5TB2hqH,2021-04-16 14:01:08,29405.721684274664,2825.529863445943,1.1462,0.0003573485,(-34.525600;-58.625600),C1_20210416_20231129_5TB2hqH_866_CH4PL.tif
4,-34.52512966,-58.62688892,2021,4,19,13,11,54,18.16013451354326,6.028072520375659,4.9,2,9TCAhqH,2021-04-19 13:11:54,5179.500494537254,2388.256833048916,2.326,0.0003573485,(-34.527400;-58.628300),C2_20210419_20220423_9TCAhqH_873_CH4PL.tif
4,-34.523186,-58.628443,2021,4,29,13,56,45,26.034218169540203,11.088509324725017,3.02,1,5TO4CqH,2021-04-29 13:56:45,11916.715589856243,2779.5732759801285,1.6868000000000003,0.0003573485,(-34.524400;-58.628300),C1_20210429_20220423_5TO4CqH_932_CH4PL.tif
4,-34.52907368,-58.6179216,2021,5,5,14,1,50,15.850688849796065,5.467963960662034,4.73,1,5TU2CqH,2021-05-05 14:01:50,2385.973927618356,1229.1401345435474,2.2682,0.0003573485,(-34.525300;-58.627300),C1_20210505_20240402_5TU2CqH_957_CH4PL.tif
4,-34.528395,-58.62678,2021,5,11,14,6,53,15.4443399589134,6.369002495273068,3.2,1,5T_2CqH,2021-05-11 14:06:53,3233.7975512949565,1317.61158359147,1.7480000000000002,0.0003573485,(-34.527200;-58.627000),C1_20210511_20220421_5T_2CqH_964_CH4PL.tif
4,-34.53366,-58.60275,2021,5,11,14,6,53,3.3181042325919283,1.4085039667729722,3.2,1,5T_2CqH,2021-05-11 14:06:53,562.3450770073858,1066.490035434424,1.7480000000000002,0.0003573485,(-34.533600;-58.602800),C1_20210511_20220831_5T_2CqH_5674_CH4PL.tif
4,-34.53252,-58.61737,2021,5,11,14,6,53,1.9143535246936847,0.8366596655179017,3.2,1,5T_2CqH,2021-05-11 14:06:53,171.85658102787997,564.921305883294,1.7480000000000002,0.0003573485,(-34.529300;-58.615700),C1_20210511_20220831_5T_2CqH_5673_CH4PL.tif
4,-34.52709568,-58.62571528,2021,5,12,13,52,4,25.13308024539981,9.463258765765625,3.76,1,5Ta3hqH,2021-05-12 13:52:04,8418.080376105638,2337.293504424608,1.9384,0.0003573485,(-34.528100;-58.627000),C1_20210512_20231012_5Ta3hqH_18082_CH4PL.tif
4,-34.526449,-58.625989,2021,5,18,13,57,3,2.9497266104858983,1.7308953054954097,1.94,1,5Tg2CqH,2021-05-18 13:57:03,277.3833265210506,446.72822591541046,1.3196,0.0003573485,(-34.527700;-58.627300),C1_20210518_20220423_5Tg2CqH_1405_CH4PL.tif
4,-34.525085,-58.628858,2021,5,18,13,57,3,6.738551966282339,4.203291910158868,1.94,1,5Tg2CqH,2021-05-18 13:57:03,1613.799136525046,1137.6998596094534,1.3196,0.0003573485,(-34.526600;-58.630300),C1_20210518_20220423_5Tg2CqH_1404_CH4PL.tif
4,-34.52554401,-58.62557127,2021,5,24,14,1,58,20.792538199022943,7.1295548403510765,4.68,1,5Tk9hqH,2021-05-24 14:01:58,7791.121859178474,3036.7502082427027,2.2512,0.0003573485,(-34.525200;-58.625700//-34.529700;-58.626400),C1_20210524_20220421_5Tk9hqH_1068_CH4PL.tif
4,-34.5288378,-58.62349443,2021,6,19,13,51,20,31.496833673726464,12.89469940029604,3.25,1,5UB2CqH,2021-06-19 13:51:20,11219.733094935527,2263.407961057624,1.765,0.0003573485,(-34.527100;-58.629400),C1_20210619_20220421_5UB2CqH_1286_CH4PL.tif
4,-34.52649332,-58.6258472,2021,9,14,14,5,32,17.29716601040759,5.138210966029644,5.87,1,7VY2CqH,2021-09-14 14:05:32,2429.538451645387,1342.9093284755954,2.6558,0.0003573485,(-34.521900;-58.625600//-34.524600;-58.622600),C1_20210914_20220505_7VY2CqH_2080_CH4PL.tif
4,-34.52364266,-58.62912647,2021,9,15,13,50,30,18.14484089605228,6.336923743229206,4.46,1,7VZ1hqH,2021-09-15 13:50:30,6026.2762310604185,2602.1785251189667,2.1764,0.0003573485,(-34.527500;-58.626700),C1_20210915_20220505_7VZ1hqH_2073_CH4PL.tif
4,-34.52692908,-58.62492719,2021,9,21,13,54,11,20.64017900706721,6.50787267282111,5.29,1,7Ve2CqH,2021-09-21 13:54:11,3503.366789064285,1502.3202708038148,2.4586,0.0003573485,(-34.522600;-58.626700//-34.525900;-58.630000),C1_20210921_20240402_7Ve2CqH_2077_CH4PL.tif
4,-34.52807932,-58.63004175,2021,10,3,14,1,17,13.48429235635808,3.274822533078039,7.76,1,7Vp9hqH,2021-10-03 14:01:17,2353.430003653812,2072.4256006960272,3.2984000000000004,0.0003573485,(-34.523400;-58.624100//-34.522300;-58.627300),C1_20211003_20240402_7Vp9hqH_2199_CH4PL.tif
4,-34.52196926,-58.62641518,2021,10,6,13,11,30,10.2283354471757,10.2283354471757,8.27,2,AVt1hqH,2021-10-06 13:11:30,195.06001178982768,238.35292347867852,3.4718,0.0003573485,(-34.521300;-58.627500),C2_20211006_20220505_AVt1hqH_2284_CH4PL.tif
4,-34.526634,-58.622435,2021,10,7,13,0,50,23.13322956577004,10.036865184537486,2.82,2,AVu1hqH,2021-10-07 13:00:50,14432.634546180228,3635.8423476045177,1.6188,0.0003573485,(-34.523000;-58.627500),C2_20211007_20220505_AVu1hqH_2251_CH4PL.tif
4,-34.52569774,-58.62640386,2021,10,9,14,4,39,13.78735099323202,4.904680729973556,4.32,1,7Vw3hqH,2021-10-09 14:04:39,2011.4960787660648,1118.0873161555912,2.1288,0.0003573485,(-34.526400;-58.629300),C1_20211009_20220505_7Vw3hqH_2268_CH4PL.tif
4,-34.52299033,-58.62678829,2021,10,16,12,59,1,17.489292608061604,6.93576730361708,3.48,2,AW3VCqH,2021-10-16 12:59:01,9226.44351598832,3500.556131755193,1.8432,0.0003573485,(-34.525300;-58.628600),C2_20211016_20220505_AW3VCqH_2307_CH4PL.tif
4,-34.5239815,-58.62798409,2021,10,16,13,52,47,19.57842676209449,8.650832461558755,2.7,1,7W32hqH,2021-10-16 13:52:47,10903.9580573008,3163.8499704093547,1.5780000000000003,0.0003573485,(-34.525000;-58.628600),C1_20211016_20220505_7W32hqH_2312_CH4PL.tif
4,-34.52400969,-58.62733282,2021,11,11,13,3,2,19.60551260706501,6.282079682235012,5.18,2,9WS1hqH,2021-11-11 13:03:02,6079.582357129615,2702.8921076003926,2.4212,0.0003573485,(-34.527400;-58.628400//-34.527400;-58.628400),C2_20211111_20220421_9WS1hqH_2585_CH4PL.tif
4,-34.52751371,-58.62784378,2021,11,19,13,11,8,20.991558793425234,9.287263339626138,2.93,2,AW_1CqH,2021-11-19 13:11:08,8302.442827752438,2358.17746589974,1.6562,0.0003573485,(-34.527100;-58.627600//-34.523100;-58.627900),C2_20211119_20220421_AW_1CqH_2591_CH4PL.tif
4,-34.5266807,-58.62620068,2021,11,20,13,0,22,11.223328544353642,6.356623003788754,1.76,2,AWa0hqH,2021-11-20 13:00:22,4097.850891315901,1654.0768586173535,1.2584,0.0003573485,(-34.526700;-58.626300),C2_20211120_20220421_AWa0hqH_2579_CH4PL.tif
4,-34.52394821,-58.62746315,2021,12,7,13,5,21,16.279395322402028,5.255397557571197,5.16,2,AWr2CqH,2021-12-07 13:05:21,2444.3857994327404,1305.0982451236762,2.4144,0.0003573485,(-34.528500;-58.627700),C2_20211207_20220423_AWr2CqH_2703_CH4PL.tif
4,-34.5234,-58.6266,2021,12,23,13,49,56,17.770787201289206,7.393613455316171,3.11,1,7X68hqH,2021-12-23 13:49:56,4658.862049918802,1620.8661179748046,1.7174,0.0003573485,(-34.527100;-58.628500),C1_20211223_20220422_7X68hqH_2882_CH4PL.tif
4,-34.5323,-58.6196,2021,12,23,13,49,56,1.7509997371218031,0.7697964423079973,3.11,1,7X68hqH,2021-12-23 13:49:56,218.81275195534,772.610323159093,1.7174,0.0003573485,(-34.532400;-58.619700),C1_20211223_20220422_7X68hqH_2883_CH4PL.tif
4,-34.52372638,-58.62768382,2021,12,24,13,9,45,15.575928928090896,5.0788848667394575,5.09,2,AX81CqH,2021-12-24 13:09:45,2050.835872996196,1133.1472901698864,2.3906,0.0003573485,(-34.528500;-58.626300),C2_20211224_20220422_AX81CqH_2887_CH4PL.tif
4,-34.53422611,-58.61585459,2022,1,29,12,53,49,0.8392393284655935,0.3891307244095422,4.05,2,AXg1CqH,2022-01-29 12:53:49,56.685024220009545,495.3087939410312,2.037,0.0003573485,(-34.534300;-58.615800),C2_20220129_20220422_AXg1CqH_3191_CH4PL.tif
4,-34.5247901,-58.62793183,2022,1,29,12,53,49,13.489631809430254,4.992361676005968,4.05,2,AXg1CqH,2022-01-29 12:53:49,2220.813834286664,1207.273277703997,2.037,0.0003573485,(-34.528500;-58.629500),C2_20220129_20220422_AXg1CqH_3190_CH4PL.tif
4,-34.52682086,-58.62654202,2022,2,15,12,55,5,24.08222525975044,8.483109350140486,4.42,2,AXx2CqH,2022-02-15 12:55:05,10838.28672950162,3504.151573562372,2.1628000000000003,0.0003573485,(-34.526600;-58.627000),C2_20220215_20220421_AXx2CqH_3391_CH4PL.tif
4,-34.52643948,-58.62626222,2022,2,15,13,59,53,12.8619578816424,4.835805761033099,3.92,1,7Xx3hqH,2022-02-15 13:59:53,1876.9816598755656,1046.9336558549371,1.9928,0.0003573485,(-34.526800;-58.627000),C1_20220215_20220421_7Xx3hqH_3384_CH4PL.tif
4,-34.53334439,-58.61169875,2022,3,3,13,6,8,1.534017090193617,0.5263702705903661,5.0,2,AYC2CqH,2022-03-03 13:06:08,120.9904027294272,670.0932265751173,2.3600000000000003,0.0003573485,(-34.533400;-58.612000),C2_20220303_20220421_AYC2CqH_3493_CH4PL.tif
4,-34.5276,-58.6288,2022,3,3,13,6,8,19.177335301050817,6.269781579237805,5.0,2,AYC2CqH,2022-03-03 13:06:08,4192.843122375989,1857.525803689446,2.3600000000000003,0.0003573485,(-34.527500;-58.629100),C2_20220303_20220421_AYC2CqH_3492_CH4PL.tif
4,-34.52898687,-58.62491317,2022,3,11,13,59,7,3.175672141899486,1.0476289937098056,5.0,1,7YK3CqH,2022-03-11 13:59:07,108.89702691790228,291.3364791307166,2.3600000000000003,0.0003573485,(-34.529000;-58.624900),C1_20220311_20220421_7YK3CqH_3574_CH4PL.tif
4,-34.52499263,-58.62333923,2022,3,11,13,59,7,12.460723262619856,4.083441893870793,5.0,1,7YK3CqH,2022-03-11 13:59:07,1488.064929676158,1014.59597296847,2.3600000000000003,0.0003573485,(-34.525400;-58.624100),C1_20220311_20220421_7YK3CqH_3573_CH4PL.tif
4,-34.532701,-58.61417,2022,3,12,13,0,7,39.135993133168576,28.173563661117004,0.55,2,AYL2CqH,2022-03-12 13:00:07,57923.28790087468,4512.973233267925,0.8470000000000001,0.0003573485,(-34.530000;-58.624100),C2_20220312_20220421_AYL2CqH_3563_CH4PL.tif
4,-34.52983888,-58.62995411,2022,4,4,13,54,23,25.197458365661564,10.33991026257941,3.21,1,7YfDhqH,2022-04-04 13:54:23,7546.16013470774,1888.239710739116,1.7514000000000003,0.0003573485,(-34.526200;-58.629200),C1_20220404_20220421_7YfDhqH_3739_CH4PL.tif
4,-34.5314432,-58.6178074,2022,4,4,13,54,23,2.4150966515944847,1.00548761170948,3.21,1,7YfDhqH,2022-04-04 13:54:23,261.8989398220849,683.7338333625842,1.7514000000000003,0.0003573485,(-34.529300;-58.618000),C1_20220404_20220421_7YfDhqH_3740_CH4PL.tif
4,-34.53088772,-58.63047908,2022,4,7,12,50,28,17.922244131611627,10.97430371366736,1.08,2,AYk2CqH,2022-04-07 12:50:28,10152.854985013286,2094.8518070880787,1.0272,0.0003573485,(-34.530900;-58.630400),C2_20220407_20220421_AYk2CqH_3758_CH4PL.tif
4,-34.5227303,-58.6267438,2022,4,14,13,5,6,23.976894517268445,9.610557549677123,3.39,2,AYr2CqH,2022-04-14 13:05:06,8568.828079645305,2332.023772199685,1.8126,0.0003573485,(-34.524200;-58.626200),C2_20220414_20220421_AYr2CqH_3813_CH4PL.tif
4,-34.52552405,-58.62784707,2022,4,16,13,49,44,11.570261641920844,4.282395657439481,4.03,1,7YsACqH,2022-04-16 13:49:44,1260.7103395066497,796.3673733336028,2.0302,0.0003573485,(-34.527100;-58.629100),C1_20220416_20220421_7YsACqH_3835_CH4PL.tif
4,-34.53477539,-58.62040062,2022,4,16,13,49,44,10.616834117092813,3.939213113057448,4.03,1,7YsACqH,2022-04-16 13:49:44,1574.678675437396,1084.0223556110586,2.0302,0.0003573485,(-34.534800;-58.620400),C1_20220416_20220421_7YsACqH_3836_CH4PL.tif
4,-34.52821,-58.63001,2022,4,28,13,43,47,13.173348987682118,4.211979324952332,5.23,1,7Z52hqH,2022-04-28 13:43:47,2248.225895624452,1498.0129792214475,2.4382,0.0003573485,(-34.522900;-58.628200),C1_20220428_20220507_7Z52hqH_3918_CH4PL.tif
4,-34.52332383,-58.62587164,2022,5,3,13,56,24,19.72066046911243,9.45449507671972,2.17,1,7Z-3hqH,2022-05-03 13:56:24,6480.059447082618,1653.5033191990806,1.3978000000000002,0.0003573485,(-34.523500;-58.625900),C1_20220503_20220510_7Z-3hqH_3921_CH4PL.tif
4,-34.522042,-58.626887,2022,5,18,12,50,10,16.60755834184428,5.11603347186353,5.52,2,AZO2CqH,2022-05-18 12:50:10,3223.294000089305,1772.4862008021478,2.5368,0.0003573485,(-34.523400;-58.626400),C2_20220518_20220530_AZO2CqH_4042_CH4PL.tif
4,-34.52719714,-58.62834785,2022,6,12,13,54,55,36.242569874474206,23.187810834698748,0.89,1,7Zl9hqH,2022-06-12 13:54:55,47801.12632704002,4570.539884516801,0.9626,0.0003573485,(-34.524000;-58.625700//-34.526900;-58.624800),C1_20220612_20220616_7Zl9hqH_4193_CH4PL.tif
4,-34.53090673,-58.62323392,2022,6,18,13,2,0,29.26630118009125,10.005668258565317,4.64,2,AZs1hqH,2022-06-18 13:02:00,11422.473540247578,3143.9619202634685,2.2376,0.0003573485,(-34.526800;-58.625000),C2_20220618_20220621_AZs1hqH_4222_CH4PL.tif
4,-34.52428705,-58.62738758,2022,7,13,12,46,45,26.23041309519891,7.263531558634604,6.46,2,A_G2hqH,2022-07-13 12:46:45,5871.001632102807,2301.59336049605,2.8564000000000003,0.0003573485,(-34.527400;-58.627200),C2_20220713_20220722_A_G2hqH_4784_CH4PL.tif
4,-34.533515,-58.603128,2022,7,20,12,56,58,1.2320986863911256,0.4890975023849315,3.81,2,9_N1CqH,2022-07-20 12:56:58,108.50192620635276,619.9120312766768,1.9554,0.0003573485,(-34.533400;-58.603400),C2_20220720_20220726_9_N1CqH_4812_CH4PL.tif
4,-34.524089,-58.627508,2022,7,20,12,56,58,22.30931104039196,8.457446463649532,3.81,2,9_N1CqH,2022-07-20 12:56:58,7787.792009535409,2457.3459254006966,1.9554,0.0003573485,(-34.527600;-58.627500),C2_20220720_20220726_9_N1CqH_4811_CH4PL.tif
4,-34.52436828,-58.62807703,2022,7,22,16,39,29,36.503270578688976,11.946183465610094,5.06,5,L_P3CqH,2022-07-22 16:39:29,13456.740957163096,3159.0795125978366,2.3804,0.0003573485,(-34.526300;-58.626800//-34.530700;-58.627400),C5_20220722_20220729_L_P3CqH_4942_CH4PL.tif
4,-34.53679458,-58.60781406,2022,7,22,16,39,29,1.5346401914270174,0.5217131909321306,5.06,5,L_P3CqH,2022-07-22 16:39:29,46.75850589477691,261.0997763471469,2.3804,0.0003573485,(-34.537200;-58.607200),C5_20220722_20220729_L_P3CqH_4943_CH4PL.tif
4,-34.52354377,-58.62480624,2022,7,30,16,40,7,33.80213012169831,13.65055771037163,3.33,4,H_X3hqH,2022-07-30 16:40:07,19992.521833099705,3816.036178814989,1.7922000000000002,0.0003573485,(-34.525500;-58.623900//-34.530100;-58.628700),C4_20220730_20220804_H_X3hqH_5013_CH4PL.tif
4,-34.52998778,-58.63124476,2022,7,30,16,49,23,2.428938561494636,1.0063201580645844,3.3,5,L_X4hqH,2022-07-30 16:49:23,147.32450320711388,389.10665257531423,1.782,0.0003573485,(-34.531100;-58.627700),C5_20220730_20220802_L_X4hqH_5001_CH4PL.tif
4,-34.52424418,-58.62743408,2022,7,30,16,49,23,38.51882454935741,15.650530776849068,3.3,5,L_X4hqH,2022-07-30 16:49:23,18529.20575412892,3085.98619362259,1.782,0.0003573485,(-34.526300;-58.625100),C5_20220730_20220802_L_X4hqH_5002_CH4PL.tif
4,-34.53035806,-58.6158756,2022,8,5,12,52,28,1.8744966170631097,0.7773642696827682,3.38,2,9_c2CqH,2022-08-05 12:52:28,169.94319792151703,590.4840964614692,1.8092,0.0003573485,(-34.530300;-58.615600),C2_20220805_20220809_9_c2CqH_5093_CH4PL.tif
4,-34.53048051,-58.62857068,2022,8,5,12,52,28,48.78487622936841,19.621957893321145,3.38,2,9_c2CqH,2022-08-05 12:52:28,34931.84882596805,4663.644572053362,1.8092,0.0003573485,(-34.529900;-58.623800//-34.528800;-58.630100),C2_20220805_20220809_9_c2CqH_5092_CH4PL.tif
4,-34.53776497,-58.60701872,2022,8,5,12,52,28,2.953506621439648,1.2105243027116943,3.38,2,9_c2CqH,2022-08-05 12:52:28,378.07882120730767,833.7454584007128,1.8092,0.0003573485,(-34.537100;-58.606500),C2_20220805_20220809_9_c2CqH_5094_CH4PL.tif
4,-34.52924855,-58.62376185,2022,8,7,16,48,41,17.083591723583535,4.3679415200442095,7.45,4,H_dBCqH,2022-08-07 16:48:41,4829.239691002348,3249.383695086897,3.1930000000000005,0.0003573485,(-34.530500;-58.628800//-34.523700;-58.627600//-34.525400;-58.628000),C4_20220807_20220810_H_dBCqH_5129_CH4PL.tif
4,-34.53160546,-58.62601958,2022,8,13,13,42,54,77.0265966539996,44.4013801594599,1.26,1,5_k2hqH,2022-08-13 13:42:54,82326.70046285666,4187.849195396507,1.0884,0.0003573485,(-34.529000;-58.623600),C1_20220813_20220817_5_k2hqH_5309_CH4PL.tif
4,-34.532302,-58.63107,2022,8,20,16,33,44,16.103677497373134,4.880953703139056,5.68,3,D_r4hqH,2022-08-20 16:33:44,4146.4813582573415,2401.917511709275,2.5912,0.0003573485,(-34.532300;-58.631200),C3_20220820_20220824_D_r4hqH_5445_CH4PL.tif
4,-34.530803,-58.623294,2022,8,20,16,33,44,12.263786908026704,3.724135978133432,5.68,3,D_r4hqH,2022-08-20 16:33:44,1734.0435810594656,1318.9819375841855,2.5912,0.0003573485,(-34.530300;-58.623900//-34.531200;-58.628100),C3_20220820_20220824_D_r4hqH_5444_CH4PL.tif
4,-34.53076114,-58.62629487,2022,8,26,16,46,29,3.29841217611728,1.2995501915160264,3.59,5,L_x4hqH,2022-08-26 16:46:29,198.8555896014852,408.16128688961095,1.8806000000000005,0.0003573485,(-34.531400;-58.627100),C5_20220826_20220830_L_x4hqH_5655_CH4PL.tif
4,-34.52646776,-58.63009592,2022,8,26,16,46,29,11.308658805416082,4.450236472709981,3.59,5,L_x4hqH,2022-08-26 16:46:29,2144.7788600057847,1284.0157525932634,1.8806000000000005,0.0003573485,(-34.526600;-58.630000//-34.532200;-58.631700),C5_20220826_20220830_L_x4hqH_5654_CH4PL.tif
4,-34.52815,-58.62449,2022,8,28,16,44,0,15.090458440058132,5.023911354924638,4.87,3,D_yDCqH,2022-08-28 16:44:00,4242.668156510204,2343.905948327872,2.3158000000000003,0.0003573485,(-34.523900;-58.628100),C3_20220828_20220904_D_yDCqH_5791_CH4PL.tif
4,-34.5244339,-58.62767707,2022,9,3,16,41,4,14.035548668882164,8.10464019375023,1.26,4,Ha53hqH,2022-09-03 16:41:04,15692.73227922586,4380.868377598738,1.0884,0.0003573485,(-34.524400;-58.627500//-34.527900;-58.630700),C4_20220903_20221012_Ha53hqH_6800_CH4PL.tif
4,-34.52428471,-58.62754995,2022,9,5,12,52,31,44.11900636980456,12.812516471573293,6.0,2,-a5FCqH,2022-09-05 12:52:31,14827.739975754155,3266.7470195559818,2.7,0.0003573485,(-34.526300;-58.624300//-34.530600;-58.628700),C2_20220905_20220910_-a5FCqH_5858_CH4PL.tif
4,-34.529709,-58.625831,2022,9,13,16,43,14,23.64940328688148,9.082901074261349,3.75,5,LaE4hqH,2022-09-13 16:43:14,8438.080306422082,2485.4609100070525,1.935,0.0003573485,(-34.531800;-58.626700//-34.526800;-58.625800),C5_20220913_20220924_LaE4hqH_6312_CH4PL.tif
4,-34.52500434,-58.62775567,2022,9,15,13,40,20,26.417023310758346,8.997554172419775,4.66,1,6aG2CqH,2022-09-15 13:40:20,9516.618799814976,2910.727538790581,2.2444,0.0003573485,(-34.526000;-58.627300),C1_20220915_20220920_6aG2CqH_6099_CH4PL.tif
4,-34.52551833,-58.62486207,2022,9,24,16,40,54,13.4463300406252,5.730838594186041,3.03,3,DaP5hqH,2022-09-24 16:40:54,7572.994459251239,3426.9239790244424,1.6902,0.0003573485,(-34.526900;-58.626800),C3_20220924_20220927_DaP5hqH_6387_CH4PL.tif
4,-34.53539069,-58.61928304,2022,10,7,16,48,50,10.478974825454255,3.902656100127992,3.99,4,Hab5CqH,2022-10-07 16:48:50,4202.496100183567,2911.459717811289,2.0166000000000004,0.0003573485,(-34.534700;-58.620000//-34.531400;-58.625100),C4_20221007_20221020_Hab5CqH_7052_CH4PL.tif
4,-34.5237396,-58.62634451,2022,10,10,16,34,44,9.89831581694127,4.031167571773555,3.44,5,LacNCqH,2022-10-10 16:34:44,2124.383043144467,1413.611834116794,1.8296,0.0003573485,(-34.524700;-58.627400//34.527900;-58.630500),C5_20221010_20221013_LacNCqH_6867_CH4PL.tif
4,-34.52706062,-58.62350963,2022,10,12,16,36,19,13.643395409352484,3.573944883841037,7.21,3,Dag6hqH,2022-10-12 16:36:19,2771.385104304796,2275.2690571031003,3.1114,0.0003573485,(-34.526300;-58.624700//-34.529500;-58.624400),C3_20221012_20221019_Dag6hqH_7001_CH4PL.tif
4,-34.52534,-58.6273,2022,10,13,12,53,49,17.081092677488165,3.896703101044965,8.58,2,-ah2CqH,2022-10-13 12:53:49,3004.841674038038,2265.435322057999,3.5772000000000004,0.0003573485,(-34.527000;-58.626100),C2_20221013_20221015_-ah2CqH_6952_CH4PL.tif
4,-34.52708142,-58.6267339,2022,11,2,13,42,21,25.218198568132923,12.137424707705543,2.16,1,6b13CqH,2022-11-02 13:42:21,17870.98261197529,3557.3307551103103,1.3944,0.0003573485,(-34.528800;-58.631100),C1_20221102_20221108_6b13CqH_7459_CH4PL.tif
4,-34.52485323,-58.62570179,2022,11,4,16,43,36,20.825310034459275,6.126464663020827,5.93,5,Lb36CqH,2022-11-04 16:43:36,5876.531954786082,2718.633684154161,2.6762,0.0003573485,(-34.526000;-58.628400//-34.529100;-58.626900),C5_20221104_20221109_Lb36CqH_7478_CH4PL.tif
4,-34.53763939,-58.61246089,2022,11,4,16,43,36,3.042716163759472,0.9195318414817734,5.93,5,Lb36CqH,2022-11-04 16:43:36,255.56665950906373,809.2148089157101,2.6762,0.0003573485,(-34.538300;-58.612600),C5_20221104_20221109_Lb36CqH_7479_CH4PL.tif
4,-34.52398503,-58.62169186,2022,11,7,16,35,5,19.393671145502136,5.536720042137183,6.18,3,Db4UCqH,2022-11-07 16:35:05,3558.432403194795,1823.89174905283,2.7612,0.0003573485,(-34.530200;-58.628500),C3_20221107_20221112_Db4UCqH_7612_CH4PL.tif
4,-34.5241406,-58.62726208,2022,12,2,16,40,55,8.644188869296833,4.400919196451513,1.84,3,DbU4hqH,2022-12-02 16:40:55,2546.423934677686,1363.37342643886,1.2856,0.0003573485,(-34.524800;-58.626900),C3_20221202_20221209_DbU4hqH_8210_CH4PL.tif
4,-34.52658044,-58.62710403,2022,12,6,16,40,15,11.1164418713402,5.11073595337421,2.52,4,HbY4hqH,2022-12-06 16:40:15,5296.449396411297,2601.6558476933974,1.5168,0.0003573485,(-34.525700;-58.627000),C4_20221206_20221216_HbY4hqH_8312_CH4PL.tif
4,-34.53074749,-58.62353489,2022,12,8,16,42,4,16.98681109837389,6.294051105894301,4.01,5,Lb_4hqH,2022-12-08 16:42:04,5015.369312990945,2150.677578792785,2.0234,0.0003573485,(-34.530700;-58.623600//-34.521800;-58.614000),C5_20221208_20221216_Lb_4hqH_8348_CH4PL.tif
4,-34.53071379,-58.62543054,2022,12,11,12,51,21,14.232756563947168,4.338928012912732,5.64,2,-bb9CqH,2022-12-11 12:51:21,2908.1366906811654,1896.0239473494687,2.5776,0.0003573485,(-34.530600;-58.625500),C2_20221211_20221220_-bb9CqH_8478_CH4PL.tif
4,-34.52838186,-58.62569697,2022,12,14,16,44,0,12.06534451568499,4.575760930004427,3.93,4,Hbf5hqH,2022-12-14 16:44:00,4139.530218222726,2465.5730931798803,1.9962,0.0003573485,(-34.525900;-58.627500),C4_20221214_20221222_Hbf5hqH_8592_CH4PL.tif
5,-31.51843813,-64.23206343,2022,12,12,17,6,7,2.894880958608226,1.0933560904085344,4.03,4,Hbb1EAr,2022-12-12 17:06:07,460.3406207655247,1162.2241984758364,2.0302,0.0003373642,(-31.519000;-64.232800),C4_20221212_20221221_Hbb1EAr_8536_CH4PL.tif
5,-31.51764142,-64.23279795,2022,12,14,17,8,1,1.5792241646667893,0.4790555679741748,6.54,5,Lbf6EAr,2022-12-14 17:08:01,95.58242959036818,628.3068613566885,2.8836000000000004,0.0003373642,(-31.517400;-64.232400),C5_20221214_20221220_Lbf6EAr_8472_CH4PL.tif
5,-31.5153856,-64.23272505,2022,12,16,13,19,35,1.9934536549679784,0.7824752584105247,3.79,2,-bh1jAr,2022-12-16 13:19:35,394.10204831672297,1386.8444335136994,1.9486000000000003,0.0003373642,(-31.516800;-64.232600),C2_20221216_20221221_-bh1jAr_8548_CH4PL.tif
6,0.0,0.0,2021,2,18,13,55,45,0.0,,0.0,1,6SHY_0u,2021-02-18 13:55:45,,,,,,
6,0.0,0.0,2021,3,22,13,55,3,0.0,,0.0,1,7Sl-50u,2021-03-22 13:55:03,,,,,,
6,0.0,0.0,2021,10,10,13,50,24,0.0,,0.0,1,7Vw9_0u,2021-10-10 13:50:24,,,,,,
6,0.0,0.0,2021,11,21,12,50,27,0.0,,0.0,2,AWa-50u,2021-11-21 12:50:27,,,,,,
6,-38.06767111,-57.64882395,2022,1,3,12,56,4,0.752207637683096,0.752207637683096,1.87,2,AXEN50u,2022-01-03 12:56:04,107.94267666105478,669.4157414481901,1.2958,0.000355206,(-38.067900;-57.648100),C2_20220103_20220422_AXEN50u_2889_CH4PL.tif
6,-38.06745395,-57.6482589,2022,1,29,13,43,32,1.4457248187514902,0.5093208192381364,4.72,1,7Xg0_0u,2022-01-29 13:43:32,62.9336037492316,354.9190593681964,2.2648,0.000355206,(-38.067900;-57.648100//-38.068000;-57.649300),C1_20220129_20220422_7Xg0_0u_3210_CH4PL.tif
6,0.0,0.0,2022,2,10,13,44,50,0.0,,0.0,1,7Xs450u,2022-02-10 13:44:50,,,,,,
6,-38.06760694,-57.64554601,2022,2,28,13,45,4,1.6953882768375197,0.4331378757041108,8.76,1,7Y8E_0u,2022-02-28 13:45:04,54.80949927139022,423.4475285364359,3.6384,0.000355206,(-38.067400;-57.646000),C1_20220228_20220421_7Y8E_0u_3460_CH4PL.tif
6,-38.06620661,-57.64851163,2022,3,12,13,44,13,1.30180039379874,0.6837239534584495,1.71,1,7YL250u,2022-03-12 13:44:13,126.85573350560256,435.4917619985951,1.2414,0.000355206,(-38.066400;-57.647900),C1_20220312_20220421_7YL250u_3587_CH4PL.tif
6,-38.06735472,-57.64888514,2022,3,13,12,49,49,1.3689864124307558,0.4521050383666802,5.48,2,AYL750u,2022-03-13 12:49:49,132.97748019589434,882.3342510494836,2.5232,0.000355206,(-38.067400;-57.648800),C2_20220313_20220421_AYL750u_3572_CH4PL.tif
6,0.0,0.0,2022,4,22,13,47,48,0.0,,0.0,1,7Yz2_0u,2022-04-22 13:47:48,,,,,,
6,-38.06745844,-57.64809938,2022,6,3,12,51,44,1.7555347437568576,0.7009103280483597,3.58,2,AZd1_0u,2022-06-03 12:51:44,250.93894789505032,965.9879081229916,1.8772,0.000355206,(-38.067500;-57.649100),C2_20220603_20220607_AZd1_0u_4120_CH4PL.tif
6,-38.06740313,-57.64886946,2022,7,5,12,49,0,2.1324203894834888,0.9378929188199278,2.82,2,A_9350u,2022-07-05 12:49:00,321.4031795658312,878.3609886350254,1.6188,0.000355206,(-38.067700;-57.648600),C2_20220705_20220708_A_9350u_4370_CH4PL.tif
6,-38.06792346,-57.64780448,2022,7,29,12,43,38,1.2751158847011284,0.4292610179677954,4.92,2,A_W150u,2022-07-29 12:43:38,68.03957835283246,448.1175625125908,2.3328,0.000355206,(-38.067400;-57.646500),C2_20220729_20220802_A_W150u_5005_CH4PL.tif
6,-38.06699711,-57.64683669,2022,8,19,13,35,15,2.3901093368901134,0.7781280384163148,5.34,1,6_q2_0u,2022-08-19 13:35:15,172.32449664464275,642.5578371300793,2.4756,0.000355206,(-38.067100;-57.647200),C1_20220819_20220825_6_q2_0u_5456_CH4PL.tif
6,-38.06751816,-57.64885611,2022,8,29,16,34,21,0.8106910489361603,0.2556175771424753,5.9,3,D_yM50u,2022-08-29 16:34:21,18.10794941014548,214.37618620172765,2.6660000000000004,0.000355206,(-38.067600;-57.648800),C3_20220829_20220930_D_yM50u_6542_CH4PL.tif
6,0.0,0.0,2022,8,30,13,34,45,0.0,,0.0,1,6a1250u,2022-08-30 13:34:45,,,,,,
6,-38.06782461,-57.64740718,2022,9,4,16,31,9,0.7293745872340288,0.2292815974367215,6.34,4,Ha5B50u,2022-09-04 16:31:09,31.29169382672561,434.8624435922837,2.8156000000000003,0.000355206,(-38.067700;-57.647600),C4_20220904_20220930_Ha5B50u_6541_CH4PL.tif
6,-38.06633435,-57.65068417,2022,9,13,16,28,7,0.5290277337025485,0.306137139623933,1.34,4,HaE650u,2022-09-13 16:28:07,80.8315142809991,613.6394629497919,1.1156,0.000355206,(-38.065900;-57.651100),C4_20220913_20221014_HaE650u_6903_CH4PL.tif
6,-38.06922505,-57.65095491,2022,9,14,16,33,23,0.8980597901924076,0.5059818109458049,1.39,5,LaF3_0u,2022-09-14 16:33:23,101.06935529896492,458.8738422789164,1.1326,0.000355206,(-38.068200;-57.650000),C5_20220914_20221013_LaF3_0u_6846_CH4PL.tif
6,-38.06825494,-57.64736705,2022,9,15,16,43,20,2.262781610830644,0.6758034797162663,6.37,3,DaG3_0u,2022-09-15 16:43:20,202.0558134458288,908.39059927319,2.8258000000000005,0.000355206,(-38.068300;-57.648400),C3_20220915_20221019_DaG3_0u_7008_CH4PL.tif
6,-38.06684388,-57.64808185,2022,9,28,12,53,6,1.8434882625151727,0.9330997899893854,1.9,2,-aT1_0u,2022-09-28 12:53:06,348.58798781330927,889.0326653162329,1.306,0.000355206,(-38.066700;-57.648200),C2_20220928_20221007_-aT1_0u_6715_CH4PL.tif
6,-38.06771717,-57.64771582,2022,9,29,12,40,44,0.9459574598836162,0.366682305531608,3.94,2,-aU2_0u,2022-09-29 12:40:44,70.74729578398478,538.3737378649347,1.9996,0.000355206,(-38.068100;-57.648900),C2_20220929_20221004_-aU2_0u_6616_CH4PL.tif
6,-38.06957,-57.648456,2022,9,30,16,31,55,1.4427629294902322,0.5641742853965314,4.67,4,HaV3_0u,2022-09-30 16:31:55,120.8852683464696,678.0138595789465,2.2478,0.000355206,(-38.068800;-57.649400),C4_20220930_20221019_HaV3_0u_7011_CH4PL.tif
6,-38.06786006,-57.64994112,2022,10,1,16,38,51,0.9820442165350562,0.4961211727203816,1.92,5,LaW550u,2022-10-01 16:38:51,81.31487063505068,391.3271697346042,1.3128000000000002,0.000355206,(-38.067800;-57.649600),C5_20221001_20221006_LaW550u_6695_CH4PL.tif
6,-38.06778534,-57.64859678,2022,11,3,16,34,14,1.8323809853962223,0.54887582372448,6.26,4,Hb2550u,2022-11-03 16:34:14,143.97723636425152,788.7432060688877,2.7884,0.000355206,(-38.068600;-57.650700),C4_20221103_20221108_Hb2550u_7465_CH4PL.tif
6,-38.06825193,-57.64972769,2022,11,5,16,33,25,1.5291804834026956,0.4441614136752129,8.2,5,Lb45_0u,2022-11-05 16:33:25,77.18455916622545,626.5293772822907,3.448,0.000355206,(-38.068200;-57.649700),C5_20221105_20221110_Lb45_0u_7510_CH4PL.tif
6,-38.06775092,-57.64875582,2022,11,22,16,33,26,1.3204649371628905,0.3667610711930194,7.23,5,LbK350u,2022-11-22 16:33:26,32.204340688067624,273.77513806420865,3.1182000000000003,0.000355206,(-38.067300;-57.648500),C5_20221122_20221125_LbK350u_7958_CH4PL.tif
6,-38.06743913,-57.64843577,2022,12,3,16,30,38,0.9692170317973872,0.3497426278567201,4.41,3,DbV450u,2022-12-03 16:30:38,44.88335950423023,359.99785806622646,2.1594,0.000355206,(-38.067700;-57.648100),C3_20221203_20221209_DbV450u_8218_CH4PL.tif
6,-38.06491081,-57.6489427,2022,12,15,16,33,32,0.7832494991498615,0.2280305745609802,9.59,4,Hbg4_0u,2022-12-15 16:33:32,21.30433318620515,383.90419350383377,3.9206,0.000355206,(-38.064800;-57.649100),C4_20221215_20221223_Hbg4_0u_8642_CH4PL.tif
6,-38.06779119,-57.64904736,2022,12,19,13,34,6,1.51063952348312,0.5532884430871313,4.46,1,6biF_0u,2022-12-19 13:34:06,78.28056807744939,406.0077686140273,2.1764,0.000355206,(-38.067800;-57.649200),C1_20221219_20230104_6biF_0u_8797_CH4PL.tif
6,-38.06778892,-57.64923462,2022,12,20,16,28,0,1.3693115045449102,0.3589488016638723,7.64,3,Dbl5_0u,2022-12-20 16:28:00,49.53067408415007,424.2015378528116,3.2576,0.000355206,(-38.068100;-57.649800),C3_20221220_20221224_Dbl5_0u_8659_CH4PL.tif
7,-33.86394428,150.76061481,2022,6,14,2,47,32,1.6883999564653134,1.0169684238253116,1.12,3,DZn39LJ,2022-06-14 02:47:32,743.4976847947692,1649.9624952821755,1.0408000000000002,0.0003556587,(-33.864300;150.760400),C3_20220614_20220716_DZn39LJ_4611_CH4PL.tif
8,-27.66259,152.82818,2022,6,16,22,55,23,0.7235666439629846,0.400376865704577,1.47,2,AZq33bb,2022-06-16 22:55:23,48.833528999988026,281.78974067453083,1.1598000000000002,0.000356153,(-27.662700;152.828100),C2_20220616_20220624_AZq33bb_4250_CH4PL.tif
8,0.0,0.0,2022,6,16,23,49,58,0.0,,0.0,1,7Zq5Ybb,2022-06-16 23:49:58,,,,,,
8,-27.66152,152.82779,2022,6,24,22,54,35,1.1147291580156762,0.655822195074908,1.21,2,AZy43bb,2022-06-24 22:54:35,162.6964617866564,562.9410125834175,1.0714,0.000356153,(-27.661700;152.827200//-27.662700;152.828600),C2_20220624_20220630_AZy43bb_4310_CH4PL.tif
8,0.0,0.0,2022,6,27,23,53,49,0.0,,0.0,1,7ZyP3bb,2022-06-27 23:53:49,,,,,,
9,-34.04486613,150.96919088,2022,10,26,23,42,16,3.716956758303544,1.8072455439219044,2.13,1,6au6PyC,2022-10-26 23:42:16,976.505221360088,1309.1469756255094,1.3842,0.0003539724,(-34.045000;150.969500),C1_20221026_20221102_6au6PyC_7334_CH4PL.tif
10,-32.19565157,115.96565018,2022,12,11,5,0,39,0.4603505478265224,0.203091252671333,3.13,5,Lbb9XMu,2022-12-11 05:00:39,15.740691339578389,212.23904367882392,1.7242000000000002,0.0003566474,(-32.195200;115.965100),C5_20221211_20221216_Lbb9XMu_8409_CH4PL.tif
10,-32.1958537,115.96519721,2022,12,21,1,7,48,0.2137084996833645,0.0951033502053773,4.42,2,-bl42Mu,2022-12-21 01:07:48,6.044514026523119,220.2208608518654,2.1628000000000003,0.0003566474,(-32.195000;115.965000),C2_20221221_20221227_-bl42Mu_8699_CH4PL.tif
10,0.0,0.0,2022,12,30,5,0,28,0.0,,0.0,3,Dbu7XMu,2022-12-30 05:00:28,,,,,,
11,-31.70567186,115.72533583,2022,5,28,1,19,46,0.3588889705645722,0.2034267603069001,1.41,2,-ZX54y-,2022-05-28 01:19:46,23.308021203215382,266.39373603986354,1.1394,0.000355947,(-31.705600;115.725200),C2_20220528_20220603_-ZX54y-_4096_CH4PL.tif
11,0.0,0.0,2022,5,28,2,16,47,0.0,,0.0,1,6ZX3Zy-,2022-05-28 02:16:47,,,,,,
12,23.79865342,90.29994936,2021,11,9,3,37,37,5.3098108253781415,3.097347754207951,1.25,2,AWNLKpm,2021-11-09 03:37:37,1066.8665269349106,784.8077438636417,1.085,0.0003575548,(23.797900;90.301000),C2_20211109_20220423_AWNLKpm_2618_CH4PL.tif
12,23.79867818,90.30046422,2021,12,14,3,37,2,5.736894000663599,2.487043395465435,2.85,2,AWvJppm,2021-12-14 03:37:02,1729.0759626440206,1767.5057398928195,1.629,0.0003575548,(23.798500;90.300900),C2_20211214_20220421_AWvJppm_2781_CH4PL.tif
12,23.79814493,90.30151844,2021,12,15,4,33,34,5.54219001302297,2.390803033084684,2.96,1,7Wy6Kpm,2021-12-15 04:33:34,632.351941703485,684.4775410880796,1.6664,0.0003575548,(23.797600;90.301800),C1_20211215_20231012_7Wy6Kpm_18079_CH4PL.tif
12,23.79858022,90.30195047,2021,12,22,3,44,37,3.3271572254263124,2.291794505974315,0.85,2,AX55Kpm,2021-12-22 03:44:37,1586.892875974955,1629.4573577857232,0.949,0.0003575548,(23.798700;90.301900),C2_20211222_20220422_AX55Kpm_2848_CH4PL.tif
12,23.79830483,90.30186362,2022,1,17,3,44,10,4.859963229116425,1.8617615021618903,3.76,2,AXTEKpm,2022-01-17 03:44:10,1512.9397990383402,2172.373848425344,1.9384,0.0003575548,(23.799000;90.301700),C2_20220117_20220422_AXTEKpm_3091_CH4PL.tif
12,23.79925586,90.30265362,2022,1,21,4,27,41,7.231006941959552,4.19361349020777,1.32,1,7XY7Kpm,2022-01-21 04:27:41,2119.999564818703,1170.2878908593998,1.1088,0.0003575548,(23.798900;90.302900),C1_20220121_20220422_7XY7Kpm_3145_CH4PL.tif
12,23.79825372,90.30083995,2022,2,8,4,30,15,0.5205132861283431,0.5205132861283431,0.39,1,7XnKppm,2022-02-08 04:30:15,153.66313229824365,842.353589926245,0.7926000000000001,0.0003575548,(23.799000;90.301400),C1_20220208_20220422_7XnKppm_3316_CH4PL.tif
12,23.79704141,90.30257327,2022,2,12,3,41,26,5.649170401029149,2.661474070872789,2.33,2,AXt6Kpm,2022-02-12 03:41:26,1127.6483222131192,1043.5612307942472,1.4522000000000002,0.0003575548,(23.797300;90.302600),C2_20220212_20220422_AXt6Kpm_3320_CH4PL.tif
12,23.79910713,90.30122114,2022,2,26,4,30,43,3.107906576925345,2.1103810497919806,0.75,1,7Y75ppm,2022-02-26 04:30:43,1789.1456315273306,1896.2750534417344,0.915,0.0003575548,(23.799100;90.301000),C1_20220226_20220421_7Y75ppm_3433_CH4PL.tif
12,23.7986818,90.300462,2022,3,10,3,35,42,4.348467079351047,1.9923242646742891,2.54,2,AYI5ppm,2022-03-10 03:35:42,1159.6209078097943,1462.693445399069,1.5236,0.0003575548,(23.798000;90.301300),C2_20220310_20220421_AYI5ppm_3551_CH4PL.tif
13,0.0,0.0,2021,1,2,4,40,5,0.0,,0.0,1,7RXZ-Ri,2021-01-02 04:40:05,,,,,,
13,0.0,0.0,2021,2,3,4,41,40,0.0,,0.0,1,7S33-Ri,2021-02-03 04:41:40,,,,,,
13,23.72196256,90.45041827,2021,4,17,3,45,43,4.801317549598485,1.800679902883212,4.15,2,ATB5eRi,2021-04-17 03:45:43,1195.3080232867503,1856.102706466884,2.071,0.0003573485,(23.721900;90.450600),C2_20210417_20220423_ATB5eRi_874_CH4PL.tif
13,23.72237427,90.45078072,2021,4,21,4,35,58,2.592767675131621,1.1906285545250666,2.5,1,7TF6-Ri,2021-04-21 04:35:58,174.49770909531648,365.852118467956,1.5100000000000002,0.0003573485,(23.722900;90.451300),C1_20210421_20231012_7TF6-Ri_18080_CH4PL.tif
13,23.72163516,90.45046495,2021,4,26,3,46,8,7.440805392331566,3.362832656483537,2.7,2,ATJ8-Ri,2021-04-26 03:46:08,3506.223843778248,2676.8817838271866,1.5780000000000003,0.0003573485,(23.722200;90.451200),C2_20210426_20230130_ATJ8-Ri_943_CH4PL.tif
13,23.72181542,90.45058198,2021,10,31,3,40,4,5.123644140413396,2.1805985502000285,3.32,2,AWG5x_-,2021-10-31 03:40:04,1848.7662117643804,2323.631866754561,1.7888000000000002,0.0003573485,(23.722200;90.452000),C2_20211031_20220423_AWG5x_-_2470_CH4PL.tif
13,23.7207102,90.45359547,2021,11,26,3,43,4,2.1078251428749746,1.443812136673858,1.65,2,AWf5x_-,2021-11-26 03:43:04,735.1067386823079,1532.9711724306978,1.221,0.0003573485,(23.720900;90.451600),C2_20211126_20220423_AWf5x_-_2657_CH4PL.tif
13,23.7223399,90.45014018,2022,2,2,4,29,37,2.3589666692883298,1.540407548858198,0.83,1,7Xj6S_-,2022-02-02 04:29:37,298.68114707653586,429.46878800007954,0.9422,0.0003573485,(23.722400;90.452300),C1_20220202_20220422_7Xj6S_-_3257_CH4PL.tif
13,23.71814501,90.4514033,2022,2,14,4,30,39,2.8794486024120527,1.3671426520121828,2.27,1,7XuDS_-,2022-02-14 04:30:39,291.5747592698264,521.9458558496838,1.4318,0.0003573485,(23.719100;90.452400),C1_20220214_20220421_7XuDS_-_3408_CH4PL.tif
13,0.0,0.0,2022,3,4,4,30,31,0.0,,0.0,1,7YC7S_-,2022-03-04 04:30:31,,,,,,
13,0.0,0.0,2022,3,10,4,30,5,0.0,,0.0,1,7YI6x_-,2022-03-10 04:30:05,,,,,,
13,0.0,0.0,2022,3,16,4,29,21,0.0,,0.0,1,7YO7x_-,2022-03-16 04:29:21,,,,,,
13,23.71983022,90.45315038,2022,3,22,4,28,17,1.809314041507372,0.8795058157342591,2.14,1,7YSLS_-,2022-03-22 04:28:17,125.99866014588925,347.8714322152708,1.3876000000000002,0.0003573485,(23.721000;90.453000),C1_20220322_20220421_7YSLS_-_3653_CH4PL.tif
13,23.71916717,90.45256549,2022,10,26,3,32,13,1.4413749292538671,0.7557718471114298,1.73,2,-at5tM9,2022-10-26 03:32:13,141.53382364802252,441.2350002286236,1.2482000000000002,0.0003573485,(23.719600;90.452100),C2_20221026_20240402_-at5tM9_7280_CH4PL.tif
13,23.71949696,90.45265896,2022,11,18,3,20,57,2.417744641667319,1.0447215644784251,2.93,2,-bF6OM9,2022-11-18 03:20:57,420.7138704767999,1037.5085445299037,1.6562,0.0003573485,(23.719800;90.452600),C2_20221118_20221122_-bF6OM9_7812_CH4PL.tif
13,23.72082,90.45062,2022,11,27,7,24,21,2.7958471866620984,1.703877929268571,1.06,5,LbO-OM9,2022-11-27 07:24:21,588.3230157323833,772.9926403782245,1.0204,0.0003573485,(23.721100;90.450300),C5_20221127_20221201_LbO-OM9_8109_CH4PL.tif
13,23.71999373,90.45040139,2022,12,9,3,31,27,3.188577812962772,1.8416420303122136,1.31,2,-b_5OM9,2022-12-09 03:31:27,1017.9383166782897,1270.4173122117716,1.1054000000000002,0.0003573485,(23.720600;90.450800),C2_20221209_20221216_-b_5OM9_8354_CH4PL.tif
13,23.72054018,90.45084447,2022,12,12,4,24,21,3.019787264293091,1.5691215726598218,1.86,1,6bbEOM9,2022-12-12 04:24:21,595.0613922744053,916.8216810794778,1.2924000000000002,0.0003573485,(23.721200;90.451400),C1_20221212_20221217_6bbEOM9_8411_CH4PL.tif
13,23.72056418,90.45150391,2022,12,17,3,21,5,0.9413951688574844,0.6212327329180626,0.88,2,-bh6OM9,2022-12-17 03:21:05,217.36769977153264,797.3237767366384,0.9592,0.0003573485,(23.720700;90.450200),C2_20221217_20221224_-bh6OM9_8665_CH4PL.tif
13,23.72034,90.45185,2022,12,17,7,14,22,1.9182754152697976,1.0837626037733723,1.47,3,Dbi0OM9,2022-12-17 07:14:22,436.9258673855354,951.004126443908,1.1598000000000002,0.0003573485,(23.720600;90.452000),C3_20221217_20221231_Dbi0OM9_8778_CH4PL.tif
13,23.72077179,90.45032871,2022,12,25,7,18,8,2.5020375700639086,1.740757629825699,0.68,3,DbpBtM9,2022-12-25 07:18:08,1183.6316367580275,1517.7506118529298,0.8912000000000001,0.0003573485,(23.720700;90.450200),C3_20221225_20230106_DbpBtM9_8959_CH4PL.tif
13,23.71992522,90.45073283,2022,12,28,7,26,38,1.3724147798930395,0.7525197989993972,1.6,4,HbsFOM9,2022-12-28 07:26:38,251.787904464084,795.2038327612452,1.2040000000000002,0.0003573485,(23.720400;90.450800),C4_20221228_20230106_HbsFOM9_8906_CH4PL.tif
14,0.0,0.0,2021,3,12,14,43,26,0.0,,0.0,1,7Sd2vLM,2021-03-12 14:43:26,,,,,,
14,0.0,0.0,2021,10,25,14,40,22,0.0,,0.0,1,7W-HvLM,2021-10-25 14:40:22,,,,,,
14,0.0,0.0,2021,11,25,14,38,28,0.0,,0.0,1,7Wf2vLM,2021-11-25 14:38:28,,,,,,
14,-17.47684744,-66.12699296,2022,1,16,13,37,51,0.6920392843677554,0.4991949606682258,0.61,2,AXTAvLM,2022-01-16 13:37:51,141.04582626191893,636.4311230118948,0.8674000000000001,0.0002583401,(-17.477400;-66.127000//-17.475900;-66.128200),C2_20220116_20220422_AXTAvLM_3079_CH4PL.tif
14,-17.47741262,-66.12702491,2022,4,27,13,40,45,0.4429932212109961,0.2886905926166084,0.86,2,AZ43QLM,2022-04-27 13:40:45,57.96047233944428,448.5973698167719,0.9524,0.0002583401,(-17.475300;-66.127900//-17.477400;-66.127000),C2_20220427_20231012_AZ43QLM_18081_CH4PL.tif
14,-17.47761943,-66.12757551,2022,5,29,14,35,20,0.9843702175307698,0.5869651290151474,1.16,1,7ZY9vLM,2022-05-29 14:35:20,128.63652004006963,496.0365922627428,1.0544,0.0002583401,(-17.476900;-66.127500),C1_20220529_20220602_7ZY9vLM_4090_CH4PL.tif
14,-17.47598501,-66.12912535,2022,6,15,13,33,30,0.4843276936814403,0.2815814731634034,1.32,2,AZp3QLM,2022-06-15 13:33:30,41.75001398692207,344.0907839990884,1.1088,0.0002583401,(-17.476000;-66.128900),C2_20220615_20220621_AZp3QLM_4220_CH4PL.tif
14,-17.475088,-66.127575,2022,6,15,14,34,48,0.7961182522024054,0.5169216459614048,0.87,1,7Zp2vLM,2022-06-15 14:34:48,99.59793558704024,430.4693977994687,0.9558,0.0002583401,(-17.475000;-66.128200),C1_20220615_20220621_7Zp2vLM_4223_CH4PL.tif
14,-17.47683,-66.12721,2022,6,21,14,28,35,0.6504173825228041,0.3545854476173598,1.7,1,7Zv4vLM,2022-06-21 14:28:35,39.68368363595563,271.9211478369832,1.238,0.0002583401,(-17.476300;-66.126800),C1_20220621_20220628_7Zv4vLM_4266_CH4PL.tif
14,-17.47757089,-66.12688647,2022,7,19,14,27,41,0.9351853609854278,0.5416482755178449,1.33,1,7_M2vLM,2022-07-19 14:27:41,109.4472390269446,468.5894450090653,1.1122,0.0002583401,(-17.473900;-66.126700),C1_20220719_20220721_7_M2vLM_4779_CH4PL.tif
14,-17.47510696,-66.12568209,2022,8,10,14,29,57,1.1603511554863448,0.6576016097454533,1.38,1,7_h4QLM,2022-08-10 14:29:57,148.19172554863167,519.1679643820916,1.1292,0.0002583401,(-17.475300;-66.126700),C1_20220810_20220818_7_h4QLM_5335_CH4PL.tif
15,-16.55597142,-68.12838756,2022,12,26,17,31,50,1.2594720418530103,0.6092692956062624,6.87,4,HbpQmOU,2022-12-26 17:31:50,81.01059135032861,693.6950384042731,2.9958000000000005,0.0002318559,(-16.555000;-68.129000),C4_20221226_20221230_HbpQmOU_8753_CH4PL.tif
16,-2.95771337,-60.01159285,2022,6,27,14,18,4,1.4044131643815445,0.9783901309950462,0.64,1,7ZyNBVf,2022-06-27 14:18:04,137.0110124163562,308.2192072575445,0.8776,0.0003548357,(-2.957600;-60.012100),C1_20220627_20220701_7ZyNBVf_4313_CH4PL.tif
16,-2.95257823,-60.01267625,2022,6,27,14,18,4,1.539236858170119,1.0734794609776124,0.64,1,7ZyNBVf,2022-06-27 14:18:04,201.1009381069589,412.76965039215673,0.8776,0.0003548357,(-2.952600;-60.012800),C1_20220627_20220701_7ZyNBVf_4314_CH4PL.tif
16,0.0,0.0,2022,7,27,17,12,56,0.0,,0.0,5,L_U3gVf,2022-07-27 17:12:56,,,,,,
17,-12.85613767,-38.37319479,2022,9,20,15,42,48,1.475435645743329,0.5373878789820489,4.65,3,DaL40Z_,2022-09-20 15:42:48,47.78378221091648,261.2790618668925,2.241,0.0003548769,(-12.856100;-38.374000),C3_20220920_20220929_DaL40Z__6520_CH4PL.tif
17,-12.85398232,-38.3745229,2022,10,22,15,31,27,1.2845856771979036,0.4297303919121679,5.87,4,Haq5VZ_,2022-10-22 15:31:27,54.84253998107084,408.1805931372222,2.6558,0.0003548769,(-12.853600;-38.373400),C4_20221022_20221027_Haq5VZ__7221_CH4PL.tif
17,-12.85524,-38.37443,2022,11,10,15,30,52,2.013847319255446,0.7045629899344599,4.64,5,Lb970Z_,2022-11-10 15:30:52,90.03495453010714,360.13850920524925,2.2376,0.0003548769,(-12.854400;-38.376400),C5_20221110_20221117_Lb970Z__7712_CH4PL.tif
17,-12.85674386,-38.3723826,2022,12,20,15,29,29,1.6772111383257515,0.7516168988013522,2.95,4,Hbl3VZ_,2022-12-20 15:29:29,214.0796261755549,764.1565672329125,1.6630000000000005,0.0003548769,(-12.856700;-38.372800),C4_20221220_20221221_Hbl3VZ__8583_CH4PL.tif
17,-12.85680459,-38.37257714,2022,12,30,15,34,31,1.9101941310039217,0.6636297503112051,4.87,5,LbuD0Z_,2022-12-30 15:34:31,145.0130775749671,632.8972571692557,2.3158000000000003,0.0003548769,(-12.855900;-38.373000),C5_20221230_20230112_LbuD0Z__9160_CH4PL.tif
18,-3.79567443,-38.68499024,2022,11,9,15,39,36,2.8556496168382,0.8280359187151298,6.58,5,Lb860uY,2022-11-09 15:39:36,161.1057256263639,588.4194685219786,2.8972,0.0003560294,(-3.795300;-38.684200//-3.793200;-38.686900),C5_20221109_20221111_Lb860uY_7590_CH4PL.tif
18,-3.79801,-38.67388,2022,11,9,15,39,36,1.1726941499913432,0.3945322481196113,6.58,5,Lb860uY,2022-11-09 15:39:36,53.2649084905699,473.737107299517,2.8972,0.0003560294,(-3.798000;-38.673800),C5_20221109_20221111_Lb860uY_7591_CH4PL.tif
18,-3.79214,-38.68795,2022,12,4,15,44,1,2.2295145518048,0.6322759626140356,7.54,5,LbVE0uY,2022-12-04 15:44:01,152.075651475634,791.5767362541035,3.2236,0.0003560294,(-3.795500;-38.684600//-3.792700;-38.686300),C5_20221204_20221210_LbVE0uY_8230_CH4PL.tif
19,-22.79295892,-43.75564925,2022,5,18,12,55,32,4.82756984564458,1.9884743979498636,3.22,1,7ZO3R9j,2022-05-18 12:55:32,608.0856033652282,795.7310081992563,1.7548000000000004,0.000356936,(-22.792800;-43.755400),C1_20220518_20220530_7ZO3R9j_4023_CH4PL.tif
19,0.0,0.0,2022,7,2,12,58,36,0.0,,0.0,1,7_59R9k,2022-07-02 12:58:36,,,,,,
20,-23.34164853,-46.76746377,2021,8,23,13,16,36,3.791496751347984,1.913735704681162,1.88,1,7VAE2-I,2021-08-23 13:16:36,834.6144683408472,1029.5649127955885,1.2992,0.0003230079,(-23.342500;-46.767800//-23.345300;-46.771500),C1_20210823_20240402_7VAE2-I_1792_CH4PL.tif
20,-23.34722512,-46.77071184,2021,11,6,12,19,10,5.332047109881961,2.829372472541577,1.68,2,9WN1X-I,2021-11-06 12:19:10,4433.460072981449,3685.360115115741,1.2312,0.0003230079,(-23.347000;-46.772100),C2_20211106_20220420_9WN1X-I_2496_CH4PL.tif
20,-23.344753,-46.77136405,2021,11,23,12,24,39,5.891028349159634,3.615637384114576,1.04,2,AWd0X-I,2021-11-23 12:24:39,3078.692511157828,1906.9719511903247,1.0136,0.0003230079,(-23.344800;-46.772100//-23.346500;-46.776900//-23.350000;-46.772300),C2_20211123_20220423_AWd0X-I_2645_CH4PL.tif
20,-23.34415543,-46.7690703,2021,12,11,12,18,43,6.528022298243143,5.697328333987179,0.42,2,AWv22-I,2021-12-11 12:18:43,7977.309851551112,3531.707246462002,0.8028000000000001,0.0003230079,(-23.344400;-46.770200),C2_20211211_20220421_AWv22-I_2773_CH4PL.tif
20,-23.34332,-46.77286,2022,4,24,13,11,16,3.3692973680007188,1.7016811137024066,1.91,1,7Z092-I,2022-04-24 13:11:16,597.8263056759697,836.393243146656,1.3094,0.0003230079,(-23.343500;-46.772500),C1_20220424_20220429_7Z092-I_3892_CH4PL.tif
20,-23.34632917,-46.77206114,2022,8,31,12,15,58,5.814276267029047,2.391813734289033,3.22,2,-a222-I,2022-08-31 12:15:58,1653.623677561397,1796.6817031078092,1.7548000000000004,0.0003230079,(-23.346200;-46.773400),C2_20220831_20220923_-a222-I_6284_CH4PL.tif
20,-23.3438848,-46.7724651,2022,9,23,16,9,36,3.745279196486643,1.4219693204830717,3.98,4,HaO52-I,2022-09-23 16:09:36,794.295430177837,1537.0474974262734,2.0132000000000003,0.0003230079,(-23.344300;-46.771700),C4_20220923_20220927_HaO52-I_6393_CH4PL.tif
20,-23.34423,-46.77034,2022,9,24,15,58,44,5.002864578138063,2.296755087163076,2.46,4,HaP52-I,2022-09-24 15:58:44,1847.2222227854863,1989.0724299273063,1.4964,0.0003230079,(-23.344100;-46.770600),C4_20220924_20221012_HaP52-I_6808_CH4PL.tif
20,-23.34561144,-46.77193417,2022,10,14,13,0,55,3.068546466025209,2.1971405730869,0.57,1,6ai1X-I,2022-10-14 13:00:55,905.0907360180892,906.6049102680348,0.8538,0.0003230079,(-23.345100;-46.772000),C1_20221014_20221026_6ai1X-I_7174_CH4PL.tif
20,-23.34526457,-46.77028824,2022,10,24,13,11,33,2.0628398289660983,1.2946454231498938,0.98,1,6aqG2-I,2022-10-24 13:11:33,260.3877475713835,451.3300480837934,0.9932,0.0003230079,(-23.345300;-46.770200),C1_20221024_20240402_6aqG2-I_7252_CH4PL.tif
20,-23.34739797,-46.77401432,2022,10,28,16,2,21,4.228237797028228,1.928822080035288,2.53,4,Haw4X-I,2022-10-28 16:02:21,1302.7990499802142,1686.247264006499,1.5202,0.0003230079,(-23.346900;-46.774300),C4_20221028_20221101_Haw4X-I_7318_CH4PL.tif
20,-23.34428663,-46.7763995,2022,11,18,16,4,29,3.606173141494475,1.4489273068368158,3.56,3,DbG6X-I,2022-11-18 16:04:29,534.2838149775049,997.6137778096872,1.8704,0.0003230079,(-23.344400;-46.776300),C3_20221118_20221122_DbG6X-I_7814_CH4PL.tif
20,-23.34687659,-46.77491466,2022,12,10,13,7,36,3.7742021657155687,1.971134935546603,1.75,1,6bb3X-I,2022-12-10 13:07:36,705.3472264899694,844.3529597406952,1.255,0.0003230079,(-23.345400;-46.774400),C1_20221210_20221216_6bb3X-I_8344_CH4PL.tif
21,-26.24963633,-48.90236499,2022,12,29,16,16,51,0.7101410591341994,0.4355727154207359,1.25,3,Dbu4-tg,2022-12-29 16:16:51,97.42295316592802,535.8569965382092,1.085,0.0003551648,(-26.249700;-48.902200),C3_20221229_20221231_Dbu4-tg_8782_CH4PL.tif
22,-23.636832,-46.421997,2022,7,26,16,8,1,4.144254163915808,1.857537100140863,2.63,3,D_T5NEe,2022-07-26 16:08:01,913.8462631204156,1233.77556044465,1.5542,0.0003239055,(-23.636500;-46.421900),C3_20220726_20220728_D_T5NEe_4869_CH4PL.tif
23,-23.40432,-46.56095,2022,8,2,16,4,37,3.1489189641354622,1.5145596883452015,2.2,4,H_XQ3Pl,2022-08-02 16:04:37,832.5632082970111,1340.1730683706307,1.408,0.0003261765,(-23.404300;-46.561300),C4_20220802_20220819_H_XQ3Pl_5363_CH4PL.tif
23,-23.40302347,-46.56001107,2022,8,13,16,9,17,3.9212939425942377,1.942204508475716,2.06,3,D_k33Pl,2022-08-13 16:09:17,1093.4580237330704,1365.6576482528233,1.3604,0.0003261765,(-23.403300;-46.560300),C3_20220813_20220818_D_k33Pl_5333_CH4PL.tif
24,-22.77706633,-47.20512687,2022,5,17,13,12,5,2.556745963369636,0.8506394704116559,5.01,1,7ZN2OfW,2022-05-17 13:12:05,90.90709450594686,302.51710136266524,2.3634,0.0003326145,(-22.777400;-47.204200),C1_20220517_20220520_7ZN2OfW_4007_CH4PL.tif
24,-22.77964118,-47.20651261,2022,5,20,12,23,19,9.064286647982405,5.213106980672357,1.27,2,AZQ2OfW,2022-05-20 12:23:19,5366.542568463478,2327.0544118537327,1.0918,0.0003326145,(-22.779400;-47.206000),C2_20220520_20220530_AZQ2OfW_4025_CH4PL.tif
25,0.0,0.0,2022,6,21,12,22,53,0.0,,0.0,2,AZv2P_8,2022-06-21 12:22:53,,,,,,
25,0.0,0.0,2022,7,15,12,19,17,0.0,,0.0,2,A_I2u_8,2022-07-15 12:19:17,,,,,,
25,-22.72335363,-47.42388793,2022,7,31,12,15,8,0.4217633180546771,0.2317836047481417,1.53,2,-_X-P_7,2022-07-31 12:15:08,33.15874468964054,334.0314714602698,1.1802,0.0003347249,(-22.722500;-47.424500),C2_20220731_20220804_-_X-P_7_5014_CH4PL.tif
26,0.0,0.0,2021,11,1,17,38,46,0.0,,0.0,2,-WGGm_R,2021-11-01 17:38:46,,,,,,
26,53.30859755,-112.39584491,2021,11,2,17,28,1,0.3625432475991619,0.1471155124448931,4.02,2,-WJ4m_R,2021-11-02 17:28:01,32.85191795628901,661.1717744491727,2.0268,0.0003298003,(53.308400;-112.396000),C2_20211102_20220423_-WJ4m_R_2677_CH4PL.tif
26,0.0,0.0,2021,12,15,18,40,19,0.0,,0.0,1,6Wz5H_R,2021-12-15 18:40:19,,,,,,
26,53.30239286,-112.3988067,2022,9,14,21,15,42,0.7081534415922289,0.3091038281418143,2.84,3,DaF7H_R,2022-09-14 21:15:42,57.02727686596319,471.271802102017,1.6256,0.0003298003,(53.302200;-112.398100),C3_20220914_20231012_DaF7H_R_18083_CH4PL.tif
26,53.30763378,-112.39939918,2022,9,22,21,24,50,0.5899252948921628,0.2130633663244751,4.83,3,DaN8H_R,2022-09-22 21:24:50,28.24012006328136,396.7482966087342,2.3022,0.0003298003,(53.307600;-112.398900),C3_20220922_20220928_DaN8H_R_6488_CH4PL.tif
27,0.0,0.0,2022,4,20,17,54,26,0.0,,0.0,2,AYx3N8f,2022-04-20 17:54:26,,,,,,
27,0.0,0.0,2022,7,17,21,48,32,0.0,,0.0,4,H_K6737,2022-07-17 21:48:32,,,,,,
27,0.0,0.0,2022,7,19,21,47,39,0.0,,0.0,3,D_M5737,2022-07-19 21:47:39,,,,,,
27,0.0,0.0,2022,8,12,21,52,59,0.0,,0.0,4,H_j6737,2022-08-12 21:52:59,,,,,,
27,0.0,0.0,2022,8,13,21,42,15,0.0,,0.0,4,H_k5b37,2022-08-13 21:42:15,,,,,,
27,0.0,0.0,2022,8,16,21,39,18,0.0,,0.0,3,D_n6b37,2022-08-16 21:39:18,,,,,,
27,0.0,0.0,2022,8,24,21,49,44,0.0,,0.0,3,D_v7737,2022-08-24 21:49:44,,,,,,
27,0.0,0.0,2022,8,25,17,55,51,0.0,,0.0,2,-_w4b37,2022-08-25 17:55:51,,,,,,
27,0.0,0.0,2022,8,30,21,47,53,0.0,,0.0,4,Ha17b37,2022-08-30 21:47:53,,,,,,
27,0.0,0.0,2022,9,1,21,40,45,0.0,,0.0,5,La38737,2022-09-01 21:40:45,,,,,,
27,0.0,0.0,2022,9,9,21,49,46,0.0,,0.0,5,LaA6737,2022-09-09 21:49:46,,,,,,
27,49.958121,-119.419181,2022,9,10,21,39,4,0.3533139618364554,0.254113524821864,0.58,5,LaB7737,2022-09-10 21:39:04,44.58972867936827,389.45626380292777,0.8572000000000001,0.0003395729,(49.957400;-119.419600),C5_20220910_20220915_LaB7737_5943_CH4PL.tif
28,0.0,0.0,2021,3,12,17,35,33,0.0,,0.0,1,7Sd48QE,2021-03-12 17:35:33,,,,,,
28,0.0,0.0,2021,10,7,17,22,53,0.0,,0.0,1,7Vu3cQE,2021-10-07 17:22:53,,,,,,
28,0.0,0.0,2021,11,7,16,34,34,0.0,,0.0,2,AWNAcQE,2021-11-07 16:34:34,,,,,,
28,0.0,0.0,2021,11,25,16,29,15,0.0,,0.0,2,AWf38QE,2021-11-25 16:29:15,,,,,,
28,0.0,0.0,2021,12,20,17,23,59,0.0,,0.0,1,7X2H8QE,2021-12-20 17:23:59,,,,,,
28,0.0,0.0,2022,1,19,17,31,35,0.0,,0.0,1,7XX48QE,2022-01-19 17:31:35,,,,,,
28,49.76366385,-97.18527374,2022,2,2,16,32,38,1.2219153405441745,0.5764919314242026,2.32,2,AXk4cQE,2022-02-02 16:32:38,329.97666646319374,1408.487677200523,1.4488,0.0003482826,(49.763500;-97.183600),C2_20220202_20220422_AXk4cQE_3231_CH4PL.tif
28,0.0,0.0,2022,3,26,17,31,34,0.0,,0.0,1,7YZ3cQE,2022-03-26 17:31:34,,,,,,
28,0.0,0.0,2022,4,1,17,30,8,0.0,,0.0,1,7Ye2cQE,2022-04-01 17:30:08,,,,,,
28,0.0,0.0,2022,4,11,16,27,45,0.0,,0.0,2,AYmFcQE,2022-04-11 16:27:45,,,,,,
28,0.0,0.0,2022,5,6,16,23,40,0.0,,0.0,2,AZC2cQE,2022-05-06 16:23:40,,,,,,
28,0.0,0.0,2022,5,6,17,29,19,0.0,,0.0,1,7ZC3cQE,2022-05-06 17:29:19,,,,,,
28,49.76589124,-97.19692239,2022,6,23,16,25,14,0.6613348229687266,0.3675261242927301,1.46,2,AZx4MKe,2022-06-23 16:25:14,95.6706222227727,602.2374949959739,1.1564,0.0003482826,(49.765900;-97.196500),C2_20220623_20220630_AZx4MKe_4298_CH4PL.tif
28,0.0,0.0,2022,10,4,20,10,12,0.0,,0.0,4,HaZ6MKe,2022-10-04 20:10:12,,,,,,
28,0.0,0.0,2022,11,5,17,10,10,0.0,,0.0,1,6b46MKe,2022-11-05 17:10:10,,,,,,
28,0.0,0.0,2022,11,26,20,10,42,0.0,,0.0,5,LbO6MKe,2022-11-26 20:10:42,,,,,,
29,0.0,0.0,2022,1,22,15,10,52,0.0,,0.0,1,7X_24Iv,2022-01-22 15:10:52,,,,,,
29,0.0,0.0,2022,5,8,14,25,58,0.0,,0.0,2,AZD6ZIv,2022-05-08 14:25:58,,,,,,
29,45.88275,-66.60767,2022,7,28,14,8,45,0.8055793242079192,0.571552054923418,0.63,2,-_V24Iv,2022-07-28 14:08:45,399.2876085627287,1559.87868717396,0.8742000000000001,0.000355947,(45.882700;-66.608400),C2_20220728_20220802_-_V24Iv_5004_CH4PL.tif
29,0.0,0.0,2022,9,30,18,2,48,0.0,,0.0,5,LaV5ZIv,2022-09-30 18:02:48,,,,,,
29,0.0,0.0,2022,10,16,17,58,6,0.0,,0.0,4,HajD4Iv,2022-10-16 17:58:06,,,,,,
29,0.0,0.0,2022,12,10,17,59,35,0.0,,0.0,3,Dbb5ZIv,2022-12-10 17:59:35,,,,,,
30,0.0,0.0,2021,12,25,14,12,45,0.0,,0.0,2,AX86jfg,2021-12-25 14:12:45,,,,,,
30,46.09096288,-64.91143271,2022,5,25,14,16,16,0.5631596504305129,0.3886698160104027,0.68,2,AZV2Efg,2022-05-25 14:16:16,76.42857982671556,435.41354754765706,0.8912000000000001,0.0003556587,(46.090700;-64.911200),C2_20220525_20220603_AZV2Efg_4099_CH4PL.tif
30,0.0,0.0,2022,9,25,15,8,23,0.0,,0.0,1,6aP8jfg,2022-09-25 15:08:23,,,,,,
30,0.0,0.0,2022,10,12,14,53,0,0.0,,0.0,1,6ag2Efg,2022-10-12 14:53:00,,,,,,
30,0.0,0.0,2022,11,3,18,8,25,0.0,,0.0,5,Lb25jfg,2022-11-03 18:08:25,,,,,,
30,0.0,0.0,2022,11,19,14,7,49,0.0,,0.0,2,-bH2Efg,2022-11-19 14:07:49,,,,,,
31,42.08667393,-82.86502236,2021,8,22,16,24,20,1.3640986429677435,0.6853657154898224,2.19,1,7VA9r59,2021-08-22 16:24:20,100.12509333667872,371.1524416306368,1.4046,0.0003501608,(42.087200;-82.865200),C1_20210822_20220423_7VA9r59_2709_CH4PL.tif
31,42.08902968,-82.86752689,2021,9,10,16,21,5,1.7008165678476674,0.7308420316986769,2.97,1,7VU2r59,2021-09-10 16:21:05,137.94352783639232,487.54062353807967,1.6698,0.0003501608,(42.089100;-82.866600),C1_20210910_20220423_7VU2r59_2716_CH4PL.tif
31,0.0,0.0,2021,11,30,16,15,32,0.0,,0.0,1,7Wk2r59,2021-11-30 16:15:32,,,,,,
31,42.08919104,-82.86663268,2021,12,10,15,22,49,2.515551683141539,1.2732428002570586,1.89,2,AWu2r59,2021-12-10 15:22:49,703.306561488036,1311.067341324018,1.3026,0.0003501608,(42.089700;-82.866200),C2_20211210_20220421_AWu2r59_2739_CH4PL.tif
31,42.08844,-82.86584,2022,6,21,15,16,9,2.1177150763324017,0.6578038331376805,5.57,2,AZv2r59,2022-06-21 15:16:09,160.8329594885639,698.2274336695181,2.5538000000000003,0.0003501608,(42.088800;-82.865600),C2_20220621_20220624_AZv2r59_4246_CH4PL.tif
31,42.08992134,-82.86431001,2022,10,27,19,6,39,1.3318818120360003,0.6524357039103162,2.1,4,Hav4r59,2022-10-27 19:06:39,216.2740389013861,803.2078344748058,1.374,0.0003501608,(42.090600;-82.863700),C4_20221027_20221102_Hav4r59_7324_CH4PL.tif
32,0.0,0.0,2021,4,14,15,19,2,0.0,,0.0,2,-T-2dHH,2021-04-14 15:19:02,,,,,,
32,0.0,0.0,2021,6,16,15,19,46,0.0,,0.0,2,-U939HH,2021-06-16 15:19:46,,,,,,
32,43.86714459,-79.50108923,2021,9,11,16,5,27,1.2215040007745797,0.2973257847938718,8.16,1,6VV2dHH,2021-09-11 16:05:27,33.143734317247656,335.47481452464126,3.434400000000001,0.0003453935,(43.867700;-79.502500//43.868500;-79.497200),C1_20210911_20220423_6VV2dHH_2408_CH4PL.tif
32,0.0,0.0,2021,10,1,15,19,51,0.0,,0.0,2,-Vo1dHH,2021-10-01 15:19:51,,,,,,
32,0.0,0.0,2021,11,12,16,7,36,0.0,,0.0,1,6WT3dHH,2021-11-12 16:07:36,,,,,,
32,0.0,0.0,2022,2,24,16,1,42,0.0,,0.0,1,7Y63DYr,2022-02-24 16:01:42,,,,,,
33,46.50435784,-80.90155233,2022,1,31,15,20,29,0.4393940491168799,0.3180448224945104,1.0,2,AXgFPT0,2022-01-31 15:20:29,37.61552770445434,308.1878327851788,1.0,0.0003462468,(46.504700;-80.902100),C2_20220131_20220422_AXgFPT0_3195_CH4PL.tif
33,0.0,0.0,2022,6,5,15,15,49,0.0,,0.0,2,AZe9uT1,2022-06-05 15:15:49,,,,,,
33,0.0,0.0,2022,6,14,16,9,38,0.0,,0.0,1,7Zo3uT1,2022-06-14 16:09:38,,,,,,
33,0.0,0.0,2022,7,23,16,12,2,0.0,,0.0,1,7_Q1PT1,2022-07-23 16:12:02,,,,,,
33,0.0,0.0,2022,10,23,18,59,30,0.0,,0.0,3,DaqCPT1,2022-10-23 18:59:30,,,,,,
33,0.0,0.0,2022,11,1,18,55,21,0.0,,0.0,3,Db07PT1,2022-11-01 18:55:21,,,,,,
33,0.0,0.0,2022,12,1,19,14,58,0.0,,0.0,5,LbT5PT1,2022-12-01 19:14:58,,,,,,
34,0.0,0.0,2021,12,14,15,48,8,0.0,,0.0,1,7Wy39Dz,2021-12-14 15:48:08,,,,,,
34,0.0,0.0,2022,7,2,15,50,16,0.0,,0.0,1,7_5-s9P,2022-07-02 15:50:16,,,,,,
34,0.0,0.0,2022,7,9,18,47,5,0.0,,0.0,3,D_C3s9P,2022-07-09 18:47:05,,,,,,
34,0.0,0.0,2022,7,17,18,39,17,0.0,,0.0,4,H_K3s9P,2022-07-17 18:39:17,,,,,,
34,0.0,0.0,2022,7,19,18,38,21,0.0,,0.0,3,D_M3N9P,2022-07-19 18:38:21,,,,,,
34,45.3121657,-74.99767463,2022,10,4,15,40,5,0.5337665773746223,0.444763671388092,0.25,1,6aZ1cvC,2022-10-04 15:40:05,74.05177684611307,372.0856155477935,0.745,0.0003551237,(45.312600;-74.998300//45.311800;-74.997200),C1_20221004_20221006_6aZ1cvC_6694_CH4PL.tif
34,0.0,0.0,2022,12,13,18,34,18,0.0,,0.0,5,Lbe7s9P,2022-12-13 18:34:18,,,,,,
35,0.0,0.0,2021,3,19,15,52,29,0.0,,0.0,1,7Sk33LU,2021-03-19 15:52:29,,,,,,
35,0.0,0.0,2021,5,28,15,50,38,0.0,,0.0,1,7Tq2YLU,2021-05-28 15:50:38,,,,,,
35,0.0,0.0,2021,6,9,14,58,15,0.0,,0.0,2,AU243LU,2021-06-09 14:58:15,,,,,,
35,45.754429,-73.535592,2021,7,24,14,56,5,1.7733634958399591,0.9082623180275798,1.97,2,AUj2YLU,2021-07-24 14:56:05,363.5616156256613,981.4520572546444,1.3298,0.000357101,(45.753500;-73.535900),C2_20210724_20220423_AUj2YLU_2723_CH4PL.tif
35,0.0,0.0,2021,12,12,14,59,51,0.0,,0.0,2,AWvA3LU,2021-12-12 14:59:51,,,,,,
35,45.74511,-73.53699,2022,5,6,14,49,29,1.5784250218213989,0.6967754268957403,2.81,2,AZC23LU,2022-05-06 14:49:29,322.293868121667,1187.4372406151235,1.6154000000000002,0.000357101,(45.746000;-73.535700),C2_20220506_20220511_AZC23LU_3929_CH4PL.tif
35,45.75235,-73.53407,2022,5,14,14,50,57,0.603592432256911,0.2598238875204713,3.19,2,AZK13LU,2022-05-14 14:50:57,29.90666190093057,311.1877724612706,1.7446000000000002,0.000357101,(45.752400;-73.533700),C2_20220514_20220517_AZK13LU_3974_CH4PL.tif
35,45.74729025,-73.54101818,2022,8,6,18,24,2,0.8202214227999083,0.3868981985754968,2.34,5,L_d5mFu,2022-08-06 18:24:02,67.10539878907935,428.7171936063474,1.4556,0.000357101,(45.747200;-73.541000),C5_20220806_20220810_L_d5mFu_5125_CH4PL.tif
35,45.74628274,-73.53716213,2022,8,16,18,29,52,1.985854594742653,0.826952406780876,3.72,3,D_n5HFu,2022-08-16 18:29:52,218.74847662941963,763.2831971442168,1.9248000000000005,0.000357101,(45.745800;-73.536400),C3_20220816_20220818_D_n5HFu_5343_CH4PL.tif
35,0.0,0.0,2022,9,2,15,30,16,0.0,,0.0,1,6a44HFu,2022-09-02 15:30:16,,,,,,
35,0.0,0.0,2022,9,9,18,24,50,0.0,,0.0,4,HaA5mFu,2022-09-09 18:24:50,,,,,,
35,45.74853,-73.534401,2022,9,10,18,29,40,0.9111182166089308,0.4078705597081191,2.72,5,LaB5mFu,2022-09-10 18:29:40,78.01791473597308,488.53599946833685,1.5848000000000002,0.000357101,(45.747700;-73.533800//45.749600;-73.533800),C5_20220910_20220914_LaB5mFu_5914_CH4PL.tif
35,45.74731,-73.54103,2022,11,9,18,36,51,1.3949138601320408,0.6797465143394478,2.1,5,Lb87HFu,2022-11-09 18:36:51,184.87988427109576,655.5887683788471,1.374,0.000357101,(45.748800;-73.539900),C5_20221109_20221111_Lb87HFu_7562_CH4PL.tif
35,45.74594541,-73.54101517,2022,12,9,14,31,34,1.0174381819739893,0.4176587575608879,3.29,2,-ba1mFu,2022-12-09 14:31:34,68.6817591513742,432.2292640154972,1.7786,0.000357101,(45.744200;-73.538700),C2_20221209_20221216_-ba1mFu_8384_CH4PL.tif
36,-32.95211415,-70.80102798,2022,12,23,17,27,32,6.572744933614985,2.2667127393959063,4.62,3,Dbo7l1m,2022-12-23 17:27:32,1229.027263542854,1501.6816520236516,2.2308000000000003,0.0003239055,(-32.951900;-70.802500//-32.953700;-70.794300),C3_20221223_20230111_Dbo7l1m_9105_CH4PL.tif
37,-33.52488,-70.87034,2022,12,21,14,30,22,2.787624484424214,1.3079740765852612,2.55,1,6bm2wbK,2022-12-21 14:30:22,693.3683894852651,1367.3235875117105,1.527,0.000336443,(-33.525600;-70.872200),C1_20221221_20221230_6bm2wbK_8754_CH4PL.tif
38,0.0,0.0,2022,12,11,17,42,41,0.0,,0.0,5,LbbL26H,2022-12-11 17:42:41,,,,,,
38,-33.09292214,-71.63982224,2022,12,18,17,33,2,1.8126224471551804,0.7890116420893499,4.16,4,HbiKX6H,2022-12-18 17:33:02,199.2345715792564,820.8283558208952,2.0744,0.0003448659,(-33.092900;-71.640500),C4_20221218_20221221_HbiKX6H_8528_CH4PL.tif
38,-33.08658368,-71.63456305,2022,12,20,17,34,56,1.8530755358084423,0.6444114567070021,5.43,5,Lbl8X6H,2022-12-20 17:34:56,75.60685830519722,368.1173576804819,2.5062,0.0003448659,(-33.086700;-71.634900),C5_20221220_20221223_Lbl8X6H_8639_CH4PL.tif
39,23.26379742,113.48218468,2021,10,4,2,10,47,6.437353936762809,3.2674737114119616,1.96,2,AVpBFgj,2021-10-04 02:10:47,4184.146928154881,3103.6772475281787,1.3264,0.0003532332,(23.263700;113.482200),C2_20211004_20220423_AVpBFgj_2210_CH4PL.tif
39,0.0,0.0,2022,2,14,2,55,50,0.0,,0.0,1,7XuCkgj,2022-02-14 02:55:50,,,,,,
39,0.0,0.0,2022,10,15,5,52,30,0.0,,0.0,5,Lai-kgj,2022-10-15 05:52:30,,,,,,
39,0.0,0.0,2022,10,21,2,49,27,0.0,,0.0,1,6ao7Fgj,2022-10-21 02:49:27,,,,,,
39,0.0,0.0,2022,12,22,2,53,19,0.0,,0.0,1,6bm6kgj,2022-12-22 02:53:19,,,,,,
39,0.0,0.0,2022,12,24,5,54,22,0.0,,0.0,3,DboBkgj,2022-12-24 05:54:22,,,,,,
40,22.54594829,114.17103003,2021,11,8,3,0,3,10.049022846248084,2.59408465305013,7.01,1,7WNEIgO,2021-11-08 03:00:03,728.9020964933643,794.7067518774853,3.0434,0.0003550825,(22.547400;114.172700),C1_20211108_20231109_7WNEIgO_19615_CH4PL.tif
40,22.54672,114.16968,2021,11,26,2,8,5,31.89436774683525,13.848093887672515,2.84,2,AWf5IgO,2021-11-26 02:08:05,18238.57808326948,3346.5180424019286,1.6256,0.0003550825,(22.546900;114.169800),C2_20211126_20220421_AWf5IgO_2584_CH4PL.tif
40,22.53937061,114.16737497,2021,12,3,2,54,22,11.549595899268066,4.206562447765141,4.33,1,7Wm6ngO,2021-12-03 02:54:22,2581.484679270941,1715.6678079589915,2.1322,0.0003550825,(22.541600;114.168700),C1_20211203_20220422_7Wm6ngO_2880_CH4PL.tif
40,22.55113726,114.16857719,2021,12,9,2,56,33,9.203004554624137,4.122129525068552,2.71,1,7Ws6IgO,2021-12-09 02:56:33,1852.583474134692,1146.0204935233253,1.5814,0.0003550825,(22.547400;114.171600),C1_20211209_20220421_7Ws6IgO_2787_CH4PL.tif
40,22.54431052,114.1750263,2022,9,12,5,52,23,1.803586499091143,0.8260495094101377,2.6,3,DaBIIgO,2022-09-12 05:52:23,165.1372988369479,508.9299361676504,1.544,0.0003550825,(22.545400;114.174200),C3_20220912_20220916_DaBIIgO_6041_CH4PL.tif
40,22.54597173,114.17135574,2022,9,12,5,52,23,5.691694834050259,2.6154083585663,2.6,3,DaBIIgO,2022-09-12 05:52:23,2292.972344487041,2239.272809102299,1.544,0.0003550825,(22.546500;114.171500),C3_20220912_20220916_DaBIIgO_6040_CH4PL.tif
40,22.54299354,114.16974836,2022,10,26,5,50,33,6.432330813435001,2.9425876711676837,2.53,3,Dat9IgO,2022-10-26 05:50:33,1883.698159985673,1602.6776130022447,1.5202,0.0003550825,(22.543900;114.169300),C3_20221026_20221028_Dat9IgO_7279_CH4PL.tif
40,22.54635203,114.16886895,2022,10,27,1,44,45,3.994623883217602,1.810215425374558,2.58,2,-au5IgO,2022-10-27 01:44:45,776.4641976663767,1075.6684179459828,1.5372,0.0003550825,(22.547100;114.169800),C2_20221027_20221101_-au5IgO_7306_CH4PL.tif
40,22.54554506,114.16806624,2022,10,27,5,39,38,5.7942800275701485,3.2212597594001786,1.44,3,Dau9IgO,2022-10-27 05:39:38,1594.1231951669915,1138.6012514408862,1.1496,0.0003550825,(22.548400;114.171700),C3_20221027_20221029_Dau9IgO_7289_CH4PL.tif
40,22.54496553,114.16995287,2022,12,9,1,56,38,18.13160856074299,6.6715224513986575,4.09,2,-b_4ngO,2022-12-09 01:56:38,5652.682600484357,2301.4509300812774,2.0506,0.0003550825,(22.545000;114.170300),C2_20221209_20221221_-b_4ngO_8533_CH4PL.tif
40,22.54438991,114.17031515,2022,12,23,5,39,8,4.83612084692282,2.2853205649713337,2.28,5,Lbn9IgO,2022-12-23 05:39:08,1025.2395308908854,1095.3253147954456,1.4352,0.0003550825,(22.544500;114.170500),C5_20221223_20230105_Lbn9IgO_8855_CH4PL.tif
40,22.54481,114.17201,2022,12,29,5,40,18,5.697056950592886,2.154929293970274,4.25,4,HbsSngO,2022-12-29 05:40:18,1444.5712997078708,1921.51165138818,2.105,0.0003550825,(22.544400;114.171600),C4_20221229_20230112_HbsSngO_9157_CH4PL.tif
40,22.54386267,114.16929594,2022,12,31,5,42,14,4.887801634078885,2.22707268079816,2.52,5,LbuLngO,2022-12-31 05:42:14,997.9871536176914,1114.9161321505424,1.5168,0.0003550825,(22.544100;114.169700),C5_20221231_20230113_LbuLngO_9196_CH4PL.tif
41,22.41842459,113.93263194,2021,11,14,3,2,39,4.626490507954307,1.9708285597159392,3.14,1,7WU8P9B,2021-11-14 03:02:39,390.3822781754027,524.7882647589239,1.7276000000000002,0.000356153,(22.418200;113.932600),C1_20211114_20220423_7WU8P9B_2675_CH4PL.tif
41,22.4176,113.9334,2022,3,4,2,55,54,15.1065558620186,10.62324804770857,0.61,1,7YC6u9B,2022-03-04 02:55:54,8646.829790338086,1787.365487085509,0.8674000000000001,0.000356153,(22.414700;113.934100//22.416800;113.933800),C1_20220304_20220421_7YC6u9B_3504_CH4PL.tif
41,22.4174371,113.93272065,2022,6,23,5,45,44,4.9659958971798055,1.9607512872192636,3.57,3,DZw3d3c,2022-06-23 05:45:44,433.47005530738426,588.81447814858,1.8738,0.000356153,(22.417700;113.932600//22.422700;113.935900),C3_20220623_20220713_DZw3d3c_4453_CH4PL.tif
41,22.42330422,113.93771733,2022,7,26,1,57,45,3.717296385489631,1.6976354556865294,2.47,2,A_QF93c,2022-07-26 01:57:45,312.9772772122995,454.5916650345981,1.4998,0.000356153,(22.422600;113.938000//22.424200;113.934500),C2_20220726_20240402_A_QF93c_4931_CH4PL.tif
41,22.41692672,113.93329739,2022,7,28,5,48,32,10.12301779398522,5.709249258262726,1.37,5,L_U7d3c,2022-07-28 05:48:32,6328.850223496496,2533.8363535273984,1.1258,0.000356153,(22.417100;113.934000),C5_20220728_20220730_L_U7d3c_4956_CH4PL.tif
41,22.41710146,113.93144922,2022,8,23,5,43,31,5.696525908753036,2.9715362224079085,1.75,4,H_rM93c,2022-08-23 05:43:31,2288.0466015041825,1814.6840216616768,1.255,0.000356153,(22.417400;113.933200),C4_20220823_20220825_H_rM93c_5449_CH4PL.tif
41,22.417168,113.934122,2022,9,3,5,53,14,10.424594446275878,3.4042613163413367,5.05,3,Da4993c,2022-09-03 05:53:14,2077.576083350695,1705.4125368684954,2.377,0.000356153,(22.417800;113.934200),C3_20220903_20220927_Da4993c_6394_CH4PL.tif
41,22.41581895,113.93351623,2022,9,10,5,53,31,13.425223214864175,5.839130074439678,2.84,5,LaA993c,2022-09-10 05:53:31,2972.933329509105,1295.9249343695938,1.6256,0.000356153,(22.416100;113.934200),C5_20220910_20221006_LaA993c_6641_CH4PL.tif
41,22.41700842,113.93172892,2022,10,11,1,57,55,9.039672301855472,2.9485690523269947,5.03,2,-acK93c,2022-10-11 01:57:55,940.865374222932,888.1008655912947,2.3702,0.000356153,(22.416800;113.931900),C2_20221011_20221013_-acK93c_6851_CH4PL.tif
41,22.41840093,113.93355108,2022,10,14,5,44,29,4.824190094103715,2.2204824173382045,2.46,4,HahB93c,2022-10-14 05:44:29,1083.4364893237707,1209.8436404030408,1.4964,0.000356153,(22.417900;113.933200),C4_20221014_20221018_HahB93c_6976_CH4PL.tif
41,22.41482126,113.93228888,2022,11,13,5,41,27,12.328418932208574,6.496477183971809,1.66,3,DbACd3c,2022-11-13 05:41:27,3847.507732997907,1375.61828317748,1.2244000000000002,0.000356153,(22.418200;113.934100),C3_20221113_20221125_DbACd3c_7889_CH4PL.tif
41,22.41793659,113.93402194,2022,12,8,5,46,29,8.802536232855513,3.662925535807775,3.11,3,DbZ-93c,2022-12-08 05:46:29,1475.3396309743268,1036.2347367570144,1.7174,0.000356153,(22.418000;113.934300),C3_20221208_20221216_DbZ-93c_8328_CH4PL.tif
41,22.41679937,113.93146233,2022,12,10,1,43,39,7.089280504056102,2.219003184553808,5.37,2,-ba593c,2022-12-10 01:43:39,439.9417824104309,555.3435522158458,2.4858,0.000356153,(22.416800;113.931800),C2_20221210_20221216_-ba593c_8399_CH4PL.tif
41,22.41850842,113.9327382,2022,12,24,1,48,30,7.153272103437351,2.518299868133408,4.44,2,-bo693c,2022-12-24 01:48:30,950.6837310863172,1038.0385668686422,2.1696000000000004,0.000356153,(22.417200;113.932200),C2_20221224_20230110_-bo693c_9047_CH4PL.tif
41,22.41845981,113.93379077,2022,12,25,5,43,14,5.836235614736566,3.032851473222657,1.73,3,DbpB93c,2022-12-25 05:43:14,1298.131016718727,999.4760443730358,1.2482000000000002,0.000356153,(22.416300;113.933800),C3_20221225_20230111_DbpB93c_9061_CH4PL.tif
41,22.41684627,113.93322015,2022,12,28,5,51,45,6.642405130865466,2.607028696555178,3.57,4,HbsE93c,2022-12-28 05:51:45,1159.7352426426223,1177.7665886769191,1.8738,0.000356153,(22.417200;113.933700),C4_20221228_20230111_HbsE93c_9102_CH4PL.tif
41,22.41744268,113.93224044,2022,12,31,1,50,15,7.386780319754181,2.454891839705546,4.88,2,-buDd3c,2022-12-31 01:50:15,803.3829289868621,908.0465628746362,2.3192,0.000356153,(22.416900;113.932000),C2_20221231_20230113_-buDd3c_9228_CH4PL.tif
42,0.0,0.0,2021,5,5,2,39,26,0.0,,0.0,1,7TT6vUz,2021-05-05 02:39:26,,,,,,
42,0.0,0.0,2021,8,27,2,31,38,0.0,,0.0,1,7VF7QUz,2021-08-27 02:31:38,,,,,,
42,31.06528785,121.88070092,2021,9,1,1,42,3,1.2215263171384227,0.5478260059878374,2.88,2,AVK5QUz,2021-09-01 01:42:03,165.9064260811194,801.4839429487887,1.6392000000000002,0.0003576785,(31.062900;121.876800),C2_20210901_20240402_AVK5QUz_1907_CH4PL.tif
42,31.04777859,121.90246751,2021,9,1,1,42,3,1.0319647119523256,0.4512310349672782,2.88,2,AVK5QUz,2021-09-01 01:42:03,65.99966375513662,377.40819164435214,1.6392000000000002,0.0003576785,(31.047200;121.900900),C2_20210901_20230117_AVK5QUz_1909_CH4PL.tif
42,31.04817692,121.89473212,2021,9,1,1,42,3,2.926886471928374,1.2734252156829065,2.88,2,AVK5QUz,2021-09-01 01:42:03,569.3924699680847,1147.9957711391176,1.6392000000000002,0.0003576785,(31.048300;121.895400),C2_20210901_20231129_AVK5QUz_1908_CH4PL.tif
42,0.0,0.0,2021,10,28,2,36,41,0.0,,0.0,1,7WD6QUz,2021-10-28 02:36:41,,,,,,
42,0.0,0.0,2021,12,4,2,36,49,0.0,,0.0,1,7Wn5vUz,2021-12-04 02:36:49,,,,,,
42,0.0,0.0,2021,12,23,2,27,46,0.0,,0.0,1,7X65QUz,2021-12-23 02:27:46,,,,,,
42,0.0,0.0,2021,12,29,2,29,35,0.0,,0.0,1,7X82vUz,2021-12-29 02:29:35,,,,,,
42,31.05665444,121.87438045,2022,1,2,1,41,49,2.128544175581185,0.7494596397509053,4.6,2,AXECQUz,2022-01-02 01:41:49,158.79282215526666,597.2903291785293,2.224,0.0003576785,(31.056800;121.874800),C2_20220102_20220421_AXECQUz_2988_CH4PL.tif
42,31.05381817,121.87234095,2022,1,16,2,33,54,1.637402696094615,0.6413993054473858,3.76,1,7XT5vUz,2022-01-16 02:33:54,81.70385267523953,348.20334316801336,1.9384,0.0003576785,(31.053900;121.872900),C1_20220116_20220422_7XT5vUz_3061_CH4PL.tif
42,31.05316912,121.87481478,2022,2,14,1,41,53,0.8847992742719556,0.3065940084907817,4.82,2,AXuDvUz,2022-02-14 01:41:53,19.590994705830383,183.23794761309205,2.2988000000000004,0.0003576785,(31.053200;121.875100//31.054400;121.876000),C2_20220214_20220421_AXuDvUz_3402_CH4PL.tif
42,31.03827292,121.89955988,2022,2,14,1,41,53,2.13764843279078,0.7205072992020448,4.82,2,AXuDvUz,2022-02-14 01:41:53,79.56842664256908,308.04075492325103,2.2988000000000004,0.0003576785,(31.038300;121.899600),C2_20220214_20220421_AXuDvUz_3401_CH4PL.tif
42,0.0,0.0,2022,6,26,5,12,32,0.0,,0.0,3,DZz6vUz,2022-06-26 05:12:32,,,,,,
42,31.04987269,121.89789085,2022,7,28,1,31,7,2.677153702294306,0.9127793129988871,4.72,2,A_U4QUz,2022-07-28 01:31:07,150.7645322884141,459.15385611331976,2.2648,0.0003576785,(31.048500;121.896400),C2_20220728_20220802_A_U4QUz_5003_CH4PL.tif
42,0.0,0.0,2022,8,13,1,26,10,0.0,,0.0,2,-_j5QUz,2022-08-13 01:26:10,,,,,,
42,31.06025,121.87367,2022,10,2,5,25,21,0.9803347471944572,0.2828800405656685,7.03,3,DaW9QUz,2022-10-02 05:25:21,51.13457018270424,572.7578249200293,3.0502,0.0003576785,(-999;-999),C3_20221002_20221011_DaW9QUz_6795_CH4PL.tif
42,31.04930387,121.89393017,2022,10,2,5,25,21,1.106347884911226,0.3003206632639968,7.03,3,DaW9QUz,2022-10-02 05:25:21,32.88749469241663,326.41484260431366,3.0502,0.0003576785,(31.047600;121.893900),C3_20221002_20221011_DaW9QUz_6794_CH4PL.tif
42,31.05622093,121.87454302,2022,11,5,1,22,5,2.334860660239336,1.0502598217435934,5.47,2,-b34vUz,2022-11-05 01:22:05,189.2377118198007,735.2165804621325,2.5198,0.0003576785,(31.055900;121.874600),C2_20221105_20221109_-b34vUz_7480_CH4PL.tif
42,0.0,0.0,2022,11,7,2,25,41,0.0,,0.0,1,6b4EvUz,2022-11-07 02:25:41,,,,,,
42,31.04816881,121.90098513,2022,12,18,1,30,39,1.5917355712659642,0.4622486862829946,6.39,2,-bi5QUz,2022-12-18 01:30:39,106.4225094533368,681.789526218829,2.8326,0.0003576785,(31.047700;121.899900),C2_20221218_20221224_-bi5QUz_8677_CH4PL.tif
42,31.05878537,121.87877834,2022,12,18,1,30,39,1.454769344370189,0.423189093421972,6.39,2,-bi5QUz,2022-12-18 01:30:39,96.29793257933326,675.0105709660241,2.8326,0.0003576785,(31.058700;121.879000),C2_20221218_20221224_-bi5QUz_8678_CH4PL.tif
42,0.0,0.0,2022,12,22,5,23,19,0.0,,0.0,4,HbmAQUz,2022-12-22 05:23:19,,,,,,
42,0.0,0.0,2022,12,23,5,11,57,0.0,,0.0,4,Hbn8vUz,2022-12-23 05:11:57,,,,,,
42,0.0,0.0,2022,12,24,5,25,14,0.0,,0.0,5,Lbo-QUz,2022-12-24 05:25:14,,,,,,
43,5.08119342,-75.50468353,2022,1,19,14,33,53,0.6506895623801965,0.3670314803810585,1.57,2,AXX2Xmp,2022-01-19 14:33:53,48.10349959268224,317.71440650324234,1.1938,0.0002783331,(5.082300;-75.504600),C2_20220119_20220422_AXX2Xmp_3143_CH4PL.tif
44,4.49294226,-74.14658301,2022,12,19,18,3,16,3.1291334025415245,1.8453250466895048,1.28,3,DbiMuYK,2022-12-19 18:03:16,1160.506045970954,1462.2420360392036,1.0952000000000002,0.0002530329,(4.492600;-74.145900),C3_20221219_20221222_DbiMuYK_8584_CH4PL.tif
44,4.49332805,-74.14455227,2022,12,27,18,6,56,1.3916563478828223,1.071611760733614,0.39,3,Dbs6PYK,2022-12-27 18:06:56,186.06501835706072,381.49538971097024,0.7926000000000001,0.0002530329,(4.493700;-74.145000),C3_20221227_20230112_Dbs6PYK_9137_CH4PL.tif
45,18.56438548,-69.9742592,2022,7,13,18,0,59,0.8298595326266669,0.3773686825954325,2.79,5,L_G3zqg,2022-07-13 18:00:59,56.862207135268434,396.7981978706654,1.6086,0.000356359,(18.564600;-69.973600),C5_20220713_20220716_L_G3zqg_4610_CH4PL.tif
45,18.55731208,-69.96818746,2022,7,13,18,0,59,2.868806055459736,1.263431648804504,2.79,5,L_G3zqg,2022-07-13 18:00:59,576.0660511663431,1162.8445406106914,1.6086,0.000356359,(18.557500;-69.968100),C5_20220713_20220716_L_G3zqg_4608_CH4PL.tif
45,18.56353312,-69.96937439,2022,7,13,18,0,59,1.0935131650110217,0.49093570535048,2.79,5,L_G3zqg,2022-07-13 18:00:59,89.17008360172025,472.2214636794183,1.6086,0.000356359,(18.563000;-69.969500),C5_20220713_20220716_L_G3zqg_4609_CH4PL.tif
45,18.56093975,-69.96882666,2022,9,29,14,0,53,1.819017940315521,1.0261764931148365,1.38,2,-aU3Uqg,2022-09-29 14:00:53,282.2294223137773,630.7230092723416,1.1292,0.000356359,(18.561900;-69.968700),C2_20220929_20221018_-aU3Uqg_6995_CH4PL.tif
45,18.56302567,-69.96868856,2022,10,20,18,4,38,3.233599395105016,1.4567748276651562,2.64,3,Dao4Uqg,2022-10-20 18:04:38,642.2383932395594,1113.7006897537533,1.5576,0.000356359,(18.563800;-69.969300//18.564700;-69.967100),C3_20221020_20221025_Dao4Uqg_7166_CH4PL.tif
46,-2.07467066,-79.96114616,2022,9,1,18,29,28,2.064324101076934,1.6568046462931725,0.3,4,Ha36X-W,2022-09-01 18:29:28,715.250440969086,950.4684892468216,0.762,0.0003539724,(-2.074200;-79.961200),C4_20220901_20220920_Ha36X-W_6093_CH4PL.tif
46,-2.07062532,-79.96116014,2022,9,29,18,26,26,3.654865993032808,2.4604481736710118,0.74,5,LaU72-W,2022-09-29 18:26:26,1693.0126390324174,1520.1819078626756,0.9116,0.0003539724,(-2.070900;-79.961000),C5_20220929_20221004_LaU72-W_6617_CH4PL.tif
46,-2.07288,-79.96101,2022,10,5,15,34,55,3.59049323048816,2.858598760636569,0.32,1,6a_4X-W,2022-10-05 15:34:55,2065.3426378134604,1592.0396293426209,0.7688,0.0003539724,(-2.072900;-79.961100),C1_20221005_20221008_6a_4X-W_6776_CH4PL.tif
46,-2.07224771,-79.96113894,2022,10,10,18,24,54,2.774912944463133,1.804908456945621,1.08,3,DacNX-W,2022-10-10 18:24:54,630.7578900009527,840.5641053519947,1.0272,0.0003539724,(-2.073200;-79.964100),C3_20221010_20221013_DacNX-W_6844_CH4PL.tif
47,29.79508872,31.35624177,2022,8,1,11,25,4,2.1562513081205483,0.7189863635000764,5.37,5,L_XI65u,2022-08-01 11:25:04,252.8503359284877,1049.3801467677647,2.4858,0.0003548769,(29.794900;31.356300),C5_20220801_20231012_L_XI65u_18140_CH4PL.tif
47,29.79545,31.35537,2022,8,3,8,23,26,2.502560237475038,1.0188306966249523,4.11,1,7_a0a5u,2022-08-03 08:23:26,376.7297339195757,1114.9787624106766,2.0574000000000003,0.0003548769,(29.795700;31.355600),C1_20220803_20220805_7_a0a5u_5028_CH4PL.tif
48,0.0,0.0,2022,8,6,7,37,25,0.0,,0.0,2,-_d1PfE,2022-08-06 07:37:25,,,,,,
48,30.280667,31.357577,2022,8,22,7,31,46,1.18973552570778,0.5972159266832583,2.05,2,-_rFufE,2022-08-22 07:31:46,200.9377511503528,825.0750529919089,1.357,0.0003568123,(30.280900;31.357200),C2_20220822_20220917_-_rFufE_6054_CH4PL.tif
48,0.0,0.0,2022,8,27,11,19,0,0.0,,0.0,4,H_y2ufE,2022-08-27 11:19:00,,,,,,
48,30.2796233,31.35887539,2022,8,30,11,19,41,0.4178739750908816,0.223412938032805,1.81,3,Da13PfE,2022-08-30 11:19:41,37.581633050111634,412.9326628059969,1.2754,0.0003568123,(30.280100;31.359000),C3_20220830_20220913_Da13PfE_5896_CH4PL.tif
49,0.0,0.0,2021,12,3,10,44,6,0.0,,0.0,1,7Wn15Sw,2021-12-03 10:44:06,,,,,,
49,0.0,0.0,2021,12,16,10,33,6,0.0,,0.0,1,7X025Sw,2021-12-16 10:33:06,,,,,,
49,0.0,0.0,2022,1,15,10,41,18,0.0,,0.0,1,7XT2_Sw,2022-01-15 10:41:18,,,,,,
49,41.52110912,1.80664274,2022,1,19,9,38,17,4.846745227393466,2.6331799502642803,1.87,2,AXX15Sw,2022-01-19 09:38:17,1639.159424531809,1577.652972781107,1.2958,0.000346979,(41.524900;1.804400//41.530400;1.800900),C2_20220119_20220422_AXX15Sw_3133_CH4PL.tif
49,0.0,0.0,2022,1,27,10,43,30,0.0,,0.0,1,7Xe25Sw,2022-01-27 10:43:30,,,,,,
49,0.0,0.0,2022,2,9,10,29,24,0.0,,0.0,1,7Xr1_Sw,2022-02-09 10:29:24,,,,,,
49,0.0,0.0,2022,2,20,10,45,29,0.0,,0.0,1,7Y18_Sw,2022-02-20 10:45:29,,,,,,
49,0.0,0.0,2022,4,29,9,51,5,0.0,,0.0,2,AZ60_Sw,2022-04-29 09:51:05,,,,,,
49,0.0,0.0,2022,6,25,9,42,21,0.0,,0.0,2,AZy8oNN,2022-06-25 09:42:21,,,,,,
49,0.0,0.0,2022,7,21,10,27,59,0.0,,0.0,1,7_O2JNN,2022-07-21 10:27:59,,,,,,
49,0.0,0.0,2022,8,12,10,30,0,0.0,,0.0,1,7_j4JNN,2022-08-12 10:30:00,,,,,,
49,0.0,0.0,2022,12,24,9,38,39,0.0,,0.0,2,-bp1JNM,2022-12-24 09:38:39,,,,,,
50,41.0788599,0.69067778,2022,3,27,9,50,5,0.4460178136091033,0.2660072715341135,1.23,2,AYZ7V0C,2022-03-27 09:50:05,23.587891554449747,205.27626931660984,1.0782,0.0003511835,(41.079200;0.690700),C2_20220327_20220421_AYZ7V0C_3695_CH4PL.tif
50,41.07810379,0.68925236,2022,6,17,9,43,33,0.7523247158702036,0.5011784556898857,0.78,2,AZr1V0C,2022-06-17 09:43:33,71.1972957249922,315.20731914656227,0.9252,0.0003511835,(41.077400;0.691100),C2_20220617_20220621_AZr1V0C_4221_CH4PL.tif
50,0.0,0.0,2022,7,9,10,42,59,0.0,,0.0,1,7_C3V0C,2022-07-09 10:42:59,,,,,,
50,41.07757671,0.69125044,2022,7,11,9,40,25,1.3936365489744664,0.5629018369635823,3.56,2,A_CEV0C,2022-07-11 09:40:25,74.82657646128636,361.52916869053433,1.8704,0.0003511835,(41.077500;0.691300),C2_20220711_20220714_A_CEV0C_4464_CH4PL.tif
50,41.07880628,0.69151696,2022,7,15,10,35,50,0.7929474168962185,0.4789069928195781,1.12,1,7_I3V0C,2022-07-15 10:35:50,65.02229688523482,307.24703626247543,1.0408000000000002,0.0003511835,(41.078800;0.691500),C1_20220715_20220720_7_I3V0C_4698_CH4PL.tif
51,40.263008,-3.635728,2021,1,1,11,10,30,1.1814009918717905,0.3785234678929714,5.3,1,7RXXj_Z,2021-01-01 11:10:30,20.650801376695608,154.92807609035071,2.462,0.0003327735,(40.263200;-3.635200),C1_20210101_20220423_7RXXj_Z_1742_CH4PL.tif
51,40.2643,-3.6272,2021,8,18,11,5,27,3.530927488378749,2.002594570103594,1.33,1,7V82j_Z,2021-08-18 11:05:27,1350.1454006697338,1531.0068503082475,1.1122,0.0003327735,(40.265400;-3.628100),C1_20210818_20220423_7V82j_Z_1788_CH4PL.tif
51,40.25949631,-3.63454385,2021,8,20,10,9,14,5.59901416147197,2.587993274765123,2.49,2,AV-1E_Z,2021-08-20 10:09:14,3502.816821482445,3393.175515506997,1.5066000000000002,0.0003327735,(40.260200;-3.634500),C2_20210820_20220423_AV-1E_Z_1772_CH4PL.tif
51,40.26067391,-3.63591843,2021,9,12,11,6,11,4.738509312174523,2.078443872721755,2.76,1,7VV-E_Z,2021-09-12 11:06:11,1614.716796892425,1960.841979877079,1.5984,0.0003327735,(40.261800;-3.636000),C1_20210912_20220423_7VV-E_Z_2043_CH4PL.tif
51,40.2601467,-3.63277359,2021,10,13,11,8,30,3.52331157863978,1.1786409874535124,5.32,1,7W02j_Z,2021-10-13 11:08:30,296.8096416671096,748.7129812885725,2.4688000000000003,0.0003327735,(40.263700;-3.628300),C1_20211013_20220423_7W02j_Z_2370_CH4PL.tif
51,40.26738929,-3.62449045,2021,10,26,10,59,51,4.704116659890704,2.082357113220643,2.72,1,7WC3E_Z,2021-10-26 10:59:51,995.6902930183776,1207.600135300189,1.5848000000000002,0.0003327735,(40.262000;-3.635300//40.261700;-3.633300),C1_20211026_20220423_7WC3E_Z_2476_CH4PL.tif
51,40.25846781,-3.6346022,2021,11,14,10,52,55,6.798540685224826,3.62648487517481,1.62,1,7WU-E_Z,2021-11-14 10:52:55,2511.3039370070533,1610.1209085548494,1.2108,0.0003327735,(40.261000;-3.634500),C1_20211114_20220421_7WU-E_Z_2577_CH4PL.tif
51,40.25692047,-3.63672331,2021,12,2,10,59,57,1.4396695301246716,0.5109361409373208,5.97,1,7Wm1j_Z,2021-12-02 10:59:57,49.2915514158939,331.53712293484733,2.6898000000000004,0.0003327735,(40.256700;-3.634800),C1_20211202_20220421_7Wm1j_Z_2749_CH4PL.tif
51,40.26113895,-3.63635477,2021,12,13,10,4,26,6.134650121441043,2.748967073036224,2.71,2,AWvFE_Z,2021-12-13 10:04:26,2997.09315119945,2781.3438184305905,1.5814,0.0003327735,(40.261200;-3.635500),C2_20211213_20220420_AWvFE_Z_2728_CH4PL.tif
51,40.26760929,-3.62370894,2021,12,14,11,4,16,4.653163171350644,2.148896389817658,2.51,1,7Wy1j_Z,2021-12-14 11:04:16,1615.2865693574906,1891.2874048390183,1.5134,0.0003327735,(40.268200;-3.623300//40.259500;-3.634600),C1_20211214_20220421_7Wy1j_Z_2731_CH4PL.tif
51,40.25852425,-3.63406103,2022,1,7,10,15,36,7.214419832723859,4.286710210420295,1.15,2,AXL1j_Z,2022-01-07 10:15:36,3806.483278670433,1996.3088463261488,1.0510000000000002,0.0003327735,(40.260500;-3.634100),C2_20220107_20220422_AXL1j_Z_3016_CH4PL.tif
51,40.26561707,-3.62421324,2022,1,16,10,11,39,6.050174694960714,3.380201833419463,1.45,2,AXT-E_Z,2022-01-16 10:11:39,5683.940554964544,3899.54036785049,1.153,0.0003327735,(40.264000;-3.632300//40.262300;-3.631100),C2_20220116_20220422_AXT-E_Z_3055_CH4PL.tif
51,40.26734863,-3.62505168,2022,1,20,10,58,30,2.0643954702178484,1.0388465622488785,2.0,1,7XY2j_Z,2022-01-20 10:58:30,322.81414837903293,754.3396961707746,1.34,0.0003327735,(40.267100;-3.625000),C1_20220120_20220422_7XY2j_Z_3131_CH4PL.tif
51,40.26476942,-3.62535097,2022,1,25,10,7,23,9.224543650609291,5.320805103411847,3.23,2,AXc1j_Z,2022-01-25 10:07:23,3460.850948212026,2374.7001611597448,1.7582,0.0003327735,(40.259900;-3.637600//40.260300;-3.635800),C2_20220125_20220422_AXc1j_Z_3171_CH4PL.tif
51,40.26838806,-3.62196713,2022,2,1,11,0,27,5.885513477507269,1.8891416122294191,5.35,1,7Xj2E_Z,2022-02-01 11:00:27,1134.0954997451431,1719.6667574724888,2.479,0.0003327735,(40.261600;-3.631300//40.267900;-3.624300),C1_20220201_20220422_7Xj2E_Z_3193_CH4PL.tif
51,40.26501815,-3.62791986,2022,2,2,10,13,50,8.387545362652958,4.153914704987304,2.03,2,AXk1j_Z,2022-02-02 10:13:50,6377.000689692783,3695.5764114758,1.3502,0.0003327735,(40.264100;-3.634000//40.263200;-3.631000),C2_20220202_20220422_AXk1j_Z_3232_CH4PL.tif
51,40.26745844,-3.62436208,2022,2,7,11,1,8,8.716541757131472,3.6225392187542953,3.19,1,7XnFE_Z,2022-02-07 11:01:08,2712.180746528805,1954.216980086456,1.7446000000000002,0.0003327735,(40.261900;-3.631300),C1_20220207_20220422_7XnFE_Z_3280_CH4PL.tif
51,40.2653,-3.6248,2022,2,12,9,57,56,4.197689424061553,2.128754901718772,2.22,2,AXu1E_Z,2022-02-12 09:57:56,1767.2988719494583,2144.357785720439,1.4148,0.0003327735,(40.263700;-3.634100),C2_20220212_20220421_AXu1E_Z_3383_CH4PL.tif
51,40.26502944,-3.62792543,2022,2,20,10,3,43,5.655851558651646,2.4533188987464163,2.85,2,AY18E_Z,2022-02-20 10:03:43,1365.110894255741,1415.4466830069864,1.629,0.0003327735,(40.263000;-3.634400),C2_20220220_20220421_AY18E_Z_3452_CH4PL.tif
51,40.26791,-3.62441,2022,2,28,10,9,13,3.5296952746058783,2.1202460494433844,1.11,2,AY-1E_Z,2022-02-28 10:09:13,2088.360083949404,2209.6165524633457,1.0374,0.0003327735,(40.263300;-3.635300),C2_20220228_20220421_AY-1E_Z_3591_CH4PL.tif
51,40.26498577,-3.62786727,2022,3,1,9,58,6,6.317158180053724,5.051785953154006,0.31,2,AYA1E_Z,2022-03-01 09:58:06,6100.185930196089,2660.8002903224065,0.7654000000000001,0.0003327735,(40.261900;-3.638300//40.263900;-3.633300),C2_20220301_20220421_AYA1E_Z_3547_CH4PL.tif
51,40.25948,-3.63761,2022,4,3,10,5,34,1.783439601158915,0.73180642342129,4.92,2,AYf8j_Z,2022-04-03 10:05:34,118.91346408232472,559.9543622287798,2.3328,0.0003327735,(40.259800;-3.637400),C2_20220403_20220421_AYf8j_Z_3742_CH4PL.tif
51,40.25719896,-3.63660417,2022,5,6,10,5,2,2.143516426210715,0.8818405643800565,3.55,2,AZC1E_Z,2022-05-06 10:05:02,387.664789051862,1215.5598848297502,1.867,0.0003327735,(40.257100;-3.636800),C2_20220506_20220511_AZC1E_Z_3930_CH4PL.tif
51,40.25870787,-3.63765994,2022,5,31,9,56,1,3.7215405892059503,2.185862568785424,1.52,2,AZa1yUz,2022-05-31 09:56:01,2234.1376405991623,2543.2691662957304,1.1768,0.0003327735,(40.259300;-3.636600//40.266300;-3.625700),C2_20220531_20220609_AZa1yUz_4141_CH4PL.tif
51,40.26802425,-3.62545927,2022,6,5,10,47,50,1.186937311200557,0.5607153946589907,2.67,1,7ZeATUz,2022-06-05 10:47:50,79.15146493169556,376.3780917290577,1.5678,0.0003327735,(40.268300;-3.623900),C1_20220605_20220608_7ZeATUz_4139_CH4PL.tif
51,40.26232251,-3.63265348,2022,6,27,10,56,41,2.3270238928197005,1.0783393233940264,2.48,1,7ZyLyUz,2022-06-27 10:56:41,321.1801630467324,746.9080490723267,1.5032,0.0003327735,(40.263000;-3.631400),C1_20220627_20220707_7ZyLyUz_4351_CH4PL.tif
51,40.2661444,-3.6298897,2022,7,1,10,5,42,2.26923854078285,1.2514308425807736,1.49,2,A_52TUz,2022-07-01 10:05:42,580.8043155329042,1074.9150820261375,1.1666,0.0003327735,(40.265900;-3.627200),C2_20220701_20220706_A_52TUz_4348_CH4PL.tif
51,40.26687534,-3.62435264,2022,7,8,10,59,56,2.1488124828786783,0.9528135458455652,2.88,1,7_B2TUz,2022-07-08 10:59:56,305.7395017347529,839.6290987941223,1.6392000000000002,0.0003327735,(40.268500;-3.626900),C1_20220708_20220714_7_B2TUz_4496_CH4PL.tif
51,40.26272704,-3.63492162,2022,7,8,10,59,56,3.5755530411230025,1.5602285332393298,2.88,1,7_B2TUz,2022-07-08 10:59:56,678.1546349377936,1119.2315799256648,1.6392000000000002,0.0003327735,(40.261900;-3.632400),C1_20220708_20220714_7_B2TUz_4495_CH4PL.tif
51,40.26446298,-3.63301286,2022,7,31,10,46,47,2.432727666739745,1.4875922349732866,1.1,1,7_X8yUz,2022-07-31 10:46:47,835.639670783893,1278.6409070994202,1.034,0.0003327735,(40.265000;-3.635100),C1_20220731_20220805_7_X8yUz_5018_CH4PL.tif
51,40.26149003,-3.63221164,2022,8,16,10,56,12,4.927313346958903,1.4056709398603329,6.66,1,7_n2yUz,2022-08-16 10:56:12,604.579532087713,1291.7620887704825,2.9244000000000003,0.0003327735,(40.263100;-3.631500),C1_20220816_20220819_7_n2yUz_5360_CH4PL.tif
51,40.25736326,-3.63646517,2022,8,22,10,47,36,3.064469057543787,1.2732590683241491,3.52,1,7_rFTUz,2022-08-22 10:47:36,559.2314575500001,1219.8431190426245,1.8568,0.0003327735,(40.258800;-3.634400),C1_20220822_20220916_7_rFTUz_6047_CH4PL.tif
51,40.26312368,-3.63058017,2022,11,5,10,53,13,6.829747946913805,4.555233792877089,0.76,1,6b43TUz,2022-11-05 10:53:13,5192.693885274552,2513.751951711199,0.9184,0.0003327735,(40.263800;-3.631600),C1_20221105_20221110_6b43TUz_7513_CH4PL.tif
51,40.26446113,-3.62698865,2022,11,20,13,49,41,2.360223208992584,1.0202686440058186,4.52,3,DbHETUz,2022-11-20 13:49:41,279.2374260419304,935.650319296146,2.1968,0.0003327735,(40.264000;-3.629200),C3_20221120_20221123_DbHETUz_7923_CH4PL.tif
51,40.260008,-3.636164,2022,12,2,13,55,5,2.0831857859492926,1.4196007567906537,0.7,4,HbU4TUz,2022-12-02 13:55:05,552.2673797667547,857.0382907525384,0.898,0.0003327735,(40.261100;-3.635000),C4_20221202_20221213_HbU4TUz_8283_CH4PL.tif
51,40.26372824,-3.6319725,2022,12,28,13,43,16,6.838162128308259,3.088752422948403,3.65,4,HbsKyCh,2022-12-28 13:43:16,3591.0101713603444,3593.865829385,1.901,0.0003327735,(40.263500;-3.632800),C4_20221228_20230112_HbsKyCh_9120_CH4PL.tif
52,40.32412083,-3.59348541,2021,8,20,10,9,14,4.6960901619365085,2.1404866815259904,2.49,2,AV-1E_Z,2021-08-20 10:09:14,557.9382787473937,644.3920824320575,1.5066000000000002,0.0003327735,(40.324100;-3.593600),C2_20210820_20220420_AV-1E_Z_1773_CH4PL.tif
52,40.32135284,-3.58842219,2021,10,13,11,8,30,1.9145119594584048,0.6697147820411435,5.32,1,7W02j_Z,2021-10-13 11:08:30,99.20834230939307,460.5518369421832,2.4688000000000003,0.0003327735,(40.322100;-3.589700),C1_20211013_20220423_7W02j_Z_2369_CH4PL.tif
52,40.32655165,-3.59755345,2021,11,14,10,52,55,2.325152991163957,1.241124004155578,1.62,1,7WU-E_Z,2021-11-14 10:52:55,220.1256862902483,412.6616420954378,1.2108,0.0003327735,(40.323200;-3.591200),C1_20211114_20220421_7WU-E_Z_2578_CH4PL.tif
52,40.3211591,-3.59118278,2021,12,2,10,59,57,2.504454763658893,1.2287543026252,5.97,1,7Wm1j_Z,2021-12-02 10:59:57,113.28623351758708,438.0124309746127,2.6898000000000004,0.0003327735,(40.320700;-3.589400),C1_20211202_20220421_7Wm1j_Z_2748_CH4PL.tif
52,40.32218892,-3.59127902,2021,12,13,10,4,26,4.879185854416086,2.1993798598650423,2.71,2,AWvFE_Z,2021-12-13 10:04:26,1577.0636916085418,1840.119836949635,1.5814,0.0003327735,(40.323400;-3.590200),C2_20211213_20220420_AWvFE_Z_2727_CH4PL.tif
52,40.32263238,-3.58863471,2021,12,14,11,4,16,3.4177282611067183,1.583204580739817,2.51,1,7Wy1j_Z,2021-12-14 11:04:16,799.0869926308421,1273.8337820108854,1.5134,0.0003327735,(40.321600;-3.589000),C1_20211214_20220421_7Wy1j_Z_2730_CH4PL.tif
52,40.31962662,-3.58801358,2022,1,7,10,15,36,5.5181253135412485,3.286945854915554,1.15,2,AXL1j_Z,2022-01-07 10:15:36,3327.779578929192,2281.7507938681165,1.0510000000000002,0.0003327735,(40.321600;-3.590600),C2_20220107_20220422_AXL1j_Z_3017_CH4PL.tif
52,40.32373606,-3.59108,2022,1,16,10,11,39,4.922741182552253,2.758058233807817,1.45,2,AXT-E_Z,2022-01-16 10:11:39,3302.84153329736,2784.918834449644,1.153,0.0003327735,(40.324000;-3.590900),C2_20220116_20220422_AXT-E_Z_3054_CH4PL.tif
52,40.32268924,-3.58917609,2022,1,20,10,58,30,1.807195372595284,0.9159838057462052,2.0,1,7XY2j_Z,2022-01-20 10:58:30,324.27623866238787,865.6001443058594,1.34,0.0003327735,(40.322100;-3.589300),C1_20220120_20220422_7XY2j_Z_3130_CH4PL.tif
52,40.32188412,-3.59066274,2022,1,25,10,7,23,2.9781304552753243,2.3494117196261604,3.23,2,AXc1j_Z,2022-01-25 10:07:23,549.5830078391948,1168.0470993527208,1.7582,0.0003327735,(40.321700;-3.590400),C2_20220125_20220422_AXc1j_Z_3170_CH4PL.tif
52,40.32096504,-3.58946446,2022,2,1,11,0,27,1.2575147602691574,0.4217555181375511,5.35,1,7Xj2E_Z,2022-02-01 11:00:27,32.65381784551924,231.73941267948024,2.479,0.0003327735,(40.320800;-3.588200),C1_20220201_20220422_7Xj2E_Z_3234_CH4PL.tif
52,40.32219864,-3.58939754,2022,2,2,10,13,50,4.746517365225992,2.381746433792963,2.03,2,AXk1j_Z,2022-02-02 10:13:50,2784.450646897385,2851.4453665635447,1.3502,0.0003327735,(40.322700;-3.589300),C2_20220202_20220422_AXk1j_Z_3233_CH4PL.tif
52,40.32231428,-3.58983608,2022,2,7,11,1,8,5.602869033659584,2.321629167498977,3.19,1,7XnFE_Z,2022-02-07 11:01:08,768.2948747611885,861.2234249349231,1.7446000000000002,0.0003327735,(40.322700;-3.589300),C1_20220207_20220422_7XnFE_Z_3279_CH4PL.tif
52,40.3211,-3.5908,2022,2,12,9,57,56,4.554121824256785,2.260136185590146,2.22,2,AXu1E_Z,2022-02-12 09:57:56,1656.458501934044,1852.565057393361,1.4148,0.0003327735,(40.320500;-3.590100),C2_20220212_20220421_AXu1E_Z_3382_CH4PL.tif
52,40.32116411,-3.59117421,2022,2,20,10,3,43,3.7923207719548113,1.6500459079705736,2.85,2,AY18E_Z,2022-02-20 10:03:43,755.2159828303811,1167.8570659062543,1.629,0.0003327735,(40.321400;-3.591200),C2_20220220_20220421_AY18E_Z_3451_CH4PL.tif
52,40.32211,-3.58631,2022,2,28,10,9,13,3.599078388561028,2.1607634693881645,1.11,2,AY-1E_Z,2022-02-28 10:09:13,2212.20934955794,2295.533643138091,1.0374,0.0003327735,(40.322800;-3.588900),C2_20220228_20220421_AY-1E_Z_3590_CH4PL.tif
52,40.3211128,-3.59078752,2022,3,1,9,58,6,3.4053511894432096,2.727985647688343,0.31,2,AYA1E_Z,2022-03-01 09:58:06,2258.1828525273545,1827.2087115294992,0.7654000000000001,0.0003327735,(40.321500;-3.590400),C2_20220301_20220421_AYA1E_Z_3546_CH4PL.tif
52,40.32123,-3.59146,2022,4,3,10,5,34,2.042297062768479,0.7655415221341176,4.92,2,AYf8j_Z,2022-04-03 10:05:34,112.65374609622148,463.2407249968247,2.3328,0.0003327735,(40.320500;-3.590400),C2_20220403_20220421_AYf8j_Z_3741_CH4PL.tif
52,40.32105315,-3.59163013,2022,5,6,10,5,2,1.3692842769215556,0.5606999119816135,3.55,2,AZC1E_Z,2022-05-06 10:05:02,142.26665211672787,698.3229401835385,1.867,0.0003327735,(40.321600;-3.590200//40.321600;-3.590200),C2_20220506_20220511_AZC1E_Z_3931_CH4PL.tif
52,40.33641577,-3.58287001,2022,5,31,9,56,1,1.3406140828659847,0.7703125015225318,1.52,2,AZa1yUz,2022-05-31 09:56:01,226.125949886886,714.5815312702185,1.1768,0.0003327735,(-999;-999),C2_20220531_20220609_AZa1yUz_4143_CH4PL.tif
52,40.32129692,-3.58818671,2022,5,31,9,56,1,2.6687460431595613,1.5131018326354535,1.52,2,AZa1yUz,2022-05-31 09:56:01,801.1106751744802,1271.7168656276915,1.1768,0.0003327735,(40.321800;-3.589300),C2_20220531_20220609_AZa1yUz_4142_CH4PL.tif
52,40.32269616,-3.59096328,2022,6,5,10,47,50,0.7125452057240104,0.3562599750860614,2.67,1,7ZeATUz,2022-06-05 10:47:50,38.28695471314639,303.2714747379481,1.5678,0.0003327735,(40.323300;-3.589400),C1_20220605_20220608_7ZeATUz_4138_CH4PL.tif
52,40.32044717,-3.59084051,2022,6,27,10,56,41,2.4495499914076144,1.1351075081152178,2.48,1,7ZyLyUz,2022-06-27 10:56:41,340.49212237120673,752.2116047917066,1.5032,0.0003327735,(40.321900;-3.588800),C1_20220627_20220707_7ZyLyUz_4352_CH4PL.tif
52,40.32031463,-3.59554111,2022,7,1,10,5,42,2.261321288365157,1.2531186552809903,1.49,2,A_52TUz,2022-07-01 10:05:42,752.1833964321913,1396.9663476187768,1.1666,0.0003327735,(40.322200;-3.590800//40.318000;-3.594200),C2_20220701_20220706_A_52TUz_4347_CH4PL.tif
52,40.32211718,-3.58666765,2022,7,8,10,59,56,4.471053047826104,1.9523771483648795,2.88,1,7_B2TUz,2022-07-08 10:59:56,1279.1384874815617,1688.2711143222334,1.6392000000000002,0.0003327735,(40.322300;-3.585500),C1_20220708_20220714_7_B2TUz_4494_CH4PL.tif
52,40.32161,-3.58763,2022,7,31,10,46,47,1.0663320729208252,0.6631739675413982,1.1,1,7_X8yUz,2022-07-31 10:46:47,230.26815825542363,803.8304521237374,1.034,0.0003327735,(40.321600;-3.586200),C1_20220731_20220805_7_X8yUz_5019_CH4PL.tif
52,40.32313666,-3.58503567,2022,8,16,10,56,12,1.2470844381707826,0.7017248638592911,6.66,1,7_n2yUz,2022-08-16 10:56:12,33.46771162150727,282.53316482257105,2.9244000000000003,0.0003327735,(40.323200;-3.585000),C1_20220816_20220819_7_n2yUz_5361_CH4PL.tif
52,40.32152719,-3.59161247,2022,8,22,10,47,36,1.3369544980073578,0.5675668456929787,3.52,1,7_rFTUz,2022-08-22 10:47:36,112.2954586799695,561.4527261442756,1.8568,0.0003327735,(40.322200;-3.589900),C1_20220822_20220916_7_rFTUz_6046_CH4PL.tif
52,40.32240569,-3.5900124,2022,11,5,10,53,13,5.469658800769767,3.6608631531989007,0.76,1,6b43TUz,2022-11-05 10:53:13,3735.264355824176,2257.8520660305367,0.9184,0.0003327735,(40.322300;-3.590300),C1_20221105_20221110_6b43TUz_7512_CH4PL.tif
52,40.32182,-3.58827892,2022,11,20,13,49,41,1.1699654098208307,0.5370140977296028,4.52,3,DbHETUz,2022-11-20 13:49:41,73.21131606513113,494.8780741846336,2.1968,0.0003327735,(40.321900;-3.587600),C3_20221120_20221123_DbHETUz_7922_CH4PL.tif
52,40.320724,-3.585478,2022,12,2,13,55,5,2.4005211546670884,1.6367080008991302,0.7,4,HbU4TUz,2022-12-02 13:55:05,903.1075995464636,1216.221836719744,0.898,0.0003327735,(40.322700;-3.588800),C4_20221202_20221213_HbU4TUz_8282_CH4PL.tif
52,40.32074826,-3.5867205,2022,12,28,13,43,16,1.5979697004120426,0.857344187830833,3.65,4,HbsKyCh,2022-12-28 13:43:16,328.3831827080817,1406.3615527888592,1.901,0.0003327735,(40.322200;-3.587000),C4_20221228_20230112_HbsKyCh_9121_CH4PL.tif
53,0.0,0.0,2022,5,19,10,46,40,0.0,,0.0,1,7ZP4-8R,2022-05-19 10:46:40,,,,,,
53,42.77255,-1.54934,2022,7,2,9,53,18,1.2951242115398909,0.524351748818811,3.9,2,A_5Ae8R,2022-07-02 09:53:18,107.38202476273796,592.7914229406903,1.986,0.000337244,(42.772700;-1.548800),C2_20220702_20220709_A_5Ae8R_4387_CH4PL.tif
53,0.0,0.0,2022,7,14,10,52,21,0.0,,0.0,1,7_H1e8R,2022-07-14 10:52:21,,,,,,
53,0.0,0.0,2022,7,20,10,44,57,0.0,,0.0,1,7_N2-8R,2022-07-20 10:44:57,,,,,,
54,0.0,0.0,2022,5,30,10,52,49,0.0,,0.0,1,7ZYGJ2f,2022-05-30 10:52:49,,,,,,
54,43.23822,-2.96926,2022,7,17,10,2,21,1.7876899772470494,0.962302986568814,1.6,2,A_J8J2f,2022-07-17 10:02:21,285.54291105852894,692.3220521703748,1.2040000000000002,0.0003515111,(43.239000;-2.966600),C2_20220717_20220719_A_J8J2f_4677_CH4PL.tif
54,0.0,0.0,2022,7,18,13,50,41,0.0,,0.0,5,L_L2o2f,2022-07-18 13:50:41,,,,,,
55,0.0,0.0,2022,4,3,10,41,9,0.0,,0.0,1,7Yf8cCv,2022-04-03 10:41:09,,,,,,
55,39.28214,-0.86739,2022,7,18,9,51,16,1.4412121497485963,0.623959483095154,2.98,2,A_JDcCv,2022-07-18 09:51:16,149.69651179895462,625.6538518000496,1.6732,0.0003423552,(39.282200;-0.866900),C2_20220718_20220720_A_JDcCv_4710_CH4PL.tif
55,39.28308,-0.86702,2022,7,18,13,44,11,1.5692464592151858,0.5658615584869824,4.52,4,H_L28Cv,2022-07-18 13:44:11,108.83535482606744,548.4939742131543,2.1968,0.0003423552,(39.284200;-0.866800),C4_20220718_20220721_H_L28Cv_4772_CH4PL.tif
55,39.28383788,-0.86775192,2022,7,19,13,33,31,1.4044468689984655,0.6088900509532772,2.92,4,H_M2cCv,2022-07-19 13:33:31,165.5422233525111,701.3362299904742,1.6528,0.0003423552,(39.284700;-0.866600),C4_20220719_20231012_H_M2cCv_18141_CH4PL.tif
55,39.28362175,-0.86649272,2022,7,20,13,43,32,2.9990842636620987,1.0298894024430223,5.02,3,D_N2cCv,2022-07-20 13:43:32,316.1134967840619,898.0870460070971,2.3668,0.0003423552,(39.283600;-0.867200),C3_20220720_20220726_D_N2cCv_4809_CH4PL.tif
55,0.0,0.0,2022,12,25,13,34,55,0.0,,0.0,3,DbpH8Cv,2022-12-25 13:34:55,,,,,,
56,38.48641,-0.33901,2022,6,11,10,42,39,2.2697344372004444,0.8553509641803987,4.16,1,7Zl29cy,2022-06-11 10:42:39,109.67325889685426,360.8450117761309,2.0744,0.0003496703,(38.487400;-0.339400),C1_20220611_20220615_7Zl29cy_4182_CH4PL.tif
56,0.0,0.0,2022,6,23,13,27,26,0.0,,0.0,4,HZx2dcy,2022-06-23 13:27:26,,,,,,
56,38.48658,-0.33987,2022,7,19,9,39,27,1.4600212607840235,0.6864979365050787,2.98,2,A_M19cy,2022-07-19 09:39:27,200.77617377978768,828.3299228372857,1.6732,0.0003496703,(38.487900;-0.339300),C2_20220719_20220721_A_M19cy_4747_CH4PL.tif
56,0.0,0.0,2022,12,22,10,43,1,0.0,,0.0,1,6bn29cy,2022-12-22 10:43:01,,,,,,
56,0.0,0.0,2022,12,31,13,34,7,0.0,,0.0,5,Lbw39cy,2022-12-31 13:34:07,,,,,,
57,0.0,0.0,2021,1,8,8,0,20,0.0,,0.0,1,6Re0tuz,2021-01-08 08:00:20,,,,,,
57,8.97812404,38.71185066,2021,2,3,7,55,39,2.109185863141708,0.8236910436697358,3.87,1,6S40tuz,2021-02-03 07:55:39,214.43831922867068,723.1577163158473,1.9758,0.0002714409,(8.978000;38.711600),C1_20210203_20220423_6S40tuz_617_CH4PL.tif
57,0.0,0.0,2021,3,26,7,57,56,0.0,,0.0,1,7Sr1Ouz,2021-03-26 07:57:56,,,,,,
57,8.977048,38.71199696,2021,11,26,7,56,7,3.12873124697298,1.1039049934645428,4.61,1,7Wg0Ouz,2021-11-26 07:56:07,226.49632459243304,580.4884935345655,2.2274000000000003,0.0002714409,(8.977500;38.712200),C1_20211126_20220423_7Wg0Ouz_2672_CH4PL.tif
57,8.97673256,38.71295037,2022,3,4,7,44,21,1.69377231798845,0.6852385505095302,3.43,1,7YD0tuz,2022-03-04 07:44:21,101.74997418851464,394.9390854973207,1.8262,0.0002714409,(8.976900;38.713100),C1_20220304_20220421_7YD0tuz_3535_CH4PL.tif
57,8.97826672,38.71138341,2022,4,29,6,49,40,1.348201112107589,0.4887699271071694,4.32,2,AZ56tuz,2022-04-29 06:49:40,35.83145242840944,203.67939388306868,2.1288,0.0002714409,(8.978300;38.711900),C2_20220429_20220503_AZ56tuz_3909_CH4PL.tif
57,0.0,0.0,2022,5,19,7,45,48,0.0,,0.0,1,7ZP1Ouz,2022-05-19 07:45:48,,,,,,
57,8.97766967,38.71260835,2022,10,21,7,37,41,1.4875474401996147,0.5494842021677114,4.22,1,6ap18pQ,2022-10-21 07:37:41,88.59523023247044,449.14294481786015,2.0948,0.0002714409,(8.978100;38.711800),C1_20221021_20221027_6ap18pQ_7254_CH4PL.tif
57,8.97737186,38.71200029,2022,10,31,7,47,37,0.9002043703139219,0.3825912457852637,4.17,1,6axF8pQ,2022-10-31 07:47:37,37.55341621580688,312.04309469145943,2.0778000000000003,0.0002714409,(8.977500;38.712200),C1_20221031_20221102_6axF8pQ_7332_CH4PL.tif
57,8.9773457,38.71259397,2022,10,31,10,34,25,1.891173664134408,0.7544317200673469,3.97,4,HaxJ8pQ,2022-10-31 10:34:25,240.39762327254007,919.7167603893444,2.0098000000000003,0.0002714409,(8.977500;38.712700),C4_20221031_20221104_HaxJ8pQ_7390_CH4PL.tif
57,8.9773636,38.71176388,2022,11,2,6,51,50,2.95101275404122,1.0526263309646324,4.42,2,-b07cpQ,2022-11-02 06:51:50,274.2994407697088,723.7235375765449,2.1628000000000003,0.0002714409,(8.977600;38.711900),C2_20221102_20221104_-b07cpQ_7419_CH4PL.tif
57,8.97820693,38.71158997,2022,11,2,10,33,20,2.253774523847106,0.8402756798160971,4.2,5,Lb14cpQ,2022-11-02 10:33:20,181.2300956077441,604.439516131786,2.088,0.0002714409,(8.978400;38.711900),C5_20221102_20221104_Lb14cpQ_7384_CH4PL.tif
58,38.07148358,23.65003257,2022,4,9,9,4,26,3.450327775804687,1.2932899620662843,4.13,1,7Ym0z5h,2022-04-09 09:04:26,351.9672551853739,758.0470840174439,2.0642,0.0003532332,(38.073100;23.649800),C1_20220409_20220421_7Ym0z5h_3752_CH4PL.tif
58,38.07321,23.64691,2022,4,15,9,2,2,4.363592412953023,1.514260804430967,4.64,1,7Ys1z5h,2022-04-15 09:02:02,321.2481839881687,593.0365456886668,2.2376,0.0003532332,(38.072600;23.645600),C1_20220415_20220422_7Ys1z5h_3842_CH4PL.tif
58,38.07292201,23.6487698,2022,4,21,8,14,38,5.463025262589623,2.493588990538956,2.73,2,AYy0z5h,2022-04-21 08:14:38,1206.0783009937325,1262.2633936400468,1.5882,0.0003532332,(38.073600;23.650000),C2_20220421_20220428_AYy0z5h_3867_CH4PL.tif
58,38.07745432,23.64871702,2022,5,16,8,8,42,5.517383074410233,3.334878706415857,1.12,2,AZKBz5h,2022-05-16 08:08:42,2627.2974805658123,1784.2096971007763,1.0408000000000002,0.0003532332,(38.077800;23.651800),C2_20220516_20220519_AZKBz5h_3993_CH4PL.tif
58,38.07289721,23.64899539,2022,5,16,8,8,42,1.0055855419552864,0.6099236525442245,1.12,2,AZKBz5h,2022-05-16 08:08:42,90.60453704751107,337.59865631369,1.0408000000000002,0.0003532332,(38.073400;23.649600),C2_20220516_20220519_AZKBz5h_3992_CH4PL.tif
58,38.07270385,23.64894013,2022,6,1,8,9,32,5.720151036351187,2.718064952519828,2.31,2,AZb0i0-,2022-06-01 08:09:32,1487.6183347116691,1353.2392236464102,1.4454000000000002,0.0003532332,(38.074700;23.651300),C2_20220601_20220607_AZb0i0-_4127_CH4PL.tif
58,38.07144413,23.65160482,2022,6,25,8,8,21,5.006568825257196,2.3204708431204204,2.91,2,AZy8D0-,2022-06-25 08:08:21,2300.7341197756373,2728.6933551875745,1.6494000000000002,0.0003532332,(38.072400;23.650700),C2_20220625_20220630_AZy8D0-_4305_CH4PL.tif
58,38.07059929,23.64814548,2022,7,3,8,7,20,2.9383059446492816,0.861565155485776,8.59,2,A_5Gi0-,2022-07-03 08:07:20,151.84729974779648,666.1443791724301,3.5806000000000004,0.0003532332,(38.070900;23.648600),C2_20220703_20220709_A_5Gi0-_4384_CH4PL.tif
58,38.071014,23.65161,2022,8,6,9,4,33,2.2947665089221863,0.7344770245221685,7.46,1,7_d2i0-,2022-08-06 09:04:33,123.9786278907466,621.6872281938608,3.1964,0.0003532332,(38.073000;23.652800),C1_20220806_20220820_7_d2i0-_5386_CH4PL.tif
58,38.06814699,23.65243206,2022,8,12,8,56,20,1.8687632417653617,0.6111905764354555,5.78,1,7_j2i0-,2022-08-12 08:56:20,82.78542732117526,418.6629296890954,2.6252000000000004,0.0003532332,(38.067700;23.653200),C1_20220812_20220818_7_j2i0-_5328_CH4PL.tif
59,40.85048107,23.08122373,2022,4,3,9,5,49,1.7993793051607034,0.7202859255356538,4.25,1,7Yf7t0G,2022-04-03 09:05:49,91.9541640410207,387.2605698555708,2.105,0.0003406601,(40.846800;23.081500),C1_20220403_20220421_7Yf7t0G_3748_CH4PL.tif
59,40.847583,23.079345,2022,5,15,8,19,38,3.5709702887929664,1.5325923832247057,3.21,2,AZK5t0G,2022-05-15 08:19:38,384.2999465899815,678.5344988313277,1.7514000000000003,0.0003406601,(40.847400;23.079200),C2_20220515_20220518_AZK5t0G_3988_CH4PL.tif
59,40.84851,23.07976,2022,5,31,8,20,46,2.7126302571521483,1.5404618723274648,1.55,2,AZa1O0G,2022-05-31 08:20:46,599.2620185077933,944.0160341556908,1.187,0.0003406601,(40.848500;23.079800),C2_20220531_20220604_AZa1O0G_4105_CH4PL.tif
59,40.84921978,23.0820462,2022,7,10,8,17,18,5.668602422590737,2.210723593243092,4.11,2,A_C7O0G,2022-07-10 08:17:18,1248.2770513381474,1631.0085009097645,2.0574000000000003,0.0003406601,(40.849200;23.083000),C2_20220710_20220721_A_C7O0G_4774_CH4PL.tif
59,40.84933193,23.07903807,2022,7,31,9,11,53,0.8929595744048543,0.4144837718229999,2.88,1,7_X7t0G,2022-07-31 09:11:53,52.4149491949788,346.383995266104,1.6392000000000002,0.0003406601,(40.849600;23.079200),C1_20220731_20220806_7_X7t0G_5059_CH4PL.tif
60,14.149356,-87.223835,2021,2,9,15,31,7,0.6397899847886171,0.4072686094780213,1.33,2,-S-1Jwx,2021-02-09 15:31:07,85.6916516489594,536.2736617136334,1.1122,0.0003118028,(14.149000;-87.220300),C2_20210209_20220420_-S-1Jwx_933_CH4PL.tif
61,-8.72373774,115.22225241,2022,5,18,1,36,43,1.1178964369541655,0.5021731604671981,2.72,2,AZN4nLd,2022-05-18 01:36:43,62.63922321712763,319.68462875677494,1.5848000000000002,0.0003576785,(-8.723400;115.222100),C2_20220518_20220530_AZN4nLd_4033_CH4PL.tif
61,-8.72125285,115.22220852,2022,5,18,1,36,43,0.7764285545138594,0.3570680345272792,2.72,2,AZN4nLd,2022-05-18 01:36:43,43.6608140627222,320.82432801783483,1.5848000000000002,0.0003576785,(-8.721000;115.221900),C2_20220518_20220530_AZN4nLd_4032_CH4PL.tif
62,22.9843,72.572,2021,10,22,5,45,45,4.344969615280244,2.0709929844803683,2.22,1,7W88pTe,2021-10-22 05:45:45,675.0473503117428,791.3070683634769,1.4148,0.0003557823,(22.982900;72.571300),C1_20211022_20220423_7W88pTe_2455_CH4PL.tif
62,22.98283848,72.56856353,2021,11,11,4,51,21,3.0956936546354914,1.426816982303022,2.44,2,AWR5KTe,2021-11-11 04:51:21,670.1783300082681,1160.926081942144,1.4896,0.0003557823,(22.982900;72.568600),C2_20211111_20220423_AWR5KTe_2634_CH4PL.tif
62,22.9827,72.5698,2021,12,16,4,50,37,5.0534049556028,1.9769071802000544,3.6,2,AWz5pTe,2021-12-16 04:50:37,931.2430337061109,1249.862777137145,1.8840000000000003,0.0003557823,(22.981600;72.569600),C2_20211216_20220423_AWz5pTe_2816_CH4PL.tif
62,22.98494962,72.57411788,2021,12,23,5,39,51,4.605233104602101,3.5286198068675514,0.4,1,7X66KTe,2021-12-23 05:39:51,1605.2754395389288,998.8804464524944,0.796,0.0003557823,(22.983200;72.568300),C1_20211223_20220422_7X66KTe_2868_CH4PL.tif
62,22.98454532,72.5664447,2021,12,25,4,47,17,2.114199718603997,1.2126877373223508,1.42,2,AX84KTe,2021-12-25 04:47:17,639.1977755470677,1243.8327189633128,1.1428,0.0003557823,(22.982400;72.568200),C2_20211225_20220422_AX84KTe_2888_CH4PL.tif
62,22.98331098,72.57000658,2022,1,2,4,54,29,4.982106481716176,1.7996259655229507,4.26,2,AXEDKTe,2022-01-02 04:54:29,1129.3944271839362,1720.6325855234816,2.1084,0.0003557823,(22.982700;72.568300),C2_20220102_20220422_AXEDKTe_2925_CH4PL.tif
62,22.98297456,72.56827574,2022,1,11,4,50,39,3.887439987510268,1.3632339374203206,4.5,2,AXMJpTe,2022-01-11 04:50:39,379.5363159920951,769.7261758111639,2.19,0.0003557823,(22.982800;72.568400),C2_20220111_20220422_AXMJpTe_3034_CH4PL.tif
62,22.98167051,72.56937913,2022,3,21,4,42,6,3.4489638759411334,1.151969824111876,4.9,2,AYSAKTe,2022-03-21 04:42:06,437.6211930112388,1062.4828074776433,2.326,0.0003557823,(22.981500;72.569200),C2_20220321_20220421_AYSAKTe_3636_CH4PL.tif
62,22.98217504,72.56977188,2022,4,23,4,45,6,3.637138760454208,1.150979908385235,5.32,2,AYz6KTe,2022-04-23 04:45:06,255.29950169759047,623.8475968852738,2.4688000000000003,0.0003557823,(22.982100;72.570100),C2_20220423_20220428_AYz6KTe_3872_CH4PL.tif
62,22.98281534,72.56909323,2022,6,1,5,40,3,3.067317038500041,1.1491717138512811,4.1,1,7Za6ZO6,2022-06-01 05:40:03,240.730673519294,580.330911323578,2.054,0.0003557823,(22.983000;72.570800),C1_20220601_20220603_7Za6ZO6_4104_CH4PL.tif
62,22.98195974,72.5695239,2022,9,5,4,41,20,1.827560135279602,0.6873704478181858,4.05,2,-a5C4O6,2022-09-05 04:41:20,105.725710539941,424.2310639003293,2.037,0.0003557823,(22.983000;72.570600),C2_20220905_20220929_-a5C4O6_6529_CH4PL.tif
62,22.98466741,72.57088784,2022,10,9,8,33,58,3.7374605988782537,1.6710813647549867,2.61,5,LacBZO6,2022-10-09 08:33:58,282.6060330579215,421.2208879115094,1.5474,0.0003557823,(22.984600;72.570900),C5_20221009_20221014_LacBZO6_6921_CH4PL.tif
62,22.98149426,72.56728985,2022,11,10,8,37,59,2.409514072949972,1.3141110488374108,1.58,4,Hb914O6,2022-11-10 08:37:59,1347.7822290340766,2410.790478366778,1.1972,0.0003557823,(22.981400;72.567600),C4_20221110_20221114_Hb914O6_7642_CH4PL.tif
62,22.98294755,72.57032014,2022,11,12,8,37,47,2.900183932344956,1.193017955795042,3.22,5,LbA0ZO6,2022-11-12 08:37:47,262.55852133372014,571.9139662669501,1.7548000000000004,0.0003557823,(22.982600;72.568000),C5_20221112_20221116_LbA0ZO6_7699_CH4PL.tif
62,22.98232929,72.56733902,2022,11,19,4,43,8,4.273757815215927,1.8231555426344688,2.98,2,-bG6ZO6,2022-11-19 04:43:08,1272.8673104262875,1794.0047221210118,1.6732,0.0003557823,(22.982900;72.567700),C2_20221119_20221123_-bG6ZO6_7888_CH4PL.tif
62,22.98228268,72.56748539,2022,11,21,8,32,7,4.258118246452195,1.6247436788494465,3.79,5,LbHL4O6,2022-11-21 08:32:07,515.393345703197,849.0754589510176,1.9486000000000003,0.0003557823,(22.982200;72.567300),C5_20221121_20221125_LbHL4O6_7960_CH4PL.tif
62,22.98261539,72.5703091,2022,11,23,5,30,0,3.701038169029836,1.55817368047197,3.42,1,6bK74O6,2022-11-23 05:30:00,584.8001220699617,1036.8726313457046,1.8228,0.0003557823,(22.982500;72.567900),C1_20221123_20221126_6bK74O6_7993_CH4PL.tif
62,22.98175839,72.56742157,2022,12,8,5,38,27,3.6172408793092745,1.345597004283091,4.04,1,6bZ7ZO6,2022-12-08 05:38:27,351.8729254755631,712.1581609963129,2.0336000000000003,0.0003557823,(22.982200;72.567700),C1_20221208_20221216_6bZ7ZO6_8357_CH4PL.tif
62,22.98182911,72.56725072,2022,12,11,4,40,26,3.467625214775968,1.2117469025883276,4.5,2,-bb5ZO6,2022-12-11 04:40:26,512.8835628980802,1166.0931500492927,2.19,0.0003557823,(22.982000;72.567400),C2_20221211_20221216_-bb5ZO6_8397_CH4PL.tif
62,22.98200705,72.56674243,2022,12,19,4,29,56,5.035328310352893,2.2683579883950213,2.61,2,-biEZO6,2022-12-19 04:29:56,1729.9404929481327,1913.8525064637145,1.5474,0.0003557823,(22.982300;72.567000),C2_20221219_20221229_-biEZO6_8730_CH4PL.tif
62,22.98181314,72.56797593,2022,12,22,8,35,56,2.656793057205342,1.2179044159477346,2.49,4,Hbn04O6,2022-12-22 08:35:56,652.1950499735888,1331.435813057137,1.5066000000000002,0.0003557823,(22.982100;72.568100),C4_20221222_20230106_Hbn04O6_8892_CH4PL.tif
62,22.98113543,72.56915948,2022,12,23,8,24,34,2.8027224383228977,0.948405655774448,4.84,4,Hbo04O6,2022-12-23 08:24:34,322.54390522413075,955.201979253819,2.3056,0.0003557823,(22.982000;72.570200),C4_20221223_20230104_Hbo04O6_8847_CH4PL.tif
62,22.98128435,72.56770113,2022,12,25,8,26,29,4.406103503340764,1.6598344960296734,3.87,5,Lbp9ZO6,2022-12-25 08:26:29,1109.7343480330435,1791.471136221016,1.9758,0.0003557823,(22.981200;72.567700),C5_20221225_20230110_Lbp9ZO6_9056_CH4PL.tif
62,22.98237735,72.56739322,2022,12,27,8,30,37,4.1419701380126375,1.4626426056733437,4.4,3,Dbs04O6,2022-12-27 08:30:37,387.4040323263524,725.9528767986117,2.156,0.0003557823,(22.982300;72.567300),C3_20221227_20230111_Dbs04O6_9099_CH4PL.tif
62,22.98281619,72.56795268,2022,12,30,8,38,58,2.9682073790932253,1.271381519666195,3.05,4,Hbu9ZO6,2022-12-30 08:38:58,956.0882923283384,1967.8323814681253,1.697,0.0003557823,(22.982600;72.568700),C4_20221230_20230112_Hbu9ZO6_9142_CH4PL.tif
63,28.74201279,77.15542945,2022,6,25,8,22,38,0.9968416965682376,0.4410044416098652,2.83,4,HZz0R14,2022-06-25 08:22:38,105.54710933331168,618.3395787513585,1.6222,0.0003490986,(28.742300;77.155000),C4_20220625_20220630_HZz0R14_4304_CH4PL.tif
63,28.74353982,77.15506421,2022,6,27,8,13,24,1.5862362918376285,0.6057476953596411,3.8,3,D_10R14,2022-06-27 08:13:24,146.92532043316854,650.8952147046507,1.952,0.0003490986,(28.743100;77.154600),C3_20220627_20220708_D_10R14_4366_CH4PL.tif
64,28.621148,77.328633,2021,2,7,4,41,1,1.8872160904727104,0.7484601200051421,3.82,2,AS649Op,2021-02-07 04:41:01,277.38056418903466,1036.446746482854,1.9588,0.0003491394,(28.623700;77.328800),C2_20210207_20220423_AS649Op_793_CH4PL.tif
64,28.62356006,77.32545437,2021,2,16,4,42,18,1.3017734390930362,0.8326390374322875,0.9,2,ASD99Op,2021-02-16 04:42:18,308.93626551649083,825.30241030933,0.966,0.0003491394,(28.625000;77.326600),C2_20210216_20220520_ASD99Op_3999_CH4PL.tif
64,28.6233422,77.32661911,2021,3,6,4,44,28,2.442222948030909,0.9221904706613094,4.03,2,ASX29Op,2021-03-06 04:44:28,422.0055386745864,1262.915133570635,2.0302,0.0003491394,(28.623800;77.328000),C2_20210306_20220423_ASX29Op_713_CH4PL.tif
64,28.62363814,77.32654343,2021,3,15,4,45,24,1.4158368366854566,0.6379498796834276,2.7,2,ASf1dOp,2021-03-15 04:45:24,236.02937580032847,947.0269760641828,1.5780000000000003,0.0003491394,(28.623800;77.327800),C2_20210315_20231129_ASf1dOp_722_CH4PL.tif
64,28.62375315,77.3269375,2021,3,16,5,36,39,2.5100280048323533,0.964249829075227,3.78,1,7SeD9Op,2021-03-16 05:36:39,402.1766295978268,1122.031436380487,1.9452000000000005,0.0003491394,(28.624100;77.327300),C1_20210316_20220423_7SeD9Op_726_CH4PL.tif
64,28.62153839,77.32604295,2021,5,6,5,35,7,2.534651554944925,0.909492608571772,4.42,1,7TU59Op,2021-05-06 05:35:07,284.3640787477215,873.5249868710924,2.1628000000000003,0.0003491394,(28.624700;77.326700),C1_20210506_20220423_7TU59Op_997_CH4PL.tif
64,28.62137146,77.32458325,2021,5,25,5,35,13,3.508479379830037,0.9875576202040272,6.79,1,7TkAdOp,2021-05-25 05:35:13,348.3027503956909,1060.9432629896355,2.9686000000000003,0.0003491394,(28.621700;77.325800),C1_20210525_20220423_7TkAdOp_1108_CH4PL.tif
64,28.62327976,77.32526847,2021,5,27,4,38,19,3.2400717022261154,1.4460114858420994,2.67,2,ATo59Op,2021-05-27 04:38:19,632.9266810134459,1102.5338789015077,1.5678,0.0003491394,(28.622400;77.326200),C2_20210527_20220423_ATo59Op_1178_CH4PL.tif
64,28.62227012,77.3241974,2021,6,5,4,37,59,2.15717979021191,0.8871641601612209,3.47,2,ATx49Op,2021-06-05 04:37:59,320.0068968817305,982.5306585922634,1.8398000000000003,0.0003491394,(28.622000;77.324300),C2_20210605_20220827_ATx49Op_5553_CH4PL.tif
64,28.62147907,77.32555653,2021,6,14,4,37,48,2.944145164903728,1.5296429655384771,1.98,2,AU5cdOp,2021-06-14 04:37:48,1498.2586547086146,2442.448308652685,1.3332000000000002,0.0003491394,(28.623100;77.326100),C2_20210614_20220421_AU5cdOp_1275_CH4PL.tif
64,28.62166141,77.326572,2021,7,2,4,37,22,2.429764445701778,0.7668959803385842,5.31,2,AUN4dOp,2021-07-02 04:37:22,227.5082276700153,831.0417200167541,2.4654,0.0003491394,(28.622300;77.327600),C2_20210702_20220421_AUN4dOp_1395_CH4PL.tif
64,28.622838,77.328192,2021,7,2,5,33,43,1.7090088795137826,0.5724374234123483,4.89,1,7UN69Op,2021-07-02 05:33:43,105.50319882182444,516.1765026942539,2.3226,0.0003491394,(28.623400;77.328500),C1_20210702_20220421_7UN69Op_1390_CH4PL.tif
64,28.6229871,77.32646568,2021,10,8,4,36,49,2.73862987150846,1.4458177086302502,1.67,2,AVu69Op,2021-10-08 04:36:49,1075.0991179117611,1735.1830411759745,1.2278,0.0003491394,(28.623200;77.328200),C2_20211008_20220423_AVu69Op_2293_CH4PL.tif
64,28.62223289,77.32664958,2021,10,26,4,32,55,2.963180226644188,1.6398422666885897,1.86,2,AWB7dOp,2021-10-26 04:32:55,625.6407919565003,982.3504315109024,1.2924000000000002,0.0003491394,(28.622900;77.327700),C2_20211026_20220423_AWB7dOp_2435_CH4PL.tif
64,28.62341286,77.32581823,2021,10,29,5,31,59,2.62393102014328,1.5611825795725576,1.15,1,7WE79Op,2021-10-29 05:31:59,374.6332311224683,540.2056236972154,1.0510000000000002,0.0003491394,(28.622300;77.326100),C1_20211029_20220423_7WE79Op_2488_CH4PL.tif
64,28.62324218,77.3257413,2021,11,12,4,38,56,3.497760769792036,1.8346642794603047,2.12,2,9WS59Op,2021-11-12 04:38:56,791.2902877429589,1124.5506266483703,1.3808000000000002,0.0003491394,(28.623300;77.326800),C2_20211112_20220421_9WS59Op_2586_CH4PL.tif
64,28.62309428,77.32582109,2021,11,17,5,24,51,2.380630091612511,1.1656284489075288,2.11,1,7WX7dOp,2021-11-17 05:24:51,206.8364250372034,430.82181236807503,1.3774000000000002,0.0003491394,(28.623100;77.325000),C1_20211117_20220423_7WX7dOp_2635_CH4PL.tif
64,28.62233034,77.3277289,2021,11,21,4,36,16,4.334761371397932,1.8404745939750944,3.2,2,AWa59Op,2021-11-21 04:36:16,640.8885631424906,930.3819067766708,1.7480000000000002,0.0003491394,(28.622600;77.327600),C2_20211121_20220421_AWa59Op_2580_CH4PL.tif
64,28.62283531,77.32559301,2021,11,23,5,27,19,3.594348628067938,1.4927010428450476,3.19,1,7WaKdOp,2021-11-23 05:27:19,388.47101599659845,678.7921197112883,1.7446000000000002,0.0003491394,(28.622700;77.327400),C1_20211123_20220423_7WaKdOp_2606_CH4PL.tif
64,28.62332702,77.32753052,2021,12,17,4,38,8,4.35863120703827,1.610727940554362,4.08,2,AX069Op,2021-12-17 04:38:08,1012.2184405618736,1711.5393744300936,2.0472,0.0003491394,(28.622500;77.326700),C2_20211217_20220421_AX069Op_2752_CH4PL.tif
64,28.6224763,77.32630633,2021,12,24,5,22,51,2.2782902103464564,1.1083550803294144,2.13,1,7X6D9Op,2021-12-24 05:22:51,330.7239142645337,723.3656819335885,1.3842,0.0003491394,(28.623400;77.325300),C1_20211224_20220422_7X6D9Op_2859_CH4PL.tif
64,28.62091575,77.32596367,2022,1,11,5,27,31,0.8205216749880342,0.4746424318119925,1.34,1,7XMKdOp,2022-01-11 05:27:31,82.56101329389568,404.1066180917739,1.1156,0.0003491394,(28.622000;77.327100),C1_20220111_20220422_7XMKdOp_3041_CH4PL.tif
64,28.6225864,77.32604447,2022,2,7,4,35,52,1.8941467520839776,0.7584482954436998,3.45,2,AXnBdOp,2022-02-07 04:35:52,194.8801745444977,678.9206244813798,1.833,0.0003491394,(28.623600;77.326200),C2_20220207_20220422_AXnBdOp_3292_CH4PL.tif
64,28.62265581,77.32493262,2022,2,16,4,30,47,3.5247155642931745,1.849220131141156,1.97,2,AXx69Op,2022-02-16 04:30:47,427.0729601352547,580.051866115982,1.3298,0.0003491394,(28.622600;77.325800),C2_20220216_20220421_AXx69Op_3392_CH4PL.tif
64,28.6225714,77.32512175,2022,3,5,4,30,43,2.455103304100722,0.8756291817117373,4.36,2,AYD4dOp,2022-03-05 04:30:43,198.99852936521964,625.148446894193,2.1424000000000003,0.0003491394,(28.622400;77.326800),C2_20220305_20220512_AYD4dOp_3948_CH4PL.tif
64,28.62306806,77.32717941,2022,3,22,4,29,14,2.608329011798365,0.9720194867630656,4.05,2,AYSHdOp,2022-03-22 04:29:14,279.18411978181825,784.9136278143334,2.037,0.0003491394,(28.622700;77.327900),C2_20220322_20220421_AYSHdOp_3640_CH4PL.tif
64,28.62377516,77.32547762,2022,3,30,5,28,33,1.7273614335825171,1.4073838663616536,0.27,1,7Yb5dOp,2022-03-30 05:28:33,498.4432724268498,780.9753776660178,0.7518,0.0003491394,(28.624400;77.326300),C1_20220330_20220421_7Yb5dOp_3715_CH4PL.tif
64,28.62222563,77.32639813,2022,4,23,5,19,20,1.9760827080177632,0.8896172663842705,2.66,1,7Yz79Op,2022-04-23 05:19:20,180.2958001493461,513.8434211246414,1.5644,0.0003491394,(28.622100;77.326400),C1_20220423_20220428_7Yz79Op_3871_CH4PL.tif
64,28.62263724,77.32562844,2022,5,2,4,33,57,3.392642447136655,0.9637910840120348,7.06,2,9Z7-9Op,2022-05-02 04:33:57,415.7795491076943,1350.2236993430392,3.0604,0.0003491394,(28.623300;77.325600),C2_20220502_20230331_9Z7-9Op_11725_CH4PL.tif
64,28.62428,77.32376,2022,5,10,5,24,44,1.200069333731712,0.4838393045149774,4.18,1,7ZDKdOp,2022-05-10 05:24:44,60.417313871222845,377.1997469979834,2.0812,0.0003491394,(28.624300;77.324900),C1_20220510_20220513_7ZDKdOp_3958_CH4PL.tif
64,28.62338324,77.32516733,2022,5,19,4,25,29,1.7289406037162467,0.9224487115307678,1.63,2,AZO69Op,2022-05-19 04:25:29,388.091442934801,981.1755617254156,1.2142,0.0003491394,(28.623700;77.325700),C2_20220519_20220530_AZO69Op_4024_CH4PL.tif
64,28.62295511,77.32534839,2022,11,5,8,19,19,2.7534011214336176,0.9913614101144198,4.26,5,Lb40dOq,2022-11-05 08:19:19,234.2443998936152,645.7363585741458,2.1084,0.0003491394,(28.623000;77.325800),C5_20221105_20230420_Lb40dOq_11956_CH4PL.tif
65,28.509928,77.283095,2021,6,5,4,37,59,2.2134002568828017,0.9245050770026692,3.47,2,ATx49Op,2021-06-05 04:37:59,393.5184985054165,1177.5471664811332,1.8398000000000003,0.0003491802,(28.510900;77.283600),C2_20210605_20220420_ATx49Op_1096_CH4PL.tif
65,28.509348,77.28506737,2021,6,14,4,37,48,2.1974864602402144,1.1575735286659403,1.98,2,AU5cdOp,2021-06-14 04:37:48,850.9278587416236,1858.5075951463004,1.3332000000000002,0.0003491802,(28.512100;77.285200),C2_20210614_20220423_AU5cdOp_1276_CH4PL.tif
66,21.10710741,72.80608881,2021,10,7,4,49,37,5.481199541291364,2.560074731245881,2.36,2,AVt5DpO,2021-10-07 04:49:37,2645.4872682640503,2540.965346558491,1.4624,0.0003576373,(21.107600;72.805300),C2_20211007_20220423_AVt5DpO_2273_CH4PL.tif
66,21.10780591,72.80600243,2021,10,16,4,47,46,2.624823748432666,1.2469339224828009,2.24,2,AW2YipO,2021-10-16 04:47:46,456.4619384544657,889.9883855209845,1.4216000000000002,0.0003576373,(21.106600;72.806300),C2_20211016_20220423_AW2YipO_2308_CH4PL.tif
66,21.10828999,72.80562574,2021,10,16,5,43,5,3.9556010956202567,1.7667129245150563,2.75,1,7W27ipO,2021-10-16 05:43:05,624.6234446082452,906.71120071023,1.5950000000000002,0.0003576373,(21.108200;72.805600),C1_20211016_20220423_7W27ipO_2360_CH4PL.tif
66,0.0,0.0,2021,10,28,5,49,15,0.0,,0.0,1,7WD7ipO,2021-10-28 05:49:15,,,,,,
66,21.10790517,72.80571601,2021,11,3,4,43,33,3.1549150444442886,1.3509357135152689,3.02,2,AWJ6ipO,2021-11-03 04:43:33,831.3432706413777,1600.143050759572,1.6868000000000003,0.0003576373,(21.107800;72.804600),C2_20211103_20220423_AWJ6ipO_2469_CH4PL.tif
66,21.10877008,72.80526311,2021,11,10,5,39,38,4.864744485705672,1.925884033663327,3.76,1,7WQ7DpO,2021-11-10 05:39:38,717.3046550151117,1028.93873471066,1.9384,0.0003576373,(21.108400;72.805200),C1_20211110_20220423_7WQ7DpO_2555_CH4PL.tif
66,21.10796796,72.80581136,2021,11,20,4,49,10,1.9573558112309373,0.8888098167655221,2.96,2,AW_4ipO,2021-11-20 04:49:10,216.7811429268346,664.4058991226311,1.6664,0.0003576373,(21.107600;72.804900),C2_20211120_20220421_AW_4ipO_2592_CH4PL.tif
66,21.10796559,72.80582512,2022,1,16,5,46,25,1.8692199385736383,0.6913990815919954,4.23,1,7XT6ipO,2022-01-16 05:46:25,82.01103825872993,331.40670336567644,2.0982000000000003,0.0003576373,(21.108000;72.805600),C1_20220116_20220422_7XT6ipO_3141_CH4PL.tif
66,21.10374985,72.80489509,2022,1,16,5,46,25,1.4391116722201174,0.5331396121924649,4.23,1,7XT6ipO,2022-01-16 05:46:25,47.55714087029478,249.61496848428348,2.0982000000000003,0.0003576373,(21.103800;72.805000),C1_20220116_20220422_7XT6ipO_3142_CH4PL.tif
66,21.10233344,72.80610868,2022,1,28,4,53,37,1.7570538536092892,0.5512880827989719,5.56,2,AXe7DpO,2022-01-28 04:53:37,93.38840183753226,487.9987067020534,2.5504,0.0003576373,(21.102600;72.804800),C2_20220128_20220422_AXe7DpO_3202_CH4PL.tif
66,21.10768057,72.80589045,2022,1,28,4,53,37,1.5516876982398184,0.4842596089044592,5.56,2,AXe7DpO,2022-01-28 04:53:37,72.24620665327758,427.4856418383166,2.5504,0.0003576373,(21.108100;72.805000),C2_20220128_20220422_AXe7DpO_3201_CH4PL.tif
66,21.10876242,72.80552811,2022,2,4,5,33,54,2.630326559675511,1.4159423706094802,1.61,1,7Xl5ipO,2022-02-04 05:33:54,383.1732008358134,633.197408722682,1.2074000000000005,0.0003576373,(21.107000;72.805500),C1_20220204_20220422_7Xl5ipO_3237_CH4PL.tif
66,21.10339241,72.80606319,2022,2,6,4,49,0,2.9840720162448577,1.475024130524487,2.01,2,AXn4ipO,2022-02-06 04:49:00,1070.2544433483656,1734.5450515006548,1.3434,0.0003576373,(21.102500;72.805500),C2_20220206_20220422_AXn4ipO_3278_CH4PL.tif
66,21.10708808,72.80639158,2022,2,6,4,49,0,1.2722646435392897,0.6301839421220963,2.01,2,AXn4ipO,2022-02-06 04:49:00,137.32965097882348,522.0290877550547,1.3434,0.0003576373,(21.106800;72.805300),C2_20220206_20220422_AXn4ipO_3277_CH4PL.tif
66,21.10717451,72.80523557,2022,3,18,5,33,2,2.2233225063700144,0.8663853532082808,3.83,1,7YQ7DpO,2022-03-18 05:33:02,125.25107340232994,397.9465686571612,1.9622,0.0003576373,(21.107000;72.805500),C1_20220318_20220421_7YQ7DpO_3616_CH4PL.tif
66,21.10281,72.80591,2022,4,6,4,50,49,1.4915092849941316,0.8363962500079424,1.43,2,AYi7DpO,2022-04-06 04:50:49,333.1431922169462,921.6539452612516,1.1462,0.0003576373,(21.103900;72.806500),C2_20220406_20220421_AYi7DpO_3751_CH4PL.tif
66,21.10891104,72.80624768,2022,4,10,5,42,48,2.806673618134131,1.061162771427736,4.08,1,7Ym7ipO,2022-04-10 05:42:48,210.791871883044,553.5090444399656,2.0472,0.0003576373,(21.109300;72.806700),C1_20220410_20220421_7Ym7ipO_3781_CH4PL.tif
66,21.10712679,72.80372159,2022,5,9,4,49,32,0.4479405402131567,0.1982573564249659,3.44,2,AZDAipO,2022-05-09 04:49:32,15.329809183593095,225.41096175005524,1.8296,0.0003576373,(21.107200;72.804100),C2_20220509_20220513_AZDAipO_3972_CH4PL.tif
66,21.10312275,72.80559806,2022,5,9,4,49,32,0.3862615951974081,0.178520035042294,3.44,2,AZDAipO,2022-05-09 04:49:32,11.658043584798254,198.79378252617963,1.8296,0.0003576373,(21.103100;72.804900),C2_20220509_20220513_AZDAipO_3973_CH4PL.tif
66,21.10880571,72.80166402,2022,5,9,4,49,32,0.6180056459547345,0.2662464171606025,3.44,2,AZDAipO,2022-05-09 04:49:32,27.978720299035466,298.1906737892695,1.8296,0.0003576373,(21.109000;72.801800),C2_20220509_20220513_AZDAipO_3971_CH4PL.tif
66,21.10749303,72.8063785,2022,10,14,4,30,43,3.3611601389580263,1.247453152228259,4.02,2,-ah6DpP,2022-10-14 04:30:43,654.3087218948144,1420.3876952471187,2.0268,0.0003576373,(21.107800;72.805000//21.111500;72.803200),C2_20221014_20221022_-ah6DpP_7119_CH4PL.tif
66,21.10619466,72.80517794,2022,11,2,8,33,23,1.0966173459573694,0.4196089566386979,4.17,4,Hb11DpP,2022-11-02 08:33:23,78.37980051002023,534.6324133575978,2.0778000000000003,0.0003576373,(21.106300;72.805500),C4_20221102_20221107_Hb11DpP_7438_CH4PL.tif
66,21.10803113,72.8064746,2022,11,7,8,23,57,2.391593005026786,1.3766301660616758,1.42,3,Db4PDpP,2022-11-07 08:23:57,1259.1094825751386,2165.952622032656,1.1428,0.0003576373,(21.108200;72.806700//21.111800;72.805200),C3_20221107_20221110_Db4PDpP_7536_CH4PL.tif
66,21.10719,72.80531392,2022,11,19,8,31,57,2.7922529822854525,0.958929396758347,4.97,4,HbH0ipP,2022-11-19 08:31:57,632.6342000204959,1916.59920125471,2.3498,0.0003576373,(21.110700;72.804400//21.107500;72.805500),C4_20221119_20221123_HbH0ipP_7883_CH4PL.tif
66,21.10774067,72.80597549,2022,11,24,8,24,35,3.458485629387532,1.192409862332006,4.74,3,DbM0DpP,2022-11-24 08:24:35,542.9890453696325,1283.924402614427,2.2716000000000003,0.0003576373,(21.107400;72.806100),C3_20221124_20221129_DbM0DpP_8017_CH4PL.tif
66,21.10788,72.80601,2022,11,28,5,33,31,4.024741106156784,2.368740202938862,1.2,1,6bOCDpP,2022-11-28 05:33:31,1509.5113057997162,1442.0229563736475,1.068,0.0003576373,(21.108000;72.806100),C1_20221128_20221202_6bOCDpP_8127_CH4PL.tif
66,21.10757024,72.80701573,2022,11,28,8,25,6,1.4412024007840574,0.7581772227854098,1.72,4,HbODipP,2022-11-28 08:25:06,244.72751896416804,760.9566398079227,1.2448,0.0003576373,(21.108000;72.807000//21.111600;72.806100),C4_20221128_20221201_HbODipP_8108_CH4PL.tif
66,21.10749346,72.80614459,2022,12,2,8,29,51,3.75451371047644,1.9405498954291984,1.78,3,DbU0DpP,2022-12-02 08:29:51,1062.8258332129094,1289.3478230066728,1.2652,0.0003576373,(21.108000;72.806100),C3_20221202_20221208_DbU0DpP_8203_CH4PL.tif
66,21.1083662,72.80570469,2022,12,6,8,29,14,3.3084976143799527,1.3115374138251694,3.64,4,HbY0ipP,2022-12-06 08:29:14,744.816423689348,1537.8911267820365,1.8976,0.0003576373,(21.108100;72.805500),C4_20221206_20221216_HbY0ipP_8314_CH4PL.tif
66,21.10764851,72.80539435,2022,12,10,8,34,37,3.221206347128741,1.2789314616925131,3.54,3,Dbb0ipP,2022-12-10 08:34:37,534.6248257292923,1113.4886077763713,1.8636,0.0003576373,(21.111800;72.803800//21.107900;72.803200),C3_20221210_20221216_Dbb0ipP_8335_CH4PL.tif
67,22.23270586,73.20646051,2022,2,22,5,34,29,2.1907999596296417,1.0734099032087845,2.11,1,7Y1Iuk5,2022-02-22 05:34:29,405.1612500815216,917.0388981766594,1.3774000000000002,0.0003564002,(22.233100;73.206500),C1_20220222_20220421_7Y1Iuk5_3381_CH4PL.tif
67,22.23278261,73.20683951,2022,2,23,4,49,19,0.7691574608830096,0.487617285517531,0.96,2,AY45uk5,2022-02-23 04:49:19,122.33385450340649,564.7899588688402,0.9864,0.0003564002,(22.232600;73.206400),C2_20220223_20220421_AY45uk5_3429_CH4PL.tif
67,22.2335535,73.20658667,2022,2,28,5,34,24,1.0073274948567714,0.3667434819700139,4.54,1,7Y8BPk5,2022-02-28 05:34:24,44.87007682302457,353.3632571843904,2.2036,0.0003564002,(22.232800;73.206400),C1_20220228_20220421_7Y8BPk5_3472_CH4PL.tif
67,22.23328942,73.20643469,2022,3,4,4,43,38,0.820134734459831,0.2734563977977168,5.06,2,AYC6Pk5,2022-03-04 04:43:38,21.856811968757448,228.377888275774,2.3804,0.0003564002,(22.232900;73.206100),C2_20220304_20220421_AYC6Pk5_3522_CH4PL.tif
67,22.23313,73.20646,2022,3,12,4,48,45,1.2791368230431244,0.4730764186074532,4.16,2,AYK5uk5,2022-03-12 04:48:45,81.58956298093618,476.3351277481072,2.0744,0.0003564002,(22.233000;73.206200),C2_20220312_20220421_AYK5uk5_3552_CH4PL.tif
67,22.23312836,73.20646038,2022,3,12,5,33,35,1.0739530360889629,0.4030560446844727,4.03,1,7YK7Pk5,2022-03-12 05:33:35,25.609564597802667,174.28428495242648,2.0302,0.0003564002,(22.232900;73.206100),C1_20220312_20220421_7YK7Pk5_3566_CH4PL.tif
67,22.23256952,73.2060672,2022,4,15,4,42,26,0.8268904208845865,0.3122655983553958,4.02,2,AYr5uk5,2022-04-15 04:42:26,47.25792436261017,417.0038632016342,2.0268,0.0003564002,(22.233000;73.207100),C2_20220415_20220421_AYr5uk5_3832_CH4PL.tif
67,22.23255494,73.2066123,2022,4,22,5,37,16,0.5059327804568892,0.2304835209554896,2.98,1,7Yy7Pk5,2022-04-22 05:37:16,19.38938734064464,230.8456121950608,1.6732,0.0003564002,(22.231300;73.207000),C1_20220422_20220428_7Yy7Pk5_3864_CH4PL.tif
67,22.23261751,73.20650107,2022,4,28,5,34,9,0.6371994402913025,0.2997728396476697,2.6,1,7Z47Pk5,2022-04-28 05:34:09,30.374236663273447,264.9596757209261,1.544,0.0003564002,(22.232200;73.206400),C1_20220428_20220502_7Z47Pk5_3904_CH4PL.tif
67,22.23329616,73.20762974,2022,5,18,4,38,57,0.4706347729903285,0.1879395168119393,3.61,2,AZN5uk5,2022-05-18 04:38:57,19.12157053002717,276.0615990200405,1.8874,0.0003564002,(22.233300;73.207300),C2_20220518_20220530_AZN5uk5_4034_CH4PL.tif
67,22.23313102,73.20772371,2022,6,3,4,39,42,0.5287957093361941,0.1843942645748575,4.95,2,AZc6Pk5,2022-06-03 04:39:42,15.736247956427452,251.00828527806144,2.3430000000000004,0.0003564002,(22.232900;73.207200),C2_20220603_20220607_AZc6Pk5_4121_CH4PL.tif
67,22.23363934,73.20702675,2022,10,16,8,32,43,1.1797614830341163,0.3981596862176766,5.24,4,Haj9uk5,2022-10-16 08:32:43,59.94803312250223,446.64013124389095,2.4416,0.0003564002,(22.233000;73.206300),C4_20221016_20221019_Haj9uk5_7010_CH4PL.tif
67,22.23400472,73.20788785,2022,10,18,8,30,14,1.4618089765945288,0.7745860368830646,1.65,5,Lam0Pk5,2022-10-18 08:30:14,238.80945064251827,718.0902826918528,1.221,0.0003564002,(22.232800;73.206200),C5_20221018_20221021_Lam0Pk5_7079_CH4PL.tif
67,22.2334616,73.20647243,2022,11,11,8,26,59,0.6613834378761702,0.3066126140612383,2.5,4,Hb-1Pk5,2022-11-11 08:26:59,52.21910142298046,429.1958629125349,1.5100000000000002,0.0003564002,(22.233300;73.206200),C4_20221111_20221117_Hb-1Pk5_7727_CH4PL.tif
67,22.23277,73.20662,2022,11,12,4,39,11,0.7233742227937668,0.3012101674386064,3.25,2,-b-6Pk5,2022-11-12 04:39:11,47.49177755765294,417.1599499853328,1.765,0.0003564002,(22.232600;73.206100),C2_20221112_20221116_-b-6Pk5_7667_CH4PL.tif
67,0.0,0.0,2022,11,13,5,23,24,0.0,,0.0,1,6bA6uk5,2022-11-13 05:23:24,,,,,,
67,22.23351534,73.20648862,2022,11,13,8,26,53,0.8611971438468519,0.3027094877635896,4.62,5,LbAAuk5,2022-11-13 08:26:53,39.4481456203746,367.8638810675058,2.2308000000000003,0.0003564002,(22.233300;73.206000),C5_20221113_20221116_LbAAuk5_7668_CH4PL.tif
67,22.23382033,73.2076128,2022,11,15,8,29,37,0.598148635788136,0.2990442073903592,2.0,3,DbD0uk5,2022-11-15 08:29:37,60.57677808286664,488.54475290528575,1.34,0.0003564002,(22.233900;73.208000),C3_20221115_20221116_DbD0uk5_7693_CH4PL.tif
67,22.2297553,73.20592383,2022,11,15,8,29,37,0.265755371959751,0.1348388244951741,2.0,3,DbD0uk5,2022-11-15 08:29:37,12.465057426353049,226.26612053521947,1.34,0.0003564002,(22.230500;73.206400),C3_20221115_20221116_DbD0uk5_7694_CH4PL.tif
67,22.2328895,73.20733561,2022,12,11,8,23,6,0.3979922240906718,0.2249821997405495,1.39,3,DbbBuk5,2022-12-11 08:23:06,36.59390414156319,374.89808081439145,1.1326,0.0003564002,(22.232200;73.207100),C3_20221211_20221220_DbbBuk5_8466_CH4PL.tif
67,22.23310549,73.20599249,2022,12,24,5,25,51,0.9482512329679806,0.3985837377696593,3.25,1,6bo6uk5,2022-12-24 05:25:51,60.92592933493852,408.2497776275196,1.765,0.0003564002,(22.233100;73.206300),C1_20221224_20230105_6bo6uk5_8864_CH4PL.tif
67,0.0,0.0,2022,12,26,4,32,8,0.0,,0.0,2,-bpCuk5,2022-12-26 04:32:08,,,,,,
67,22.23338572,73.2067499,2022,12,29,5,27,1,0.960848504374158,0.5967408402269009,1.01,1,6bsEPk5,2022-12-29 05:27:01,146.14681200610534,549.4282998804159,1.0034,0.0003564002,(22.233200;73.206500),C1_20221229_20230106_6bsEPk5_8946_CH4PL.tif
68,28.40141096,77.17176683,2021,8,15,5,34,4,1.2669280852211169,0.4940077742553917,3.69,1,7V46LFo,2021-08-15 05:34:04,100.48455666212926,546.6733620845157,1.9146,0.0003456372,(28.401600;77.172100),C1_20210815_20220420_7V46LFo_1719_CH4PL.tif
68,28.40329611,77.1712574,2021,9,28,5,30,58,1.3143789842273648,0.4371768284632069,5.09,1,7ViEqFo,2021-09-28 05:30:58,57.52161110365533,376.6342847507071,2.3906,0.0003456372,(28.403200;77.171300),C1_20210928_20240402_7ViEqFo_2176_CH4PL.tif
68,28.40177367,77.17358023,2021,10,23,5,29,1,1.6907956438887768,0.9684479864378716,1.3,1,7W98LFo,2021-10-23 05:29:01,199.9497726392374,469.1523430885792,1.102,0.0003456372,(28.402100;77.173400),C1_20211023_20220423_7W98LFo_2407_CH4PL.tif
68,28.40237654,77.17160258,2021,12,9,4,30,31,1.2252915462348184,1.077716747373123,0.12,2,AWs7LFo,2021-12-09 04:30:31,366.7270086040356,755.092319301483,0.7008000000000001,0.0003456372,(28.402100;77.172200),C2_20211209_20220421_AWs7LFo_2746_CH4PL.tif
68,28.40241716,77.17275484,2022,1,30,4,29,39,1.7724332470073083,0.6233946838458564,4.47,2,AXg6LFo,2022-01-30 04:29:39,118.73771070174102,525.6999461101376,2.1798,0.0003456372,(28.402500;77.173000),C2_20220130_20220422_AXg6LFo_3229_CH4PL.tif
68,28.40312081,77.1715998,2022,3,18,5,30,58,1.9622335807876192,0.7115122449519073,4.51,1,7YQ6qFo,2022-03-18 05:30:58,130.60683401435546,525.5760155748432,2.1934,0.0003456372,(28.403300;77.171900),C1_20220318_20220421_7YQ6qFo_3615_CH4PL.tif
68,28.40301,77.17191,2022,3,24,5,29,54,1.673816114764432,0.6419054545444762,4.02,1,7YW8LFo,2022-03-24 05:29:54,142.30258893108413,620.323812708665,2.0268,0.0003456372,(28.402800;77.172700),C1_20220324_20220421_7YW8LFo_3667_CH4PL.tif
68,28.40284941,77.17091336,2022,4,16,4,29,18,1.602571859662112,0.6711119878279668,3.12,2,AYs5LFo,2022-04-16 04:29:18,241.3775587551974,933.0658105382366,1.7208,0.0003456372,(28.403000;77.171100),C2_20220416_20220421_AYs5LFo_3814_CH4PL.tif
68,28.40320661,77.171501,2022,4,17,5,22,14,1.3918187931273145,0.5991298155238894,3.07,1,7YsDqFo,2022-04-17 05:22:14,116.550995312216,513.6347579560523,1.7038000000000002,0.0003456372,(28.403400;77.171700),C1_20220417_20220421_7YsDqFo_3830_CH4PL.tif
68,28.40267771,77.17246794,2022,5,27,5,27,20,0.6345415110901422,0.3627500078654522,1.38,1,7ZVELFo,2022-05-27 05:27:20,43.89777784542488,281.2262579455471,1.1292,0.0003456372,(28.402800;77.172700),C1_20220527_20220530_7ZVELFo_4062_CH4PL.tif
69,0.0,0.0,2021,1,8,4,46,44,0.0,,0.0,1,7Rd4CqF,2021-01-08 04:46:44,,,,,,
69,0.0,0.0,2021,2,22,4,45,16,0.0,,0.0,1,7SK4hqF,2021-02-22 04:45:16,,,,,,
69,22.53768607,88.42331824,2021,11,17,3,46,12,2.479611818166908,0.9989371782517,3.43,2,AWX60va,2021-11-17 03:46:12,403.6774161247047,1070.290313561624,1.8262,0.0003575548,(22.536700;88.422900),C2_20211117_20220423_AWX60va_2543_CH4PL.tif
69,22.53777218,88.42117819,2021,11,26,4,42,37,1.8410597746415684,0.8428512214403387,2.96,1,7Wf7Vva,2021-11-26 04:42:37,198.4567116281752,646.6654519990657,1.6664,0.0003575548,(22.537300;88.422500//22.533000;88.427800),C1_20211126_20220423_7Wf7Vva_2714_CH4PL.tif
69,22.53330031,88.42779702,2021,12,27,4,37,52,2.172564301992637,1.1737293841800984,1.78,1,7X8KVva,2021-12-27 04:37:52,389.1252334412536,815.790115686782,1.2652,0.0003575548,(22.533400;88.427800//22.537700;88.421600),C1_20211227_20220422_7X8KVva_2881_CH4PL.tif
69,22.53778958,88.42118319,2021,12,31,3,41,28,1.4662862297823778,0.634233359204977,2.89,2,AXCD0va,2021-12-31 03:41:28,126.5944146189676,510.5403927460488,1.6426000000000005,0.0003575548,(22.535700;88.423900),C2_20211231_20220422_AXCD0va_2922_CH4PL.tif
69,22.53742541,88.42208752,2022,1,2,4,39,25,3.219726981883744,1.241848104888787,3.79,1,7XEC0va,2022-01-02 04:39:25,241.37230177653333,525.8883910335999,1.9486000000000003,0.0003575548,(22.532100;88.428600),C1_20220102_20220422_7XEC0va_2933_CH4PL.tif
69,22.53350943,88.42725081,2022,1,8,4,40,55,0.7998803418354259,0.339488214974767,3.11,1,7XL70va,2022-01-08 04:40:55,23.163940099409423,179.0446584642767,1.7174,0.0003575548,(22.533100;88.428500),C1_20220108_20220422_7XL70va_3021_CH4PL.tif
69,22.53781251,88.42141821,2022,1,8,4,40,55,1.4402639518717906,0.6056463016324638,3.11,1,7XL70va,2022-01-08 04:40:55,65.06243355183308,279.2943638227734,1.7174,0.0003575548,(22.537100;88.422500),C1_20220108_20220422_7XL70va_3020_CH4PL.tif
69,22.53310244,88.42714705,2022,1,26,3,40,17,0.597593289302976,0.2664360982153281,3.02,2,AXc60va,2022-01-26 03:40:17,18.28915143048881,185.84630762529827,1.6868000000000003,0.0003575548,(22.532400;88.427800),C2_20220126_20220422_AXc60va_3173_CH4PL.tif
69,22.53792532,88.42171672,2022,1,26,3,40,17,1.1127772282604111,0.4816770732617226,3.02,2,AXc60va,2022-01-26 03:40:17,76.78393555735147,419.0137083612119,1.6868000000000003,0.0003575548,(22.537200;88.422200),C2_20220126_20220422_AXc60va_3172_CH4PL.tif
69,22.53364301,88.42879132,2022,3,18,3,40,55,0.4042627206977955,0.1726183019148646,3.18,2,AYQ6Vva,2022-03-18 03:40:55,13.317849360393462,206.50071656037508,1.7412,0.0003575548,(22.533900;88.429200),C2_20220318_20220421_AYQ6Vva_3621_CH4PL.tif
69,22.5388,88.42331,2022,3,18,3,40,55,1.3973326270030202,0.5776884565544442,3.18,2,AYQ6Vva,2022-03-18 03:40:55,58.412527743018586,262.0338270404724,1.7412,0.0003575548,(22.539000;88.423500),C2_20220318_20220421_AYQ6Vva_3620_CH4PL.tif
70,0.0,0.0,2021,1,8,4,46,44,0.0,,0.0,1,7Rd4CqF,2021-01-08 04:46:44,,,,,,
70,0.0,0.0,2021,2,22,4,45,16,0.0,,0.0,1,7SK4hqF,2021-02-22 04:45:16,,,,,,
70,0.0,0.0,2021,11,17,3,46,12,0.0,,0.0,2,AWX60va,2021-11-17 03:46:12,,,,,,
70,0.0,0.0,2021,11,26,4,42,37,0.0,,0.0,1,7Wf7Vva,2021-11-26 04:42:37,,,,,,
70,0.0,0.0,2021,12,27,4,37,52,0.0,,0.0,1,7X8KVva,2021-12-27 04:37:52,,,,,,
70,0.0,0.0,2021,12,31,3,41,28,0.0,,0.0,2,AXCD0va,2021-12-31 03:41:28,,,,,,
70,0.0,0.0,2022,1,2,4,39,25,0.0,,0.0,1,7XEC0va,2022-01-02 04:39:25,,,,,,
70,0.0,0.0,2022,1,8,4,40,55,0.0,,0.0,1,7XL70va,2022-01-08 04:40:55,,,,,,
70,0.0,0.0,2022,1,26,3,40,17,0.0,,0.0,2,AXc60va,2022-01-26 03:40:17,,,,,,
70,22.563346,88.44441964,2022,3,18,3,40,55,0.9346556963077358,0.3910852702757124,3.18,2,AYQ6Vva,2022-03-18 03:40:55,64.63722886838535,433.49314197821553,1.7412,0.0003575548,(22.563300;88.446000),C2_20220318_20220421_AYQ6Vva_3622_CH4PL.tif
71,19.12596287,72.95071009,2021,2,15,4,55,15,24.23272108942228,12.90290103288518,1.67,2,ASD6MBe,2021-02-15 04:55:15,17861.518460732717,3257.964313069955,1.2278,0.0003577198,(19.125800;72.950100),C2_20210215_20220421_ASD6MBe_634_CH4PL.tif
71,19.12548912,72.95188523,2021,2,18,5,45,32,8.763362553028037,4.191066019727404,2.34,1,7SHWMBe,2021-02-18 05:45:32,3403.996546706078,2035.461438032581,1.4556,0.0003577198,(19.124600;72.951700),C1_20210218_20220421_7SHWMBe_636_CH4PL.tif
71,19.12346367,72.95173731,2021,2,24,4,56,25,6.0361180649484485,4.008022131264844,0.94,2,ASN3rBe,2021-02-24 04:56:25,3541.5139748555966,2069.104909609388,0.9796,0.0003577198,(19.123200;72.951400),C2_20210224_20220421_ASN3rBe_672_CH4PL.tif
71,19.1251625,72.95201998,2021,3,9,5,48,18,5.824767716402848,2.4798311361430714,3.01,1,7SXHrBe,2021-03-09 05:48:18,686.3178016104971,714.0629114392553,1.6834000000000002,0.0003577198,(19.124000;72.951800),C1_20210309_20220423_7SXHrBe_720_CH4PL.tif
71,19.12343358,72.95120045,2021,3,22,5,44,52,5.787195865938884,3.018526688083328,1.74,1,7Sl7rBe,2021-03-22 05:44:52,2256.269979578992,1756.6730518008007,1.2516,0.0003577198,(19.123100;72.951300),C1_20210322_20220423_7Sl7rBe_739_CH4PL.tif
71,19.12640886,72.95121141,2021,4,20,4,50,39,6.093846888053316,2.710838032847183,2.67,2,ATCEMBe,2021-04-20 04:50:39,2377.2502375380755,2201.7931804272976,1.5678,0.0003577198,(19.126400;72.951000),C2_20210420_20220423_ATCEMBe_886_CH4PL.tif
71,19.12429022,72.95381811,2021,5,8,4,51,15,9.270404011294016,5.19017156163807,1.45,2,ATW8MBe,2021-05-08 04:51:15,8743.372833658299,3914.823120301423,1.153,0.0003577198,(19.124000;72.953600),C2_20210508_20220423_ATW8MBe_963_CH4PL.tif
71,19.12377075,72.95256692,2021,12,29,5,42,37,7.291637093355293,2.964763614112372,3.97,1,7X83b42,2021-12-29 05:42:37,1011.3594720421576,1003.542670485539,2.0098000000000003,0.0003577198,(19.122800;72.952200),C1_20211229_20220422_7X83b42_2853_CH4PL.tif
71,19.12208921,72.95364623,2022,1,3,4,44,35,14.949481793768753,5.6121339865215205,3.94,2,-XEJghc,2022-01-03 04:44:35,8325.252008493486,4008.822976274725,1.9996,0.0003577198,(19.122400;72.953400),C2_20220103_20220422_-XEJghc_2873_CH4PL.tif
71,19.1235,72.9531,2022,1,4,5,44,5,17.187971364972025,7.083428443986148,3.2,1,6XEPBhc,2022-01-04 05:44:05,4424.4485133515855,1619.8636251837956,1.7480000000000002,0.0003577198,(19.122500;72.952700),C1_20220104_20220422_6XEPBhc_2885_CH4PL.tif
71,19.1254,72.9523,2022,1,29,4,43,10,11.185474283362504,4.320969860515425,4.16,2,AXf5b42,2022-01-29 04:43:10,2224.597213860518,1485.224107328783,2.0744,0.0003577198,(19.122100;72.951700),C2_20220129_20220422_AXf5b42_3194_CH4PL.tif
71,19.12481,72.95381,2022,2,10,5,34,56,7.857315244045448,3.2675081796883045,3.14,1,7Xr7b42,2022-02-10 05:34:56,1698.1821464789075,1344.1749231748108,1.7276000000000002,0.0003577198,(19.122100;72.951000),C1_20220210_20220421_7Xr7b42_3647_CH4PL.tif
71,19.1252,72.9513,2022,2,15,4,44,28,8.828296540162846,3.689264627293882,3.09,2,AXuKb42,2022-02-15 04:44:28,2062.580705176525,1438.748906723468,1.7106,0.0003577198,(19.124500;72.950900),C2_20220215_20220421_AXuKb42_3388_CH4PL.tif
71,19.12461139,72.95143157,2022,3,29,4,47,26,15.608743866560197,8.660873592200684,1.43,2,AYZG742,2022-03-29 04:47:26,7996.743585604679,2114.0152772219267,1.1462,0.0003577198,(19.124800;72.951300),C2_20220329_20220421_AYZG742_3699_CH4PL.tif
71,19.12467401,72.95475293,2022,4,7,4,40,0,4.869925333758064,3.798179284714565,0.36,2,AYj8742,2022-04-07 04:40:00,1080.0818838896168,624.6916798396207,0.7824,0.0003577198,(19.123700;72.951800),C2_20220407_20220421_AYj8742_3783_CH4PL.tif
71,19.12521,72.95123,2022,5,4,5,31,20,10.1226304430315,4.515802434670968,2.64,1,7Z-8742,2022-05-04 05:31:20,1364.4793875133578,755.8437682207392,1.5576,0.0003577198,(19.122800;72.952400),C1_20220504_20220506_7Z-8742_3914_CH4PL.tif
71,19.122268,72.954512,2022,7,31,8,28,3,3.9245002338689208,1.3859835699227527,4.55,5,L_X9pyS,2022-07-31 08:28:03,249.5018826636791,505.11969423051744,2.2070000000000003,0.0003577198,(19.122200;72.954700),C5_20220731_20220818_L_X9pyS_5323_CH4PL.tif
71,19.12245709,72.95398465,2022,10,23,5,24,23,6.949553875205994,3.078989542381748,2.68,1,6aq6KyS,2022-10-23 05:24:23,1648.4982764912402,1341.7312735066096,1.5712000000000002,0.0003577198,(19.122500;72.953700),C1_20221023_20221027_6aq6KyS_7212_CH4PL.tif
71,19.12470001,72.95437,2022,10,25,8,28,22,3.316900069965393,1.650099000652888,2.15,4,Hat0pyS,2022-10-25 08:28:22,852.1109306581764,1286.4513872461655,1.391,0.0003577198,(19.125300;72.954200),C4_20221025_20221029_Hat0pyS_7288_CH4PL.tif
71,19.12363119,72.95379111,2022,11,2,5,34,7,4.677565970995973,1.9034738914105256,3.31,1,6b07KyS,2022-11-02 05:34:07,662.0300056603792,909.6949494601604,1.7854,0.0003577198,(19.123600;72.953900),C1_20221102_20221104_6b07KyS_7389_CH4PL.tif
71,19.122791,72.95279318,2022,11,3,8,22,47,4.980004283967912,2.35740365174387,2.31,4,Hb20pyS,2022-11-03 08:22:47,1897.3026635284937,1982.4281282835773,1.4454000000000002,0.0003577198,(19.121900;72.953100),C4_20221103_20221110_Hb20pyS_7535_CH4PL.tif
71,19.12162499,72.95197402,2022,11,20,4,31,13,10.463239841984276,4.100342029857146,3.57,2,-bH6pyS,2022-11-20 04:31:13,3755.253025538234,2421.022131946923,1.8738,0.0003577198,(19.121900;72.952100),C2_20221120_20221123_-bH6pyS_7899_CH4PL.tif
72,0.0,0.0,2021,4,20,4,50,39,0.0,,0.0,2,ATCEMBe,2021-04-20 04:50:39,,,,,,
72,0.0,0.0,2021,5,8,4,51,15,0.0,,0.0,2,ATW8MBe,2021-05-08 04:51:15,,,,,,
72,0.0,0.0,2021,12,29,5,42,37,0.0,,0.0,1,7X83b42,2021-12-29 05:42:37,,,,,,
72,19.06913557,72.93207043,2022,1,3,4,44,35,1.0956974631681078,0.492236826165335,3.94,2,-XEJghc,2022-01-03 04:44:35,108.66293592488567,713.8983983496121,1.9996,0.0003577198,(19.068900;72.931900),C2_20220103_20220422_-XEJghc_2872_CH4PL.tif
72,19.0698,72.931,2022,1,4,5,44,5,0.9615754871586144,0.4220769401930998,3.2,1,6XEPBhc,2022-01-04 05:44:05,40.59061224132474,265.6355201680331,1.7480000000000002,0.0003577198,(19.069800;72.930800),C1_20220104_20220422_6XEPBhc_2886_CH4PL.tif
72,0.0,0.0,2022,1,29,4,43,10,0.0,,0.0,2,AXf5b42,2022-01-29 04:43:10,,,,,,
72,0.0,0.0,2022,2,10,5,34,56,0.0,,0.0,1,7Xr7b42,2022-02-10 05:34:56,,,,,,
72,19.0699,72.9272,2022,2,15,4,44,28,1.6693249592748265,0.7028099267675476,3.09,2,AXuKb42,2022-02-15 04:44:28,122.67631527050256,452.5544133566293,1.7106,0.0003577198,(19.071900;72.925200),C2_20220215_20220421_AXuKb42_3389_CH4PL.tif
72,0.0,0.0,2022,3,29,4,47,26,0.0,,0.0,2,AYZG742,2022-03-29 04:47:26,,,,,,
72,0.0,0.0,2022,4,7,4,40,0,0.0,,0.0,2,AYj8742,2022-04-07 04:40:00,,,,,,
72,0.0,0.0,2022,5,4,5,31,20,0.0,,0.0,1,7Z-8742,2022-05-04 05:31:20,,,,,,
72,0.0,0.0,2022,10,23,5,24,23,0.0,,0.0,1,6aq6KyS,2022-10-23 05:24:23,,,,,,
72,0.0,0.0,2022,10,25,8,28,22,0.0,,0.0,4,Hat0pyS,2022-10-25 08:28:22,,,,,,
72,0.0,0.0,2022,11,2,5,34,7,0.0,,0.0,1,6b07KyS,2022-11-02 05:34:07,,,,,,
72,0.0,0.0,2022,11,3,8,22,47,0.0,,0.0,4,Hb20pyS,2022-11-03 08:22:47,,,,,,
72,19.06996707,72.93147862,2022,11,20,4,31,13,0.5981321368658775,0.2420425172843762,3.57,2,-bH6pyS,2022-11-20 04:31:13,20.68933577545662,233.33245273372987,1.8738,0.0003577198,(19.069600;72.930900),C2_20221120_20221123_-bH6pyS_7901_CH4PL.tif
72,19.0729061,72.92720928,2022,11,20,4,31,13,0.8685822952577971,0.3487727412392677,3.57,2,-bH6pyS,2022-11-20 04:31:13,43.2881236975028,336.18901957597706,1.8738,0.0003577198,(19.072600;72.926900),C2_20221120_20221123_-bH6pyS_7900_CH4PL.tif
73,18.47030611,73.95119927,2022,10,26,8,17,26,0.633989618060455,0.2686005764880698,3.21,4,Hau0yuG,2022-10-26 08:17:26,48.08307062243037,478.1871421249987,1.7514000000000003,0.0003324158,(18.470300;73.951100),C4_20221026_20221101_Hau0yuG_7309_CH4PL.tif
73,18.46979376,73.95153013,2022,10,27,8,26,50,0.2943941334808794,0.1273418374082252,3.27,5,Lav0TuG,2022-10-27 08:26:50,10.824167526729788,234.5214399130668,1.7718000000000005,0.0003324158,(18.469800;73.951600),C5_20221027_20221101_Lav0TuG_7301_CH4PL.tif
73,18.4725743,73.94918315,2022,10,27,8,26,50,0.5940556884302389,0.249144669146313,3.27,5,Lav0TuG,2022-10-27 08:26:50,40.183445737177145,431.4566966658524,1.7718000000000005,0.0003324158,(18.472800;73.950100),C5_20221027_20221101_Lav0TuG_7300_CH4PL.tif
73,18.47298684,73.95010765,2022,10,29,4,30,27,0.4781325622125663,0.1950665284271303,3.74,2,-aw6yuG,2022-10-29 04:30:27,27.96134231443236,406.6580674460848,1.9316,0.0003324158,(18.473100;73.950300),C2_20221029_20221101_-aw6yuG_7317_CH4PL.tif
73,18.4702127,73.95203157,2022,10,29,4,30,27,0.5005911364155987,0.1998437271189515,3.74,2,-aw6yuG,2022-10-29 04:30:27,20.657720586174943,286.9583990877145,1.9316,0.0003324158,(18.470400;73.952100),C2_20221029_20221101_-aw6yuG_7316_CH4PL.tif
73,18.46982897,73.95159535,2022,11,5,8,22,4,0.389039660719313,0.1577701718588952,3.44,5,Lb41TuG,2022-11-05 08:22:04,9.488272869367558,160.63935084384866,1.8296,0.0003324158,(18.469900;73.951700),C5_20221105_20231013_Lb41TuG_18212_CH4PL.tif
73,18.47286158,73.95038189,2022,11,5,8,22,4,0.6532988419567661,0.2613965887088061,3.44,5,Lb41TuG,2022-11-05 08:22:04,27.72472039901269,279.52067670036644,1.8296,0.0003324158,(18.472800;73.950400),C5_20221105_20231013_Lb41TuG_18213_CH4PL.tif
73,18.47067773,73.95146322,2022,11,20,8,21,22,0.8342910944034866,0.3324437601447462,3.71,4,HbHATuG,2022-11-20 08:21:22,68.66568474843909,569.3016397015951,1.9214,0.0003324158,(18.470800;73.951100),C4_20221120_20221125_HbHATuG_7947_CH4PL.tif
73,18.47322626,73.95058452,2022,11,22,8,22,7,0.9041304213466508,0.4375280088720173,2.16,5,LbK0TuG,2022-11-22 08:22:07,78.9758646233424,438.4834255221222,1.3944,0.0003324158,(18.472900;73.950400),C5_20221122_20221125_LbK0TuG_7985_CH4PL.tif
73,18.4728,73.95074,2022,11,27,4,35,4,0.4585344463025824,0.2339895942517321,2.03,2,-bO4yuG,2022-11-27 04:35:04,39.876396576868906,422.7119683854962,1.3502,0.0003324158,(18.472900;73.950700),C2_20221127_20221202_-bO4yuG_8114_CH4PL.tif
73,18.47249993,73.95010404,2022,11,30,8,27,8,0.4621262883317157,0.2141513867582929,2.56,5,LbS0TuG,2022-11-30 08:27:08,26.182317218210542,312.1439083144192,1.5304000000000002,0.0003324158,(18.472600;73.950300),C5_20221130_20221208_LbS0TuG_8206_CH4PL.tif
73,18.46973532,73.95237383,2022,12,9,8,20,25,0.8658958302642417,0.3626293335467588,4.64,5,Lba0TuG,2022-12-09 08:20:25,41.242652069846365,383.6771100698962,2.2376,0.0003324158,(18.469900;73.952600),C5_20221209_20231013_Lba0TuG_18142_CH4PL.tif
73,18.4725616,73.95010131,2022,12,27,4,19,54,0.3172326857593457,0.1617952894269158,2.45,2,-bpLyuG,2022-12-27 04:19:54,15.672077547694636,265.5283840053281,1.493,0.0003324158,(18.472800;73.950500),C2_20221227_20230106_-bpLyuG_8914_CH4PL.tif
73,18.47015116,73.95175908,2022,12,27,4,19,54,0.2591881491284671,0.1301610954442263,2.45,2,-bpLyuG,2022-12-27 04:19:54,8.915933193097276,184.8902347094077,1.493,0.0003324158,(18.470500;73.952000),C2_20221227_20230106_-bpLyuG_8915_CH4PL.tif
73,18.4729586,73.9503232,2022,12,28,8,20,22,0.4984849555597102,0.2861438956534164,1.33,3,DbsBTuG,2022-12-28 08:20:22,45.50421214921294,365.497941465262,1.1122,0.0003324158,(18.471900;73.950600),C3_20221228_20230106_DbsBTuG_8918_CH4PL.tif
73,18.47013429,73.95152707,2022,12,28,8,20,22,0.418574476389389,0.2415455256685997,1.33,3,DbsBTuG,2022-12-28 08:20:22,39.39160004534982,376.8046647613874,1.1122,0.0003324158,(18.470000;73.951600),C3_20221228_20230106_DbsBTuG_8919_CH4PL.tif
74,30.9294,75.9078,2022,1,29,4,40,1,1.135325155548282,0.5440910447363819,2.21,2,-Xf5S-o,2022-01-29 04:40:01,121.44141952629134,543.4995492299088,1.4114,0.0003480787,(30.929400;75.908300),C2_20220129_20220422_-Xf5S-o_3165_CH4PL.tif
74,0.0,0.0,2022,1,29,5,30,27,0.0,,0.0,1,6Xf6x-o,2022-01-29 05:30:27,,,,,,
74,0.0,0.0,2022,2,10,5,31,47,0.0,,0.0,1,6Xr7S-o,2022-02-10 05:31:47,,,,,,
74,30.929,75.9073,2022,2,15,4,41,19,1.086717491627632,0.5101782721486651,2.34,2,-XuKS-o,2022-02-15 04:41:19,113.24019089947284,546.0450607590951,1.4556,0.0003480787,(30.929700;75.907000),C2_20220215_20220422_-XuKS-o_3308_CH4PL.tif
74,30.9296,75.9061,2022,2,16,5,32,6,0.8240357381266814,0.4135644337943461,2.07,1,6Xx6x-o,2022-02-16 05:32:06,85.07862815782086,506.906217494264,1.3638,0.0003480787,(30.928500;75.906500),C1_20220216_20220422_6Xx6x-o_3318_CH4PL.tif
75,17.52065105,78.59642087,2021,10,27,4,25,1,9.199815841354,3.030709446639819,4.98,2,AWC81-I,2021-10-27 04:25:01,2931.137348639378,2699.096275397932,2.3532,0.0003338479,(17.517900;78.593600),C2_20211027_20220423_AWC81-I_2460_CH4PL.tif
75,17.51964009,78.59549039,2021,12,6,5,19,27,5.590389160348291,2.515848924808879,2.59,1,7WoC1-I,2021-12-06 05:19:27,846.6453258184896,839.9469706951365,1.5406,0.0003338479,(17.516500;78.593300),C1_20211206_20220423_7WoC1-I_2704_CH4PL.tif
75,17.5173,78.5936,2021,12,27,4,26,41,6.913890290296474,3.0786640635392275,2.66,2,AX8G1-I,2021-12-27 04:26:41,2301.5031951054334,1874.7329231581969,1.5644,0.0003338479,(17.518000;78.593100),C2_20211227_20220421_AX8G1-I_2998_CH4PL.tif
75,17.51657952,78.59271762,2022,1,18,5,16,13,5.849359326326873,2.6733719346496483,2.5,1,7XTKW-I,2022-01-18 05:16:13,1393.8875356731255,1295.3850535075997,1.5100000000000002,0.0003338479,(17.517500;78.593100),C1_20220118_20220422_7XTKW-I_3125_CH4PL.tif
75,17.52113719,78.59401381,2022,1,24,5,17,16,6.173718920498221,3.061962581416761,2.0,1,7X_BW-I,2022-01-24 05:17:16,1909.149183461821,1491.7646526538977,1.34,0.0003338479,(17.517000;78.592900),C1_20220124_20220422_7X_BW-I_3162_CH4PL.tif
75,17.52142368,78.59494269,2022,2,5,5,19,1,6.0427627150159084,2.7512636633789467,2.52,1,7Xm7W-I,2022-02-05 05:19:01,1151.6645305836544,1040.689736225209,1.5168,0.0003338479,(17.517200;78.592600//17.521500;78.592900),C1_20220205_20220422_7Xm7W-I_3258_CH4PL.tif
75,17.5171,78.594,2022,2,11,5,19,30,7.367069095223916,2.460594933276568,4.9,1,7Xs81-I,2022-02-11 05:19:30,756.6003387194618,859.9713827047693,2.326,0.0003338479,(17.516100;78.592600),C1_20220211_20220421_7Xs81-I_3390_CH4PL.tif
75,17.5177,78.5929,2022,2,17,4,22,31,4.643857873895184,1.9810878250931208,3.0,2,AXy6W-I,2022-02-17 04:22:31,1164.3135424534946,1516.3617182048315,1.6800000000000002,0.0003338479,(17.518100;78.593300),C2_20220217_20220421_AXy6W-I_3385_CH4PL.tif
75,17.517803,78.593759,2022,3,15,4,16,15,7.68717665120564,3.2148289305917275,3.12,2,AYLG1-I,2022-03-15 04:16:15,2334.5668104221577,1881.361896409623,1.7208,0.0003338479,(17.517400;78.593100),C2_20220315_20220421_AYLG1-I_3592_CH4PL.tif
75,17.517147,78.594208,2022,5,28,5,13,31,5.591902187783998,1.5676829993129024,6.5,1,7ZX51-I,2022-05-28 05:13:31,327.0574389358986,604.2948080293269,2.87,0.0003338479,(17.517000;78.594500),C1_20220528_20220601_7ZX51-I_4075_CH4PL.tif
75,17.51689691,78.5938984,2022,7,31,4,8,36,0.9322879929855624,0.596518086353043,1.04,2,-_X5W-I,2022-07-31 04:08:36,164.56351932948587,644.0989308137749,1.0136,0.0003338479,(17.517100;78.594000),C2_20220731_20220804_-_X5W-I_5015_CH4PL.tif
75,17.51633715,78.5925403,2022,8,31,4,9,18,8.271897897784088,3.5388065811572718,2.93,2,-a161-I,2022-08-31 04:09:18,2915.2521896602284,2101.291221221584,1.6562,0.0003338479,(17.517000;78.591400),C2_20220831_20220907_-a161-I_5792_CH4PL.tif
75,17.5166866,78.59281109,2022,8,31,5,8,25,6.978805073267378,2.771092249770183,3.46,1,6a161-I,2022-08-31 05:08:25,905.8626719714092,858.1260396353272,1.8364000000000005,0.0003338479,(17.517400;78.592500//17.519800;78.587200),C1_20220831_20220902_6a161-I_5780_CH4PL.tif
75,17.51635,78.59342,2022,9,23,8,2,32,5.170752101401862,1.7778101656300658,4.66,4,HaO0W-I,2022-09-23 08:02:32,615.1446172228428,961.2276872980055,2.2444,0.0003338479,(17.517000;78.594500),C4_20220923_20220928_HaO0W-I_6400_CH4PL.tif
75,17.52103,78.59423,2022,10,20,8,9,20,11.348799626352491,6.302940730684381,3.34,5,Lao0W-I,2022-10-20 08:09:20,3693.970721143032,2104.0478784502493,1.7956,0.0003338479,(17.517000;78.591100),C5_20221020_20221022_Lao0W-I_7107_CH4PL.tif
75,17.51742198,78.59387217,2022,10,23,4,12,14,4.708228896786552,1.5462754177816689,5.1,2,-aq51-I,2022-10-23 04:12:14,718.5097638939152,1315.2301395902275,2.394,0.0003338479,(17.517000;78.593500),C2_20221023_20221025_-aq51-I_7147_CH4PL.tif
75,17.51973709,78.59390141,2022,11,7,4,10,7,8.052775026199885,3.819372663108172,2.29,2,-b4BW-I,2022-11-07 04:10:07,4071.592382940581,2618.55248891819,1.4386,0.0003338479,(17.517000;78.591900),C2_20221107_20221110_-b4BW-I_7517_CH4PL.tif
75,17.51712529,78.59395823,2022,11,9,8,2,34,5.155204781273008,2.468524349576241,2.19,3,Db811-I,2022-11-09 08:02:34,2782.898976507331,2729.648238177853,1.4046,0.0003338479,(17.516800;78.592600),C3_20221109_20221112_Db811-I_7606_CH4PL.tif
75,17.5162519,78.59167399,2022,11,18,7,57,27,7.666246607165132,3.118534613718001,3.82,3,DbG0W-I,2022-11-18 07:57:27,1182.4006308128266,1087.6131838098324,1.9588,0.0003338479,(17.516000;78.591400//17.516500;78.588500),C3_20221118_20221122_DbG0W-I_7809_CH4PL.tif
75,17.51801107,78.59046866,2022,12,2,8,4,48,4.207650257113475,2.196463198773253,1.72,5,LbU11-I,2022-12-02 08:04:48,1560.7360160525288,1662.2329962409838,1.2448,0.0003338479,(17.517500;78.591000),C5_20221202_20221209_LbU11-I_8183_CH4PL.tif
75,17.51622137,78.59135418,2022,12,6,4,12,35,8.015500824209203,3.479312668445625,2.88,2,-bVL1-I,2022-12-06 04:12:35,3999.2030315069615,2944.2673029248526,1.6392000000000002,0.0003338479,(17.516500;78.591700),C2_20221206_20221208_-bVL1-I_8205_CH4PL.tif
75,17.51995983,78.58753039,2022,12,15,5,5,8,4.457575538574706,2.2779936100542857,1.83,1,6bf6W-I,2022-12-15 05:05:08,1201.1088334838678,1243.7752851693904,1.2822,0.0003338479,(17.518300;78.592100//17.520200;78.587800),C1_20221215_20221222_6bf6W-I_8606_CH4PL.tif
75,17.5177508,78.59050647,2022,12,21,8,5,30,7.020779362119406,3.15416184648237,2.62,3,Dbm11-I,2022-12-21 08:05:30,3929.773125283557,3124.9311015323046,1.5508000000000002,0.0003338479,(17.516900;78.591400),C3_20221221_20230105_Dbm11-I_8863_CH4PL.tif
76,13.13479896,80.26730761,2022,10,24,7,50,31,2.1186663648445947,0.9200890070406732,2.93,3,DaqHDVo,2022-10-24 07:50:31,274.8679782061592,773.5294574983059,1.6562,0.000357596,(13.135100;80.267400),C3_20221024_20221026_DaqHDVo_7175_CH4PL.tif
76,13.13561078,80.26826789,2022,11,27,7,53,0,1.3389902821660835,0.5666309868501471,3.08,3,DbOAiVo,2022-11-27 07:53:00,95.96813653761365,440.4904931461573,1.7072000000000005,0.000357596,(13.135100;80.265800),C3_20221127_20221201_DbOAiVo_8103_CH4PL.tif
77,12.95278301,80.22204687,2022,9,25,7,59,4,1.717407486633561,0.6428863660380552,4.05,5,LaPAn4W,2022-09-25 07:59:04,105.97742187831088,452.515571386844,2.037,0.0003577198,(12.952700;80.222400),C5_20220925_20221110_LaPAn4W_6391_CH4PL.tif
77,12.95282271,80.22417359,2022,10,23,8,1,27,5.718582290919383,2.2712185391227018,6.13,3,Daq7n4W,2022-10-23 08:01:27,627.3178285886111,1083.7210678260549,2.7442,0.0003577198,(12.952200;80.226400),C3_20221023_20221026_Daq7n4W_7199_CH4PL.tif
77,12.9535386,80.2265206,2022,11,30,4,58,57,2.0172759530728586,0.8195458404465606,3.5,1,6bR6n4W,2022-11-30 04:58:57,221.3382641167521,730.7442676705164,1.85,0.0003577198,(12.951900;80.225700),C1_20221130_20221203_6bR6n4W_8136_CH4PL.tif
77,12.95292078,80.22509823,2022,12,28,7,54,34,4.571757655073379,1.9469821200150328,2.99,5,LbsDn4W,2022-12-28 07:54:34,1534.8934588416146,2026.408493647323,1.6766,0.0003577198,(12.953000;80.226900),C5_20221228_20230106_LbsDn4W_8917_CH4PL.tif
78,26.451676,80.237586,2022,9,30,4,15,9,1.08979557997303,0.7389925904560265,0.72,2,-aU7o7n,2022-09-30 04:15:09,381.92001663020585,1141.517230047881,0.9048,0.0003525767,(26.451900;80.237900//26.446100;80.231900),C2_20220930_20221018_-aU7o7n_6990_CH4PL.tif
78,26.44695257,80.23564784,2022,10,18,8,9,17,1.7974801861797156,0.8304103845162838,2.54,4,Ham0J7n,2022-10-18 08:09:17,518.633420101028,1582.5952273573034,1.5236,0.0003525767,(26.447300;80.235900),C4_20221018_20221026_Ham0J7n_7206_CH4PL.tif
78,26.44801,80.23178,2022,10,19,7,58,15,1.3163575351777266,0.7404922920235004,1.43,4,Han0o7n,2022-10-19 07:58:15,285.6668016997626,895.4654079072951,1.1462,0.0003525767,(26.452000;80.237900//26.448400;80.231900),C4_20221019_20221027_Han0o7n_7210_CH4PL.tif
78,26.45165081,80.23753057,2022,10,20,8,6,58,0.4443144369966501,0.2698862001138128,1.12,5,Lao0J7n,2022-10-20 08:06:58,45.26747957659087,381.7382460548218,1.0408000000000002,0.0003525767,(26.451900;80.237900),C5_20221020_20221027_Lao0J7n_7220_CH4PL.tif
78,0.0,0.0,2022,10,21,7,56,2,0.0,,0.0,5,Lap0o7n,2022-10-21 07:56:02,,,,,,
78,26.44749573,80.23063173,2022,10,23,4,9,53,2.941313908973319,1.952890504235273,0.79,2,-aq4o7n,2022-10-23 04:09:53,2075.968636091997,2359.448983169737,0.9286,0.0003525767,(26.451500;80.238000//26.447600;80.231400),C2_20221023_20221027_-aq4o7n_7213_CH4PL.tif
78,0.0,0.0,2022,11,7,7,57,40,0.0,,0.0,5,Lb4No7n,2022-11-07 07:57:40,,,,,,
78,0.0,0.0,2022,11,19,5,7,25,0.0,,0.0,1,6bG6J7n,2022-11-19 05:07:25,,,,,,
78,0.0,0.0,2022,11,24,5,10,39,0.0,,0.0,1,6bL6o7n,2022-11-24 05:10:39,,,,,,
78,0.0,0.0,2022,11,26,8,0,41,0.0,,0.0,3,DbO0J7n,2022-11-26 08:00:41,,,,,,
78,26.44871121,80.23448791,2022,12,6,4,10,13,0.7968634690995098,0.3502641628507084,2.99,2,-bVKo7n,2022-12-06 04:10:13,83.07308402562062,629.2284903022272,1.6766,0.0003525767,(26.448900;80.235200),C2_20221206_20221216_-bVKo7n_8293_CH4PL.tif
78,0.0,0.0,2022,12,8,8,4,58,0.0,,0.0,4,Hb_0J7n,2022-12-08 08:04:58,,,,,,
78,26.4484051,80.23373152,2022,12,12,8,10,29,0.2999932625406972,0.137524721901643,3.04,3,DbbLJ7n,2022-12-12 08:10:29,15.56642029119974,316.3665778852548,1.6936,0.0003525767,(26.449300;80.234600),C3_20221212_20221220_DbbLJ7n_8491_CH4PL.tif
78,26.44923774,80.23543765,2022,12,16,8,8,39,0.3990587378314934,0.2275285417190359,1.42,4,Hbh0o7n,2022-12-16 08:08:39,47.52815626465551,489.9896145310328,1.1428,0.0003525767,(26.449300;80.235300),C4_20221216_20221223_Hbh0o7n_8645_CH4PL.tif
78,0.0,0.0,2022,12,18,8,10,32,0.0,,0.0,5,Lbi9o7n,2022-12-18 08:10:32,,,,,,
79,26.79837937,80.78754229,2022,1,12,5,12,26,1.7333581455936018,0.8171105941177845,2.29,1,7XP7NmD,2022-01-12 05:12:26,132.9802059062527,397.3207550505359,1.4386,0.0003526998,(26.797900;80.791300),C1_20220112_20220422_7XP7NmD_3048_CH4PL.tif
79,26.79607,80.77836,2022,3,15,4,13,46,0.6473152823958824,0.3587178750886476,1.45,2,AYLFsmD,2022-03-15 04:13:46,51.922878313252106,332.9466940822805,1.153,0.0003526998,(26.796300;80.778800),C2_20220315_20220421_AYLFsmD_3588_CH4PL.tif
79,26.79701,80.78939,2022,3,15,4,13,46,1.6536546293536687,0.9150050805429124,1.45,2,AYLFsmD,2022-03-15 04:13:46,377.8871999353772,948.5258660720624,1.153,0.0003526998,(26.797100;80.789600),C2_20220315_20220421_AYLFsmD_3589_CH4PL.tif
79,0.0,0.0,2022,3,19,5,15,24,0.0,,0.0,1,7YR5smD,2022-03-19 05:15:24,,,,,,
79,26.79715067,80.78965153,2022,4,1,4,11,21,1.8288391944923004,0.9053378744490715,2.03,2,AYd5smD,2022-04-01 04:11:21,392.02416520076105,1041.928511819559,1.3502,0.0003526998,(26.798100;80.788500),C2_20220401_20220421_AYd5smD_3709_CH4PL.tif
79,26.79633305,80.77769962,2022,4,1,4,11,21,0.6894951884869928,0.3515766973880856,2.03,2,AYd5smD,2022-04-01 04:11:21,113.68086687226308,801.413660965338,1.3502,0.0003526998,(26.797300;80.778100),C2_20220401_20220421_AYd5smD_3710_CH4PL.tif
79,26.79616385,80.77712817,2022,10,3,8,3,27,0.9895596306002472,0.5437487926288507,1.62,5,LaWJNmD,2022-10-03 08:03:27,140.26828971492043,617.8633644358567,1.2108,0.0003526998,(26.797100;80.781200),C5_20221003_20221006_LaWJNmD_6692_CH4PL.tif
79,26.7981032,80.78208261,2022,11,5,7,58,12,1.5802518059975583,0.787703249950156,2.0,4,Hb41NmD,2022-11-05 07:58:12,215.03881254483463,656.4442627302938,1.34,0.0003526998,(26.798000;80.781700),C4_20221105_20221106_Hb41NmD_7436_CH4PL.tif
79,26.79661963,80.78019464,2022,11,18,7,54,58,1.83476593633497,0.9395768557683104,1.84,3,DbG0NmD,2022-11-18 07:54:58,285.42735642365426,719.9847390585774,1.2856,0.0003526998,(26.797100;80.780300),C3_20221118_20221124_DbG0NmD_7924_CH4PL.tif
79,26.79729881,80.78201484,2022,11,22,7,56,29,1.7059357423262402,0.6941534731974499,3.42,4,HbK0NmD,2022-11-22 07:56:29,235.7071777017386,906.6750395556404,1.8228,0.0003526998,(26.797600;80.781700),C4_20221122_20221125_HbK0NmD_7959_CH4PL.tif
79,26.79725145,80.78208272,2022,11,23,8,8,32,1.3093052934962994,0.5115171922365808,3.72,5,LbL0smD,2022-11-23 08:08:32,91.52094202950292,484.3593288259982,1.9248000000000005,0.0003526998,(26.797100;80.781700),C5_20221123_20221125_LbL0smD_7989_CH4PL.tif
79,26.79663,80.78019,2022,12,2,8,2,19,0.9208681635051044,0.8481156809609616,0.04,5,LbU0smD,2022-12-02 08:02:19,396.47417571473824,1044.0517494726944,0.6736,0.0003526998,(26.797200;80.781100),C5_20221202_20221208_LbU0smD_8197_CH4PL.tif
79,26.79632655,80.77923973,2022,12,4,8,5,44,1.184906643783192,0.5339297640939208,2.6,3,DbV9NmD,2022-12-04 08:05:44,113.70699448714504,533.3997926953917,1.544,0.0003526998,(26.797200;80.781300),C3_20221204_20221213_DbV9NmD_8261_CH4PL.tif
79,26.79769224,80.7817832,2022,12,9,7,53,33,2.3703894603876865,1.223663671165352,1.82,4,Hba0smD,2022-12-09 07:53:33,949.1155191177668,1843.3359606389083,1.2788,0.0003526998,(26.797700;80.781600),C4_20221209_20221216_Hba0smD_8364_CH4PL.tif
79,26.79624213,80.77995194,2022,12,13,4,13,0,2.4589533593594326,1.0828359465351254,2.76,2,-bbKsmD,2022-12-13 04:13:00,480.8531863026675,1125.2529976701396,1.5984,0.0003526998,(26.796500;80.780200),C2_20221213_20221220_-bbKsmD_8507_CH4PL.tif
79,26.79693,80.77982,2022,12,14,3,59,57,1.6972952678120965,0.6682875886765528,3.55,2,-be6NmD,2022-12-14 03:59:57,187.8432705354946,743.8494726675563,1.867,0.0003526998,(26.796700;80.780300),C2_20221214_20221217_-be6NmD_8465_CH4PL.tif
79,26.79774794,80.78081257,2022,12,15,5,2,40,1.0858328768207566,0.4756315987898997,2.91,1,6bf6NmD,2022-12-15 05:02:40,62.33464207271463,340.8748611193023,1.6494000000000002,0.0003526998,(26.797500;80.782000),C1_20221215_20221223_6bf6NmD_8611_CH4PL.tif
79,26.79667749,80.77754689,2022,12,15,5,2,40,0.8725525017242152,0.385284349864486,2.91,1,6bf6NmD,2022-12-15 05:02:40,45.96647937347033,312.8082256868422,1.6494000000000002,0.0003526998,(26.796600;80.778600),C1_20221215_20221223_6bf6NmD_8610_CH4PL.tif
80,35.45867585,51.33192595,2022,12,30,10,10,54,9.426433920316374,4.932911459262388,1.88,4,Hbu-Lpa,2022-12-30 10:10:54,10035.64368833276,4979.392016572856,1.2992,0.0003162735,(35.459000;51.332800),C4_20221230_20230112_Hbu-Lpa_9141_CH4PL.tif
81,31.31951378,34.73387292,2022,10,1,7,11,46,6.794541363344368,3.287136801862522,2.14,2,-aW0Xe2,2022-10-01 07:11:46,4046.415101188633,2974.932237357723,1.3876000000000002,0.0003487721,(31.326500;34.740400),C2_20221001_20221008_-aW0Xe2_6781_CH4PL.tif
81,31.31576475,34.73338796,2022,10,11,11,1,23,1.569522085835888,0.574717006464519,4.51,4,HacSXe2,2022-10-11 11:01:23,133.5579775123811,671.9280052632757,2.1934,0.0003487721,(31.315900;34.733400),C4_20221011_20221015_HacSXe2_6945_CH4PL.tif
81,31.323,34.74399,2022,12,27,11,11,37,2.0115316839446944,0.5754131156420559,6.68,5,Lbs3Xe2,2022-12-27 11:11:37,131.57247396736545,690.217737844731,2.9312,0.0003487721,(31.323300;34.744600),C5_20221227_20230106_Lbs3Xe2_8908_CH4PL.tif
82,0.0,0.0,2021,9,30,9,10,2,0.0,,0.0,2,AVn0y73,2021-09-30 09:10:02,,,,,,
82,0.0,0.0,2021,10,18,9,6,26,0.0,,0.0,2,AW3iy73,2021-10-18 09:06:26,,,,,,
82,0.0,0.0,2022,1,12,9,53,21,0.0,,0.0,1,7XQ1T73,2022-01-12 09:53:21,,,,,,
82,0.0,0.0,2022,1,18,9,54,39,0.0,,0.0,1,7XW0y73,2022-01-18 09:54:39,,,,,,
82,0.0,0.0,2022,3,23,9,0,5,0.0,,0.0,2,AYW1T73,2022-03-23 09:00:05,,,,,,
82,0.0,0.0,2022,4,12,9,49,45,0.0,,0.0,1,7Yp1T73,2022-04-12 09:49:45,,,,,,
82,0.0,0.0,2022,4,17,8,59,52,0.0,,0.0,2,AYsEy73,2022-04-17 08:59:52,,,,,,
82,0.0,0.0,2022,4,29,9,57,12,0.0,,0.0,1,7Z61T73,2022-04-29 09:57:12,,,,,,
82,0.0,0.0,2022,5,11,9,6,17,0.0,,0.0,2,AZH1T73,2022-05-11 09:06:17,,,,,,
82,41.85137,12.34059,2022,5,12,8,54,41,0.4818891720482507,0.2668104695440105,1.63,2,AZI1y73,2022-05-12 08:54:41,48.685272041649206,441.614335142989,1.2142,0.0003547946,(41.851500;12.340200),C2_20220512_20220517_AZI1y73_3983_CH4PL.tif
82,0.0,0.0,2022,5,22,9,56,58,0.0,,0.0,1,7ZR-T73,2022-05-22 09:56:58,,,,,,
82,0.0,0.0,2022,6,13,8,56,1,0.0,,0.0,2,AZlFT73,2022-06-13 08:56:01,,,,,,
82,0.0,0.0,2022,8,1,12,57,4,0.0,,0.0,5,L_XIy73,2022-08-01 12:57:04,,,,,,
82,0.0,0.0,2022,10,11,12,52,44,0.0,,0.0,5,LacUy73,2022-10-11 12:52:44,,,,,,
82,0.0,0.0,2022,11,8,12,52,54,0.0,,0.0,3,Db73y73,2022-11-08 12:52:54,,,,,,
82,0.0,0.0,2022,11,21,12,49,27,0.0,,0.0,4,HbHMT73,2022-11-21 12:49:27,,,,,,
82,0.0,0.0,2022,12,1,12,55,16,0.0,,0.0,5,LbT3T73,2022-12-01 12:55:16,,,,,,
82,41.857097,12.33784575,2022,12,12,12,52,7,0.2190446824110203,0.1337998492892253,1.12,3,DbbPT73,2022-12-12 12:52:07,17.079896910503958,292.1610487486976,1.0408000000000002,0.0003547946,(41.858200;12.338200),C3_20221212_20221221_DbbPT73_8529_CH4PL.tif
82,0.0,0.0,2022,12,20,12,56,4,0.0,,0.0,3,Dbl3T73,2022-12-20 12:56:04,,,,,,
83,31.93116859,36.18969829,2022,9,16,7,8,17,5.059292349098645,2.5128631032842943,1.97,2,-aH0bIM,2022-09-16 07:08:17,2542.497209375641,2405.800100219213,1.3298,0.0003250788,(31.928300;36.186500),C2_20220916_20220923_-aH0bIM_6265_CH4PL.tif
83,31.92882952,36.18390062,2022,9,19,10,56,0,3.5042505575309923,1.2166672651841073,4.56,3,DaIMbIM,2022-09-19 10:56:00,1014.4785141967544,2303.674287976032,2.2104,0.0003250788,(31.929300;36.187500),C3_20220919_20220922_DaIMbIM_6187_CH4PL.tif
83,31.93159909,36.18687432,2022,9,24,10,58,17,2.6940670283063985,0.9817000558536028,4.43,4,HaP37IM,2022-09-24 10:58:17,607.8973967037812,1759.6364072809106,2.1662,0.0003250788,(31.931800;36.188400),C4_20220924_20221006_HaP37IM_6642_CH4PL.tif
83,31.93447652,36.18750971,2022,10,2,11,5,25,0.8948331908102647,0.3169681448111757,5.11,4,HaWB11a,2022-10-02 11:05:25,49.78231830511167,480.1490066185199,2.3974,0.0003250788,(31.935300;36.189300),C4_20221002_20221008_HaWB11a_6747_CH4PL.tif
83,31.9296365,36.18568348,2022,10,2,11,5,25,7.355703852975278,2.39551328087048,5.11,4,HaWB11a,2022-10-02 11:05:25,2727.899700518584,3200.7161709971083,2.3974,0.0003250788,(31.930300;36.187800),C4_20221002_20221008_HaWB11a_6746_CH4PL.tif
83,31.93042773,36.18662078,2022,10,9,7,6,14,5.228690317977082,2.433509673099115,2.37,2,-ac87IM,2022-10-09 07:06:14,2633.489026813761,2657.760305297528,1.4658000000000002,0.0003250788,(31.930900;36.185600),C2_20221009_20221014_-ac87IM_6936_CH4PL.tif
83,31.93114,36.18962,2022,11,10,10,58,9,6.102168055842476,3.6608869613748753,1.12,3,Db93bIM,2022-11-10 10:58:09,2814.47464942326,1728.1560714038867,1.0408000000000002,0.0003250788,(31.931000;36.189300),C3_20221110_20221111_Db93bIM_7613_CH4PL.tif
83,31.93114,36.18272,2022,11,14,11,0,59,4.26730022734588,1.8773312558465785,2.81,4,HbAR7IM,2022-11-14 11:00:59,2262.503505564487,3083.3202927892994,1.6154000000000002,0.0003250788,(31.931700;36.184300),C4_20221114_20221116_HbAR7IM_7666_CH4PL.tif
83,31.93266923,36.18158785,2022,11,20,7,57,22,7.2190612989504706,1.9557021388875333,6.73,1,6bH9bIM,2022-11-20 07:57:22,1663.308645530016,2445.409291381453,2.9482000000000004,0.0003250788,(31.933600;36.181500),C1_20221120_20221123_6bH9bIM_7920_CH4PL.tif
83,31.93125419,36.18307523,2022,12,1,10,58,34,2.952440822916321,1.4500045730898063,2.13,4,HbT3bIM,2022-12-01 10:58:34,2006.074576704208,3385.8461335025368,1.3842,0.0003250788,(31.932400;36.183600),C4_20221201_20221208_HbT3bIM_8173_CH4PL.tif
83,31.93169812,36.18301107,2022,12,7,7,5,55,13.481230569658877,7.399091413140605,1.47,2,-bZ0bIM,2022-12-07 07:05:55,10590.986751064853,3280.14085461228,1.1598000000000002,0.0003250788,(31.932200;36.182800),C2_20221207_20221216_-bZ0bIM_8324_CH4PL.tif
83,31.92929238,36.18529199,2022,12,9,11,2,35,4.335640564995233,2.7122705170512043,0.98,4,Hba411a,2022-12-09 11:02:35,5035.72831595353,4152.869002478752,0.9932,0.0003250788,(31.929300;36.185100),C4_20221209_20221216_Hba411a_8408_CH4PL.tif
83,31.93267407,36.18405829,2022,12,11,11,4,29,5.423373780447746,1.8154603848245656,4.83,5,LbbF11a,2022-12-11 11:04:29,1126.1073368426762,1720.9006601781052,2.3022,0.0003250788,(31.934300;36.184600),C5_20221211_20221217_LbbF11a_8410_CH4PL.tif
83,31.9312955,36.18511034,2022,12,15,8,10,46,2.7417772683055444,1.7567435833386842,0.9,1,6bg011a,2022-12-15 08:10:46,960.145086714086,1217.8234140880645,0.966,0.0003250788,(31.930000;36.188000),C1_20221215_20221222_6bg011a_8600_CH4PL.tif
84,-1.24863967,36.89585198,2022,2,26,7,47,16,1.7647152554994847,0.6402531552910903,4.3,1,6Y80oFj,2022-02-26 07:47:16,81.72795522033701,353.7886316636881,2.122,0.0002956469,(-1.248300;36.894900),C1_20220226_20220421_6Y80oFj_3437_CH4PL.tif
84,0.0,0.0,2022,3,4,7,47,2,0.0,,0.0,1,6YD1JFj,2022-03-04 07:47:02,,,,,,
85,0.0,0.0,2021,1,3,5,55,14,0.0,,0.0,1,6RXcRt6,2021-01-03 05:55:14,,,,,,
85,0.0,0.0,2021,1,26,5,7,12,0.0,,0.0,2,-Rv2wt6,2021-01-26 05:07:12,,,,,,
85,0.0,0.0,2021,2,4,5,8,32,0.0,,0.0,2,-S42Rt6,2021-02-04 05:08:32,,,,,,
85,0.0,0.0,2021,2,4,5,56,47,0.0,,0.0,1,6S45Rt6,2021-02-04 05:56:47,,,,,,
85,0.0,0.0,2022,7,10,5,40,58,0.0,,0.0,1,6_C7wt7,2022-07-10 05:40:58,,,,,,
85,0.0,0.0,2022,7,27,4,50,30,0.0,,0.0,2,-_T5wt7,2022-07-27 04:50:30,,,,,,
85,0.0,0.0,2022,7,30,8,32,25,0.0,,0.0,5,L_X0Rt7,2022-07-30 08:32:25,,,,,,
85,0.0,0.0,2022,8,7,8,42,14,0.0,,0.0,5,L_d9Rt7,2022-08-07 08:42:14,,,,,,
85,0.0,0.0,2022,8,12,5,45,15,0.0,,0.0,1,6_i6wt7,2022-08-12 05:45:15,,,,,,
85,0.0,0.0,2022,8,18,5,36,46,0.0,,0.0,1,6_o7Rt7,2022-08-18 05:36:46,,,,,,
85,42.96908722,74.59262361,2022,8,24,8,37,41,0.4429649429477025,0.1891013623622201,3.93,4,H_v0Rt7,2022-08-24 08:37:41,22.27477621029717,361.3687094747843,1.9962,0.0003299189,(42.969600;74.592100),C4_20220824_20220831_H_v0Rt7_5681_CH4PL.tif
85,42.96786895,74.58986276,2022,8,27,4,51,41,0.5935625462921694,0.2603608519540669,3.0,2,-_x5wt7,2022-08-27 04:51:41,35.119320189561414,357.8420670800158,1.6800000000000002,0.0003299189,(42.968000;74.589600),C2_20220827_20220927_-_x5wt7_6358_CH4PL.tif
85,42.96786662,74.58986151,2022,8,28,4,39,30,1.1968264642077198,0.6391593003368263,1.63,2,-_y4wt7,2022-08-28 04:39:30,258.7559222757576,945.0435972158662,1.2142,0.0003299189,(42.968000;74.589700),C2_20220828_20220929_-_y4wt7_6518_CH4PL.tif
85,42.96775027,74.59268086,2022,9,4,4,48,20,1.4233143028906907,0.6320266497657874,2.7,2,-a55wt7,2022-09-04 04:48:20,391.3622600591041,1562.02373743342,1.5780000000000003,0.0003299189,(42.968500;74.591600),C2_20220904_20220922_-a55wt7_6199_CH4PL.tif
85,42.96656,74.5904,2022,9,13,8,46,48,0.3585678711160773,0.1589948570584726,4.11,3,DaE1Rt7,2022-09-13 08:46:48,13.618144515545032,281.2987498870585,2.0574000000000003,0.0003299189,(42.967800;74.591700),C3_20220913_20221012_DaE1Rt7_6839_CH4PL.tif
85,0.0,0.0,2022,9,14,8,36,12,0.0,,0.0,3,DaF1Rt7,2022-09-14 08:36:12,,,,,,
85,42.96536359,74.59240562,2022,9,20,5,33,7,0.832573428229083,0.4321538044759547,2.17,1,6aIMRt7,2022-09-20 05:33:07,96.42835560946268,582.8136993602832,1.3978000000000002,0.0003299189,(42.965800;74.590600),C1_20220920_20221022_6aIMRt7_7120_CH4PL.tif
85,42.96658367,74.5912318,2022,9,23,8,34,42,1.0772046247904874,0.4059745150040413,4.2,3,DaO0wt7,2022-09-23 08:34:42,78.5874444959464,548.3880120752584,2.088,0.0003299189,(42.966600;74.591300),C3_20220923_20220928_DaO0wt7_6418_CH4PL.tif
85,0.0,0.0,2022,10,2,8,32,51,0.0,,0.0,3,DaW-wt7,2022-10-02 08:32:51,,,,,,
85,42.96822779,74.58930653,2022,10,5,4,43,19,0.5116178528290555,0.2794728839996164,1.55,2,-aZ5wt7,2022-10-05 04:43:19,39.17826381319042,327.2297008417012,1.187,0.0003299189,(42.968300;74.589400),C2_20221005_20221014_-aZ5wt7_6937_CH4PL.tif
85,0.0,0.0,2022,11,1,5,45,50,0.0,,0.0,1,6axORt7,2022-11-01 05:45:50,,,,,,
85,0.0,0.0,2022,12,3,4,45,11,0.0,,0.0,2,-bU6Rt7,2022-12-03 04:45:11,,,,,,
85,0.0,0.0,2022,12,10,4,48,17,0.0,,0.0,2,-ba6Rt7,2022-12-10 04:48:17,,,,,,
85,42.96809737,74.59134423,2022,12,13,8,38,39,0.5388747495889933,0.2561220383187003,2.36,4,Hbe0wt7,2022-12-13 08:38:39,28.23300290210077,275.82772529587425,1.4624,0.0003299189,(42.968200;74.591500),C4_20221213_20221216_Hbe0wt7_8387_CH4PL.tif
85,42.96852714,74.58915567,2022,12,15,8,40,34,0.8124300239079266,0.4751518150872146,1.21,5,Lbg1Rt7,2022-12-15 08:40:34,86.41216008157336,410.2447572257674,1.0714,0.0003299189,(42.968800;74.589700),C5_20221215_20221222_Lbg1Rt7_8601_CH4PL.tif
86,0.0,0.0,2021,9,3,2,18,42,0.0,,0.0,1,6VM6UKk,2021-09-03 02:18:42,,,,,,
86,0.0,0.0,2021,10,23,2,16,38,0.0,,0.0,1,6W96zKk,2021-10-23 02:16:38,,,,,,
86,37.57523139,126.59268471,2021,11,3,1,28,30,0.5569156471825907,0.3870842722001741,0.68,2,-WJ6UKk,2021-11-03 01:28:30,107.27015159531844,617.9696593323705,0.8912000000000001,0.0003566062,(37.575100;126.593200),C2_20211103_20220423_-WJ6UKk_2544_CH4PL.tif
86,0.0,0.0,2021,12,5,2,19,40,0.0,,0.0,1,6Wo5zKk,2021-12-05 02:19:40,,,,,,
86,0.0,0.0,2021,12,17,1,25,14,0.0,,0.0,2,-X05UKk,2021-12-17 01:25:14,,,,,,
86,37.57605165,126.59379038,2022,1,3,1,29,4,0.2335010592698051,0.1670632105144562,0.69,2,-XEJUKk,2022-01-03 01:29:04,17.187605386407515,237.0597999698521,0.8946000000000001,0.0003566062,(37.579100;126.595200),C2_20220103_20220422_-XEJUKk_2952_CH4PL.tif
86,0.0,0.0,2022,1,11,2,15,14,0.0,,0.0,1,6XMJzKk,2022-01-11 02:15:14,,,,,,
86,0.0,0.0,2022,2,22,2,20,25,0.0,,0.0,1,6Y1IUKk,2022-02-22 02:20:25,,,,,,
86,0.0,0.0,2022,7,5,5,12,46,0.0,,0.0,3,D_86zKk,2022-07-05 05:12:46,,,,,,
86,0.0,0.0,2022,9,21,5,8,35,0.0,,0.0,4,HaL8zKk,2022-09-21 05:08:35,,,,,,
86,0.0,0.0,2022,10,21,5,6,30,0.0,,0.0,3,Dao7UKk,2022-10-21 05:06:30,,,,,,
86,37.57906,126.59754,2022,10,22,1,9,24,1.9809989817092128,1.1949992650509282,1.09,2,-ap5zKk,2022-10-22 01:09:24,634.2972520022151,1187.9583554647086,1.0306000000000002,0.0003566062,(37.579900;126.597600),C2_20221022_20221026_-ap5zKk_7186_CH4PL.tif
86,37.576944,126.594996,2022,10,23,2,9,48,2.125448331209649,0.8634892957666357,3.69,1,6aq5zKk,2022-10-23 02:09:48,241.4455570802766,782.9773909216149,1.9146,0.0003566062,(37.577200;126.595500),C1_20221023_20221028_6aq5zKk_7278_CH4PL.tif
86,0.0,0.0,2022,10,29,1,15,3,0.0,,0.0,2,-aw6UKk,2022-10-29 01:15:03,,,,,,
86,0.0,0.0,2022,11,5,5,6,27,0.0,,0.0,5,Lb3AUKk,2022-11-05 05:06:27,,,,,,
86,0.0,0.0,2022,11,11,5,12,19,0.0,,0.0,4,Hb9AUKk,2022-11-11 05:12:19,,,,,,
86,0.0,0.0,2022,11,16,5,3,52,0.0,,0.0,3,DbD-UKk,2022-11-16 05:03:52,,,,,,
86,37.57264837,126.59869136,2022,11,18,2,13,9,0.5477118417123441,0.3418122184555668,1.06,1,6bF5zKk,2022-11-18 02:13:09,43.221777987571855,289.88346798251735,1.0204,0.0003566062,(37.573500;126.598900),C1_20221118_20221122_6bF5zKk_7811_CH4PL.tif
86,37.57457216,126.60854976,2022,11,20,1,15,59,0.8674311666415357,0.4313616867825962,2.09,2,-bH4zKk,2022-11-20 01:15:59,123.60592721915722,703.1006554779618,1.3706,0.0003566062,(37.574600;126.609100),C2_20221120_20221125_-bH4zKk_7944_CH4PL.tif
86,37.5730962,126.60290678,2022,11,20,5,5,45,0.3060415356256727,0.2345563719506345,0.45,4,HbH9UKk,2022-11-20 05:05:45,48.52781428379637,464.0912762231634,0.8130000000000001,0.0003566062,(37.573000;126.603500),C4_20221120_20221125_HbH9UKk_7948_CH4PL.tif
86,0.0,0.0,2022,11,29,4,58,52,0.0,,0.0,4,HbOLUKk,2022-11-29 04:58:52,,,,,,
86,37.57823427,126.5990624,2022,12,2,5,14,51,0.6632479620851526,0.3327121249820598,1.96,3,DbT8zKk,2022-12-02 05:14:51,62.75150204862777,451.7781425219208,1.3264,0.0003566062,(37.576900;126.599600),C3_20221202_20221208_DbT8zKk_8180_CH4PL.tif
86,0.0,0.0,2022,12,6,5,14,14,0.0,,0.0,4,HbV4UKk,2022-12-06 05:14:14,,,,,,
86,0.0,0.0,2022,12,9,2,6,39,0.0,,0.0,1,6b_5zKk,2022-12-09 02:06:39,,,,,,
86,0.0,0.0,2022,12,11,5,8,26,0.0,,0.0,3,DbbAUKk,2022-12-11 05:08:26,,,,,,
86,0.0,0.0,2022,12,14,2,8,49,0.0,,0.0,1,6be5UKk,2022-12-14 02:08:49,,,,,,
86,0.0,0.0,2022,12,20,1,2,34,0.0,,0.0,2,-biLUKk,2022-12-20 01:02:34,,,,,,
86,37.5723427,126.60094994,2022,12,24,4,58,42,0.6639432699431703,0.3435181365696643,1.82,4,Hbo7UKk,2022-12-24 04:58:42,64.95970609331633,450.4205604392613,1.2788,0.0003566062,(37.572500;126.601100),C4_20221224_20230104_Hbo7UKk_8838_CH4PL.tif
86,0.0,0.0,2022,12,25,5,12,0,0.0,,0.0,5,Lbp9UKk,2022-12-25 05:12:00,,,,,,
86,0.0,0.0,2022,12,29,2,13,20,0.0,,0.0,1,6bsCzKk,2022-12-29 02:13:20,,,,,,
87,0.0,0.0,2021,9,3,2,18,42,0.0,,0.0,1,6VM6UKk,2021-09-03 02:18:42,,,,,,
87,0.0,0.0,2021,10,23,2,16,38,0.0,,0.0,1,6W96zKk,2021-10-23 02:16:38,,,,,,
87,0.0,0.0,2021,11,3,1,28,30,0.0,,0.0,2,-WJ6UKk,2021-11-03 01:28:30,,,,,,
87,0.0,0.0,2021,12,5,2,19,40,0.0,,0.0,1,6Wo5zKk,2021-12-05 02:19:40,,,,,,
87,0.0,0.0,2021,12,17,1,25,14,0.0,,0.0,2,-X05UKk,2021-12-17 01:25:14,,,,,,
87,0.0,0.0,2022,1,3,1,29,4,0.0,,0.0,2,-XEJUKk,2022-01-03 01:29:04,,,,,,
87,0.0,0.0,2022,1,11,2,15,14,0.0,,0.0,1,6XMJzKk,2022-01-11 02:15:14,,,,,,
87,0.0,0.0,2022,2,22,2,20,25,0.0,,0.0,1,6Y1IUKk,2022-02-22 02:20:25,,,,,,
87,0.0,0.0,2022,7,5,5,12,46,0.0,,0.0,3,D_86zKk,2022-07-05 05:12:46,,,,,,
87,0.0,0.0,2022,9,21,5,8,35,0.0,,0.0,4,HaL8zKk,2022-09-21 05:08:35,,,,,,
87,37.57994433,126.62101626,2022,10,21,5,6,30,2.081484433844208,0.8686099510983598,3.31,3,Dao7UKk,2022-10-21 05:06:30,394.4191316324533,1217.9314253807388,1.7854,0.0003566062,(37.579600;126.620500),C3_20221021_20221025_Dao7UKk_7146_CH4PL.tif
87,0.0,0.0,2022,10,22,1,9,24,0.0,,0.0,2,-ap5zKk,2022-10-22 01:09:24,,,,,,
87,0.0,0.0,2022,10,23,2,9,48,0.0,,0.0,1,6aq5zKk,2022-10-23 02:09:48,,,,,,
87,0.0,0.0,2022,10,29,1,15,3,0.0,,0.0,2,-aw6UKk,2022-10-29 01:15:03,,,,,,
87,0.0,0.0,2022,11,5,5,6,27,0.0,,0.0,5,Lb3AUKk,2022-11-05 05:06:27,,,,,,
87,0.0,0.0,2022,11,11,5,12,19,0.0,,0.0,4,Hb9AUKk,2022-11-11 05:12:19,,,,,,
87,0.0,0.0,2022,11,16,5,3,52,0.0,,0.0,3,DbD-UKk,2022-11-16 05:03:52,,,,,,
87,37.57974838,126.62095365,2022,11,18,2,13,9,1.0862237919982805,0.6732456963135734,1.06,1,6bF5zKk,2022-11-18 02:13:09,130.4787186053172,441.258742079068,1.0204,0.0003566062,(37.579300;126.620500),C1_20221118_20221122_6bF5zKk_7810_CH4PL.tif
87,0.0,0.0,2022,11,20,1,15,59,0.0,,0.0,2,-bH4zKk,2022-11-20 01:15:59,,,,,,
87,0.0,0.0,2022,11,20,5,5,45,0.0,,0.0,4,HbH9UKk,2022-11-20 05:05:45,,,,,,
87,0.0,0.0,2022,11,29,4,58,52,0.0,,0.0,4,HbOLUKk,2022-11-29 04:58:52,,,,,,
87,0.0,0.0,2022,12,2,5,14,51,0.0,,0.0,3,DbT8zKk,2022-12-02 05:14:51,,,,,,
87,0.0,0.0,2022,12,6,5,14,14,0.0,,0.0,4,HbV4UKk,2022-12-06 05:14:14,,,,,,
87,0.0,0.0,2022,12,9,2,6,39,0.0,,0.0,1,6b_5zKk,2022-12-09 02:06:39,,,,,,
87,0.0,0.0,2022,12,11,5,8,26,0.0,,0.0,3,DbbAUKk,2022-12-11 05:08:26,,,,,,
87,0.0,0.0,2022,12,14,2,8,49,0.0,,0.0,1,6be5UKk,2022-12-14 02:08:49,,,,,,
87,0.0,0.0,2022,12,20,1,2,34,0.0,,0.0,2,-biLUKk,2022-12-20 01:02:34,,,,,,
87,0.0,0.0,2022,12,24,4,58,42,0.0,,0.0,4,Hbo7UKk,2022-12-24 04:58:42,,,,,,
87,0.0,0.0,2022,12,25,5,12,0,0.0,,0.0,5,Lbp9UKk,2022-12-25 05:12:00,,,,,,
87,0.0,0.0,2022,12,29,2,13,20,0.0,,0.0,1,6bsCzKk,2022-12-29 02:13:20,,,,,,
88,0.0,0.0,2022,9,7,1,2,53,0.0,,0.0,2,-a5R9-w,2022-09-07 01:02:53,,,,,,
88,35.87490244,128.5181154,2022,9,30,5,5,16,0.9414759737241436,0.6602858261407759,0.65,4,HaU7d-w,2022-09-30 05:05:16,287.7486975152208,969.3542846656612,0.881,0.0003549591,(35.874800;128.517900),C4_20220930_20221004_HaU7d-w_6618_CH4PL.tif
89,35.12516489,128.87436954,2022,9,23,0,54,53,2.298042800668473,1.0968936541711451,2.22,2,-aN5yDd,2022-09-23 00:54:53,336.7812477437143,746.4269999710793,1.4148,0.0003541779,(35.125700;128.873500),C2_20220923_20220928_-aN5yDd_6497_CH4PL.tif
89,0.0,0.0,2022,10,8,0,57,22,0.0,,0.0,2,-ab5yDd,2022-10-08 00:57:22,,,,,,
89,35.12523321,128.87409414,2022,10,13,4,59,49,1.1175478310627094,0.3548873036851682,5.39,3,DagATDd,2022-10-13 04:59:49,33.95765001330604,272.66324523545273,2.4926,0.0003541779,(35.124900;128.873300),C3_20221013_20221015_DagATDd_6948_CH4PL.tif
90,34.00598653,-4.93472222,2021,9,25,11,0,8,2.2064802737204903,1.276284675667576,3.16,1,6Vi2Csa,2021-09-25 11:00:08,362.25544283406646,1025.1009497452608,1.7344,0.0003407004,(34.006000;-4.934500),C1_20210925_20220423_6Vi2Csa_2042_CH4PL.tif
90,34.0064601,-4.93299349,2021,10,1,11,3,40,2.1988637618092284,0.7870107946290275,4.35,1,6Vo1hsa,2021-10-01 11:03:40,115.36853837031909,404.0195251277603,2.139,0.0003407004,(34.004400;-4.932800),C1_20211001_20220423_6Vo1hsa_2188_CH4PL.tif
90,34.00251763,-4.93595796,2021,11,8,10,6,52,3.6552328600640487,1.6373674100677258,3.26,2,-WNFhsa,2021-11-08 10:06:52,713.1222792496985,1242.0296470444434,1.7684000000000002,0.0003407004,(34.002500;-4.934300),C2_20211108_20220423_-WNFhsa_2484_CH4PL.tif
90,34.00252152,-4.93597681,2021,11,17,10,4,16,0.2692773645537283,0.1805001556795274,1.16,2,-WY1Csa,2021-11-17 10:04:16,17.02554282089233,239.99877066667148,1.0544,0.0003407004,(34.002800;-4.935800),C2_20211117_20220423_-WY1Csa_2686_CH4PL.tif
90,34.0052058,-4.93645918,2022,1,2,10,56,16,1.05013112802001,0.6364455449290608,1.11,1,6XEEhsa,2022-01-02 10:56:16,143.8998796179003,511.759181379066,1.0374,0.0003407004,(34.005700;-4.936000),C1_20220102_20231013_6XEEhsa_18143_CH4PL.tif
90,0.0,0.0,2022,1,8,10,6,35,0.0,,0.0,2,-XM0hsa,2022-01-08 10:06:35,,,,,,
90,0.0,0.0,2022,1,8,10,57,46,0.0,,0.0,1,6XM2Csa,2022-01-08 10:57:46,,,,,,
90,34.0048,-4.9335,2022,1,17,10,2,37,1.054916260964074,0.7545740945626961,0.7,2,-XTFhsa,2022-01-17 10:02:37,375.0805726151093,1149.4376568259383,0.898,0.0003407004,(34.005000;-4.934700//34.001800;-4.936000),C2_20220117_20220422_-XTFhsa_3121_CH4PL.tif
90,34.00365,-4.93349,2022,4,14,10,54,16,3.91305436037158,1.4818437735882115,3.95,1,6Yr2Csa,2022-04-14 10:54:16,495.4835754702244,913.0547743429308,2.003,0.0003407004,(34.002800;-4.933600),C1_20220414_20220422_6Yr2Csa_3843_CH4PL.tif
90,34.00138,-4.93554,2022,7,2,9,55,41,3.3308935869969285,1.362542745118417,3.3,2,-_5BCsa,2022-07-02 09:55:41,548.4887154756051,1056.3726266294398,1.782,0.0003407004,(34.001700;-4.935500//34.005000;-4.935400),C2_20220702_20220705_-_5BCsa_4333_CH4PL.tif
90,34.00288712,-4.93561063,2022,7,17,10,4,47,0.5877039223409543,0.271942462455387,2.7,2,-_J8hsa,2022-07-17 10:04:47,49.948447451588656,482.8062728469762,1.5780000000000003,0.0003407004,(34.002700;-4.935600),C2_20220717_20220720_-_J8hsa_4694_CH4PL.tif
90,34.00482566,-4.93647318,2022,7,25,10,56,33,1.6928659583889902,0.7486784542591814,3.0,1,6_QCCsa,2022-07-25 10:56:33,235.8607702278554,842.6455333153368,1.6800000000000002,0.0003407004,(34.004200;-4.934300),C1_20220725_20220727_6_QCCsa_4854_CH4PL.tif
91,33.482447,-7.538042,2021,5,12,10,26,18,5.031683879424495,1.847527779103996,4.08,2,ATa2ffM,2021-05-12 10:26:18,1118.6363970578975,1638.469536831851,2.0472,0.0003507333,(33.482500;-7.537700),C2_20210512_20220420_ATa2ffM_1132_CH4PL.tif
91,33.48,-7.54,2021,5,21,10,26,23,8.52740477067967,3.334108342744212,3.59,2,ATj2ffM,2021-05-21 10:26:23,3407.7506200062708,2705.5144628373027,1.8806000000000005,0.0003507333,(33.480400;-7.538400),C2_20210521_20220421_ATj2ffM_1641_CH4PL.tif
91,33.48336871,-7.53322584,2021,6,26,10,25,41,5.247877223376277,2.0770690949153106,3.55,2,AUI2ffM,2021-06-26 10:25:41,1009.7423737264633,1293.2239367299874,1.867,0.0003507333,(33.486000;-7.536400//33.482500;-7.534400),C2_20210626_20230209_AUI2ffM_1307_CH4PL.tif
91,33.48344905,-7.53865888,2021,6,28,11,17,40,5.356573039892131,1.755906621557676,5.01,1,7UIBAfM,2021-06-28 11:17:40,405.3301232091189,643.815727296085,2.3634,0.0003507333,(33.483000;-7.538200),C1_20210628_20220420_7UIBAfM_1308_CH4PL.tif
91,33.48581791,-7.53908495,2021,7,5,10,25,16,4.916077877426126,1.8717698837475347,3.81,2,AUPBffM,2021-07-05 10:25:16,815.1434580853027,1167.2218397785605,1.9554,0.0003507333,(33.484700;-7.539200),C2_20210705_20220421_AUPBffM_1388_CH4PL.tif
91,33.48533563,-7.5386331,2021,7,17,11,16,9,6.649195099771643,2.618130907157462,3.55,1,7Uc1ffM,2021-07-17 11:16:09,1762.149053570687,1781.231568805382,1.867,0.0003507333,(33.484800;-7.538000),C1_20210717_20220421_7Uc1ffM_1478_CH4PL.tif
91,33.48505154,-7.54084933,2021,8,1,10,23,26,6.154228817706104,1.8858797961681275,5.57,2,AUq8AfM,2021-08-01 10:23:26,1093.681813745106,1633.829504106729,2.5538000000000003,0.0003507333,(33.484400;-7.539100),C2_20210801_20220423_AUq8AfM_1597_CH4PL.tif
91,33.483291,-7.53913759,2021,8,5,11,14,4,7.097958239152351,2.281769040171947,5.18,1,7Uv1AfM,2021-08-05 11:14:04,667.2449877629882,819.3794096529984,2.4212,0.0003507333,(33.483000;-7.538900),C1_20210805_20220421_7Uv1AfM_1625_CH4PL.tif
91,33.48365395,-7.53777209,2021,8,19,10,21,43,8.608415816518894,3.867910125965466,2.6,2,AV91ffM,2021-08-19 10:21:43,3860.033470966672,2492.399356900194,1.544,0.0003507333,(33.483600;-7.537300),C2_20210819_20220423_AV91ffM_1784_CH4PL.tif
91,33.48313843,-7.53890916,2021,8,30,11,15,24,5.424191505377657,1.8064589725910083,4.94,1,7VHAAfM,2021-08-30 11:15:24,858.7639619195522,1333.4689580805189,2.3396000000000003,0.0003507333,(33.482800;-7.538600),C1_20210830_20220421_7VHAAfM_1910_CH4PL.tif
91,33.48312387,-7.53812966,2021,9,18,11,11,47,7.216108843212604,2.71250368239127,3.88,1,7Vb2AfM,2021-09-18 11:11:47,1937.5909409926776,1913.1596079611688,1.9792,0.0003507333,(33.482600;-7.538300),C1_20210918_20220423_7Vb2AfM_2074_CH4PL.tif
91,33.48312,-7.54053,2022,6,7,10,9,52,2.5285386737348547,1.0239767880151731,3.46,2,AZh1u_m,2022-06-07 10:09:52,279.6351625071705,731.1255564111095,1.8364000000000005,0.0003507333,(33.480900;-7.535900),C2_20220607_20220610_AZh1u_m_4150_CH4PL.tif
91,33.4828002,-7.53832946,2022,7,9,10,6,37,11.183138369709178,5.512082777627283,2.02,2,A_C0u_m,2022-07-09 10:06:37,8890.481374669089,3854.49233573031,1.3468,0.0003507333,(33.481600;-7.538900),C2_20220709_20220714_A_C0u_m_4463_CH4PL.tif
91,33.48363555,-7.54086327,2022,7,17,13,56,38,3.463296735554356,1.0864827564988917,5.86,4,H_K1u_m,2022-07-17 13:56:38,666.4725476877414,1837.5284919772928,2.6524,0.0003507333,(33.480500;-7.538900),C4_20220717_20220720_H_K1u_m_4730_CH4PL.tif
91,33.48157,-7.53896,2022,7,19,11,4,28,3.977892694939025,1.1832691221074394,6.41,1,7_M1u_m,2022-07-19 11:04:28,451.28386815856646,1159.6470414515973,2.8394000000000004,0.0003507333,(33.481400;-7.538900),C1_20220719_20220721_7_M1u_m_4746_CH4PL.tif
91,33.48250488,-7.53866821,2022,7,25,14,5,25,2.5121862392994934,0.8488612147828808,4.91,4,H_QHu_m,2022-07-25 14:05:25,415.5483954204282,1387.127395946622,2.3294,0.0003507333,(33.481900;-7.538300//33.480300;-7.541900),C4_20220725_20220728_H_QHu_m_4919_CH4PL.tif
91,33.48227558,-7.53909858,2022,7,27,14,7,1,4.802459478763616,1.31197320584347,6.81,3,D_U3P_m,2022-07-27 14:07:01,659.7198994565314,1471.443986374652,2.9754,0.0003507333,(33.481600;-7.538600),C3_20220727_20220730_D_U3P_m_4962_CH4PL.tif
91,33.47598336,-7.53518815,2022,7,28,13,56,39,5.795405020671136,1.7424362419659212,5.91,3,D_V2P_m,2022-07-28 13:56:39,1117.305826797654,1852.6971261362776,2.6694000000000004,0.0003507333,(33.480200;-7.536700),C3_20220728_20220730_D_V2P_m_4964_CH4PL.tif
91,33.47992448,-7.53970206,2022,8,4,14,2,39,4.679334920506383,1.441682756177421,5.57,5,L_b3u_m,2022-08-04 14:02:39,686.9660182169125,1349.7101296773592,2.5538000000000003,0.0003507333,(33.479500;-7.538300),C5_20220804_20220811_L_b3u_m_5192_CH4PL.tif
91,33.4806512,-7.53873243,2022,8,31,13,59,28,2.758844998270117,0.780757434583626,6.55,5,La23u_m,2022-08-31 13:59:28,249.11421485733769,938.470214701705,2.8870000000000005,0.0003507333,(33.480600;-7.538500),C5_20220831_20220924_La23u_m_6353_CH4PL.tif
91,33.4808094,-7.5393605,2022,9,7,14,3,59,3.5655994360158108,0.9819418836790044,7.01,4,Ha94u_m,2022-09-07 14:03:59,422.80632712650487,1299.1833986525112,3.0434,0.0003507333,(33.480600;-7.539300),C4_20220907_20220920_Ha94u_m_6102_CH4PL.tif
91,33.48240097,-7.53854278,2022,10,3,14,4,28,1.791325627280762,0.664773914474265,4.34,4,HaWMu_m,2022-10-03 14:04:28,342.2602572615148,1468.94097834244,2.1356,0.0003507333,(33.480200;-7.538900),C4_20221003_20221006_HaWMu_m_6685_CH4PL.tif
91,33.48368177,-7.53930925,2022,10,5,14,0,51,3.611467586396291,1.181184666875711,5.16,5,La_5P_m,2022-10-05 14:00:51,692.9487024034622,1667.7428511849307,2.4144,0.0003507333,(33.480600;-7.539300),C5_20221005_20221018_La_5P_m_6977_CH4PL.tif
91,33.48102,-7.53961,2022,11,2,14,1,49,2.84340640278374,0.8935868916978149,5.61,3,Db15u_m,2022-11-02 14:01:49,328.8135606512052,1068.825534486355,2.5674,0.0003507333,(33.480000;-7.540100),C3_20221102_20221109_Db15u_m_7481_CH4PL.tif
91,33.48074261,-7.5391578,2022,11,3,13,50,51,3.988242394406293,1.331699452738272,4.97,3,Db25u_m,2022-11-03 13:50:51,398.0158157130769,844.2132891089065,2.3498,0.0003507333,(33.480000;-7.539500//33.477000;-7.539300),C3_20221103_20221108_Db25u_m_7464_CH4PL.tif
91,33.47963713,-7.53858392,2022,11,6,14,6,3,2.2665559017632355,0.8145418373709407,4.55,4,Hb4IP_m,2022-11-06 14:06:03,340.668351637791,1194.181085640533,2.2070000000000003,0.0003507333,(33.479200;-7.538200),C4_20221106_20221109_Hb4IP_m_7497_CH4PL.tif
91,33.48122754,-7.541048,2022,11,30,10,12,20,3.512898390896305,2.0384821149475405,1.24,2,-bS0u_m,2022-11-30 10:12:20,2044.3994190575563,2266.0492266383144,1.0816,0.0003507333,(33.481100;-7.541300),C2_20221130_20221202_-bS0u_m_8128_CH4PL.tif
91,33.48178508,-7.54064381,2022,12,18,14,4,47,6.904524992364983,3.0095905744925067,2.8,4,HbiIu_m,2022-12-18 14:04:47,3676.836579535912,3090.352784870457,1.612,0.0003507333,(33.479800;-7.539200//33.481600;-7.536400),C4_20221218_20221220_HbiIu_m_8509_CH4PL.tif
91,33.4812257,-7.54069421,2022,12,23,13,59,21,8.374732680585508,3.94721324731631,2.33,3,Dbo5P_m,2022-12-23 13:59:21,3674.0164391650487,2293.501745693557,1.4522000000000002,0.0003507333,(33.481200;-7.540400//33.483500;-7.534600),C3_20221223_20230107_Dbo5P_m_9003_CH4PL.tif
91,33.48178592,-7.54162556,2022,12,30,9,56,18,4.9980162745823735,2.5324354975626773,1.86,2,-bu-P_m,2022-12-30 09:56:18,2292.8145226362817,2134.37491487357,1.2924000000000002,0.0003507333,(33.480500;-7.540100),C2_20221230_20230112_-bu-P_m_9140_CH4PL.tif
92,0.0,0.0,2021,10,25,11,17,29,0.0,,0.0,1,6W-Grrf,2021-10-25 11:17:29,,,,,,
92,31.520665,-9.663136,2021,10,28,10,31,31,0.7091534254385116,0.2494911992679685,4.68,2,-WE1rrf,2021-10-28 10:31:31,19.058632100913886,217.8051289995086,2.2512,0.0003529049,(31.520800;-9.662900),C2_20211028_20220423_-WE1rrf_2524_CH4PL.tif
92,0.0,0.0,2021,10,31,11,20,29,0.0,,0.0,1,6WG9rrf,2021-10-31 11:20:29,,,,,,
92,31.52046776,-9.66222259,2021,11,6,10,29,12,1.5004733730565247,0.3360778520588064,10.03,2,-WN1Mrf,2021-11-06 10:29:12,41.081187186405,401.1741520502837,4.0702,0.0003529049,(31.520800;-9.662700),C2_20211106_20220421_-WN1Mrf_2568_CH4PL.tif
92,0.0,0.0,2022,1,6,10,29,14,0.0,,0.0,2,-XK2Mrf,2022-01-06 10:29:14,,,,,,
92,0.0,0.0,2022,5,6,11,14,40,0.0,,0.0,1,6ZC1Mrf,2022-05-06 11:14:40,,,,,,
92,0.0,0.0,2022,5,23,11,17,57,0.0,,0.0,1,6ZRFrrf,2022-05-23 11:17:57,,,,,,
92,0.0,0.0,2022,6,9,11,18,3,0.0,,0.0,1,6Zj1rrf,2022-06-09 11:18:03,,,,,,
92,0.0,0.0,2022,6,26,11,16,9,0.0,,0.0,1,6ZyErrf,2022-06-26 11:16:09,,,,,,
92,0.0,0.0,2022,6,30,10,20,20,0.0,,0.0,2,-_41rrf,2022-06-30 10:20:20,,,,,,
92,0.0,0.0,2022,7,16,10,17,37,0.0,,0.0,2,-_J1rrf,2022-07-16 10:17:37,,,,,,
92,0.0,0.0,2022,8,4,11,15,27,0.0,,0.0,1,6_b2Mrf,2022-08-04 11:15:27,,,,,,
93,0.0,0.0,2021,10,8,10,51,42,0.0,,0.0,1,6Vv4M7P,2021-10-08 10:51:42,,,,,,
93,0.0,0.0,2021,10,22,10,0,23,0.0,,0.0,2,-W91M7P,2021-10-22 10:00:23,,,,,,
93,34.58075212,-1.94412021,2021,11,9,9,55,50,1.024322307039539,0.5687864155859483,1.56,2,-Qi2r7P,2021-11-09 09:55:50,132.20535388468383,553.1053144678906,1.1904,0.0003281821,(34.580900;-1.944100),C2_20211109_20220423_-Qi2r7P_2549_CH4PL.tif
93,34.580445,-1.94385095,2021,12,14,9,55,14,0.950028986132197,0.4062354378318138,5.79,2,-Wy1M7P,2021-12-14 09:55:14,57.36052430375901,571.3513534733017,2.6286,0.0003281821,(34.580600;-1.944400),C2_20211214_20220423_-Wy1M7P_2809_CH4PL.tif
93,34.58047139,-1.94356537,2021,12,31,9,59,14,1.013208363392832,0.6325847244791065,1.16,2,-XE0r7P,2021-12-31 09:59:14,310.18474870897285,1162.0627297200588,1.0544,0.0003281821,(34.581100;-1.943600),C2_20211231_20220422_-XE0r7P_2874_CH4PL.tif
93,34.58061792,-1.94523825,2022,1,9,9,55,25,1.108386701525224,0.5058589656769014,2.91,2,-XM6r7P,2022-01-09 09:55:25,100.72253116507936,539.5899045254328,1.6494000000000002,0.0003281821,(34.581000;-1.944300),C2_20220109_20220422_-XM6r7P_3042_CH4PL.tif
93,34.58037994,-1.94419615,2022,1,18,9,51,23,0.8699058627961755,0.3390891968519444,4.83,2,-XW1r7P,2022-01-18 09:51:23,38.29650348850512,364.8651776782194,2.3022,0.0003281821,(34.580500;-1.944300),C2_20220118_20220422_-XW1r7P_3119_CH4PL.tif
93,34.58046779,-1.94356426,2022,2,2,10,46,32,0.5878458387943373,0.2559034398271009,3.42,1,6Xk2M7P,2022-02-02 10:46:32,28.471693922324125,317.82743182633965,1.8228,0.0003281821,(34.580500;-1.943500),C1_20220202_20220422_6Xk2M7P_3230_CH4PL.tif
93,0.0,0.0,2022,5,25,10,43,48,0.0,,0.0,1,6ZV4M7P,2022-05-25 10:43:48,,,,,,
93,34.57792953,-1.94480174,2022,7,20,10,47,3,0.1871495840632211,0.1329608640211914,1.28,1,6_N2r7P,2022-07-20 10:47:03,14.32304311570994,301.74658862236714,1.0952000000000002,0.0003281821,(34.578700;-1.943800),C1_20220720_20220728_6_N2r7P_4914_CH4PL.tif
94,33.8711,-6.8114,2021,11,25,10,12,25,3.7416454066481686,1.1848404131650367,5.4,2,-Wf1O1b,2021-11-25 10:12:25,594.9939023625317,1428.8839876620334,2.4960000000000004,0.0003508561,(33.872400;-6.810400),C2_20211125_20220423_-Wf1O1b_2697_CH4PL.tif
94,33.87065817,-6.81116306,2022,1,7,11,13,17,2.8806752799644606,1.246645182978068,2.89,1,6XL1O1b,2022-01-07 11:13:17,350.96679098904207,720.453637241809,1.6426000000000005,0.0003508561,(33.872800;-6.811000),C1_20220107_20220422_6XL1O1b_3023_CH4PL.tif
94,33.87082,-6.81022,2022,6,29,13,59,31,3.160370279680379,0.9020967101480656,6.47,4,H_32t1b,2022-06-29 13:59:31,293.55214420492075,956.2808315915704,2.8598000000000003,0.0003508561,(33.871300;-6.808900),C4_20220629_20220722_H_32t1b_4781_CH4PL.tif
94,33.87060185,-6.81048057,2022,6,29,14,4,1,4.526602910105992,1.299076965487401,6.49,5,L_3Vt1b,2022-06-29 14:04:01,408.31760402478,930.8834375339756,2.8666000000000005,0.0003508561,(33.871400;-6.808900),C5_20220629_20220721_L_3Vt1b_4778_CH4PL.tif
94,33.86998618,-6.81140534,2022,6,30,13,48,54,1.910034758188342,0.5774262031662244,6.44,4,H_43O1b,2022-06-30 13:48:54,127.98792548643009,687.4072878775354,2.849600000000001,0.0003508561,(33.870900;-6.810300),C4_20220630_20220723_H_43O1b_4793_CH4PL.tif
94,33.87063855,-6.81113134,2022,7,8,14,4,0,4.372976677692431,1.4580932288997035,5.1,5,L_B2t1b,2022-07-08 14:04:00,689.9626034479645,1359.800003482701,2.394,0.0003508561,(33.869700;-6.812200),C5_20220708_20220722_L_B2t1b_4787_CH4PL.tif
94,33.87145967,-6.81006042,2022,7,19,13,55,30,3.3523305489690407,0.9775386746155328,6.16,3,D_M1t1b,2022-07-19 13:55:30,462.831349759519,1369.0062910445452,2.7544000000000004,0.0003508561,(33.871000;-6.810700),C3_20220719_20220722_D_M1t1b_4786_CH4PL.tif
95,19.45714076,-99.0166322,2021,11,27,17,7,48,2.393708124712955,2.006181888378864,0.92,1,7Wh3uf4,2021-11-27 17:07:48,415.8712604267479,608.4344238460375,0.9728,0.0002725895,(19.458600;-99.020400),C1_20211127_20220423_7Wh3uf4_2607_CH4PL.tif
95,19.45802827,-99.01387125,2022,2,4,16,18,28,0.849326021177946,0.4855029378204025,1.3,2,AXm2uf4,2022-02-04 16:18:28,162.10697666638356,757.2013358768104,1.102,0.0002725895,(19.459300;-99.018000),C2_20220204_20220422_AXm2uf4_3243_CH4PL.tif
95,19.45912457,-99.01841203,2022,2,22,16,8,9,3.889002102065928,1.7856673845020723,2.49,2,AY43Pf4,2022-02-22 16:08:09,587.9507246851471,819.9799174251652,1.5066000000000002,0.0002725895,(19.458700;-99.018300),C2_20220222_20220421_AY43Pf4_3430_CH4PL.tif
95,19.45868257,-99.01918814,2022,3,11,16,7,36,0.4839789386015399,0.2308381083122788,2.39,2,AYK3uf4,2022-03-11 16:07:36,40.04787784539926,438.6724313003201,1.4726,0.0002725895,(19.459700;-99.019000),C2_20220311_20220421_AYK3uf4_3585_CH4PL.tif
96,19.42255835,-98.99589101,2021,11,27,17,7,48,1.1647522058463224,0.7408455320570965,0.92,1,7Wh3uf4,2021-11-27 17:07:48,126.54464182180212,380.48389778260594,0.9728,0.0002725895,(19.421600;-98.996000),C1_20211127_20231113_7Wh3uf4_19617_CH4PL.tif
96,19.42188064,-98.99535437,2022,2,4,16,18,28,0.4098027150193438,0.2363577242504245,1.3,2,AXm2uf4,2022-02-04 16:18:28,39.94129779473155,386.6619492840097,1.102,0.0002725895,(19.421700;-98.995200),C2_20220204_20231113_AXm2uf4_19616_CH4PL.tif
96,19.42021439,-98.99386698,2022,2,22,16,8,9,2.471067320237793,1.1580817158678458,2.49,2,AY43Pf4,2022-02-22 16:08:09,415.6505815774416,912.3138733911642,1.5066000000000002,0.0002725895,(19.420100;-98.994300),C2_20220222_20220421_AY43Pf4_3431_CH4PL.tif
96,0.0,0.0,2022,3,11,16,7,36,0.0,,0.0,2,AYK3uf4,2022-03-11 16:07:36,,,,,,
97,-25.90043,32.59723,2022,6,9,6,51,26,1.3859817600073845,0.605181105260962,2.86,2,AZi6YTc,2022-06-09 06:51:26,213.431017620036,904.9594241268557,1.6324,0.000355947,(-25.900800;32.597200),C2_20220609_20220615_AZi6YTc_4176_CH4PL.tif
97,-25.89941558,32.59743992,2022,7,2,7,1,4,0.714555685030094,0.319367690600465,2.73,2,A_593Tc,2022-07-02 07:01:04,49.03369705798577,392.3433113420231,1.5882,0.000355947,(-25.899600;32.597400),C2_20220702_20220708_A_593Tc_4367_CH4PL.tif
98,2.73269413,101.60382329,2022,7,23,2,39,11,6.9386699343741824,4.183042077897319,1.09,2,9_P5-SR,2022-07-23 02:39:11,5086.418850017789,2719.747147373724,1.0306000000000002,0.0003573485,(2.731900;101.605000),C2_20220723_20220727_9_P5-SR_4843_CH4PL.tif
99,6.59626175,3.37384399,2021,12,18,9,18,52,1.1647975314033463,0.4802024874417668,3.34,2,-X21euy,2021-12-18 09:18:52,108.06885242093765,599.738868113574,1.7956,0.0003566474,(6.596000;3.374000),C2_20211218_20220421_-X21euy_2771_CH4PL.tif
99,6.59720935,3.37595659,2022,1,22,9,14,34,1.231648182598367,0.5260075430498944,3.17,2,-X_2euy,2022-01-22 09:14:34,173.84261185829422,883.0226866409371,1.7378,0.0003566474,(6.597200;3.375900//6.596000;3.374200),C2_20220122_20220422_-X_2euy_3144_CH4PL.tif
99,6.59554705,3.37394693,2022,1,24,10,5,7,1.288876539742435,0.6926025430245427,1.66,1,6X_Eeuy,2022-01-24 10:05:07,147.4396388469964,504.2300931516812,1.2244000000000002,0.0003566474,(6.595900;3.374100),C1_20220124_20220422_6X_Eeuy_3163_CH4PL.tif
100,6.56296237,3.25321389,2022,12,20,13,5,30,0.6847474258274395,0.3693106091523761,1.64,3,Dbl4lMt,2022-12-20 13:05:30,72.04319636530494,461.1791929531172,1.2176,0.0003566474,(6.563500;3.253700),C3_20221220_20221223_Dbl4lMt_8609_CH4PL.tif
100,6.56288427,3.25279566,2022,12,26,13,4,54,0.3720224980698329,0.1596380237437715,2.98,5,LbpLGMt,2022-12-26 13:04:54,13.362822183992902,216.36118003437468,1.6732,0.0003566474,(6.563100;3.252900),C5_20221226_20231013_LbpLGMt_18153_CH4PL.tif
100,6.56299037,3.25327275,2022,12,27,9,8,15,1.3437474042397073,0.6524250048155944,2.15,2,-bs1lMt,2022-12-27 09:08:15,398.40069660285593,1484.6773448743893,1.391,0.0003566474,(6.563100;3.253200),C2_20221227_20230112_-bs1lMt_9158_CH4PL.tif
100,6.56298801,3.25294499,2022,12,29,12,57,47,0.5862109369704779,0.3422648380521247,1.29,3,Dbu3GMt,2022-12-29 12:57:47,93.22943276480352,628.9863497140046,1.0986,0.0003566474,(6.563400;3.253200),C3_20221229_20230113_Dbu3GMt_9207_CH4PL.tif
101,0.0,0.0,2021,3,13,22,28,41,0.0,,0.0,1,7Se4iT4,2021-03-13 22:28:41,,,,,,
101,0.0,0.0,2021,6,29,22,26,11,0.0,,0.0,1,7UL4-7w,2021-06-29 22:26:11,,,,,,
101,0.0,0.0,2021,7,18,22,24,38,0.0,,0.0,1,7Uc7e7w,2021-07-18 22:24:38,,,,,,
101,0.0,0.0,2021,10,13,21,28,20,0.0,,0.0,2,AW02e7w,2021-10-13 21:28:20,,,,,,
101,-36.6599081,174.6254986,2021,11,8,22,15,32,1.5930306691908651,0.938234998105498,1.89,1,7WNK-7w,2021-11-08 22:15:32,195.719703417639,576.1346383147226,1.3026,0.0003545479,(-36.661400;174.626600),C1_20211108_20220423_7WNK-7w_2685_CH4PL.tif
101,0.0,0.0,2021,12,31,21,25,5,0.0,,0.0,2,AXE5-7w,2021-12-31 21:25:05,,,,,,
101,0.0,0.0,2022,2,20,21,31,8,0.0,,0.0,2,AY1A-7w,2022-02-20 21:31:08,,,,,,
101,-36.65840564,174.6219002,2022,8,3,21,13,26,0.9316248658531772,0.4941563470413132,1.64,2,-_a4e7w,2022-08-03 21:13:26,59.47118039694352,279.81605349918783,1.2176,0.0003545479,(-36.659000;174.626500),C2_20220803_20220811_-_a4e7w_5194_CH4PL.tif
101,0.0,0.0,2022,8,11,21,10,53,0.0,,0.0,2,-_i5e7w,2022-08-11 21:10:53,,,,,,
101,0.0,0.0,2022,8,22,22,12,6,0.0,,0.0,1,7_rJ-7w,2022-08-22 22:12:06,,,,,,
101,0.0,0.0,2022,10,26,21,14,55,0.0,,0.0,2,-au3e7w,2022-10-26 21:14:55,,,,,,
101,0.0,0.0,2022,11,2,1,13,48,0.0,,0.0,5,Lb0--7w,2022-11-02 01:13:48,,,,,,
102,-37.36925527,175.05831031,2021,8,3,21,28,0,0.402591618190693,0.2039439910917004,1.87,2,AUqMyXp,2021-08-03 21:28:00,31.50420947739432,365.0432598854952,1.2958,0.0003560706,(-37.369200;175.058700),C2_20210803_20240402_AUqMyXp_1631_CH4PL.tif
103,31.62556552,74.41786698,2021,2,5,5,44,58,12.599386181862256,6.894933117640093,1.49,1,6S54bM2,2021-02-05 05:44:58,5848.49533166006,1949.482014405739,1.1666,0.0003491802,(31.624400;74.417900),C1_20210205_20230112_6S54bM2_57_CH4PL.tif
103,31.62681636,74.41747183,2021,3,5,4,54,12,6.229902975473897,2.3664062942146216,3.82,2,-SW3bM2,2021-03-05 04:54:12,1490.0627389887295,1686.6146481956666,1.9588,0.0003491802,(31.626200;74.418200),C2_20210305_20220423_-SW3bM2_712_CH4PL.tif
103,31.62804173,74.41828988,2021,3,9,5,45,3,4.376573792864832,2.317740973408443,1.65,1,6SXH7M2,2021-03-09 05:45:03,1537.8896683544242,1544.5753107692394,1.221,0.0003491802,(31.627400;74.417700),C1_20210309_20220423_6SXH7M2_714_CH4PL.tif
103,31.62780526,74.4185897,2021,3,14,4,55,8,2.3075844917025723,1.237141432479789,1.85,2,-Se3bM2,2021-03-14 04:55:08,598.086477792825,1202.7124040438148,1.289,0.0003491802,(31.626200;74.419900//31.624200;74.418700),C2_20210314_20220423_-Se3bM2_721_CH4PL.tif
103,31.626795,74.41839,2021,3,28,5,47,8,4.353006167113253,2.5890466729537813,1.66,1,6Ss47M2,2021-03-28 05:47:08,3115.893140208787,3155.1433404575223,1.2244000000000002,0.0003491802,(31.629800;74.417100),C1_20210328_20220421_6Ss47M2_805_CH4PL.tif
103,31.625,74.4184,2021,4,1,4,56,40,5.967747674126728,1.6181976083529757,8.02,2,9Sw47M2,2021-04-01 04:56:40,942.6552961954748,1925.9034519148363,3.3868,0.0003491802,(31.624700;74.420200),C2_20210401_20220421_9Sw47M2_837_CH4PL.tif
103,31.62523569,74.41460826,2021,4,3,5,52,35,3.3418572817381844,1.814424472325872,1.54,1,6Sy3bM2,2021-04-03 05:52:35,1129.5259770092334,1440.1767045222143,1.1836000000000002,0.0003491802,(31.626700;74.418200),C1_20210403_20230120_6Sy3bM2_794_CH4PL.tif
103,31.62764131,74.41862311,2021,4,10,4,57,17,7.911710676575974,3.675132676053064,2.4,2,9T547M2,2021-04-10 04:57:17,6138.726546456749,4122.84254451141,1.476,0.0003491802,(31.627000;74.418400//31.624800;74.416000),C2_20210410_20220421_9T547M2_826_CH4PL.tif
103,31.62894705,74.41948347,2021,4,10,5,43,13,7.719698246384417,3.5223001562151977,2.58,1,6T557M2,2021-04-10 05:43:13,5319.707505823664,3813.469752449924,1.5372,0.0003491802,(31.628000;74.420100),C1_20210410_20230120_6T557M2_832_CH4PL.tif
103,31.62956017,74.4183893,2021,4,19,4,57,48,7.199677382626313,2.8064547266126003,3.67,2,-TC7bM2,2021-04-19 04:57:48,3303.448069400614,3151.300316766786,1.9078,0.0003491802,(31.627800;74.416500//31.628800;74.419800),C2_20210419_20230120_-TC7bM2_879_CH4PL.tif
103,31.62753175,74.41856132,2021,4,28,4,58,10,3.350402473940606,1.7188677354152924,2.02,2,-TM3bM2,2021-04-28 04:58:10,1130.462816968164,1635.930728157338,1.3468,0.0003491802,(31.626000;74.420100),C2_20210428_20230111_-TM3bM2_945_CH4PL.tif
103,31.63006209,74.41979879,2021,5,24,5,49,25,7.784437269846014,3.013295089350853,3.71,1,5Tk6bM2,2021-05-24 05:49:25,2831.18529612915,2515.7145291151623,1.9214,0.0003491802,(31.629700;74.420600//31.627200;74.419000),C1_20210524_20220421_5Tk6bM2_1065_CH4PL.tif
103,31.628922,74.419289,2021,6,6,5,44,14,3.807626862797701,2.4419996578685708,0.88,1,6Ty47M2,2021-06-06 05:44:14,2103.1285541481293,1907.3180053057729,0.9592,0.0003491802,(31.628000;74.418500),C1_20210606_20220423_6Ty47M2_1406_CH4PL.tif
103,31.6257,74.419,2021,6,12,5,48,59,4.091148188789985,1.5493981051898744,3.86,1,6U457M2,2021-06-12 05:48:59,757.5081016507553,1314.739060697841,1.9724,0.0003491802,(31.627200;74.418100),C1_20210612_20220423_6U457M2_1234_CH4PL.tif
103,31.62642216,74.4177612,2021,7,1,5,47,59,4.197892356830941,1.6615453870248291,3.52,1,6UM57M2,2021-07-01 05:47:59,572.6128806200107,911.7954970947334,1.8568,0.0003491802,(31.626600;74.418300),C1_20210701_20220421_6UM57M2_1309_CH4PL.tif
103,31.6244,74.4164,2021,8,14,4,54,29,4.390439429692027,2.135182969406267,2.28,2,-V347M2,2021-08-14 04:54:29,1289.66292153532,1517.690271477536,1.4352,0.0003491802,(31.625900;74.417700),C2_20210814_20240402_-V347M2_1677_CH4PL.tif
103,31.62534109,74.41558148,2021,9,19,4,49,58,2.0900912300180394,1.3097747656976546,1.2,2,-Vb47M2,2021-09-19 04:49:58,420.0846381043505,772.7612045765422,1.068,0.0003491802,(31.625600;74.417300),C2_20210919_20230116_-Vb47M2_2079_CH4PL.tif
103,31.62680834,74.41919666,2021,10,16,5,40,20,7.506029911646875,3.9770078390549832,1.66,1,6W277M2,2021-10-16 05:40:20,2636.4655777544363,1548.2376927671155,1.2244000000000002,0.0003491802,(31.628900;74.419000),C1_20211016_20220423_6W277M2_2309_CH4PL.tif
103,31.62469644,74.41551582,2021,10,22,5,43,27,3.8833962075949375,1.3905645356603047,4.47,1,6W887M2,2021-10-22 05:43:27,348.9652992263776,705.1632815517246,2.1798,0.0003491802,(31.626900;74.418200),C1_20211022_20220423_6W887M2_2389_CH4PL.tif
103,31.62676142,74.41925897,2021,11,2,4,51,31,3.740924322742497,1.0347718388948073,6.68,2,-WGIbM2,2021-11-02 04:51:31,467.1040070727713,1317.597077799382,2.9312,0.0003491802,(31.625000;74.416500),C2_20211102_20220423_-WGIbM2_2446_CH4PL.tif
103,31.62723528,74.41934445,2021,11,11,4,49,3,10.540540540057934,6.289093426866377,1.14,2,-WR4bM2,2021-11-11 04:49:03,10850.366749298102,3882.214483035229,1.0476,0.0003491802,(31.626700;74.419200),C2_20211111_20220420_-WR4bM2_2567_CH4PL.tif
103,31.62724448,74.41926555,2021,11,16,5,39,26,7.185171334796954,3.9981223767144343,1.41,1,6WUKbM2,2021-11-16 05:39:26,4034.350002326082,2303.112541436544,1.1394,0.0003491802,(31.626400;74.419000//31.625200;74.415900),C1_20211116_20220423_6WUKbM2_2604_CH4PL.tif
103,31.62651513,74.42129895,2021,11,20,4,46,24,16.67715222052258,9.51099459562227,1.32,2,-W_47M2,2021-11-20 04:46:24,12642.431514105629,3025.968724092142,1.1088,0.0003491802,(31.626900;74.416900),C2_20211120_20220423_-W_47M2_2540_CH4PL.tif
103,31.62470459,74.41631507,2021,11,22,5,41,56,4.525426481622491,2.1631181172954705,2.58,1,6WaAbM2,2021-11-22 05:41:56,1051.0471951852687,1285.2735798492786,1.5372,0.0003491802,(31.626900;74.420500),C1_20211122_20220421_6WaAbM2_2589_CH4PL.tif
103,31.6262109,74.42056237,2021,11,28,4,54,24,6.330635441153949,3.1951873636365,1.99,2,-Wh57M2,2021-11-28 04:54:24,2353.957212812344,1789.1848715043525,1.3366000000000002,0.0003491802,(31.626800;74.418200),C2_20211128_20220423_-Wh57M2_2605_CH4PL.tif
103,31.627555,74.42025421,2021,11,28,5,44,19,6.228541268770069,3.3619988684487554,1.56,1,6Wh67M2,2021-11-28 05:44:19,2947.4972058932376,2027.9744294794384,1.1904,0.0003491802,(31.626900;74.418000//31.625400;74.419500),C1_20211128_20220423_6Wh67M2_2617_CH4PL.tif
103,31.62799296,74.41936875,2021,12,4,5,46,36,5.638983765470233,4.576001533041146,0.56,1,6Wn67M2,2021-12-04 05:46:36,3228.538444049924,1752.7939687778082,0.8504,0.0003491802,(31.624700;74.417500//31.627300;74.419800),C1_20211204_20220423_6Wn67M2_2658_CH4PL.tif
103,31.62746058,74.41885286,2021,12,7,4,51,26,5.294323671060763,2.367358526334145,2.65,2,-WoFbM2,2021-12-07 04:51:26,2362.605835283707,2507.76125089084,1.561,0.0003491802,(31.627300;74.419200//31.624700;74.416400),C2_20211207_20220423_-WoFbM2_2684_CH4PL.tif
103,31.62532834,74.41558682,2021,12,29,5,39,22,6.625882821294368,3.30901245301755,2.34,1,6X837M2,2021-12-29 05:39:22,1371.434901763786,1084.615968717453,1.4556,0.0003491802,(31.625400;74.417100//31.627600;74.420200),C1_20211229_20220422_6X837M2_2923_CH4PL.tif
103,31.62748777,74.41920337,2022,1,28,5,45,50,3.0966722210433284,1.431767107450567,2.43,1,6Xe6bM2,2022-01-28 05:45:50,397.3859052383636,686.5892173110216,1.4862000000000002,0.0003491802,(31.627100;74.420700),C1_20220128_20220422_6Xe6bM2_3211_CH4PL.tif
103,31.62804072,74.41829255,2022,2,14,4,52,15,4.974691051810054,2.6854742743414857,1.56,2,-XuE7M2,2022-02-14 04:52:15,2159.069391532306,1859.9270259972495,1.1904,0.0003491802,(31.625600;74.417600),C2_20220214_20220422_-XuE7M2_3309_CH4PL.tif
103,31.63069598,74.41901585,2022,3,20,4,51,0,31.24639347895484,12.60290663121785,3.39,2,-YS47M2,2022-03-20 04:51:00,17787.805886760056,3714.727496451892,1.8126,0.0003491802,(31.626700;74.419500//31.624600;74.416300),C2_20220320_20220421_-YS47M2_3619_CH4PL.tif
103,31.62782354,74.41828955,2022,3,29,5,43,49,1.9541445818845669,1.3305464817692485,0.71,1,6YZK7M2,2022-03-29 05:43:49,409.4859184436161,679.989698359364,0.9014,0.0003491802,(31.626000;74.419500//31.625100;74.416000),C1_20220329_20220421_6YZK7M2_3693_CH4PL.tif
103,31.62378243,74.41449448,2022,4,6,4,48,4,5.288500250414224,2.49521268542028,2.85,2,-Yi6bM2,2022-04-06 04:48:04,1803.4271811808887,1999.8142877063945,1.629,0.0003491802,(31.624200;74.415900//31.627400;74.419500),C2_20220406_20220421_-Yi6bM2_3743_CH4PL.tif
103,31.62823419,74.418437,2022,4,10,5,40,3,4.287854608633897,1.9783053820087413,2.43,1,6Ym77M2,2022-04-10 05:40:03,718.5708998855347,896.6218792340189,1.4862000000000002,0.0003491802,(31.627300;74.418800),C1_20220410_20220421_6Ym77M2_3782_CH4PL.tif
103,31.6281454,74.4164193,2022,4,15,4,39,59,5.155343871096296,2.2587285133727866,2.77,2,-Yr57M2,2022-04-15 04:39:59,1747.8061717593555,1954.9984608851385,1.6018,0.0003491802,(31.627800;74.418400),C2_20220415_20220421_-Yr57M2_3834_CH4PL.tif
103,31.62937205,74.41749,2022,5,9,5,40,26,1.5955882241168278,0.60700899683081,4.44,1,6ZDDbM2,2022-05-09 05:40:26,88.6357940592461,433.8808579704684,2.1696000000000004,0.0003491802,(31.629200;74.418100),C1_20220509_20220513_6ZDDbM2_3959_CH4PL.tif
103,31.62613,74.4201,2022,6,11,4,37,4,5.015131246082568,2.8609166572525715,1.46,2,-Zk57M2,2022-06-11 04:37:04,1972.4693747264257,1637.3387859341196,1.1564,0.0003491802,(31.626800;74.419600//31.629000;74.418900//31.624800;74.418100),C2_20220611_20220629_-Zk57M2_4288_CH4PL.tif
103,31.62982761,74.41694688,2022,6,24,5,30,35,2.870084534359244,1.6212098788381075,1.38,1,6Zx6bM2,2022-06-24 05:30:35,885.6219178013267,1254.3739835510728,1.1292,0.0003491802,(31.626700;74.420100),C1_20220624_20220629_6Zx6bM2_4291_CH4PL.tif
103,31.62613978,74.42006659,2022,6,26,4,47,34,4.511567209291447,2.03066493425675,2.59,2,-ZyB7M2,2022-06-26 04:47:34,1726.345811018499,2122.231508270509,1.5406,0.0003491802,(31.626300;74.419200//31.629100;74.417700),C2_20220626_20220629_-ZyB7M2_4289_CH4PL.tif
103,31.62658724,74.42025834,2022,6,29,5,40,44,1.423927756249985,1.0220605549550417,0.59,1,6_287M2,2022-06-29 05:40:44,349.2333359351946,759.8564936401377,0.8606,0.0003491802,(31.626600;74.418600//31.630500;74.417100),C1_20220629_20220705_6_287M2_4324_CH4PL.tif
103,31.627088,74.41909243,2022,9,13,8,29,17,4.070080036583729,2.314378153824119,1.33,5,LaE0bM2,2022-09-13 08:29:17,954.6708283132318,939.1524462767848,1.1122,0.0003491802,(31.627500;74.419800//31.625700;74.420600),C5_20220913_20220917_LaE0bM2_6055_CH4PL.tif
103,31.62690686,74.41728973,2022,9,20,4,43,21,4.703279614035367,3.19684589049817,0.71,2,-aILbM2,2022-09-20 04:43:21,3901.194430696946,2691.639242032448,0.9014,0.0003491802,(31.630000;74.417500//31.626400;74.417400),C2_20220920_20221006_-aILbM2_6649_CH4PL.tif
103,31.62759999,74.41778755,2022,9,21,4,31,4,19.057545684741843,9.02608132173837,2.43,2,-aL6bM2,2022-09-21 04:31:04,15425.321066220597,4330.589319961499,1.4862000000000002,0.0003491802,(31.626200;74.417200),C2_20220921_20220924_-aL6bM2_6313_CH4PL.tif
103,31.6272715,74.4147589,2022,9,22,8,26,51,6.82139726524943,3.226790320307548,2.26,5,LaN07M2,2022-09-22 08:26:51,3089.585132041938,2329.0518982565663,1.4284,0.0003491802,(31.626000;74.416900//31.629500;74.417900),C5_20220922_20221006_LaN07M2_6650_CH4PL.tif
103,31.62499447,74.41837115,2022,10,1,8,24,5,3.5778555492424147,2.259193888435389,0.95,5,LaW0bM2,2022-10-01 08:24:05,1923.0767406900263,1902.0846080258489,0.983,0.0003491802,(31.626100;74.417900),C5_20221001_20221018_LaW0bM2_6985_CH4PL.tif
103,31.62676364,74.41899812,2022,10,6,4,33,47,5.602283577453646,2.315432664219711,3.22,2,-a_5bM2,2022-10-06 04:33:47,1870.6348021138213,2109.376231909492,1.7548000000000004,0.0003491802,(31.629400;74.418600//31.626500;74.415700),C2_20221006_20221012_-a_5bM2_6796_CH4PL.tif
103,31.6295311,74.41804136,2022,10,12,8,22,24,3.02220153853311,1.3731844765337669,2.54,3,Dag0bM2,2022-10-12 08:22:24,555.0977528158334,1007.4407452530576,1.5236,0.0003491802,(31.628000;74.420300//31.625100;74.418000),C3_20221012_20221014_Dag0bM2_6940_CH4PL.tif
103,31.62465756,74.41700149,2022,11,2,8,30,37,3.050442074498521,1.2033200331305167,4.21,4,Hb10bM2,2022-11-02 08:30:37,422.1436217702314,1041.9264278524113,2.0914,0.0003491802,(31.628200;74.421000//31.624400;74.419200),C4_20221102_20221104_Hb10bM2_7408_CH4PL.tif
103,31.62970946,74.41845688,2022,11,4,8,29,42,2.6452048413045794,1.8258410098122468,0.68,5,Lb30bM2,2022-11-04 08:29:42,1282.6821738986662,1555.7414714744664,0.8912000000000001,0.0003491802,(31.629900;74.418400//31.625400;74.416700),C5_20221104_20221111_Lb30bM2_7561_CH4PL.tif
103,31.63097782,74.41853205,2022,11,10,8,35,42,3.283371511202461,1.7133084003332222,1.74,4,Hb90bM2,2022-11-10 08:35:42,1402.1142010773356,1924.1167382647293,1.2516,0.0003491802,(31.629900;74.419000//31.624800;74.416900),C4_20221110_20221112_Hb90bM2_7603_CH4PL.tif
103,31.62686887,74.41906236,2022,11,11,8,24,31,3.604412246503808,1.502450487781022,3.14,4,Hb-0bM2,2022-11-11 08:24:31,946.187872340246,1632.6331738069173,1.7276000000000002,0.0003491802,(31.629400;74.418100//31.625700;74.416700),C4_20221111_20221112_Hb-0bM2_7614_CH4PL.tif
103,31.62913071,74.41801942,2022,12,5,8,37,42,3.354634400353716,1.71337927822126,1.88,4,HbVP7M2,2022-12-05 08:37:42,1824.4867988176784,2543.747746576013,1.2992,0.0003491802,(31.629700;74.418300//31.625800;74.417100),C4_20221205_20221216_HbVP7M2_8294_CH4PL.tif
103,31.62716631,74.42124982,2022,12,6,8,26,27,5.716190622490547,2.2990834477071984,3.53,4,HbY07M2,2022-12-06 08:26:27,1953.9676228057024,2289.1423542649786,1.8602,0.0003491802,(31.630200;74.418300//31.627000;74.416800),C4_20221206_20221216_HbY07M2_8313_CH4PL.tif
103,31.6276135,74.41990981,2022,12,14,8,30,15,2.7255723366743965,1.1716196338913691,3.0,4,Hbf07M2,2022-12-14 08:30:15,393.7642061816648,873.7562701757078,1.6800000000000002,0.0003491802,(31.629600;74.418900//31.625900;74.416800),C4_20221214_20221220_Hbf07M2_8475_CH4PL.tif
103,31.62944442,74.41735875,2022,12,16,8,32,9,3.944127139959215,1.9301436361199416,2.07,5,Lbh07M2,2022-12-16 08:32:09,1925.21938795868,2396.5279995438264,1.3638,0.0003491802,(31.630300;74.418400//31.626500;74.417200),C5_20221216_20221223_Lbh07M2_8641_CH4PL.tif
103,31.62909847,74.41699809,2022,12,19,8,24,38,2.932956157124237,2.055122737303262,0.62,3,DbiHbM2,2022-12-19 08:24:38,1685.7660590609823,1801.8251961906976,0.8708,0.0003491802,(31.628400;74.418000//31.625400;74.416100),C3_20221219_20221230_DbiHbM2_8751_CH4PL.tif
104,25.01365235,66.91726911,2022,3,4,6,5,6,0.7980899942102287,0.4293730852103205,1.88,1,6YC8vDA,2022-03-04 06:05:06,79.93098591447566,468.42688863711726,1.2992,0.000355947,(25.009900;66.922000),C1_20220304_20220421_6YC8vDA_3514_CH4PL.tif
104,0.0,0.0,2022,3,10,6,4,40,0.0,,0.0,1,6YI7QDA,2022-03-10 06:04:40,,,,,,
104,0.0,0.0,2022,3,16,6,3,56,0.0,,0.0,1,6YO8QDA,2022-03-16 06:03:56,,,,,,
104,0.0,0.0,2022,3,28,6,1,42,0.0,,0.0,1,6YZFQDA,2022-03-28 06:01:42,,,,,,
104,0.0,0.0,2022,4,3,6,0,10,0.0,,0.0,1,6Yf5vDA,2022-04-03 06:00:10,,,,,,
104,0.0,0.0,2022,4,29,5,10,8,0.0,,0.0,2,-Z55vDA,2022-04-29 05:10:08,,,,,,
104,0.0,0.0,2022,5,2,6,2,41,0.0,,0.0,1,6Z7FQDA,2022-05-02 06:02:41,,,,,,
104,0.0,0.0,2022,5,7,5,11,59,0.0,,0.0,2,-ZC5QDA,2022-05-07 05:11:59,,,,,,
104,0.0,0.0,2022,5,8,5,58,47,0.0,,0.0,1,6ZD7QDA,2022-05-08 05:58:47,,,,,,
104,25.00986,66.92669,2022,9,10,8,47,48,2.2388589233510574,0.9801387453516748,2.9,4,HaB0e8b,2022-09-10 08:47:48,422.5168158072171,1118.2775375591032,1.646,0.000355947,(25.007700;66.917300//25.009200;66.925800),C4_20220910_20220921_HaB0e8b_6140_CH4PL.tif
104,25.0102985,66.92493663,2022,9,19,5,55,19,0.5421524070994456,0.2360861969712331,3.91,1,6aIE-8b,2022-09-19 05:55:19,20.189360516157564,266.70170200409274,1.9894000000000005,0.000355947,(25.010600;66.926300),C1_20220919_20220922_6aIE-8b_6188_CH4PL.tif
104,0.0,0.0,2022,10,5,5,58,52,0.0,,0.0,1,6aZ7e8b,2022-10-05 05:58:52,,,,,,
104,25.00827,66.92253,2022,10,6,8,47,55,0.9724087872812356,0.3887197672410347,4.13,4,Haa1-8b,2022-10-06 08:47:55,116.56227933535035,890.7655880365811,2.0642,0.000355947,(25.010900;66.923600),C4_20221006_20221008_Haa1-8b_6763_CH4PL.tif
104,25.00981157,66.92725059,2022,10,7,8,55,24,2.0322474133950013,0.9082168783910718,3.03,5,Lab1-8b,2022-10-07 08:55:24,360.6001998179821,1079.6673836927168,1.6902,0.000355947,(25.011100;66.927500),C5_20221007_20221013_Lab1-8b_6842_CH4PL.tif
104,0.0,0.0,2022,11,1,5,50,44,0.0,,0.0,1,6axOe8b,2022-11-01 05:50:44,,,,,,
104,25.01140925,66.92554793,2022,11,3,4,59,42,1.1631139231104328,0.4587352285594539,3.79,2,-b1ae8b,2022-11-03 04:59:42,134.98636308195844,814.1282799135653,1.9486000000000003,0.000355947,(25.010800;66.921900//25.008100;66.925200),C2_20221103_20221108_-b1ae8b_7457_CH4PL.tif
104,25.01075584,66.92638576,2022,11,4,8,56,8,0.4559734833313645,0.1662585454342384,5.53,3,Db31-8b,2022-11-04 08:56:08,21.07938385250974,422.75498499467983,2.5402000000000005,0.000355947,(25.010600;66.926100),C3_20221104_20221108_Db31-8b_7468_CH4PL.tif
104,25.00947,66.92463,2022,11,8,9,0,2,1.3584948153200294,0.7302468250183216,1.66,4,Hb71e8b,2022-11-08 09:00:02,362.66333730943023,1176.715543334198,1.2244000000000002,0.000355947,(25.008800;66.923800),C4_20221108_20221112_Hb71e8b_7611_CH4PL.tif
104,25.00887654,66.92341085,2022,11,10,5,4,25,0.9593401531986776,0.5666928707660875,1.2,2,-b86e8b,2022-11-10 05:04:25,419.7204763528451,1682.1367083414634,1.068,0.000355947,(25.009100;66.922100),C2_20221110_20221112_-b86e8b_7610_CH4PL.tif
104,0.0,0.0,2022,11,10,8,59,40,0.0,,0.0,5,Lb91e8b,2022-11-10 08:59:40,,,,,,
104,25.01044791,66.91984507,2022,12,3,9,2,16,0.2770770274225715,0.1625444060176855,1.72,4,HbV1-8b,2022-12-03 09:02:16,16.030543930106422,259.2685383243549,1.2448,0.000355947,(25.011000;66.920000),C4_20221203_20221210_HbV1-8b_8224_CH4PL.tif
104,0.0,0.0,2022,12,6,8,52,45,0.0,,0.0,5,LbY1-8b,2022-12-06 08:52:45,,,,,,
104,0.0,0.0,2022,12,9,5,6,14,0.0,,0.0,2,-b_6-8b,2022-12-09 05:06:14,,,,,,
104,25.00712514,66.92201961,2022,12,12,8,54,54,0.803705048761303,0.3690759398310838,2.75,4,HbbRe8b,2022-12-12 08:54:54,111.27350876119918,794.9837919912906,1.5950000000000002,0.000355947,(25.008600;66.923500//25.010600;66.919300),C4_20221212_20221216_HbbRe8b_8385_CH4PL.tif
104,25.00829186,66.92247395,2022,12,14,8,56,48,0.4825475768922243,0.2153948268238025,3.19,5,Lbf1-8b,2022-12-14 08:56:48,30.23214180339252,393.484061711749,1.7446000000000002,0.000355947,(25.007100;66.923900),C5_20221214_20221221_Lbf1-8b_8559_CH4PL.tif
105,0.0,0.0,2021,1,2,6,14,45,0.0,,0.0,1,7RXZztg,2021-01-02 06:14:45,,,,,,
105,25.02582798,67.03766352,2021,1,15,6,12,37,1.445027926373021,0.9967907900165988,0.69,1,7Rk4Utg,2021-01-15 06:12:37,415.50477959022766,926.0430532410834,0.8946000000000001,0.0003548769,(25.025300;67.035500),C1_20210115_20220421_7Rk4Utg_868_CH4PL.tif
105,25.033871,67.033434,2021,2,3,5,23,47,1.4863541580752178,1.0422933455179568,1.08,2,AS32ztg,2021-02-03 05:23:47,271.6061865173107,675.7325929284119,1.0272,0.0003548769,(25.030700;67.033000),C2_20210203_20220423_AS32ztg_732_CH4PL.tif
105,25.03436853,67.03111173,2022,3,1,5,16,32,4.388298632756633,2.03551242537242,2.77,2,AY-6ztg,2022-03-01 05:16:32,1129.315426004361,1483.9862467734615,1.6018,0.0003548769,(25.031300;67.030500),C2_20220301_20220421_AY-6ztg_3476_CH4PL.tif
105,25.03335796,67.03245039,2022,3,10,5,10,37,1.5809106170749283,1.3247750848718671,0.23,2,AYI6Utg,2022-03-10 05:10:37,1265.4189166842043,2127.176605144667,0.7382000000000001,0.0003548769,(25.032500;67.031700),C2_20220310_20220421_AYI6Utg_3549_CH4PL.tif
105,25.0282128,67.03315392,2022,6,1,5,2,48,3.657976933424596,0.9461217080164744,7.8,2,AZa6Utg,2022-06-01 05:02:48,416.28901453453983,1356.8967952598327,3.3120000000000003,0.0003548769,(25.031300;67.033200),C2_20220601_20220607_AZa6Utg_4125_CH4PL.tif
105,25.03207718,67.03291064,2022,9,30,8,59,8,3.1170634044353305,0.9314179147748558,5.93,3,DaV1Utg,2022-09-30 08:59:08,453.0844951880495,1400.408155788187,2.6762,0.0003548769,(25.030800;67.032600),C3_20220930_20221004_DaV1Utg_6620_CH4PL.tif
105,25.02830547,67.03180965,2022,10,5,8,58,50,3.5965092828017453,1.3371676668754515,4.56,4,Ha_1Utg,2022-10-05 08:58:50,609.8695187389424,1349.3639864634065,2.2104,0.0003548769,(25.029500;67.032700//25.032500;67.033400),C4_20221005_20221012_Ha_1Utg_6797_CH4PL.tif
105,25.03212121,67.03315269,2022,10,9,8,56,53,1.9632255957703104,1.1374857241946812,2.36,3,DacBztg,2022-10-09 08:56:53,531.8058375356999,1426.105227313626,1.4624,0.0003548769,(25.033100;67.033400//25.029300;67.033000),C3_20221009_20221012_DacBztg_6836_CH4PL.tif
105,25.02739766,67.03330478,2022,11,2,8,53,45,3.608972653469277,1.3516293572034503,4.15,5,Lb12Utg,2022-11-02 08:53:45,945.9732425458014,1954.2398306467296,2.071,0.0003548769,(25.030600;67.034000),C5_20221102_20221104_Lb12Utg_7383_CH4PL.tif
105,25.02749057,67.03282286,2022,11,25,8,58,3,3.386879266499418,1.5831995553814724,2.61,4,HbN1Utg,2022-11-25 08:58:03,935.8534559694316,1539.2644041161454,1.5474,0.0003548769,(25.027800;67.032900),C4_20221125_20221129_HbN1Utg_8038_CH4PL.tif
105,25.02885344,67.03246062,2022,11,27,5,50,56,4.592582248509732,2.592177344964113,1.39,1,6bO7ztg,2022-11-27 05:50:56,1859.9287965029464,1651.2713038879358,1.1326,0.0003548769,(25.030400;67.031800),C1_20221127_20221201_6bO7ztg_8099_CH4PL.tif
105,25.02856088,67.03107908,2022,11,27,8,59,14,5.3568015104238205,2.2191384236352474,3.44,5,LbOAztg,2022-11-27 08:59:14,1245.1197557169075,1530.9613324772797,1.8296,0.0003548769,(25.028500;67.030800),C5_20221127_20221130_LbOAztg_8067_CH4PL.tif
105,25.03219544,67.03370564,2022,11,29,9,2,28,4.528731419146086,2.305513743567948,1.87,3,DbR0ztg,2022-11-29 09:02:28,2277.713120340656,2346.188677892089,1.2958,0.0003548769,(25.027800;67.033000),C3_20221129_20221201_DbR0ztg_8098_CH4PL.tif
105,25.03234645,67.03239983,2022,12,4,8,51,0,3.064527451766597,1.4223537779161486,2.4,4,HbVCztg,2022-12-04 08:51:00,612.5540809904686,1062.110689488075,1.476,0.0003548769,(25.032600;67.032600//25.026600;67.032300),C4_20221204_20221216_HbVCztg_8302_CH4PL.tif
105,25.02664871,67.03210516,2022,12,5,9,3,57,1.5110934557053604,0.8011085456117577,1.66,5,LbVLztg,2022-12-05 09:03:57,247.26585324613785,721.2712850137386,1.2244000000000002,0.0003548769,(25.026600;67.033500),C5_20221205_20221213_LbVLztg_8262_CH4PL.tif
105,25.02453013,67.03255332,2022,12,7,5,56,26,1.6506291379374116,0.9919300649681272,1.14,1,6bY7ztg,2022-12-07 05:56:26,335.6683860115779,766.9356460352428,1.0476,0.0003548769,(25.025400;67.033100),C1_20221207_20221213_6bY7ztg_8284_CH4PL.tif
105,25.03146424,67.03409735,2022,12,8,8,56,16,1.3713337914009804,0.635009256270128,2.49,3,Db_1Utg,2022-12-08 08:56:16,188.68302791759663,746.2599302339429,1.5066000000000002,0.0003548769,(25.030600;67.032900),C3_20221208_20221216_Db_1Utg_8327_CH4PL.tif
105,25.02681374,67.03216168,2022,12,8,8,56,16,1.759138724008331,0.8109673647662519,2.49,3,Db_1Utg,2022-12-08 08:56:16,289.031752152942,891.1399849609681,1.5066000000000002,0.0003548769,(25.026900;67.032300),C3_20221208_20221216_Db_1Utg_8326_CH4PL.tif
105,25.03256906,67.03164353,2022,12,10,4,53,12,5.407739200839698,2.010935467738915,4.0,2,-ba6ztg,2022-12-10 04:53:12,1871.3482079866628,2516.475677371041,2.02,0.0003548769,(25.032300;67.032000//25.027000;67.032500),C2_20221210_20221216_-ba6ztg_8373_CH4PL.tif
105,25.02625116,67.03225397,2022,12,12,5,58,46,1.703010329974706,0.7055867418972714,3.49,1,6bbEztg,2022-12-12 05:58:46,146.2987013686312,571.0820644433652,1.8466,0.0003548769,(25.025200;67.031700),C1_20221212_20221220_6bbEztg_8506_CH4PL.tif
106,0.0,0.0,2022,7,6,14,5,35,0.0,,0.0,2,A_-1GNl,2022-07-06 14:05:35,,,,,,
106,0.0,0.0,2022,7,6,17,48,30,0.0,,0.0,5,L_-4GNl,2022-07-06 17:48:30,,,,,,
106,0.0,0.0,2022,7,15,17,48,19,0.0,,0.0,5,L_I4GNl,2022-07-15 17:48:19,,,,,,
106,-13.55056777,-72.01689074,2022,7,22,14,2,17,0.5013088789908188,0.3846820704678187,0.41,2,A_P2lNl,2022-07-22 14:02:17,47.3516237954756,271.8292109605088,0.7994,0.0002205425,(-13.550500;-72.016500),C2_20220722_20220728_A_P2lNl_4871_CH4PL.tif
107,0.0,0.0,2021,12,7,13,2,57,0.0,,0.0,2,AWr1z8V,2021-12-07 13:02:57,,,,,,
107,0.0,0.0,2021,12,10,13,58,45,0.0,,0.0,1,7Wu3U8V,2021-12-10 13:58:45,,,,,,
107,0.0,0.0,2022,1,16,13,53,38,0.0,,0.0,1,7XT-U8V,2022-01-16 13:53:38,,,,,,
107,0.0,0.0,2022,3,5,13,57,14,0.0,,0.0,1,7YE2z8V,2022-03-05 13:57:14,,,,,,
107,0.0,0.0,2022,3,17,13,55,54,0.0,,0.0,1,7YQ3z8V,2022-03-17 13:55:54,,,,,,
107,-25.32894644,-57.64247724,2022,5,17,12,59,24,1.5317170113487644,0.6062172524256954,3.58,2,AZN1z8V,2022-05-17 12:59:24,166.88573812030077,736.2981928135996,1.8772,0.0003552883,(-25.328000;-57.643300),C2_20220517_20220520_AZN1z8V_4000_CH4PL.tif
107,0.0,0.0,2022,5,20,13,57,47,0.0,,0.0,1,7ZQ3U8V,2022-05-20 13:57:47,,,,,,
108,44.47817885,25.98482206,2022,9,14,8,52,19,1.922011398492435,0.8921385677095893,2.5,1,6aF20Po,2022-09-14 08:52:19,276.9225542241253,783.2164814126987,1.5100000000000002,0.0003540957,(44.478400;25.985800),C1_20220914_20220928_6aF20Po_6467_CH4PL.tif
108,44.47875755,25.98530822,2022,10,17,11,45,57,0.3945377068266404,0.2512186111147053,0.94,5,LajLVPo,2022-10-17 11:45:57,51.79712469414188,462.9865913972985,0.9796,0.0003540957,(44.478600;25.986100),C5_20221017_20221020_LajLVPo_7034_CH4PL.tif
108,0.0,0.0,2022,10,19,8,6,18,0.0,,0.0,2,-an0VPo,2022-10-19 08:06:18,,,,,,
109,44.31523721,26.12894932,2022,9,19,11,49,51,1.4856290554218268,0.5958949190210936,3.65,4,HaIMUua,2022-09-19 11:49:51,216.84820899309145,998.9185373355195,1.901,0.0003551237,(44.315300;26.129300),C4_20220919_20220927_HaIMUua_6392_CH4PL.tif
109,44.31514215,26.13006355,2022,10,19,11,47,51,1.3375795150462158,0.7475224550174776,1.4,3,Dan2zua,2022-10-19 11:47:51,405.48059990421103,1239.741968768837,1.136,0.0003551237,(44.315500;26.130000),C3_20221019_20221022_Dan2zua_7105_CH4PL.tif
109,44.31475833,26.12369092,2022,10,21,9,3,0,2.0531508623287857,0.8426091285480583,3.35,1,6ap2zua,2022-10-21 09:03:00,298.3451559163552,941.0913748369578,1.799,0.0003551237,(44.316200;26.130200),C1_20221021_20221027_6ap2zua_7266_CH4PL.tif
109,44.31526005,26.12778857,2022,11,9,11,54,9,2.294608909726481,1.1340203229276928,2.08,4,Hb86Uua,2022-11-09 11:54:09,990.3303505735984,2124.251648476441,1.3672,0.0003551237,(44.315100;26.129700),C4_20221109_20221111_Hb86Uua_7580_CH4PL.tif
109,44.31485342,26.12724444,2022,11,10,8,9,29,4.019146959212256,2.583009099157065,0.88,2,-b90Uua,2022-11-10 08:09:29,2770.688538816785,2380.485238348744,0.9592,0.0003551237,(44.316100;26.128100),C2_20221110_20221114_-b90Uua_7619_CH4PL.tif
109,44.31501716,26.13072748,2022,11,22,11,51,15,1.446769276670368,0.7130732548813749,2.19,3,DbK3Uua,2022-11-22 11:51:15,141.43595502481173,494.3285735139429,1.4046,0.0003551237,(44.315200;26.130300),C3_20221122_20221124_DbK3Uua_7925_CH4PL.tif
109,44.31604,26.13075,2022,12,31,11,57,17,2.35195318507849,0.9157843199098225,3.69,5,Lbw1zua,2022-12-31 11:57:17,362.2437500450102,1061.580135884768,1.9146,0.0003551237,(44.316500;26.131400),C5_20221231_20230106_Lbw1zua_8907_CH4PL.tif
110,0.0,0.0,2022,6,29,0,56,40,0.0,,0.0,2,A_246Vn,2022-06-29 00:56:40,,,,,,
110,48.36370747,135.15168056,2022,9,14,4,47,8,0.437340595139788,0.1921047884955398,2.88,4,HaE96Vn,2022-09-14 04:47:08,13.745776804987525,185.474386144101,1.6392000000000002,0.0003543423,(48.364100;135.151700),C4_20220914_20221013_HaE96Vn_6841_CH4PL.tif
110,0.0,0.0,2022,9,15,0,55,32,0.0,,0.0,2,-aF46Vn,2022-09-15 00:55:32,,,,,,
110,0.0,0.0,2022,9,16,4,41,43,0.0,,0.0,5,LaG8aVn,2022-09-16 04:41:43,,,,,,
110,48.36412385,135.15159484,2022,9,23,4,43,44,0.2547661173518391,0.1442831151993578,1.47,4,HaN76Vn,2022-09-23 04:43:44,13.41829201330404,219.90807435329333,1.1598000000000002,0.0003543423,(48.364000;135.151600),C4_20220923_20220928_HaN76Vn_6489_CH4PL.tif
110,0.0,0.0,2022,9,27,4,39,33,0.0,,0.0,3,DaPSaVn,2022-09-27 04:39:33,,,,,,
111,55.75340927,38.28763895,2022,5,22,8,18,27,2.536270495952782,0.8450843942269171,5.08,1,7ZR95fz,2022-05-22 08:18:27,103.99524243705,352.3783426534216,2.3872,0.0003520847,(55.754400;38.288300),C1_20220522_20220530_7ZR95fz_4059_CH4PL.tif
111,55.7536158,38.28881407,2022,6,24,8,33,44,3.519258929334227,1.4110301900117652,3.36,1,7Zy0_fz,2022-06-24 08:33:44,239.988554960236,442.4793311675353,1.8024,0.0003520847,(55.753400;38.290800),C1_20220624_20231013_7Zy0_fz_18155_CH4PL.tif
112,24.60906932,46.89703242,2022,6,26,6,24,44,3.2237775585125057,0.959454431657025,5.93,2,AZyCrbF,2022-06-26 06:24:44,450.91902589069247,1347.58000844318,2.6762,0.0003344856,(24.612200;46.896900),C2_20220626_20220629_AZyCrbF_4295_CH4PL.tif
112,24.61037179,46.88591154,2022,8,27,10,17,42,4.295747590915942,1.4332111089529909,4.95,3,D_y2MbF,2022-08-27 10:17:42,701.9837569519693,1378.3613836296124,2.3430000000000004,0.0003344856,(24.615500;46.882000),C3_20220827_20220916_D_y2MbF_6044_CH4PL.tif
112,24.61037179,46.88591154,2022,8,27,10,17,42,4.406356180330929,1.4701139892410242,4.95,3,D_y2MbF,2022-08-27 10:17:42,553.1233682065872,1058.8079572356614,2.3430000000000004,0.0003344856,(24.610200;46.885600),C3_20220827_20220916_D_y2MbF_6045_CH4PL.tif
112,24.61604321,46.89568515,2022,9,5,10,17,17,4.955648663718675,2.359995305127577,2.23,3,Da5KMbF,2022-09-05 10:17:17,1666.5975712526604,1716.9996925482042,1.4182,0.0003344856,(24.610700;46.893000),C3_20220905_20220914_Da5KMbF_5897_CH4PL.tif
112,24.61777105,46.89150296,2022,10,25,10,22,35,8.904946638913223,3.848942809350372,2.89,5,Lat3rbF,2022-10-25 10:22:35,2288.1742633634644,1519.4698756391767,1.6426000000000005,0.0003344856,(24.617500;46.891600),C5_20221025_20221027_Lat3rbF_7267_CH4PL.tif
112,24.6203471,46.89040648,2022,10,27,7,20,40,2.221655222027557,0.8976234060509709,3.54,1,6av1MbF,2022-10-27 07:20:40,155.30158080463377,468.98010241398833,1.8636,0.0003344856,(24.620100;46.890900),C1_20221027_20221101_6av1MbF_7308_CH4PL.tif
112,24.6244,46.89429,2022,11,11,6,26,41,1.5558379472441088,0.5934597761919647,5.85,2,-b97MbF,2022-11-11 06:26:41,72.35994306100875,443.5252156108618,2.649,0.0003344856,(24.624000;46.894500),C2_20221111_20221115_-b97MbF_7658_CH4PL.tif
112,24.62035152,46.89042025,2022,12,26,10,16,51,7.009213772680815,2.288104959732971,5.25,3,DbpQrbF,2022-12-26 10:16:51,1831.332775125472,2299.7431109151667,2.4450000000000003,0.0003344856,(24.620600;46.891100),C3_20221226_20230715_DbpQrbF_14297_CH4PL.tif
113,0.0,0.0,2021,2,26,11,43,0,0.0,,0.0,1,7SQ076Z,2021-02-26 11:43:00,,,,,,
113,0.0,0.0,2021,3,17,11,45,28,0.0,,0.0,1,7Si176Z,2021-03-17 11:45:28,,,,,,
113,0.0,0.0,2021,3,26,10,50,10,0.0,,0.0,2,ASr1b6Z,2021-03-26 10:50:10,,,,,,
113,0.0,0.0,2021,9,29,11,39,16,0.0,,0.0,1,7Vm1b6Z,2021-09-29 11:39:16,,,,,,
113,0.0,0.0,2021,10,18,10,48,54,0.0,,0.0,2,AW3j76Z,2021-10-18 10:48:54,,,,,,
113,0.0,0.0,2021,11,5,10,44,35,0.0,,0.0,2,AWM2b6Z,2021-11-05 10:44:35,,,,,,
113,0.0,0.0,2021,11,22,10,50,6,0.0,,0.0,2,AWaGb6Z,2021-11-22 10:50:06,,,,,,
113,0.0,0.0,2021,12,10,10,44,14,0.0,,0.0,2,AWu276Z,2021-12-10 10:44:14,,,,,,
113,0.0,0.0,2022,1,5,10,44,44,0.0,,0.0,2,AXJ276Z,2022-01-05 10:44:44,,,,,,
113,0.0,0.0,2022,1,12,11,35,28,0.0,,0.0,1,7XQ276Z,2022-01-12 11:35:28,,,,,,
113,0.0,0.0,2022,1,18,11,36,46,0.0,,0.0,1,7XW276Z,2022-01-18 11:36:46,,,,,,
113,0.0,0.0,2022,2,5,11,39,34,0.0,,0.0,1,7Xn176Z,2022-02-05 11:39:34,,,,,,
113,0.0,0.0,2022,2,23,11,40,20,0.0,,0.0,1,7Y51b6Z,2022-02-23 11:40:20,,,,,,
113,0.0,0.0,2022,2,26,10,38,47,0.0,,0.0,2,AY83b6Z,2022-02-26 10:38:47,,,,,,
113,0.0,0.0,2022,3,13,11,39,16,0.0,,0.0,1,7YL9b6Z,2022-03-13 11:39:16,,,,,,
113,0.0,0.0,2022,3,25,11,37,15,0.0,,0.0,1,7YY2b6Z,2022-03-25 11:37:15,,,,,,
113,14.80190077,-17.31212795,2022,4,9,10,39,8,1.0651285081798294,0.394615094644807,4.59,2,AYm276Z,2022-04-09 10:39:08,79.60090195122854,597.4324613936604,2.2206,0.000357596,(14.802100;-17.312000),C2_20220409_20220421_AYm276Z_3812_CH4PL.tif
113,0.0,0.0,2022,5,5,11,35,33,0.0,,0.0,1,7ZB276Z,2022-05-05 11:35:33,,,,,,
113,14.80103352,-17.31065497,2022,5,12,10,37,5,0.99065010377499,0.4246467811366859,3.02,2,AZI2b6Z,2022-05-12 10:37:05,90.95531121344484,557.5372234179576,1.6868000000000003,0.000357596,(14.801900;-17.310900),C2_20220512_20220518_AZI2b6Z_3991_CH4PL.tif
113,14.80185923,-17.31255339,2022,6,5,10,38,40,1.6100756816700177,0.8557023317593503,2.72,2,AZe8b6Z,2022-06-05 10:38:40,286.2784543328826,1014.4235817798348,1.5848000000000002,0.000357596,(14.803100;-17.310500),C2_20220605_20231109_AZe8b6Z_18488_CH4PL.tif
113,14.80479438,-17.31090707,2022,9,27,14,20,13,6.242294599234491,1.8943735722970576,5.8,3,DaS676Z,2022-09-27 14:20:13,565.6466629991147,858.5969752062769,2.632,0.000357596,(14.805200;-17.310700//14.802300;-17.310800),C3_20220927_20221001_DaS676Z_6585_CH4PL.tif
113,14.80142999,-17.32051699,2022,10,18,14,33,23,0.5956821735851608,0.2525822384428843,3.29,4,Ham4b6Z,2022-10-18 14:33:23,32.246347239190065,346.6144878500824,1.7786,0.000357596,(14.801200;-17.319400),C4_20221018_20221021_Ham4b6Z_7073_CH4PL.tif
113,14.80480307,-17.31195382,2022,10,18,14,33,23,4.459460383689013,1.820572628252073,3.29,4,Ham4b6Z,2022-10-18 14:33:23,1583.3285320946652,2273.3668169677467,1.7786,0.000357596,(14.804400;-17.312000//14.803000;-17.309300),C4_20221018_20221021_Ham4b6Z_7072_CH4PL.tif
113,14.80133875,-17.31991031,2022,10,19,14,22,22,0.5696582707425079,0.2370434614802578,3.48,4,Han5b6Z,2022-10-19 14:22:22,31.84567230496665,370.9462432935834,1.8432,0.000357596,(14.800900;-17.319200),C4_20221019_20221022_Han5b6Z_7110_CH4PL.tif
113,14.80555223,-17.31180264,2022,10,19,14,22,22,3.623086864305665,1.4494900814295857,3.48,4,Han5b6Z,2022-10-19 14:22:22,1120.9103961141766,2052.896778407476,1.8432,0.000357596,(14.804500;-17.311100//14.802700;-17.311700),C4_20221019_20221022_Han5b6Z_7109_CH4PL.tif
113,14.80475815,-17.31072589,2022,10,22,14,33,3,5.600590470307232,2.1830328374349035,3.66,3,Daq476Z,2022-10-22 14:33:03,1867.1559022238464,2285.637949885687,1.9044000000000003,0.000357596,(14.803800;-17.308700//14.799500;-17.316300),C3_20221022_20221025_Daq476Z_7150_CH4PL.tif
113,14.80372728,-17.31195872,2022,11,7,10,31,24,2.2211551233526143,1.0461493066714058,2.31,2,-b4Gb6Z,2022-11-07 10:31:24,510.2035448366013,1195.2400376869612,1.4454000000000002,0.000357596,(14.802400;-17.312700),C2_20221107_20221110_-b4Gb6Z_7553_CH4PL.tif
113,14.80455,-17.31111,2022,11,9,14,24,20,3.766750841657777,1.2655271468508125,4.89,3,Db86b6Z,2022-11-09 14:24:20,640.2702541694385,1421.2594136027446,2.3226,0.000357596,(14.802500;-17.310200//14.798900;-17.319900),C3_20221109_20221111_Db86b6Z_7574_CH4PL.tif
113,14.80087438,-17.32037753,2022,11,18,14,19,11,0.7519976172813208,0.2756701536757854,5.21,3,DbG676Z,2022-11-18 14:19:11,11.92649055321464,138.82098356816556,2.4314,0.000357596,(14.801400;-17.320500),C3_20221118_20221122_DbG676Z_7817_CH4PL.tif
113,14.80168346,-17.3127643,2022,11,18,14,19,11,3.782887093325024,1.2388027342350822,5.21,3,DbG676Z,2022-11-18 14:19:11,193.56462208691443,447.8798435991477,2.4314,0.000357596,(14.801700;-17.313600),C3_20221118_20221122_DbG676Z_7816_CH4PL.tif
113,14.799019,-17.321067,2022,11,21,14,31,52,0.5116584448831851,0.1567239388884065,6.08,4,HbHNb6Z,2022-11-21 14:31:52,6.866257476354528,131.7526707052423,2.7272000000000003,0.000357596,(14.798500;-17.320500),C4_20221121_20221123_HbHNb6Z_7903_CH4PL.tif
113,14.801287,-17.309983,2022,11,21,14,31,52,2.5289708863288274,0.7456000672594695,6.08,4,HbHNb6Z,2022-11-21 14:31:52,227.55630313215448,883.4145113036116,2.7272000000000003,0.000357596,(14.802700;-17.309600//14.801300;-17.312200),C4_20221121_20221123_HbHNb6Z_7902_CH4PL.tif
113,14.804337,-17.310911,2022,11,22,10,26,51,4.033783364550894,1.0465038202768835,7.2,2,-bK2b6Z,2022-11-22 10:26:51,410.022306725643,1137.3088663631413,3.1080000000000005,0.000357596,(14.805000;-17.310600),C2_20221122_20221124_-bK2b6Z_7930_CH4PL.tif
113,14.801097,-17.3103248,2022,11,22,14,20,40,4.210304275324969,1.1355092437227794,6.88,4,HbK476Z,2022-11-22 14:20:40,429.6690146685954,1101.8652354527303,2.9992,0.000357596,(14.801900;-17.310800),C4_20221122_20221124_HbK476Z_7926_CH4PL.tif
113,14.80298127,-17.30861275,2022,11,23,14,32,45,3.863208747298288,1.2385328454036753,5.56,5,LbL4b6Z,2022-11-23 14:32:45,415.7332960295344,988.046611813774,2.5504,0.000357596,(14.802500;-17.309700),C5_20221123_20221125_LbL4b6Z_7945_CH4PL.tif
113,14.79948,-17.32059,2022,11,23,14,32,45,0.9953128993265224,0.3376597398755087,5.56,5,LbL4b6Z,2022-11-23 14:32:45,29.102444769913067,268.4606526139397,2.5504,0.000357596,(14.798900;-17.320300),C5_20221123_20221125_LbL4b6Z_7946_CH4PL.tif
113,14.80229147,-17.31048121,2022,12,2,14,26,31,4.241893035304527,1.1440549362772177,7.02,5,LbU6b6Z,2022-12-02 14:26:31,555.9431779251424,1437.5307386247189,3.0468,0.000357596,(14.801800;-17.310400//14.799000;-17.318700),C5_20221202_20221206_LbU6b6Z_8140_CH4PL.tif
113,14.79947,-17.32107,2022,12,6,10,33,48,0.6062841788937102,0.1907428711990055,5.74,2,-bY2b6Z,2022-12-06 10:33:48,11.462051970184438,177.74414289984904,2.6116,0.000357596,(14.799500;-17.320900),C2_20221206_20221208_-bY2b6Z_8202_CH4PL.tif
113,14.80120788,-17.31097756,2022,12,6,10,33,48,3.0372907383151424,0.920329438921448,5.74,2,-bY2b6Z,2022-12-06 10:33:48,329.3040746781457,1019.341954357471,2.6116,0.000357596,(14.803100;-17.310000),C2_20221206_20221208_-bY2b6Z_8201_CH4PL.tif
113,14.80623381,-17.3089574,2022,12,8,14,29,0,2.978589978129845,0.7770900180239331,7.26,4,Hb_5b6Z,2022-12-08 14:29:00,329.48507665217426,1245.8042351989077,3.1284,0.000357596,(14.802700;-17.309900//14.799700;-17.319000),C4_20221208_20221210_Hb_5b6Z_8223_CH4PL.tif
113,14.80321117,-17.31117955,2022,12,10,11,22,51,4.61546044500666,1.5488838652496115,5.24,1,6bb376Z,2022-12-10 11:22:51,531.6993853714847,1012.577194680328,2.4416,0.000357596,(14.803700;-17.310600),C1_20221210_20221216_6bb376Z_8334_CH4PL.tif
113,14.80144003,-17.31098467,2022,12,13,14,23,16,7.608835521786634,2.811478535590847,4.05,3,Dbe676Z,2022-12-13 14:23:16,1572.0479150668218,1515.0993522936726,2.037,0.000357596,(14.801900;-17.310900//14.799400;-17.318400),C3_20221213_20221216_Dbe676Z_8380_CH4PL.tif
113,14.80285499,-17.31294541,2022,12,14,10,23,39,6.751416450630181,2.225747586319472,4.95,2,-bf1b6Z,2022-12-14 10:23:39,1106.398631433331,1382.265668938669,2.3430000000000004,0.000357596,(14.802900;-17.311100//14.804400;-17.313200),C2_20221214_20221217_-bf1b6Z_8413_CH4PL.tif
113,14.80508961,-17.30860552,2022,12,15,11,24,56,4.999095707135234,1.538936669633688,5.9,1,6bg2b6Z,2022-12-15 11:24:56,418.8762612107532,804.1868049972047,2.6660000000000004,0.000357596,(14.803900;-17.309600),C1_20221215_20221217_6bg2b6Z_8446_CH4PL.tif
113,14.79977809,-17.32030283,2022,12,15,11,24,56,3.481222755793887,1.102567951278576,5.9,1,6bg2b6Z,2022-12-15 11:24:56,193.1302292642809,532.4527668624168,2.6660000000000004,0.000357596,(14.799700;-17.320100),C1_20221215_20221217_6bg2b6Z_8447_CH4PL.tif
113,14.80201771,-17.30955426,2022,12,16,14,32,40,2.321249543995258,0.6562662258655643,6.78,4,Hbh676Z,2022-12-16 14:32:40,265.84318155377446,1222.5318619175157,2.9652000000000003,0.000357596,(14.802600;-17.309600//14.798600;-17.319600),C4_20221216_20221220_Hbh676Z_8474_CH4PL.tif
113,14.80273596,-17.310335,2022,12,17,14,21,21,1.751427322575203,0.6189886468361583,4.77,4,Hbi676Z,2022-12-17 14:21:21,265.12778138831766,1243.4925672259478,2.2818,0.000357596,(14.801900;-17.310500),C4_20221217_20221220_Hbi676Z_8470_CH4PL.tif
114,44.7858612,20.59405356,2021,10,21,8,33,15,4.959352126443773,2.032877057933952,3.91,2,-W819jr,2021-10-21 08:33:15,837.2695281545444,1209.1076101543538,1.9894000000000005,0.0003531922,(44.787300;20.596200),C2_20211021_20220423_-W819jr_2447_CH4PL.tif
114,0.0,0.0,2021,10,26,9,23,41,0.0,,0.0,1,6WC29jr,2021-10-26 09:23:41,,,,,,
114,44.78940636,20.59335571,2021,10,30,8,31,8,3.613328491890707,0.8960383727040124,8.31,2,-WG0djr,2021-10-30 08:31:08,411.8255000643269,1430.0819214538874,3.4854000000000007,0.0003531922,(44.788200;20.593800),C2_20211030_20220423_-WG0djr_2514_CH4PL.tif
114,0.0,0.0,2021,11,1,9,26,40,0.0,,0.0,1,6WGGdjr,2021-11-01 09:26:40,,,,,,
114,0.0,0.0,2022,1,1,9,33,54,0.0,,0.0,1,6XE8djr,2022-01-01 09:33:54,,,,,,
114,44.787801,20.59571,2022,7,19,9,26,33,1.785163143988948,0.8954539491257965,2.01,1,6_M19jr,2022-07-19 09:26:33,257.44645757380505,697.4560617438152,1.3434,0.0003531922,(44.787500;20.597300),C1_20220719_20220721_6_M19jr_4748_CH4PL.tif
114,44.78676717,20.60341661,2022,10,29,12,22,25,2.2077989238467643,1.1014751829392226,2.12,4,Hax3djr,2022-10-29 12:22:25,405.8933313330498,913.8726453138124,1.3808000000000002,0.0003531922,(44.786100;20.598900//44.782500;20.593200),C4_20221029_20221102_Hax3djr_7325_CH4PL.tif
114,44.78718428,20.59630558,2022,11,9,12,16,7,2.291262217720568,0.8772558837586845,3.89,5,Lb84djr,2022-11-09 12:16:07,331.6600490361205,1033.1323710052704,1.9826,0.0003531922,(44.787300;20.596100),C5_20221109_20221111_Lb84djr_7596_CH4PL.tif
114,44.78136954,20.59285341,2022,11,9,12,16,7,1.1566411535335952,0.4479657685383452,3.89,5,Lb84djr,2022-11-09 12:16:07,94.59603836756384,583.729861539554,1.9826,0.0003531922,(44.782300;20.592700),C5_20221109_20221111_Lb84djr_7597_CH4PL.tif
114,44.78176296,20.59077663,2022,12,21,12,17,1,5.599421319751332,2.522545597274922,2.6,5,Lbm29jr,2022-12-21 12:17:01,1203.8834907469463,1195.0638490737826,1.544,0.0003531922,(44.786800;20.595800//44.782200;20.592000),C5_20221221_20221224_Lbm29jr_8680_CH4PL.tif
114,44.78159504,20.59165861,2022,12,23,12,21,2,2.6134910323693794,1.4626059703086118,1.39,3,Dbo49jr,2022-12-23 12:21:02,781.2940592827821,1218.9125985518222,1.1326,0.0003531922,(44.787000;20.596100//44.782100;20.592200),C3_20221223_20230110_Dbo49jr_9043_CH4PL.tif
114,44.78179449,20.59115449,2022,12,28,12,6,52,2.021740316478249,0.8301968159392841,3.55,4,HbsIdjr,2022-12-28 12:06:52,573.1144653756987,1905.297586088173,1.867,0.0003531922,(44.786300;20.596700//44.782200;20.592100),C4_20221228_20230112_HbsIdjr_9134_CH4PL.tif
115,14.05405725,99.97280273,2021,11,22,2,54,1,4.798256300269473,2.9045803411315814,1.5,2,AWaD14Y,2021-11-22 02:54:01,2168.3009392710374,1903.3755149129283,1.17,0.0003573897,(14.054300;99.973900),C2_20211122_20220423_AWaD14Y_2600_CH4PL.tif
115,14.06620949,99.97663717,2021,11,22,2,54,1,1.522715562262026,0.9242396768240572,1.5,2,AWaD14Y,2021-11-22 02:54:01,246.1083217177376,680.7628927987097,1.17,0.0003573897,(14.066100;99.977000),C2_20211122_20220423_AWaD14Y_2599_CH4PL.tif
115,0.0,0.0,2021,12,18,3,49,42,0.0,,0.0,1,7X1614Y,2021-12-18 03:49:42,,,,,,
115,14.05659012,99.97204501,2021,12,27,2,52,25,1.4415089945525328,0.5633483496909909,3.66,2,AX8FW4Y,2021-12-27 02:52:25,63.12408705319572,300.21917491893254,1.9044000000000003,0.0003573897,(14.056600;99.972100),C2_20211227_20220422_AX8FW4Y_2913_CH4PL.tif
115,14.06861712,99.97800425,2021,12,27,2,52,25,1.1139186049851573,0.4478656184724404,3.66,2,AX8FW4Y,2021-12-27 02:52:25,90.56524864208788,557.4023554967423,1.9044000000000003,0.0003573897,(14.068100;99.976200),C2_20211227_20220422_AX8FW4Y_2912_CH4PL.tif
115,0.0,0.0,2022,1,30,3,44,18,0.0,,0.0,1,7Xg4W4Y,2022-01-30 03:44:18,,,,,,
115,14.05497738,99.97201635,2022,2,23,3,45,52,3.2384386282507,1.3152020180612565,3.4,1,7Y4714Y,2022-02-23 03:45:52,591.8053851316395,1194.7074902347335,1.8160000000000005,0.0003573897,(14.054200;99.971600),C1_20220223_20220421_7Y4714Y_3380_CH4PL.tif
115,0.0,0.0,2022,4,23,3,48,11,0.0,,0.0,1,7Yz6W4Y,2022-04-23 03:48:11,,,,,,
115,14.05764439,99.97227276,2022,9,14,2,52,15,3.336853567777103,1.6379178384674629,2.04,2,-aE6W4Z,2022-09-14 02:52:15,532.1101983425316,777.0648784694972,1.3536,0.0003573897,(14.057400;99.972800),C2_20220914_20220920_-aE6W4Z_6081_CH4PL.tif
115,14.06608449,99.97663576,2022,9,14,2,52,15,1.163585018446143,0.5759308741216238,2.04,2,-aE6W4Z,2022-09-14 02:52:15,129.1674201242054,540.9382740326004,1.3536,0.0003573897,(14.068900;99.978000//14.065900;99.977200),C2_20220914_20220920_-aE6W4Z_6082_CH4PL.tif
115,14.05498049,99.96150433,2022,10,13,3,39,55,1.3621044043112882,0.5405865329994078,3.61,1,6ag514Z,2022-10-13 03:39:55,77.4339012615438,386.2666336019685,1.8874,0.0003573897,(14.054600;99.961600),C1_20221013_20221015_6ag514Z_6951_CH4PL.tif
115,14.05612809,99.97190737,2022,10,13,3,39,55,2.4479348661555176,0.9710449014236036,3.61,1,6ag514Z,2022-10-13 03:39:55,282.2918824690308,783.5468757025008,1.8874,0.0003573897,(14.056300;99.971600),C1_20221013_20221015_6ag514Z_6950_CH4PL.tif
115,14.0567726,99.97307196,2022,10,13,6,40,42,4.776821473984227,1.7187785438442735,4.34,3,DagB14Z,2022-10-13 06:40:42,1146.0617610530917,1844.554215987648,2.1356,0.0003573897,(14.056100;99.972100),C3_20221013_20221018_DagB14Z_6955_CH4PL.tif
115,14.05752532,99.97216332,2022,10,18,6,37,22,2.017216941069167,0.8308062962101193,3.27,4,HajO14Z,2022-10-18 06:37:22,237.28551880151835,750.301519460228,1.7718000000000005,0.0003573897,(14.057100;99.972100),C4_20221018_20221022_HajO14Z_7121_CH4PL.tif
115,14.06040687,99.96761287,2022,10,18,6,37,22,0.8140696785236103,0.3476541048703236,3.27,4,HajO14Z,2022-10-18 06:37:22,71.04500822082298,556.6589396354874,1.7718000000000005,0.0003573897,(14.059600;99.967100),C4_20221018_20221022_HajO14Z_7122_CH4PL.tif
115,14.06857658,99.97522172,2022,11,3,3,42,35,1.64741613638871,0.93473141062305,1.37,1,6b16W4Z,2022-11-03 03:42:35,220.48412047386543,542.4225624892598,1.1258,0.0003573897,(14.069400;99.975100),C1_20221103_20221108_6b16W4Z_7456_CH4PL.tif
115,14.05588533,99.97270643,2022,11,3,3,42,35,3.31092530683774,1.8753781864604144,1.37,1,6b16W4Z,2022-11-03 03:42:35,855.9295413011374,1047.7372329071873,1.1258,0.0003573897,(14.057500;99.971500),C1_20221103_20221108_6b16W4Z_7455_CH4PL.tif
115,14.05659909,99.96429569,2022,11,4,6,37,34,2.38183393067003,0.967375151268029,3.45,4,Hb2-14Z,2022-11-04 06:37:34,410.0988196910116,1136.1665717037552,1.833,0.0003573897,(14.055400;99.964200),C4_20221104_20221109_Hb2-14Z_7482_CH4PL.tif
115,14.05568659,99.97214538,2022,11,8,6,39,21,4.82311556975597,1.821594096966223,3.87,3,Db4514Z,2022-11-08 06:39:21,1215.717686740354,1792.8772169353688,1.9758,0.0003573897,(14.056200;99.972800),C3_20221108_20221117_Db4514Z_7708_CH4PL.tif
115,14.05639864,99.97237291,2022,12,4,6,33,58,2.155728801834527,0.8509321595413607,3.87,3,DbV8W4Z,2022-12-04 06:33:58,243.83933004091256,804.5538438719334,1.9758,0.0003573897,(14.056300;99.972500),C3_20221204_20221213_DbV8W4Z_8276_CH4PL.tif
115,14.05619401,99.97114514,2022,12,10,6,34,58,0.5288654110494612,0.4023058633046447,1.89,5,Lba814Z,2022-12-10 06:34:58,39.20001400357878,347.5798829480086,1.3026,0.0003573897,(14.056800;99.971900),C5_20221210_20221216_Lba814Z_8401_CH4PL.tif
115,14.05595007,99.96351486,2022,12,10,6,34,58,0.0660707868443757,0.0660707868443757,1.89,5,Lba814Z,2022-12-10 06:34:58,1.963259818731468,139.34194677068982,1.3026,0.0003573897,(14.055500;99.962800),C5_20221210_20221216_Lba814Z_8400_CH4PL.tif
115,14.06545737,99.97695793,2022,12,10,6,34,58,0.0666811174964831,0.0666811174964831,1.89,5,Lba814Z,2022-12-10 06:34:58,2.4116777815261967,169.60161656220214,1.3026,0.0003573897,(14.065800;99.977300),C5_20221210_20221216_Lba814Z_8402_CH4PL.tif
115,14.0567325,99.96480732,2022,12,16,6,36,46,0.7879273968828214,0.365426927585139,2.56,4,HbgAW4Z,2022-12-16 06:36:46,65.58551731157996,458.5948831410525,1.5304000000000002,0.0003573897,(14.056400;99.965600),C4_20221216_20221222_HbgAW4Z_8586_CH4PL.tif
115,14.06870446,99.97784506,2022,12,16,6,36,46,0.3740767848434656,0.1806820376638519,2.56,4,HbgAW4Z,2022-12-16 06:36:46,19.42689380964838,286.12121940530733,1.5304000000000002,0.0003573897,(14.068500;99.977300),C4_20221216_20221222_HbgAW4Z_8587_CH4PL.tif
115,14.05801618,99.97270219,2022,12,16,6,36,46,1.6617122370739277,0.7631696372567519,2.56,4,HbgAW4Z,2022-12-16 06:36:46,326.25839551132475,1081.716204805167,1.5304000000000002,0.0003573897,(14.057700;99.972800),C4_20221216_20221222_HbgAW4Z_8585_CH4PL.tif
115,14.05612,99.971907,2022,12,18,6,38,40,3.9183409230244943,1.0095801140843617,7.37,5,Lbi914Z,2022-12-18 06:38:40,318.5947907660508,926.6642873390144,3.1658000000000004,0.0003573897,(14.056700;99.971800),C5_20221218_20230114_Lbi914Z_9277_CH4PL.tif
115,14.05374628,99.97290827,2022,12,21,6,31,16,2.1352749531892967,0.7112107843595977,4.94,3,Dbl-W4Z,2022-12-21 06:31:16,165.16645603374704,651.4966064926583,2.3396000000000003,0.0003573897,(14.054000;99.973500),C3_20221221_20230105_Dbl-W4Z_8862_CH4PL.tif
116,10.37529,-61.40981,2022,12,6,17,19,3,1.1887406680004131,0.5766002391029551,2.17,3,DbY7_oA,2022-12-06 17:19:03,212.1843091173204,898.2013040902496,1.3978000000000002,0.0003545068,(10.375400;-61.409500//10.373500;-61.410900),C3_20221206_20221208_DbY7_oA_8195_CH4PL.tif
117,36.73829872,10.07937908,2022,11,14,8,54,52,5.318035793722082,2.821861007853424,1.64,2,-bAEh4I,2022-11-14 08:54:52,2702.082220070088,2227.175517349554,1.2176,0.0003533974,(36.738800;10.078500),C2_20221114_20221117_-bAEh4I_7707_CH4PL.tif
117,36.73783005,10.0765555,2022,11,15,12,46,23,3.565926778919136,1.3992805064319849,3.65,5,LbD4h4I,2022-11-15 12:46:23,555.3069063383743,1065.7252882150328,1.901,0.0003533974,(36.738100;10.077300),C5_20221115_20221119_LbD4h4I_7792_CH4PL.tif
117,36.73913336,10.07700961,2022,12,4,12,48,54,2.845498724433696,1.279987454502366,2.59,3,DbVBh4I,2022-12-04 12:48:54,1007.8395688900764,1964.3795498477407,1.5406,0.0003533974,(36.738900;10.078500),C3_20221204_20221213_DbVBh4I_8260_CH4PL.tif
117,36.73792448,10.07750534,2022,12,16,12,51,40,2.75000778118566,1.039644271389799,3.9,4,Hbh4h4I,2022-12-16 12:51:40,524.0807816482837,1362.5299470451218,1.986,0.0003533974,(36.737500;10.077900//36.737600;10.080400),C4_20221216_20221223_Hbh4h4I_8625_CH4PL.tif
117,36.73591165,10.07911531,2022,12,18,12,53,34,2.4241188986749367,1.161103185850834,2.18,5,LbiCC4I,2022-12-18 12:53:34,496.005689550411,1032.1323022895328,1.4012000000000002,0.0003533974,(36.737000;10.079200),C5_20221218_20230106_LbiCC4I_8931_CH4PL.tif
117,36.73728,10.07809,2022,12,20,12,57,28,1.3762741102292777,0.7842209242446847,1.35,3,Dbl3h4I,2022-12-20 12:57:28,318.0425443495502,930.9210833329482,1.1190000000000002,0.0003533974,(36.738000;10.079300//36.740800;10.077900),C3_20221220_20230104_Dbl3h4I_8796_CH4PL.tif
117,36.73913245,10.07733793,2022,12,21,12,46,10,2.676443121929162,1.2265979973574488,2.48,3,Dbm3h4I,2022-12-21 12:46:10,683.6490824177679,1382.2750994307578,1.5032,0.0003533974,(36.739700;10.077300//36.737500;10.079100),C3_20221221_20230105_Dbm3h4I_8853_CH4PL.tif
117,36.73768419,10.076714,2022,12,25,9,47,35,3.9773862333937497,1.654671268794883,3.14,1,6bp6h4I,2022-12-25 09:47:35,798.4964990648061,1248.593145098277,1.7276000000000002,0.0003533974,(36.739500;10.077100//36.737600;10.079000),C1_20221225_20230105_6bp6h4I_8880_CH4PL.tif
117,36.73829024,10.0777857,2022,12,28,8,47,3,2.37975796298386,1.3783332861304125,1.25,2,-bs7C4I,2022-12-28 08:47:03,1064.4855835449816,1747.1863752536156,1.085,0.0003533974,(36.738000;10.079400),C2_20221228_20230106_-bs7C4I_8923_CH4PL.tif
118,41.21839496,28.15398725,2022,2,6,7,54,14,6.956560265337241,3.971445000462791,2.86,2,AXn6dP6,2022-02-06 07:54:14,1236.939608909121,1044.9199756838889,1.6324,0.0003501608,(41.216000;28.151400//41.212100;28.150200),C2_20220206_20220422_AXn6dP6_3262_CH4PL.tif
118,41.2138,28.1514,2022,2,9,8,54,40,3.224617189360381,1.1932048000075632,4.05,1,7Xr19P6,2022-02-09 08:54:40,178.49478285581816,405.9204131135703,2.037,0.0003501608,(41.213500;28.151400),C1_20220209_20220421_7Xr19P6_3446_CH4PL.tif
118,41.2085,28.1453,2022,2,9,8,54,40,4.888642544861373,1.8117482636250903,4.05,1,7Xr19P6,2022-02-09 08:54:40,565.5410455174806,848.3388909970696,2.037,0.0003501608,(41.208200;28.145300),C1_20220209_20220421_7Xr19P6_3447_CH4PL.tif
118,41.21546792,28.15085201,2022,2,15,8,55,0,6.218074145832394,3.4407646306143547,1.44,1,7Xx1dP6,2022-02-15 08:55:00,1143.7905604519635,761.2720194140431,1.1496,0.0003501608,(41.215600;28.151200),C1_20220215_20220421_7Xx1dP6_3439_CH4PL.tif
118,41.21480097,28.1494331,2022,3,28,8,3,24,13.43470043991768,7.403077462908866,1.46,2,AYZB9P6,2022-03-28 08:03:24,11347.77668158285,3516.3603719910066,1.1564,0.0003501608,(41.215400;28.150100),C2_20220328_20220421_AYZB9P6_3692_CH4PL.tif
118,41.21640034,28.15116585,2022,4,14,7,59,21,5.141982407457173,3.537863220150648,0.67,2,AYr0dP6,2022-04-14 07:59:21,987.2073836848564,613.6142687442236,0.8878,0.0003501608,(41.217300;28.151500),C2_20220414_20220421_AYr0dP6_3815_CH4PL.tif
118,41.21281677,28.14914715,2022,4,27,8,55,13,4.3316086445161215,1.6113126602992216,4.03,1,7Z419P6,2022-04-27 08:55:13,426.2536036522545,719.2173840610939,2.0302,0.0003501608,(41.213800;28.150700//41.214800;28.147500),C1_20220427_20220430_7Z419P6_3902_CH4PL.tif
118,41.2147755,28.14956029,2022,7,12,7,53,5,6.205111854486036,2.4679095823467163,3.48,2,A_F19P6,2022-07-12 07:53:05,1338.8472647216624,1431.7143687882374,1.8432,0.0003501608,(41.215100;28.149700),C2_20220712_20220728_A_F19P6_4870_CH4PL.tif
118,41.21459127,28.15088207,2022,9,25,8,50,22,6.715122289381712,3.1543360917961705,2.31,1,6aP79P6,2022-09-25 08:50:22,1370.7935678339757,1062.2058356091045,1.4454000000000002,0.0003501608,(41.216000;28.149500),C1_20220925_20220927_6aP79P6_6389_CH4PL.tif
118,41.21771,28.15225,2022,9,30,11,42,55,4.3408082398408805,1.5906786657041327,4.25,5,LaV39P6,2022-09-30 11:42:55,626.0909504155684,1093.003182841151,2.105,0.0003501608,(41.216000;28.149100),C5_20220930_20221029_LaV39P6_7287_CH4PL.tif
118,41.21668176,28.14830406,2022,10,1,8,39,56,8.16296716811185,3.393230002703888,3.14,1,6aW2dP6,2022-10-01 08:39:56,2224.608717114761,1694.9281046875926,1.7276000000000002,0.0003501608,(41.216000;28.148900),C1_20221001_20221008_6aW2dP6_6793_CH4PL.tif
118,41.21516676,28.14950155,2022,10,6,7,41,35,7.527725865420392,2.222776360056819,6.0,2,-aa19P6,2022-10-06 07:41:35,1201.7417914022433,1551.7209873552526,2.7,0.0003501608,(41.214900;28.149200),C2_20221006_20221008_-aa19P6_6775_CH4PL.tif
118,41.21537346,28.14938603,2022,10,9,11,39,43,5.321751159455995,2.5761998227217693,2.2,5,LacD9P6,2022-10-09 11:39:43,981.7178624350616,935.0552763574756,1.408,0.0003501608,(41.215100;28.149900),C5_20221009_20221014_LacD9P6_6938_CH4PL.tif
118,41.2162986,28.15355563,2022,10,27,8,51,2,8.161207040295531,3.059330275448352,3.97,1,6av2dP6,2022-10-27 08:51:02,1636.9629144498845,1451.2418294478257,2.0098000000000003,0.0003501608,(41.215700;28.150000),C1_20221027_20221101_6av2dP6_7307_CH4PL.tif
118,41.21477644,28.1466897,2022,11,1,11,49,43,5.77564914589888,2.356707568462081,3.33,4,Hb05dP6,2022-11-01 11:49:43,1553.3525317740682,1735.23460543308,1.7922000000000002,0.0003501608,(41.215100;28.149500),C4_20221101_20221104_Hb05dP6_7380_CH4PL.tif
118,41.21552998,28.14962229,2022,11,2,8,37,57,11.134501022456504,4.877714255398195,2.76,1,6b119P6,2022-11-02 08:37:57,3320.5978929880007,1716.0640769811305,1.5984,0.0003501608,(41.216600;28.150400),C1_20221102_20221104_6b119P6_7407_CH4PL.tif
118,41.21347975,28.14501135,2022,11,3,11,48,44,8.339958649678952,3.168059028543534,3.81,5,Lb249P6,2022-11-03 11:48:44,2599.430604825797,2194.079916396146,1.9554,0.0003501608,(41.215400;28.149900),C5_20221103_20221109_Lb249P6_7496_CH4PL.tif
118,41.2161769,28.14633971,2022,11,4,7,52,44,7.164253868826141,2.911856532370248,3.28,2,-b309P6,2022-11-04 07:52:44,2555.344339987054,2279.4404664386643,1.7752,0.0003501608,(41.215800;28.147000//41.217600;28.150100),C2_20221104_20221221_-b309P6_8532_CH4PL.tif
118,41.21463673,28.1514414,2022,12,22,11,41,36,4.348096041113693,2.169868092883544,1.97,4,Hbn1dP6,2022-12-22 11:41:36,2079.433763166104,2289.4691312246314,1.3298,0.0003501608,(41.215800;28.149200),C4_20221222_20221224_Hbn1dP6_8667_CH4PL.tif
118,41.2162028,28.15081653,2022,12,26,7,37,24,9.63098830786404,6.906404954969196,0.56,2,-bpDdP6,2022-12-26 07:37:24,8889.506365730105,2825.742228975507,0.8504,0.0003501608,(41.215800;28.148300),C2_20221226_20230111_-bpDdP6_9066_CH4PL.tif
119,41.14741298,29.36920137,2022,1,20,7,52,15,1.3747234037139449,0.3969512403354772,6.94,2,AXY093k,2022-01-20 07:52:15,58.43723200934339,462.0896356862133,3.0196000000000005,0.0003538492,(41.148200;29.369400),C2_20220120_20220422_AXY093k_3132_CH4PL.tif
119,41.14762098,29.3729819,2022,2,15,7,49,9,7.394976671788443,4.162414360342995,1.36,2,AXx0d3k,2022-02-15 07:49:09,4057.788999723513,2217.1894884257285,1.1224,0.0003538492,(41.147800;29.370800//41.147100;29.367500),C2_20220215_20220421_AXx0d3k_3393_CH4PL.tif
119,41.1480555,29.36764676,2022,5,17,7,56,1,2.619901921224656,1.5555167265433605,1.17,2,AZN0d3k,2022-05-17 07:56:01,1115.7406591578565,1621.7514308091972,1.0578,0.0003538492,(41.146200;29.370600),C2_20220517_20220520_AZN0d3k_3994_CH4PL.tif
119,41.147655,29.373833,2022,5,26,7,45,0,2.582711514904781,1.4465776709036902,1.43,2,AZV8MyB,2022-05-26 07:45:00,984.9495761051284,1573.6241200070513,1.1462,0.0003538492,(41.148300;29.373900),C2_20220526_20220530_AZV8MyB_4060_CH4PL.tif
120,0.0,0.0,2022,1,16,8,51,50,0.0,,0.0,1,7XT8lzR,2022-01-16 08:51:50,,,,,,
120,38.53045894,27.06806066,2022,1,19,8,3,57,0.5714336019333953,0.2772342833090064,3.95,2,AXX0GzR,2022-01-19 08:03:57,31.66547214287244,399.5799087685406,2.003,0.0003478749,(38.530200;27.066900),C2_20220119_20220422_AXX0GzR_3111_CH4PL.tif
120,38.53371204,27.06969484,2022,3,3,8,1,1,3.539288884486172,1.3942220978168296,3.85,2,AYC0GzR,2022-03-03 08:01:01,389.3180043728019,779.7164436880403,1.9690000000000003,0.0003478749,(38.533000;27.070400),C2_20220303_20220421_AYC0GzR_3498_CH4PL.tif
120,38.53367172,27.06776662,2022,3,12,7,55,1,1.1795572954647164,0.6357674191414556,4.62,2,AYL0lzR,2022-03-12 07:55:01,132.27368930111066,900.5701800318178,2.2308000000000003,0.0003478749,(38.533500;27.066000),C2_20220312_20220421_AYL0lzR_3575_CH4PL.tif
120,0.0,0.0,2022,3,23,8,53,9,0.0,,0.0,1,7YW2GzR,2022-03-23 08:53:09,,,,,,
120,38.53378029,27.06720811,2022,5,1,7,53,45,2.4252929903378058,1.8855230071766087,4.1,2,AZ77lzR,2022-05-01 07:53:45,386.0361772295512,1176.9736358775378,2.054,0.0003478749,(38.532900;27.066600),C2_20220501_20220505_AZ77lzR_3912_CH4PL.tif
120,0.0,0.0,2022,5,26,8,51,10,0.0,,0.0,1,7ZV9Vtt,2022-05-26 08:51:10,,,,,,
120,0.0,0.0,2022,6,2,7,57,39,0.0,,0.0,2,AZc10tt,2022-06-02 07:57:39,,,,,,
120,0.0,0.0,2022,7,4,7,55,9,0.0,,0.0,2,A_5N0tt,2022-07-04 07:55:09,,,,,,
121,61.28706154,-149.60938536,2021,3,3,21,21,19,6.4367811749301165,4.845333586651248,0.44,1,7SV52uT,2021-03-03 21:21:19,1175.353286872323,532.1973176793275,0.8096000000000001,0.0003525767,(61.288700;-149.602500),C1_20210303_20220423_7SV52uT_711_CH4PL.tif
121,0.0,0.0,2021,4,17,21,15,44,0.0,,0.0,1,7TC32uT,2021-04-17 21:15:44,,,,,,
121,0.0,0.0,2021,4,20,20,32,13,0.0,,0.0,2,ATF3XuT,2021-04-20 20:32:13,,,,,,
121,61.291266,-149.596339,2021,4,23,21,20,59,1.4518150049525946,0.6540585077403814,3.35,1,7TI3XuT,2021-04-23 21:20:59,59.13645724405834,263.80175875639543,1.799,0.0003525767,(61.291700;-149.596900),C1_20210423_20220423_7TI3XuT_953_CH4PL.tif
121,0.0,0.0,2021,5,6,21,16,24,0.0,,0.0,1,7TV5XuT,2021-05-06 21:16:24,,,,,,
121,61.28846423,-149.60844463,2021,9,11,20,25,25,0.4555909682222971,0.2904288296383304,1.23,2,AVV3XuT,2021-09-11 20:25:25,48.54899624712978,413.6251880682839,1.0782,0.0003525767,(61.290500;-149.601500),C2_20210911_20220423_AVV3XuT_2091_CH4PL.tif
121,0.0,0.0,2021,9,28,21,12,1,0.0,,0.0,1,7Vl42uT,2021-09-28 21:12:01,,,,,,
121,61.29499807,-149.60725209,2021,9,29,20,22,33,1.7146058962531407,1.0131632008652691,1.18,2,AVm32uT,2021-09-29 20:22:33,288.7697118688765,643.4089070017016,1.0612,0.0003525767,(61.293900;-149.604000),C2_20210929_20220423_AVm32uT_2162_CH4PL.tif
121,0.0,0.0,2021,10,4,21,15,29,0.0,,0.0,1,7VpIXuT,2021-10-04 21:15:29,,,,,,
121,61.29027898,-149.60500281,2022,3,6,21,13,1,5.019922707200234,3.391913897516243,0.72,1,7YE-XuT,2022-03-06 21:13:01,739.5391103829191,479.86514812527565,0.9048,0.0003525767,(61.290900;-149.603500),C1_20220306_20220421_7YE-XuT_3499_CH4PL.tif
121,0.0,0.0,2022,4,10,21,21,12,0.0,,0.0,1,7YmCXuT,2022-04-10 21:21:12,,,,,,
121,0.0,0.0,2022,5,19,20,8,50,0.0,,0.0,2,AZP42uT,2022-05-19 20:08:50,,,,,,
121,0.0,0.0,2022,5,27,20,9,20,0.0,,0.0,2,AZX3Got,2022-05-27 20:09:20,,,,,,
121,0.0,0.0,2022,6,9,0,2,58,0.0,,0.0,3,DZi2lot,2022-06-09 00:02:58,,,,,,
121,0.0,0.0,2022,6,17,0,15,50,0.0,,0.0,3,DZq2Got,2022-06-17 00:15:50,,,,,,
121,0.0,0.0,2022,6,25,0,17,21,0.0,,0.0,4,HZy6lot,2022-06-25 00:17:21,,,,,,
121,0.0,0.0,2022,6,26,23,56,10,0.0,,0.0,4,H_05lot,2022-06-26 23:56:10,,,,,,
121,0.0,0.0,2022,6,27,0,0,16,0.0,,0.0,5,L_06Got,2022-06-27 00:00:16,,,,,,
121,0.0,0.0,2022,6,27,20,19,32,0.0,,0.0,2,AZyRGot,2022-06-27 20:19:32,,,,,,
121,0.0,0.0,2022,6,27,23,49,47,0.0,,0.0,5,L_16Got,2022-06-27 23:49:47,,,,,,
121,0.0,0.0,2022,6,28,20,7,39,0.0,,0.0,2,A_23lot,2022-06-28 20:07:39,,,,,,
121,0.0,0.0,2022,7,5,23,54,49,0.0,,0.0,4,H_97Got,2022-07-05 23:54:49,,,,,,
121,61.28950338,-149.60580372,2022,7,6,0,0,18,0.6554905472629945,0.3707056317784434,2.31,5,L_96lot,2022-07-06 00:00:18,47.55394383385722,377.49452610117817,1.4454000000000002,0.0003525767,(61.289000;-149.606200),C5_20220706_20220715_L_96lot_4500_CH4PL.tif
122,33.243158,-87.651297,2021,7,29,15,41,24,0.5974897824307307,0.53078496414511,0.1,2,AUo2AdY,2021-07-29 15:41:24,84.49573536564908,353.3184189003464,0.6940000000000001,0.0003548769,(33.243300;-87.651800),C2_20210729_20240402_AUo2AdY_1575_CH4PL.tif
122,0.0,0.0,2021,10,11,16,26,15,0.0,,0.0,1,7VwIfdY,2021-10-11 16:26:15,,,,,,
122,33.240856,-87.652691,2021,11,13,15,33,50,0.5326789735232459,0.2627172034864984,2.14,2,AWU2AdY,2021-11-13 15:33:50,25.104270380181944,235.42297391033227,1.3876000000000002,0.0003548769,(33.240700;-87.651900),C2_20211113_20220423_AWU2AdY_2515_CH4PL.tif
122,0.0,0.0,2022,1,23,16,33,26,0.0,,0.0,1,7X_-AdY,2022-01-23 16:33:26,,,,,,
122,33.24504609,-87.65153564,2022,6,16,19,29,16,0.7324595419828385,0.458980269224573,0.97,4,HZq2AdY,2022-06-16 19:29:16,114.73652485287867,558.1719410344506,0.9898,0.0003548769,(33.245400;-87.650500),C4_20220616_20220830_HZq2AdY_5653_CH4PL.tif
122,0.0,0.0,2022,6,27,19,11,26,0.0,,0.0,5,L_14fdY,2022-06-27 19:11:26,,,,,,
123,0.0,0.0,2021,8,20,18,6,12,0.0,,0.0,2,AV-3q6w,2021-08-20 18:06:12,,,,,,
123,0.0,0.0,2021,9,6,18,57,52,0.0,,0.0,1,7VOEL6w,2021-09-06 18:57:52,,,,,,
123,0.0,0.0,2021,9,7,18,4,2,0.0,,0.0,2,AVOJq6w,2021-09-07 18:04:02,,,,,,
123,37.995587,-121.937211,2021,10,4,17,59,43,0.4325985446047364,0.2817397626883051,1.17,2,AVr4L6w,2021-10-04 17:59:43,45.13896630671482,397.3494524128193,1.0578,0.0003488129,(37.995500;-121.937000),C2_20211004_20220420_AVr4L6w_2221_CH4PL.tif
123,37.99839333,-121.9370254,2021,11,20,18,50,52,1.3599330765508906,0.5740527649225271,3.62,1,7Wa4q6w,2021-11-20 18:50:52,74.95266566963315,375.16096173444345,1.8908,0.0003488129,(37.997200;-121.937000),C1_20211120_20220423_7Wa4q6w_2550_CH4PL.tif
123,0.0,0.0,2021,11,26,17,56,47,0.0,,0.0,2,AWg3q6w,2021-11-26 17:56:47,,,,,,
124,37.45883529,-121.94206144,2021,8,29,18,5,20,1.1585242264551268,0.5557017116509374,2.17,2,AVH655S,2021-08-29 18:05:20,82.9702923204431,360.3836148143138,1.3978000000000002,0.0003572247,(37.459000;-121.941300),C2_20210829_20220421_AVH655S_1862_CH4PL.tif
124,37.4574,-121.9411,2021,12,2,18,55,43,1.8002142572095703,1.125046895919209,0.99,1,7Wm555S,2021-12-02 18:55:43,175.14368917234478,349.05485263681044,0.9966,0.0003572247,(37.458800;-121.942300),C1_20211202_20220423_7Wm555S_2660_CH4PL.tif
125,38.5166,-121.184,2021,4,27,18,52,18,0.9102924783048112,0.3788115712402176,3.42,1,7TM4s9F,2021-04-27 18:52:18,48.6040406980364,350.37486410710795,1.8228,0.0003551237,(38.516300;-121.184000),C1_20210427_20220423_7TM4s9F_927_CH4PL.tif
125,38.52406,-121.1846,2021,8,25,18,49,51,1.195212127703078,0.5572550991146211,2.37,1,7VE5N9F,2021-08-25 18:49:51,78.99120103808686,348.74737234712074,1.4658000000000002,0.0003551237,(38.520400;-121.185500),C1_20210825_20220421_7VE5N9F_1817_CH4PL.tif
125,38.52336583,-121.18839444,2021,9,16,18,2,34,0.4320022264762689,0.2178957137224584,2.06,2,AV_4N9F,2021-09-16 18:02:34,24.85869581741034,281.8132958180618,1.3604,0.0003551237,(38.522200;-121.187800),C2_20210916_20230110_AV_4N9F_1995_CH4PL.tif
126,0.0,0.0,2021,5,1,17,51,59,0.0,,0.0,1,7TQ2-YA,2021-05-01 17:51:59,,,,,,
126,0.0,0.0,2021,6,8,17,51,53,0.0,,0.0,1,7U13eYA,2021-06-08 17:51:53,,,,,,
126,0.0,0.0,2021,8,29,17,48,48,0.0,,0.0,1,7VH6-YA,2021-08-29 17:48:48,,,,,,
126,0.0,0.0,2021,12,28,16,51,54,0.0,,0.0,2,AX8P-YA,2021-12-28 16:51:54,,,,,,
126,40.01769522,-105.01432713,2022,3,15,16,52,7,0.9050457579012084,0.4624602075486798,1.84,2,AYO4-YA,2022-03-15 16:52:07,172.96154743668907,884.4787220934812,1.2856,0.0002953193,(40.018600;-105.014100),C2_20220315_20220421_AYO4-YA_3594_CH4PL.tif
127,28.40201445,-80.8248747,2021,12,12,15,4,35,5.155131283868826,4.115565676256356,0.83,2,AWvApj7,2021-12-12 15:04:35,1530.9549633163006,1007.3219231915804,0.9422,0.0003573485,(28.394700;-80.831300),C2_20211212_20220421_AWvApj7_2770_CH4PL.tif
127,28.39611917,-80.83014084,2022,7,8,15,5,31,0.6207529446582071,0.3532411566695717,1.36,2,A_B4pj7,2022-07-08 15:05:31,47.3533391075871,308.2350197098675,1.1224,0.0003573485,(28.396200;-80.829300),C2_20220708_20220714_A_B4pj7_4477_CH4PL.tif
127,28.4018417,-80.82741866,2022,7,8,15,5,31,0.3297952407179072,0.1913002833859908,1.36,2,A_B4pj7,2022-07-08 15:05:31,20.465766025735377,250.7458647802653,1.1224,0.0003573485,(28.402000;-80.827100),C2_20220708_20220714_A_B4pj7_4478_CH4PL.tif
128,28.0561565,-81.09759493,2021,11,16,15,2,35,1.701285204181357,0.723364224593774,3.12,2,AWX247a,2021-11-16 15:02:35,284.9238881960374,1037.4917104843707,1.7208,0.0003566887,(28.056300;-81.097500),C2_20211116_20220423_AWX247a_2532_CH4PL.tif
128,28.06011924,-81.09704677,2022,12,6,15,42,47,5.480919666504409,3.645123238420144,0.78,1,6bY3Z7a,2022-12-06 15:42:47,2646.397797153048,1608.1990992864169,0.9252,0.0003566887,(28.059900;-81.096300),C1_20221206_20221216_6bY3Z7a_8316_CH4PL.tif
129,28.47185274,-81.22474286,2022,1,15,15,11,52,6.046772536320355,3.760876610269818,0.98,2,AXT48xI,2022-01-15 15:11:52,4985.951121177939,2948.245174713094,0.9932,0.0003566474,(28.475000;-81.223200),C2_20220115_20220422_AXT48xI_3053_CH4PL.tif
129,28.47431109,-81.22124041,2022,9,12,15,50,45,1.245084802524467,0.7127703310753375,1.39,1,6aBHcxI,2022-09-12 15:50:45,164.46342243138366,538.5790419457386,1.1326,0.0003566474,(28.474300;-81.221100),C1_20220912_20221012_6aBHcxI_6834_CH4PL.tif
129,28.4739653,-81.22158983,2022,10,2,14,55,48,2.847068752237281,1.214975317743616,2.95,2,-aW-cxI,2022-10-02 14:55:48,330.50637457676095,694.9869270846626,1.6630000000000005,0.0003566474,(28.474800;-81.221800),C2_20221002_20221006_-aW-cxI_6662_CH4PL.tif
130,34.327528,-84.246826,2021,9,4,15,26,39,0.9246096422926264,0.6866278566266769,0.49,2,AVO2kkQ,2021-09-04 15:26:39,297.72660961194174,958.2021377389405,0.8266,0.0003433259,(34.327600;-84.246900),C2_20210904_20220423_AVO2kkQ_1964_CH4PL.tif
130,34.32715586,-84.24290018,2021,9,4,16,19,17,0.551944465103394,0.4794576625765815,0.43,1,7VO2FkQ,2021-09-04 16:19:17,80.15544065415938,421.4857711740994,0.8062,0.0003433259,(34.327900;-84.243500),C1_20210904_20220421_7VO2FkQ_1976_CH4PL.tif
130,34.3263015,-84.24378132,2021,9,10,16,23,7,0.9838673088123308,0.8720628693765788,0.37,1,7VU3FkQ,2021-09-10 16:23:07,172.13433693035023,494.9319676485081,0.7858,0.0003433259,(34.327500;-84.243700),C1_20210910_20240402_7VU3FkQ_1991_CH4PL.tif
130,34.32856454,-84.24328873,2021,12,1,15,27,53,1.4344490973827448,1.057882868006606,0.51,2,AWl2FkQ,2021-12-01 15:27:53,670.74253553494,1402.89996242118,0.8334,0.0003433259,(34.328700;-84.243000),C2_20211201_20220423_AWl2FkQ_2663_CH4PL.tif
130,0.0,0.0,2022,4,1,15,16,1,0.0,,0.0,2,AYe2kkQ,2022-04-01 15:16:01,,,,,,
130,0.0,0.0,2022,5,5,16,15,5,0.0,,0.0,1,7ZB4FkQ,2022-05-05 16:15:05,,,,,,
130,0.0,0.0,2022,7,15,15,14,36,0.0,,0.0,2,A_I3kkQ,2022-07-15 15:14:36,,,,,,
131,40.93863726,-87.33993917,2021,8,21,16,39,49,2.165203037978992,0.7539609803127637,4.57,1,7VA3Td1,2021-08-21 16:39:49,118.46034266919564,436.0288652860256,2.2138000000000004,0.0003492211,(40.939500;-87.339600),C1_20210821_20220423_7VA3Td1_1759_CH4PL.tif
131,40.9369507,-87.33917589,2021,8,24,15,47,23,1.7842740674017303,0.7319471159867328,3.3,2,AVD2Td1,2021-08-24 15:47:23,382.5042958225072,1375.2604509540654,1.782,0.0003492211,(40.937200;-87.337900),C2_20210824_20240402_AVD2Td1_1836_CH4PL.tif
131,40.93630951,-87.33862768,2021,9,11,15,45,6,1.5161027776291869,0.4538073142118622,6.23,2,AVV2Td1,2021-09-11 15:45:06,93.09774094432416,614.1529002839234,2.7782000000000004,0.0003492211,(40.937200;-87.338100),C2_20210911_20220423_AVV2Td1_2030_CH4PL.tif
131,40.93789105,-87.33627184,2021,11,3,15,45,7,0.8893096322312594,0.5520727803798076,2.53,2,AWK4yd1,2021-11-03 15:45:07,68.54433006959006,421.8147565963823,1.5202,0.0003492211,(40.937400;-87.335500),C2_20211103_20220423_AWK4yd1_2491_CH4PL.tif
131,0.0,0.0,2022,1,11,16,29,3,0.0,,0.0,1,7XP3Td1,2022-01-11 16:29:03,,,,,,
131,40.93758,-87.33534,2022,4,16,15,32,38,0.4821793055248898,0.1598460515175189,5.37,2,AYs-Td1,2022-04-16 15:32:38,16.250966931963166,301.60554650887985,2.4858,0.0003492211,(40.937600;-87.335300),C2_20220416_20220421_AYs-Td1_3829_CH4PL.tif
131,0.0,0.0,2022,6,30,16,25,31,0.0,,0.0,1,7_42Td1,2022-06-30 16:25:31,,,,,,
131,40.93758015,-87.33855409,2022,7,21,15,35,12,2.3922720881318096,0.975711985658746,3.29,2,A_O1Td1,2022-07-21 15:35:12,490.8002804693946,1313.6359277127365,1.7786,0.0003492211,(40.938100;-87.337700),C2_20220721_20220727_A_O1Td1_4835_CH4PL.tif
132,29.934062,-90.25793,2021,9,2,15,49,14,5.599848909363395,3.2236760206963178,1.29,2,AVM3OGz,2021-09-02 15:49:14,3495.792922613243,2468.945394955346,1.0986,0.0003578024,(29.934500;-90.257700),C2_20210902_20220421_AVM3OGz_1943_CH4PL.tif
132,29.93462415,-90.2640721,2021,11,29,15,50,51,3.0972416544167736,1.530182210889631,2.04,2,AWhGtGz,2021-11-29 15:50:51,684.5461692059588,1077.0118940951706,1.3536,0.0003578024,(29.934600;-90.263800),C2_20211129_20220423_AWhGtGz_2718_CH4PL.tif
133,0.0,0.0,2021,7,30,15,53,22,0.0,,0.0,1,7Up346w,2021-07-30 15:53:22,,,,,,
133,0.0,0.0,2021,8,19,15,6,6,0.0,,0.0,2,AV92a_1,2021-08-19 15:06:06,,,,,,
133,38.85364455,-76.78846624,2021,10,3,14,59,42,0.8402505062629064,0.5556050492920253,0.97,2,AVp-6_1,2021-10-03 14:59:42,224.4364979349048,951.7757840079888,0.9898,0.0003564414,(38.854400;-76.788900),C2_20211003_20220421_AVp-6_1_2187_CH4PL.tif
133,0.0,0.0,2021,12,26,15,53,46,0.0,,0.0,1,7X8Ha_1,2021-12-26 15:53:46,,,,,,
133,0.0,0.0,2022,1,7,15,56,51,0.0,,0.0,1,7XL2a_1,2022-01-07 15:56:51,,,,,,
134,0.0,0.0,2022,1,4,15,34,9,0.0,,0.0,2,AXI33nh,2022-01-04 15:34:09,,,,,,
134,42.40231924,-83.5554962,2022,6,28,15,27,4,0.3869006826913961,0.2122442767857255,1.55,2,A_21mi8,2022-06-28 15:27:04,29.26316812997852,323.2027640353528,1.187,0.0003454341,(42.402500;-83.555300),C2_20220628_20220630_A_21mi8_4309_CH4PL.tif
135,0.0,0.0,2021,6,1,16,26,17,0.0,,0.0,1,7Tu2VOZ,2021-06-01 16:26:17,,,,,,
135,0.0,0.0,2021,7,20,15,39,22,0.0,,0.0,2,AUf2VOZ,2021-07-20 15:39:22,,,,,,
135,43.173406,-83.834681,2021,8,3,16,26,43,1.057603101270103,0.4889303356426355,2.42,1,7UqFVOZ,2021-08-03 16:26:43,77.11168863619699,389.20873282309327,1.4828,0.0003494252,(43.173500;-83.835000),C1_20210803_20220423_7UqFVOZ_1633_CH4PL.tif
136,35.34114,-80.656,2022,3,2,16,3,45,3.144663085984336,1.7828419397003152,1.34,1,6YB4Zzb,2022-03-02 16:03:45,1056.4430014489867,1349.2205710715357,1.1156,0.0003503243,(35.341500;-80.656500//35.350900;-80.660500),C1_20220302_20220421_6YB4Zzb_3490_CH4PL.tif
136,35.34258531,-80.6570745,2022,3,20,16,1,44,2.3557889620477024,1.128924320681126,2.22,1,6YSB4zb,2022-03-20 16:01:44,453.3845654058373,980.2297983784696,1.4148,0.0003503243,(35.341800;-80.656600),C1_20220320_20220421_6YSB4zb_3624_CH4PL.tif
136,35.34174527,-80.65586784,2022,4,10,15,7,52,1.446556010255954,0.739158860664532,1.86,2,-Ym8Zzb,2022-04-10 15:07:52,373.2456829519103,1200.4912233036214,1.2924000000000002,0.0003503243,(35.341600;-80.655800),C2_20220410_20220421_-Ym8Zzb_3791_CH4PL.tif
136,35.34119,-80.65638,2022,4,24,16,5,30,2.341499104684843,1.2450714781921797,1.64,1,6Z0-4zb,2022-04-24 16:05:30,331.3182374947505,620.2381656261458,1.2176,0.0003503243,(35.342200;-80.656000),C1_20220424_20220428_6Z0-4zb_3891_CH4PL.tif
136,35.33921,-80.65729,2022,11,8,18,50,52,1.9577335632961868,0.8803809409515869,2.59,5,Lb77Zzb,2022-11-08 18:50:52,195.90377109405875,554.9854584204446,1.5406,0.0003503243,(35.338900;-80.659100),C5_20221108_20221110_Lb77Zzb_7525_CH4PL.tif
137,0.0,0.0,2021,8,28,15,6,10,0.0,,0.0,2,AVH2aKw,2021-08-28 15:06:10,,,,,,
137,34.97844979,-78.46536641,2021,8,30,15,59,58,1.2697731453331016,0.7474527600064413,1.19,1,7VHBaKw,2021-08-30 15:59:58,131.22401252727028,396.073820981292,1.0646,0.0003556176,(34.978100;-78.463600),C1_20210830_20240402_7VHBaKw_1959_CH4PL.tif
137,34.9836778,-78.4597405,2021,9,6,15,5,2,1.4872927694347229,0.8679372596304558,1.25,2,AVOD6Kw,2021-09-06 15:05:02,326.83405708523804,858.3473632162845,1.085,0.0003556176,(34.983900;-78.459200),C2_20210906_20230117_AVOD6Kw_1944_CH4PL.tif
137,34.97997487,-78.4608073,2021,10,13,15,55,11,2.8092278000185544,1.5300468494125352,1.53,1,7W03aKw,2021-10-13 15:55:11,428.88477899474987,648.6520381859167,1.1802,0.0003556176,(34.979900;-78.461300),C1_20211013_20220423_7W03aKw_2347_CH4PL.tif
137,0.0,0.0,2021,11,13,15,54,35,0.0,,0.0,1,7WU4aKw,2021-11-13 15:54:35,,,,,,
137,0.0,0.0,2021,11,19,15,57,6,0.0,,0.0,1,7W_4aKw,2021-11-19 15:57:06,,,,,,
137,34.978,-78.4626,2021,12,14,15,50,55,1.789192809795128,1.0413097415307868,1.25,1,7Wy3aKw,2021-12-14 15:50:55,202.5999545637217,442.2974529036428,1.085,0.0003556176,(34.977900;-78.462700),C1_20211214_20220423_7Wy3aKw_2815_CH4PL.tif
137,0.0,0.0,2022,1,19,16,0,35,0.0,,0.0,1,7XX3aKw,2022-01-19 16:00:35,,,,,,
137,0.0,0.0,2022,2,19,15,48,16,0.0,,0.0,1,7Y136Kw,2022-02-19 15:48:16,,,,,,
138,35.67714461,-78.8454528,2022,2,10,15,7,21,0.9328325040115713,0.5509795629704175,1.18,2,AXs1ggX,2022-02-10 15:07:21,180.11812543264597,737.6553389742413,1.0612,0.0003535617,(35.675100;-78.846500//35.677000;-78.849100),C2_20220210_20220422_AXs1ggX_3300_CH4PL.tif
138,35.67417775,-78.85013216,2022,10,14,18,42,27,0.8533805261608398,0.5337679960436538,0.97,5,Lai7BgY,2022-10-14 18:42:27,107.16316513123598,447.4584916610359,0.9898,0.0003535617,(35.673700;-78.849500),C5_20221014_20221026_Lai7BgY_7170_CH4PL.tif
139,40.23981257,-74.117657,2021,6,29,15,45,50,2.0807735853577887,1.1030554714043117,1.64,1,7UL292O,2021-06-29 15:45:50,625.472569007254,1317.6212248062573,1.2176,0.0003561941,(40.238700;-74.115300),C1_20210629_20220423_7UL292O_1403_CH4PL.tif
139,0.0,0.0,2021,7,15,14,58,8,0.0,,0.0,2,AUa2d2O,2021-07-15 14:58:08,,,,,,
139,40.23847147,-74.11770072,2021,8,11,14,55,58,1.1994984501633812,0.6398849023414763,1.69,2,AV1192O,2021-08-11 14:55:58,312.660494674559,1158.516151497718,1.2346,0.0003561941,(40.239100;-74.115400//40.239000;-74.110200),C2_20210811_20240402_AV1192O_1672_CH4PL.tif
139,0.0,0.0,2021,9,6,15,47,18,0.0,,0.0,1,7VOD92O,2021-09-06 15:47:18,,,,,,
139,40.239002,-74.109237,2021,9,7,14,52,54,1.002102815938845,0.6804305561875614,0.72,2,AVOId2O,2021-09-07 14:52:54,222.81973618169184,724.2632779052019,0.9048,0.0003561941,(40.239300;-74.108900//40.237100;-74.112900),C2_20210907_20220421_AVOId2O_1963_CH4PL.tif
139,40.23690665,-74.11359435,2021,9,25,14,50,10,1.4187075520361587,0.8297334338892884,1.64,2,AVi2d2O,2021-09-25 14:50:10,296.1359874565533,914.967034689101,1.2176,0.0003561941,(40.236800;-74.113000),C2_20210925_20220423_AVi2d2O_2201_CH4PL.tif
139,0.0,0.0,2021,9,25,15,43,25,0.0,,0.0,1,7Vi392O,2021-09-25 15:43:25,,,,,,
139,40.23928247,-74.11388175,2021,10,21,14,55,30,1.5370684229531428,0.8037714571427954,1.74,2,AW8292O,2021-10-21 14:55:30,292.4238478007149,857.2108155960184,1.2516,0.0003561941,(40.239800;-74.113200),C2_20211021_20220423_AW8292O_2403_CH4PL.tif
139,0.0,0.0,2022,2,11,14,54,57,0.0,,0.0,2,AXt2d2O,2022-02-11 14:54:57,,,,,,
139,0.0,0.0,2022,5,23,14,41,35,0.0,,0.0,2,AZRB92O,2022-05-23 14:41:35,,,,,,
140,43.21117803,-78.97386574,2022,9,23,19,2,26,0.8527899834605697,0.3529038591353567,3.44,4,HaO5X9m,2022-09-23 19:02:26,98.8260010922581,763.286856528047,1.8296,0.0003535617,(43.210900;-78.972800),C4_20220923_20220927_HaO5X9m_6357_CH4PL.tif
140,43.21185278,-78.97328656,2022,10,2,18,58,42,1.7367028236280282,0.5054994874845752,6.6,4,HaWDX9m,2022-10-02 18:58:42,182.4355541933898,1098.204155489918,2.9040000000000004,0.0003535617,(43.211200;-78.973300),C4_20221002_20221007_HaWDX9m_6735_CH4PL.tif
140,43.2084442,-78.97747243,2022,11,8,14,56,21,1.139732061907849,0.3857837505106938,4.97,2,-b7229m,2022-11-08 14:56:21,75.97289599927993,563.883408345102,2.3498,0.0003535617,(43.208700;-78.977100),C2_20221108_20221111_-b7229m_7557_CH4PL.tif
140,43.20855241,-78.97348899,2022,12,13,19,1,17,1.0637819945775706,0.4867287295709103,2.54,3,Dbe8X9m,2022-12-13 19:01:17,145.1805684827092,748.5646635908105,1.5236,0.0003535617,(43.208100;-78.974900),C3_20221213_20221217_Dbe8X9m_8433_CH4PL.tif
141,0.0,0.0,2021,2,6,16,33,8,0.0,,0.0,1,6S64UUk,2021-02-06 16:33:08,,,,,,
141,0.0,0.0,2021,3,7,15,38,16,0.0,,0.0,2,-SX8zUk,2021-03-07 15:38:16,,,,,,
141,39.28039275,-84.59653826,2021,4,3,15,40,40,0.9905705574142948,0.4830057451479263,2.57,2,-Sy4zUk,2021-04-03 15:40:40,195.31702947492496,1088.7443880083372,1.5338,0.0003464501,(39.281900;-84.596700),C2_20210403_20220421_-Sy4zUk_830_CH4PL.tif
141,0.0,0.0,2021,4,30,16,32,8,0.0,,0.0,1,6TP2zUk,2021-04-30 16:32:08,,,,,,
141,0.0,0.0,2021,5,13,16,27,26,0.0,,0.0,1,6Tb3UUk,2021-05-13 16:27:26,,,,,,
142,32.68244685,-96.7085155,2021,9,26,16,16,41,1.871147233359496,0.7848268120679649,3.27,2,AVi-WJ6,2021-09-26 16:16:41,193.5173761784764,659.6737507345786,1.7718000000000005,0.0003529049,(32.685500;-96.706900),C2_20210926_20220423_AVi-WJ6_2180_CH4PL.tif
143,0.0,0.0,2021,5,16,6,11,59,0.0,,0.0,1,7Td3mY5,2021-05-16 06:11:59,,,,,,
143,0.0,0.0,2021,5,22,6,16,55,0.0,,0.0,1,7Tj5HY5,2021-05-22 06:16:55,,,,,,
143,0.0,0.0,2021,6,4,6,11,46,0.0,,0.0,1,7Tw6HY5,2021-06-04 06:11:46,,,,,,
143,41.10006,69.48075,2021,6,10,6,16,32,3.2281870382229427,1.187844204714943,4.08,1,7U26mY5,2021-06-10 06:16:32,379.2080568635519,865.7283513467911,2.0472,0.0003390903,(41.098500;69.483400//41.094900;69.482300),C1_20210610_20220423_7U26mY5_1160_CH4PL.tif
143,0.0,0.0,2021,6,23,6,11,0,0.0,,0.0,1,7UE6HY5,2021-06-23 06:11:00,,,,,,
143,41.09831,69.48431,2021,6,29,6,15,36,1.952022288193694,0.7980834397765365,3.29,1,7UIFmY5,2021-06-29 06:15:36,179.9282997510519,590.1949548127691,1.7786,0.0003390903,(41.099100;69.483400//41.095600;69.482400),C1_20210629_20240402_7UIFmY5_1476_CH4PL.tif
143,0.0,0.0,2021,7,12,6,9,39,0.0,,0.0,1,7UWCmY5,2021-07-12 06:09:39,,,,,,
143,0.0,0.0,2021,8,6,6,11,56,0.0,,0.0,1,7Uv6mY5,2021-08-06 06:11:56,,,,,,
143,41.09729327,69.48409727,2021,8,29,5,22,5,1.42100602313632,0.6699249526829577,2.29,2,AVH5HY5,2021-08-29 05:22:05,221.2398586273018,806.3247865111497,1.4386,0.0003390903,(41.096300;69.483700),C2_20210829_20220421_AVH5HY5_1870_CH4PL.tif
143,0.0,0.0,2021,8,31,6,13,15,0.0,,0.0,1,7VHFmY5,2021-08-31 06:13:15,,,,,,
143,41.0982675,69.48176003,2021,9,25,6,13,15,1.0484846128037764,0.5643773011927086,1.61,1,7Vh8mY5,2021-09-25 06:13:15,148.90466972888876,617.3051904878141,1.2074000000000005,0.0003390903,(41.095000;69.481100//41.098200;69.483100),C1_20210925_20220423_7Vh8mY5_2078_CH4PL.tif
143,41.09860184,69.48321124,2021,10,30,5,21,28,1.692632328050315,0.8839915343063058,1.84,2,AWF9mY5,2021-10-30 05:21:28,767.7394119644443,2099.227799205629,1.2856,0.0003390903,(41.098500;69.484100),C2_20211030_20220423_AWF9mY5_2471_CH4PL.tif
143,41.09842035,69.48407577,2021,12,21,6,6,4,5.930705854972471,1.3789197517695193,8.48,1,7X2KHY5,2021-12-21 06:06:04,282.2866808443978,607.1306672923921,3.543200000000001,0.0003390903,(41.099000;69.484600),C1_20211221_20220423_7X2KHY5_2822_CH4PL.tif
143,41.09835439,69.48442931,2022,1,8,5,18,52,2.361932783864192,1.412485122038466,1.14,2,AXL6mY5,2022-01-08 05:18:52,1398.8479819399154,2233.577247078957,1.0476,0.0003390903,(41.099500;69.482900),C2_20220108_20220422_AXL6mY5_2938_CH4PL.tif
143,41.09868718,69.48373027,2022,1,8,6,10,56,1.2414904378890574,0.6412735481417629,1.87,1,7XL7mY5,2022-01-08 06:10:56,226.91103769199364,852.6145101112883,1.2958,0.0003390903,(41.099100;69.484200//41.097800;69.486600),C1_20220108_20220421_7XL7mY5_3011_CH4PL.tif
143,0.0,0.0,2022,1,14,6,12,21,0.0,,0.0,1,7XR6mY5,2022-01-14 06:12:21,,,,,,
143,41.09901487,69.48359338,2022,2,3,5,17,2,2.1734926443750844,1.1063049651092411,1.95,2,AXk7mY5,2022-02-03 05:17:02,858.7694289581705,1881.831552007833,1.323,0.0003390903,(41.099300;69.481300),C2_20220203_20220422_AXk7mY5_3256_CH4PL.tif
143,41.09776,69.47944,2022,4,4,5,8,30,0.4357605817682572,0.3476469615660295,0.33,2,AYfBmY5,2022-04-04 05:08:30,71.2101398172637,454.2826959646487,0.7722,0.0003390903,(41.096800;69.480100),C2_20220404_20220421_AYfBmY5_3744_CH4PL.tif
143,0.0,0.0,2022,5,30,6,8,39,0.0,,0.0,1,7ZYDHY5,2022-05-30 06:08:39,,,,,,
143,41.09837891,69.48426886,2022,6,8,5,10,16,1.0904442379254653,0.5491802310617605,2.09,2,AZh6HY5,2022-06-08 05:10:16,201.30475240466137,910.8855112249,1.3706,0.0003390903,(41.098100;69.484500//41.101300;69.482300),C2_20220608_20220611_AZh6HY5_4153_CH4PL.tif
143,41.10018416,69.48315649,2022,6,24,5,9,9,1.803377121369334,0.7582892462457621,3.27,2,AZx6mY5,2022-06-24 05:09:09,263.0781246235232,930.4978622965384,1.7718000000000005,0.0003390903,(41.100600;69.483600),C2_20220624_20220629_AZx6mY5_4290_CH4PL.tif
143,41.09638704,69.48371583,2022,7,2,5,8,9,2.388451441802224,1.0767136587285158,2.65,2,A_57mY5,2022-07-02 05:08:09,319.85014378162407,752.5503079262731,1.561,0.0003390903,(41.096600;69.483100),C2_20220702_20220708_A_57mY5_4369_CH4PL.tif
143,41.09791,69.48352,2022,7,14,6,8,12,1.3885110723595688,0.7125164081299714,1.93,1,7_G8HY5,2022-07-14 06:08:12,198.0800251766775,675.9517900712164,1.3162,0.0003390903,(41.098400;69.484300//41.094700;69.482000),C1_20220714_20220719_7_G8HY5_4683_CH4PL.tif
143,41.09846,69.48387,2022,7,20,6,0,48,1.7611530322011018,0.7381900120388536,3.3,1,7_M6mY5,2022-07-20 06:00:48,164.74595208521583,600.1058468474955,1.782,0.0003390903,(41.098900;69.484400),C1_20220720_20220728_7_M6mY5_4920_CH4PL.tif
143,41.09664592,69.4832168,2022,7,27,9,4,45,3.790451836624607,1.171861245825245,6.27,5,L_U0mY5,2022-07-27 09:04:45,314.79675149505107,834.6916387106487,2.7918000000000003,0.0003390903,(41.096800;69.483800),C5_20220727_20220802_L_U0mY5_4981_CH4PL.tif
143,41.09742327,69.48237555,2022,7,30,8,47,48,1.2692118272819208,0.389794177728315,5.91,3,D_X0mY5,2022-07-30 08:47:48,44.31764059296098,335.5511082715915,2.6694000000000004,0.0003390903,(41.097800;69.482900),C3_20220730_20220806_D_X0mY5_5067_CH4PL.tif
143,41.09675284,69.48155208,2022,8,5,9,4,2,1.3610909247801126,0.4688480771120457,5.24,5,L_c0mY5,2022-08-05 09:04:02,73.49902011441209,474.6477515050832,2.4416,0.0003390903,(41.097100;69.482200),C5_20220805_20220811_L_c0mY5_5176_CH4PL.tif
143,41.09801612,69.48144064,2022,8,22,6,2,59,2.451908483231092,0.9932992925020778,3.47,1,7_rCHY5,2022-08-22 06:02:59,262.63830784150963,709.4583926999547,1.8398000000000003,0.0003390903,(41.097600;69.483100),C1_20220822_20220920_7_rCHY5_6104_CH4PL.tif
143,41.09607864,69.48610162,2022,9,4,8,48,22,1.9496670580191868,0.7168490660581763,4.57,3,Da5BmY5,2022-09-04 08:48:22,253.9086943215321,1037.905951499394,2.2138000000000004,0.0003390903,(41.097900;69.484700//41.094600;69.483700),C3_20220904_20220915_Da5BmY5_5992_CH4PL.tif
143,41.09243889,69.48266897,2022,9,18,8,51,10,1.6601000710341856,0.7426832941728247,2.97,4,HaI-mY5,2022-09-18 08:51:10,315.9609069579483,1144.1054150398045,1.6698,0.0003390903,(41.093600;69.481600//41.097500;69.484300),C4_20220918_20220923_HaI-mY5_6266_CH4PL.tif
143,41.10040259,69.48074395,2022,10,4,4,56,26,3.3292822686544907,2.106783799748364,0.94,2,-aWKHY5,2022-10-04 04:56:26,2054.8437201339448,2176.604170184766,0.9796,0.0003390903,(41.100100;69.481400),C2_20221004_20221007_-aWKHY5_6736_CH4PL.tif
143,41.09827955,69.48407245,2022,10,6,9,2,1,1.5312372251780464,0.6121302647185654,4.3,5,Laa0mY5,2022-10-06 09:02:01,174.25120191464904,869.3230283188858,2.122,0.0003390903,(41.099600;69.484100),C5_20221006_20221013_Laa0mY5_6890_CH4PL.tif
143,41.09511659,69.48342836,2022,10,7,8,51,11,1.4429891446554743,0.5394931895612042,4.67,5,Lab0mY5,2022-10-07 08:51:11,115.4359472527368,647.3485427833588,2.2478,0.0003390903,(41.099700;69.483700//41.094900;69.484100),C5_20221007_20221013_Lab0mY5_6843_CH4PL.tif
143,41.10028226,69.48085355,2022,11,1,9,0,32,2.39019272808376,1.2144015616138415,1.94,5,Lb01mY5,2022-11-01 09:00:32,851.0684741494217,1691.5170910910729,1.3196,0.0003390903,(41.097900;69.484000),C5_20221101_20221103_Lb01mY5_7374_CH4PL.tif
143,41.09503966,69.48553517,2022,11,3,4,55,29,1.583670763872371,1.0923976969307632,0.69,2,-b1aHY5,2022-11-03 04:55:29,750.5875478698417,1526.3982188172226,0.8946000000000001,0.0003390903,(41.099200;69.483900//41.094700;69.484400),C2_20221103_20221117_-b1aHY5_7706_CH4PL.tif
143,41.09552808,69.48490383,2022,11,25,8,53,50,3.4062490882174723,1.9485769844359868,1.31,4,HbN0mY5,2022-11-25 08:53:50,1560.179822875429,1822.7210733999632,1.1054000000000002,0.0003390903,(41.095600;69.485500),C4_20221125_20221129_HbN0mY5_8027_CH4PL.tif
143,41.09696174,69.48306781,2022,11,27,8,55,1,3.051335606422598,1.5771958278654723,1.91,5,LbOAHY5,2022-11-27 08:55:01,1321.4227808978249,2041.39313564734,1.3094,0.0003390903,(41.097900;69.482900),C5_20221127_20221130_LbOAHY5_8068_CH4PL.tif
143,41.09487218,69.48259793,2022,12,16,5,4,44,2.73662521167226,1.3457279893917016,2.09,2,-bg7HY5,2022-12-16 05:04:44,1028.7790415038628,1854.89791359659,1.3706,0.0003390903,(41.095100;69.481500),C2_20221216_20221221_-bg7HY5_8549_CH4PL.tif
143,41.09685803,69.48335953,2022,12,17,5,56,31,5.647374093913594,3.5566175866306367,0.94,1,6bh7mY5,2022-12-17 05:56:31,3689.3118445158098,2303.828179616737,0.9796,0.0003390903,(41.097000;69.484400),C1_20221217_20221224_6bh7mY5_8651_CH4PL.tif
143,41.09994,69.48501,2022,12,20,8,54,10,2.477344881898422,1.432633613331396,1.28,4,Hbl1HY5,2022-12-20 08:54:10,975.7484674379692,1552.91377702282,1.0952000000000002,0.0003390903,(41.097500;69.484000),C4_20221220_20230114_Hbl1HY5_9276_CH4PL.tif
143,41.09730976,69.48332942,2022,12,25,8,48,47,1.7650450496493677,1.1330180241087164,0.91,3,DbpCmY5,2022-12-25 08:48:47,1042.156974239602,2060.548593761291,0.9694,0.0003390903,(41.096500;69.482200),C3_20221225_20230105_DbpCmY5_8879_CH4PL.tif
144,16.04315691,108.14194196,2022,5,30,2,18,30,1.4119486463689743,1.037653219568668,0.5,2,AZYBfor,2022-05-30 02:18:30,333.5569505402365,705.881315710242,0.8300000000000001,0.0003567299,(16.043500;108.142000),C2_20220530_20220607_AZYBfor_4124_CH4PL.tif
144,16.04134478,108.14271528,2022,7,25,2,11,41,2.697318097284678,1.3273464280548797,2.03,2,A_Q-for,2022-07-25 02:11:41,784.762978107221,1414.1873391889912,1.3502,0.0003567299,(16.041800;108.142500//16.042900;108.140700),C2_20220725_20220727_A_Q-for_4845_CH4PL.tif
145,10.66752343,106.67236797,2022,12,29,6,8,24,6.124180820145145,3.097585626073378,1.9,5,LbsSKxL,2022-12-29 06:08:24,871.5034869464388,669.0626737781831,1.306,0.0003576373,(10.667600;106.672600),C5_20221229_20230111_LbsSKxL_9177_CH4PL.tif
146,21.33578,105.83404,2022,8,2,6,21,2,6.378110437083655,2.889313248986685,2.95,4,H_XJ2S5,2022-08-02 06:21:02,1034.503674671187,971.0347070053768,1.6630000000000005,0.0003573485,(21.332000;105.836700//21.336100;105.834200),C4_20220802_20220810_H_XJ2S5_5144_CH4PL.tif
146,21.33640952,105.83472703,2022,10,24,2,23,20,7.863311091023752,4.246229506020654,1.56,2,-aqAXS5,2022-10-24 02:23:20,5078.01672560466,2767.477433446172,1.1904,0.0003573485,(21.336600;105.834800),C2_20221024_20221026_-aqAXS5_7187_CH4PL.tif
147,21.12825447,105.42313484,2022,7,26,6,24,21,5.053212474156295,2.151943193744526,3.03,3,D_QM9ks,2022-07-26 06:24:21,982.950199557986,1183.5989024492933,1.6902,0.000356359,(21.129800;105.423300),C3_20220726_20220730_D_QM9ks_4969_CH4PL.tif
147,21.12943243,105.42216289,2022,10,16,2,30,4,1.7483461884297975,0.7500684576332765,2.95,2,-aj4dks,2022-10-16 02:30:04,171.8106543106331,588.325145233787,1.6630000000000005,0.000356359,(21.129300;105.423400),C2_20221016_20221019_-aj4dks_6997_CH4PL.tif
147,21.12933282,105.42327411,2022,11,1,6,19,56,1.86086624596686,0.6730533207177679,4.69,3,DaxKdks,2022-11-01 06:19:56,135.31378309709737,590.1995598635498,2.2546000000000004,0.000356359,(21.129300;105.423600),C3_20221101_20231013_DaxKdks_18156_CH4PL.tif
147,21.12969319,105.42306321,2022,11,5,6,24,23,0.9841280355347114,0.5099115160220725,1.78,4,Hb3Adks,2022-11-05 06:24:23,76.19082438781408,352.62471865981547,1.2652,0.000356359,(21.129400;105.423300),C4_20221105_20221114_Hb3Adks_7629_CH4PL.tif
147,21.12967,105.42445,2022,12,19,6,25,15,1.622719246615304,0.8098571243700949,1.95,5,LbiJ9ks,2022-12-19 06:25:15,167.17775532067563,490.6789727810976,1.323,0.000356359,(21.129700;105.423900),C5_20221219_20221231_LbiJ9ks_8781_CH4PL.tif
148,20.81502298,106.7551248,2022,10,11,6,18,15,1.017941648961723,0.6122174163378948,1.11,4,HacOE4Q,2022-10-11 06:18:15,112.88515291555028,414.1547876683679,1.0374,0.0003576373,(20.814900;106.755300),C4_20221011_20221013_HacOE4Q_6849_CH4PL.tif
149,0.0,0.0,2021,10,31,7,4,53,0.0,,0.0,2,-WG7kZz,2021-10-31 07:04:53,,,,,,
149,0.0,0.0,2022,3,10,7,54,9,0.0,,0.0,1,6YJ1FZz,2022-03-10 07:54:09,,,,,,
149,0.0,0.0,2022,3,22,7,52,23,0.0,,0.0,1,6YV1kZz,2022-03-22 07:52:23,,,,,,
149,0.0,0.0,2022,6,28,7,48,55,0.0,,0.0,1,6_21F_0,2022-06-28 07:48:55,,,,,,
149,-29.81793565,30.98003066,2022,8,22,7,56,35,0.8499788219099141,0.4760545741501468,1.45,1,6_rEF_0,2022-08-22 07:56:35,91.09056434182112,444.8331002182361,1.153,0.0003543423,(-29.818300;30.980400),C1_20220822_20220826_6_rEF_0_5469_CH4PL.tif
150,0.0,0.0,2021,1,7,8,26,32,0.0,,0.0,1,6Rd0_BB,2021-01-07 08:26:32,,,,,,
150,0.0,0.0,2021,3,6,8,22,4,0.0,,0.0,1,7SX55BB,2021-03-06 08:22:04,,,,,,
150,0.0,0.0,2021,3,10,7,29,52,0.0,,0.0,2,ASb15BB,2021-03-10 07:29:52,,,,,,
150,0.0,0.0,2021,3,12,8,27,46,0.0,,0.0,1,7Sd0_BB,2021-03-12 08:27:46,,,,,,
150,0.0,0.0,2021,10,19,8,21,45,0.0,,0.0,1,6W61LGk,2021-10-19 08:21:45,,,,,,
150,0.0,0.0,2021,10,25,8,24,50,0.0,,0.0,1,6W-EqGk,2021-10-25 08:24:50,,,,,,
150,0.0,0.0,2022,1,16,7,21,12,0.0,,0.0,2,-XT8qGk,2022-01-16 07:21:12,,,,,,
150,0.0,0.0,2022,2,11,7,18,35,0.0,,0.0,2,-Xs8LGk,2022-02-11 07:18:35,,,,,,
150,0.0,0.0,2022,2,19,8,11,49,0.0,,0.0,1,6Y11LGk,2022-02-19 08:11:49,,,,,,
150,0.0,0.0,2022,3,3,8,11,37,0.0,,0.0,1,6YC1LGk,2022-03-03 08:11:37,,,,,,
150,0.0,0.0,2022,3,9,8,11,12,0.0,,0.0,1,6YI0qGk,2022-03-09 08:11:12,,,,,,
150,-34.01773819,25.56871979,2022,3,17,7,17,46,0.4639020328158454,0.2645687307781345,1.37,2,-YQ1LGk,2022-03-17 07:17:46,43.37010912500841,378.90294811521295,1.1258,0.0003533564,(-34.017200;25.568700),C2_20220317_20220421_-YQ1LGk_3625_CH4PL.tif
150,0.0,0.0,2022,4,19,7,21,41,0.0,,0.0,2,-Yw2LGk,2022-04-19 07:21:41,,,,,,
150,0.0,0.0,2022,5,12,8,18,8,0.0,,0.0,1,6ZI0qGk,2022-05-12 08:18:08,,,,,,
150,0.0,0.0,2022,6,10,8,8,57,0.0,,0.0,1,6Zk0_BB,2022-06-10 08:08:57,,,,,,
150,0.0,0.0,2022,6,30,11,1,3,0.0,,0.0,5,L_425BB,2022-06-30 11:01:03,,,,,,
150,0.0,0.0,2022,7,1,10,59,21,0.0,,0.0,3,D_515BB,2022-07-01 10:59:21,,,,,,
150,0.0,0.0,2022,7,16,11,14,43,0.0,,0.0,4,H_J15BB,2022-07-16 11:14:43,,,,,,
150,0.0,0.0,2022,7,26,11,2,8,0.0,,0.0,4,H_T2_BB,2022-07-26 11:02:08,,,,,,
150,0.0,0.0,2022,9,20,11,2,43,0.0,,0.0,3,DaL25BB,2022-09-20 11:02:43,,,,,,
150,-34.01822848,25.56778976,2022,10,2,7,16,31,0.7520023974658885,0.291124837158076,3.95,2,-aW7_BB,2022-10-02 07:16:31,32.38241252751389,310.50845188826554,2.003,0.0003533564,(-34.018100;25.568100),C2_20221002_20221006_-aW7_BB_6661_CH4PL.tif
150,0.0,0.0,2022,10,4,8,6,58,0.0,,0.0,1,6aZ0_BB,2022-10-04 08:06:58,,,,,,
150,0.0,0.0,2022,11,6,11,13,31,0.0,,0.0,4,Hb4F_BB,2022-11-06 11:13:31,,,,,,
150,0.0,0.0,2022,11,8,11,12,58,0.0,,0.0,5,Lb745BB,2022-11-08 11:12:58,,,,,,
150,0.0,0.0,2022,11,19,11,10,21,0.0,,0.0,3,DbH35BB,2022-11-19 11:10:21,,,,,,
150,0.0,0.0,2022,12,6,11,9,49,0.0,,0.0,3,DbY45BB,2022-12-06 11:09:49,,,,,,
150,-34.01656853,25.56407506,2022,12,7,10,58,39,0.6258526120439738,0.2600842304434335,4.12,3,DbZ2_BB,2022-12-07 10:58:39,27.778469061146648,329.28699917909694,2.0608,0.0003533564,(-34.015600;25.567200),C3_20221207_20221216_DbZ2_BB_8353_CH4PL.tif
150,0.0,0.0,2022,12,15,11,2,58,0.0,,0.0,3,Dbg3_BB,2022-12-15 11:02:58,,,,,,
150,0.0,0.0,2022,12,26,8,12,44,0.0,,0.0,1,6bpD_BB,2022-12-26 08:12:44,,,,,,
150,0.0,0.0,2022,12,27,11,4,3,0.0,,0.0,4,Hbs45BB,2022-12-27 11:04:03,,,,,,
151,-29.60736898,30.41921203,2021,1,8,8,10,34,1.5588436661915606,0.883641390101326,1.35,1,6Re16HL,2021-01-08 08:10:34,193.4213037043744,499.8438244588869,1.1190000000000002,0.0003326145,(-29.605800;30.416700),C1_20210108_20231013_6Re16HL_18163_CH4PL.tif
151,0.0,0.0,2021,3,2,7,17,10,0.0,,0.0,2,ASU16HL,2021-03-02 07:17:10,,,,,,
151,0.0,0.0,2021,3,13,8,11,43,0.0,,0.0,1,7Se0aHL,2021-03-13 08:11:43,,,,,,
151,0.0,0.0,2021,3,20,7,19,2,0.0,,0.0,2,ASl06HL,2021-03-20 07:19:02,,,,,,
151,0.0,0.0,2021,10,14,8,2,7,0.0,,0.0,1,6W11aHK,2021-10-14 08:02:07,,,,,,
151,-29.60601358,30.41921604,2022,2,3,7,11,6,0.4474152381258323,0.2954179216574635,0.85,2,-Xl06HK,2022-02-03 07:11:06,67.66154617442866,516.6540757945896,0.949,0.0003326145,(-29.605100;30.417500),C2_20220203_20231013_-Xl06HK_18164_CH4PL.tif
151,-29.60684672,30.4169852,2022,5,13,8,0,27,0.8059375833329178,0.5592318917546695,0.66,1,6ZJ0aHK,2022-05-13 08:00:27,136.77852854911947,540.3407898350108,0.8844000000000001,0.0003326145,(-29.606200;30.417400),C1_20220513_20220517_6ZJ0aHK_3979_CH4PL.tif
151,0.0,0.0,2022,5,19,7,56,2,0.0,,0.0,1,6ZP1aHK,2022-05-19 07:56:02,,,,,,
151,-29.6066766,30.41588533,2022,5,31,7,4,22,3.835662458002217,1.84832180756188,2.15,2,-Za06HL,2022-05-31 07:04:22,753.8653929628437,984.1993092809716,1.391,0.0003326145,(-29.606700;30.416100),C2_20220531_20220602_-Za06HL_4089_CH4PL.tif
151,0.0,0.0,2022,8,5,10,58,10,0.0,,0.0,5,L_c26HL,2022-08-05 10:58:10,,,,,,
151,-29.60534903,30.41967783,2022,8,31,10,51,19,0.2813941419909964,0.153810517460115,1.84,4,Ha236HL,2022-08-31 10:51:19,23.1781335816376,381.2165738710515,1.2856,0.0003326145,(-29.605400;30.419600),C4_20220831_20221001_Ha236HL_6570_CH4PL.tif
151,-29.60677671,30.41725429,2022,9,3,10,52,59,0.8084308751095072,0.3593027813770215,2.91,3,Da53aHL,2022-09-03 10:52:59,74.63425409757272,548.1807696801554,1.6494000000000002,0.0003326145,(-29.606600;30.417500),C3_20220903_20220916_Da53aHL_6039_CH4PL.tif
151,0.0,0.0,2022,10,5,7,48,11,0.0,,0.0,1,6a_26HL,2022-10-05 07:48:11,,,,,,
151,-29.60544179,30.41926693,2022,10,8,10,57,29,0.6577562527066153,0.3128986530392108,2.51,3,Dac3aHL,2022-10-08 10:57:29,65.29590082150773,540.8504095976241,1.5134,0.0003326145,(-29.606000;30.419200),C3_20221008_20221012_Dac3aHL_6840_CH4PL.tif
151,0.0,0.0,2022,10,14,10,44,9,0.0,,0.0,4,Hai46HL,2022-10-14 10:44:09,,,,,,
151,-29.60607566,30.4202812,2022,11,12,10,52,8,0.4460417907570475,0.2744954731938795,3.72,3,DbA3aHL,2022-11-12 10:52:08,16.15063358615515,250.9008452009156,1.9248000000000005,0.0003326145,(-29.606000;30.420200),C3_20221112_20221115_DbA3aHL_7657_CH4PL.tif
151,-29.60772487,30.4186897,2022,12,16,10,50,21,0.5580807700365701,0.2734880179928,2.29,3,Dbh1aHL,2022-12-16 10:50:21,53.69476488809612,498.28457545066806,1.4386,0.0003326145,(-29.607200;30.418500),C3_20221216_20221221_Dbh1aHL_8571_CH4PL.tif
151,-29.60727849,30.41883972,2022,12,22,10,50,6,0.460493564255905,0.2145005292996527,2.64,5,Lbn26HL,2022-12-22 10:50:06,28.91287587044648,352.06768612038826,1.5576,0.0003326145,(-29.607400;30.418700),C5_20221222_20230104_Lbn26HL_8850_CH4PL.tif
